tree
version=v4
num_class=1
num_tree_per_iteration=1
label_index=0
max_feature_idx=11
objective=regression
feature_names=gap_bps ret1_bps ret5_bps ret10_bps ret15_bps ret30_bps ret60_bps range15_bps range60_bps prev_oc_bps prev_rv dow
feature_infos=[-6919.4995516253166:834.93962177751291] [-578.95384175899244:144.75098282944575] [-174.81164954817427:218.08813708414723] [-255.53074424617506:406.21694068909335] [-281.36412628666648:473.63911784487601] [-450.43728228923288:574.03171030912938] [-648.44846764104955:583.36992139677432] [0:77494.024678605259] [0:77533.545827337584] [-953.90225697346204:1853.1109564232067] [1.0721053520158741:3945.0764282009104] -1:2:1:3:4:0
tree_sizes=1400 1415 1406 1422 1440 1406 1430 1433 1422 1419 1435 1421 1418 1432 1426 1414 1434 1436 1418 1420 1443 1438 1430 1431 1426 1418 1445 1426 1416 1427 1439 1456 1431 1446 1430 1412 1418 1425 1440 1446 1425 1434 1417 1437 1416 1422 1442 1443 1426 1422 1433 1451 1430 1418 1420 1437 1435 1428 1437 1429 1433 1439 1416 1424 1442 1432 1440 1450 1420 1428 1436 1428 1438 1419 1438 1425 1434 1446 1439 1434 1464 1444 1446 1426 1441 1438 1421 1446 1444 1432 1403 1437 1435 1419 1436 1431 1416 1436 1437 1453 1430 1419 1438 1451 1439 1439 1438 1435 1433 1440 1454 1452 1450 1446 1448 1451 1453 1447 1438 1428 1427 1441 1458 1439 1425 1438 1444 1427 1435 1433 1434 1451 1457 1454 1428 1437 1441 1437 1460 1422 1441 1453 1411 1419 1435 1436 1440 1435 1439 1430 1443 1437 1444 1443 1428 1442 1456 1444 1464 1451 1441 1426 1444 1423 1443 1429 1438 1446 1443 1426 1431 1442 1456 1431 1434 1421 1431 1447 1432 1461 1453 1440 1452 1439 1427 1449 1454 1439 1447 1453 1437 1442 1450 1445 1444 1455 1437 1429 1448 1463 1438 1429 1431 1460 1437 1454 1452 1436 1456 1445 1413 1439 1447 1457 1417 1439 1435 1458 1431 1443 1474 1434 1429 1419 1427 1457 1445 1459 1458 1440 1439 1432 1443 1429 1439 1426 1419 1452 1453 1443 1428 1436 1436 1438 1425 1446 1444 1450 1433 1424 1427 1424 1430 1441 1431 1457 1429 1461 1429 1428 1460 1444 1426 1431 1466 1431 1432 1453 1463 1444 1437 1426 1431 1440 1433 1441 1422 1455 1439 1460 1425 1431 1443 1448 1426 1451 1426 1441 1458 1435 1428 1434 1436 1439 1457 1444 1456 1428 1429 1451

Tree=0
num_leaves=15
num_cat=0
split_feature=9 7 3 0 3 3 9 6 3 2 2 5 6 8
split_gain=608902 634246 424793 673450 246750 230692 184966 109365 108826 96881.1 74446.6 74367.5 66736.9 111898
threshold=-145.62275452729037 165.83090825976498 35.902822821683273 34.051513550743621 -24.903739467319955 -11.810319130232665 140.31362731067506 -15.578167621115922 18.521382491563958 -22.205285031164514 11.389568118806931 74.405309429470236 82.014494245889878 130.71711714365557
decision_type=2 2 2 2 2 2 2 2 2 2 2 2 2 2
left_child=2 4 3 5 6 -1 9 8 10 -2 -6 12 13 -9
right_child=1 -3 -4 -5 7 -7 -8 11 -10 -11 -12 -13 -14 -15
leaf_value=-2.6398985912791013 -2.1253027412636811 -3.4289887038167342 0.96117981371346017 0.41574195009360171 -1.5449204503101406 -0.99543373254718548 -2.9478065275983871 -1.1813243268275355 -2.2851878611116732 -1.3475236648507225 -0.74306447317761015 -1.8050414665274874 -0.62448000200373099 -2.1619176633815003
leaf_weight=145 251 136 132 191 887 145 123 2295 155 320 108 176 170 100
leaf_count=145 251 136 132 191 887 145 123 2295 155 320 108 176 170 100
internal_value=-1.36628 -1.48241 -0.484674 -0.921108 -1.42034 -1.83217 -1.93721 -1.32697 -1.57145 -1.69632 -1.45239 -1.22408 -1.18273 -1.22534
internal_weight=5334 4721 613 481 4585 290 694 3891 1150 571 995 2741 2565 2395
internal_count=5334 4721 613 481 4585 290 694 3891 1150 571 995 2741 2565 2395
is_linear=0
shrinkage=1


Tree=1
num_leaves=15
num_cat=0
split_feature=4 10 9 9 5 10 5 2 10 4 6 9 4 6
split_gain=936961 578771 571330 138350 163951 136852 109982 210727 211949 114009 107005 76954.5 63504.3 56680.9
threshold=-59.998121093518741 11.790190660754002 -274.44170920143222 61.878391200351658 -33.808973762861861 6.6791397835723023 66.11779693196678 24.598614330152092 7.1738767822406588 -46.863680968670216 67.358828930292674 212.70043667195492 -37.766433125607968 -3.1994340139149928
decision_type=2 2 2 2 2 2 2 2 2 2 2 2 2 2
left_child=1 -1 -2 6 5 -5 7 9 -9 -4 11 13 -11 -6
right_child=2 -3 3 4 10 -7 -8 8 -10 12 -12 -13 -14 -15
leaf_value=-0.41270145674312819 1.8500986252839746 -3.0945462058419766 -0.79552492753012494 -0.20607395442756446 -0.37532980630585072 -1.7588058111450888 -0.54686491061120002 0.25989266017126655 1.9414974722691944 0.77122591157913201 -0.73749298546314235 0.762409681725291 0.079599815226848641 0.13479498115627103
leaf_weight=160 146 128 121 101 321 100 211 179 102 115 190 103 2830 472
leaf_count=160 146 128 121 101 321 100 211 179 102 115 190 103 2830 472
internal_value=-0.0343317 -1.66848 0.0631127 0.00556356 -0.259793 -1.02532 0.102008 0.144421 0.916039 0.0709535 -0.110045 0.0296791 0.109126 -0.073802
internal_weight=5279 288 4991 4845 1287 201 3558 3347 281 3066 1086 896 2945 793
internal_count=5279 288 4991 4845 1287 201 3558 3347 281 3066 1086 896 2945 793
is_linear=0
shrinkage=0.03


Tree=2
num_leaves=15
num_cat=0
split_feature=4 9 0 7 1 8 9 8 3 7 5 7 8 5
split_gain=903019 761595 395400 281844 169906 105830 103351 184424 179891 157653 271282 148928 95629.2 85109.1
threshold=-56.732053336148041 -305.08123065140506 180.83289988795744 135.69784245184522 -8.0324362458400902 195.3990202911335 -57.20745948926578 121.47799467176647 -19.934773592475693 65.020025685449625 33.730376289347859 102.46729678875856 133.98412833035448 45.39552201456258
decision_type=2 2 2 2 2 2 2 2 2 2 2 2 2 2
left_child=3 -2 4 -1 5 12 11 13 -9 -10 -11 -6 -3 -8
right_child=1 2 -4 -5 6 -7 7 8 9 10 -12 -13 -14 -15
leaf_value=-0.77657670006190138 2.4522976444512605 -0.41531429530362612 1.7483744489748061 -2.6123802079499221 0.20642193308259957 -1.260573046643819 0.042129425107803389 0.57454522405971176 -0.0015823306028659525 -2.3124508608650354 -0.38117007147520782 1.3794684056911084 0.49015595404431223 0.67436629368357681
leaf_weight=208 110 600 108 121 794 102 2328 100 146 108 158 102 118 199
leaf_count=208 110 600 108 121 794 102 2328 100 146 108 158 102 118 199
internal_value=-0.0106863 0.0912603 0.0329313 -1.5089 -0.00961883 -0.399742 0.0724847 -0.011319 -0.524813 -0.79894 -1.22067 0.353713 -0.261816 0.0943796
internal_weight=5302 4973 4863 329 4755 820 3935 3039 512 412 266 896 718 2527
internal_count=5302 4973 4863 329 4755 820 3935 3039 512 412 266 896 718 2527
is_linear=0
shrinkage=0.03


Tree=3
num_leaves=15
num_cat=1
split_feature=4 9 7 10 8 11 1 9 7 3 2 2 5 8
split_gain=451796 510940 616726 330319 182003 218204 258239 232391 143367 113694 100035 85360.8 73115.8 59521.3
threshold=-54.830120183685764 -145.62275452729037 120.02928848738897 11.370053730694282 139.88160325878701 0 0.84267685010861182 38.076918460195863 74.59818597976998 -9.2933592559668003 -17.641760050776984 19.402400305695135 13.800244105061152 144.64767253422011
decision_type=2 2 2 2 2 1 2 2 2 2 2 2 2 2
left_child=3 2 11 13 9 6 7 -6 -7 12 -11 -2 -3 -1
right_child=1 4 -4 -5 5 8 -8 -9 -10 10 -12 -13 -14 -15
leaf_value=-0.72991078740672055 0.1510065761421408 -0.28274004801571367 2.9639544937231319 -2.0834632181689927 0.50184830990796159 -0.22888519620895387 0.91253235425164059 -1.2773452861168806 -1.6834146136127759 1.041295353299273 0.12378923335607477 1.1019093429446221 0.48101255631074308 0.22859506857199746
leaf_weight=104 305 990 100 142 101 100 154 160 162 102 2527 110 118 112
leaf_count=104 305 990 100 142 101 100 154 160 162 102 2527 110 118 112
internal_value=0.00317511 0.0787257 0.963488 -1.01089 -0.0264478 -0.475274 -0.0270994 -0.595733 -1.11604 0.0559135 0.163198 0.42305 -0.197827 -0.244784
internal_weight=5287 4929 515 358 4414 677 415 261 262 3737 2629 415 1108 216
internal_count=5287 4929 515 358 4414 677 415 261 262 3737 2629 415 1108 216
cat_boundaries=0 1
cat_threshold=25
is_linear=0
shrinkage=0.03


Tree=4
num_leaves=15
num_cat=1
split_feature=9 4 10 10 0 5 8 8 5 10 10 9 6 11
split_gain=552971 382748 377665 307379 193036 218928 140224 111139 91205.5 93502 84779.2 62916.8 59292.8 40251.5
threshold=-253.48241486542847 -46.863680968670216 11.370053730694282 12.402299687695846 132.35387988130034 74.405309429470236 287.73006933493207 178.65073150636888 -25.560531587408786 6.1365286189595674 9.3971293418906434 -97.913985039270827 -56.195867975589344 0
decision_type=2 2 2 2 2 2 2 2 2 2 2 2 2 1
left_child=3 2 12 -1 5 6 7 8 9 -3 -7 13 -2 -10
right_child=1 4 -4 -5 -6 10 -8 -9 11 -11 -12 -13 -14 -15
leaf_value=0.35197184295096295 -0.70700988916702123 -0.075279919145007937 -2.3799327794847813 2.4765595858214331 0.92767849201860941 -0.34732515869649139 -0.83909334463409224 0.80713066606198325 0.071019743331547439 -0.88735894858131736 -1.5087308092117309 0.058202806571571397 0.13696603527225609 0.73260584386370398
leaf_weight=131 160 530 106 112 196 133 148 167 154 159 100 2929 129 200
leaf_count=131 160 530 106 112 196 133 148 167 154 159 100 2929 129 200
internal_value=0.0213042 -0.0463762 -0.931421 1.39039 0.0295669 -0.0113396 0.0382265 0.071544 0.0386675 -0.272696 -0.887358 0.104643 -0.338306 0.476733
internal_weight=5354 5111 395 243 4716 4520 4287 4139 3972 689 233 3283 289 354
internal_count=5354 5111 395 243 4716 4520 4287 4139 3972 689 233 3283 289 354
cat_boundaries=0 1
cat_threshold=24
is_linear=0
shrinkage=0.03


Tree=5
num_leaves=15
num_cat=0
split_feature=4 9 10 9 10 10 1 9 8 10 3 8 4 3
split_gain=718796 562111 486678 186956 250150 177874 178980 140598 105186 128053 104639 102145 85196 68119.4
threshold=-54.830120183685764 -305.08123065140506 11.790190660754002 61.878391200351658 13.552442845486132 6.1365286189595674 4.5854032404849656 232.5970142903351 152.58757941152518 7.9091072365495494 -6.9319287733824568 115.62186540310854 22.41995599131015 -7.7065468892733566
decision_type=2 2 2 2 2 2 2 2 2 2 2 2 2 2
left_child=2 -2 -1 4 8 13 7 11 9 -3 -10 -7 -12 -5
right_child=1 3 -4 5 -6 6 -8 -9 10 -11 12 -13 -14 -15
leaf_value=-0.40174135348345213 2.1641903408577567 0.095750480725014644 -2.6933502405674328 -0.4043813954847903 1.3596262245145563 -0.60533562636956939 0.23899565903203826 -0.073903919827621595 0.26845619355979028 0.85189288667270113 -1.2885767277516424 -1.8448714810817739 -0.14880179243624209 0.20219974649063896
leaf_weight=217 104 2903 130 232 136 113 130 103 136 207 118 162 115 525
leaf_count=217 104 2903 130 232 136 113 130 103 136 207 118 162 115 525
internal_value=-0.0112249 0.0817606 -1.31166 0.0330459 0.142881 -0.27949 -0.707849 -1.03125 0.0915559 0.148648 -0.380853 -1.37465 -0.755301 0.0134505
internal_weight=5331 4984 347 4880 3615 1265 508 378 3479 3110 369 275 233 757
internal_count=5331 4984 347 4880 3615 1265 508 378 3479 3110 369 275 233 757
is_linear=0
shrinkage=0.03


Tree=6
num_leaves=15
num_cat=1
split_feature=9 10 2 4 0 1 11 8 8 4 1 2 4 10
split_gain=526317 530182 419858 378225 344881 202158 190850 156415 305424 212382 107399 54981.6 51488.3 40881.2
threshold=-145.62275452729037 7.1124421308200434 23.462477969296014 -49.018414271010727 34.051513550743621 -7.7893818902475838 0 178.65073150636888 120.30069492728849 18.907427571429768 2.1881249890478478 31.885076190940044 1.0000000180025095e-35 4.2096291094806286
decision_type=2 2 2 2 2 2 1 2 2 2 2 2 2 2
left_child=2 11 4 -3 6 -5 -1 8 10 -9 -7 12 -2 -14
right_child=1 3 -4 5 -6 7 -8 9 -10 -11 -12 -13 13 -15
leaf_value=-1.0441821114833536 -0.014549237922760134 -1.9495056732700518 2.2193142616033552 -1.285412729788201 1.4255785767478837 0.71320455329171539 0.39370984405574233 1.2828958009555935 -1.4371207856939683 -0.41210267668074746 -0.53198453013734381 -0.51908554359277082 0.095493634637271535 0.39507600110207491
leaf_weight=123 1788 170 140 181 171 135 182 118 176 131 100 125 1041 676
leaf_count=123 1788 170 140 181 171 135 182 118 176 131 100 125 1041 676
internal_value=0.0158647 -0.0940828 0.832489 -0.698069 0.387327 -0.425168 -0.221551 -0.173588 -0.528285 0.409669 0.18325 0.0755906 0.0982152 0.215047
internal_weight=5257 4641 616 1011 476 841 305 660 411 249 235 3630 3505 1717
internal_count=5257 4641 616 1011 476 841 305 660 411 249 235 3630 3505 1717
cat_boundaries=0 1
cat_threshold=18
is_linear=0
shrinkage=0.03


Tree=7
num_leaves=15
num_cat=1
split_feature=9 5 10 9 5 8 10 6 10 10 9 1 11 10
split_gain=565985 585432 321205 180619 244176 137179 264943 141546 121852 103759 84785 83556.8 126769 108608
threshold=-253.48241486542847 -98.019547187485685 12.402299687695846 66.884088553856273 -38.506722083555566 198.88213961455352 11.370053730694282 -50.890544037906217 6.9946206623598526 7.3061048788686653 -179.42480977140585 -6.4363585444450573 0 7.1738767822406588
decision_type=2 2 2 2 2 2 2 2 2 2 2 2 1 2
left_child=2 -2 -1 5 9 7 -7 8 -3 -5 -9 -6 -13 -14
right_child=1 3 -4 4 11 6 -8 10 -10 -11 -12 12 13 -15
leaf_value=0.32871774564849005 -1.8733192213369827 -0.12418556843313477 2.518756271920553 -0.46301816454258832 -0.52812501407814338 -0.086026604755504707 1.8531808822730491 0.92901730244317327 -1.2280839876793632 -1.8555175403186253 0.11708766667322598 0.36390666588285903 -0.0080605941231644464 -1.1740225597078149
leaf_weight=125 142 362 113 100 292 138 106 111 111 102 2853 468 208 100
leaf_count=125 142 362 113 100 292 138 106 111 111 102 2853 468 208 100
internal_value=0.0286383 -0.039433 1.42816 0.0168349 -0.290279 0.123293 0.796209 0.0733501 -0.403303 -1.22052 0.150515 -0.104645 0.0593979 -0.399084
internal_weight=5331 5093 238 4951 1270 3681 244 3437 473 202 2964 1068 776 308
internal_count=5331 5093 238 4951 1270 3681 244 3437 473 202 2964 1068 776 308
cat_boundaries=0 1
cat_threshold=13
is_linear=0
shrinkage=0.03


Tree=8
num_leaves=15
num_cat=0
split_feature=4 9 9 0 10 3 9 5 10 2 1 5 9 0
split_gain=576606 664428 252620 218030 387540 245830 122342 176944 101549 103306 90429.6 80386.6 62210.2 60477.9
threshold=-63.42549437966526 -305.08123065140506 -66.974162772743853 121.15033290283229 16.073873004145863 9.520178966860227 66.884088553856273 -36.736067829604345 10.558322662137513 33.640582800895324 -6.4363585444450573 25.943751157285384 122.17563206863727 13.659657922366776
decision_type=2 2 2 2 2 2 2 2 2 2 2 2 2 2
left_child=2 -2 -1 4 6 -5 8 -8 9 11 12 -3 -9 -12
right_child=1 3 -4 5 -6 -7 7 10 -10 -11 13 -13 -14 -15
leaf_value=-0.2767518911191395 2.2241426864170259 0.0018799874764566446 -2.1526097915264275 0.030598740480970919 -1.6769181653670966 1.8097441411210644 -1.1840833159024458 -1.0225706464708115 0.80122760922774749 -0.75680447078269453 -0.1488708712930967 0.36812658307474588 -0.058529772829201264 0.43863300129831317
leaf_weight=116 114 2471 146 161 118 114 156 130 159 128 424 680 108 238
leaf_count=116 114 2471 146 161 118 114 156 130 159 128 424 680 108 238
internal_value=-0.0175805 0.0554731 -1.36279 0.000445572 -0.0492122 0.805757 -0.00284484 -0.283727 0.0840023 0.0468935 -0.116369 0.0818322 -0.605106 0.0657307
internal_weight=5263 5001 262 4887 4612 275 4494 1056 3438 3279 900 3151 238 662
internal_count=5263 5001 262 4887 4612 275 4494 1056 3438 3279 900 3151 238 662
is_linear=0
shrinkage=0.03


Tree=9
num_leaves=15
num_cat=0
split_feature=4 9 10 0 10 6 10 8 9 7 0 7 9 9
split_gain=498337 750172 330684 282100 175797 144251 151794 74522.7 177070 143791 69687.6 67384.7 62675.5 61525.7
threshold=-54.830120183685764 -305.08123065140506 11.5611000505543 180.83289988795744 16.073873004145863 -45.080788949969602 8.2122198080000874 202.46731541549741 -17.176264505550911 91.638340227183093 -46.932963126490741 61.871757964512547 -20.856618632504318 -73.813991930959631
decision_type=2 2 2 2 2 2 2 2 2 2 2 2 2 2
left_child=2 -2 12 4 5 6 13 9 -9 10 11 -7 -1 -3
right_child=1 3 -4 -5 -6 7 -8 8 -10 -11 -12 -13 -14 -15
leaf_value=0.14898122862714233 2.3388187346935272 0.46631285402178763 -2.2070803258370377 1.4342488906242079 -1.1301959828896955 -0.024001229950610325 -1.109070526067935 1.4323896280569688 -0.22673028476715087 -0.81769511314119614 0.11686739852006908 -0.77656266421641951 -0.83907999697484459 -0.29600525104292447
leaf_weight=112 115 110 137 108 122 330 189 102 115 165 3022 149 104 461
leaf_count=112 115 110 137 108 122 330 189 102 115 165 3022 149 104 461
internal_value=-0.0340087 0.0440055 -1.10722 -0.0148295 -0.0506082 -0.0198728 -0.395021 0.0543791 0.581878 0.0216571 0.0634315 -0.26919 -0.342829 -0.14365
internal_weight=5341 4988 353 4873 4765 4643 760 3883 217 3666 3501 479 216 571
internal_count=5341 4988 353 4873 4765 4643 760 3883 217 3666 3501 479 216 571
is_linear=0
shrinkage=0.03


Tree=10
num_leaves=15
num_cat=1
split_feature=4 0 9 7 7 0 7 7 11 8 1 10 6 1
split_gain=698139 206089 191341 364332 292273 133291 143092 88689.4 143689 99234 56455.9 87225.9 52094.2 64282.3
threshold=-71.193925506606533 180.83289988795744 -226.45316421517515 99.456940895054231 165.83090825976498 -139.44091628089731 117.2980354120014 65.517090038319751 0 188.35181179805494 11.637541484011164 5.0216290569608928 -50.890544037906217 -0.51472450679185333
decision_type=2 2 2 2 2 2 2 2 1 2 2 2 2 2
left_child=-1 2 3 -2 5 -4 7 10 -9 -10 12 -12 13 -7
right_child=1 -3 4 -5 -6 6 -8 8 9 -11 11 -13 -14 -15
leaf_value=-1.7595946208101052 -0.30328912999480961 1.2726492032432555 -0.83799371998561045 2.00793313378241 -1.4342831407785415 -0.53740027324906714 1.0918216371335903 -1.0648460679676881 -0.22602466322495879 0.72111899707375493 0.012975400966470655 1.1659459245313297 0.11256846638682411 0.20313037659724553
leaf_weight=185 118 115 142 113 115 251 109 137 513 113 128 100 2953 170
leaf_count=185 118 115 142 113 115 251 109 137 513 113 128 100 2953 170
internal_value=0.00200573 0.0695292 0.039142 0.863713 -0.00285609 0.0358289 0.0653701 0.0373012 -0.254455 -0.0456862 0.0996365 0.546406 0.0679203 -0.240599
internal_weight=5262 5077 4962 231 4731 4616 4474 4365 763 626 3602 228 3374 421
internal_count=5262 5077 4962 231 4731 4616 4474 4365 763 626 3602 228 3374 421
cat_boundaries=0 1
cat_threshold=2
is_linear=0
shrinkage=0.03


Tree=11
num_leaves=15
num_cat=0
split_feature=4 10 9 0 10 9 0 10 5 10 6 4 3 8
split_gain=601191 504713 362788 212711 177307 80337.5 126367 104819 151787 113427 98016.2 88248.5 60001.9 64061.7
threshold=-54.830120183685764 11.790190660754002 -305.08123065140506 180.83289988795744 16.073873004145863 -145.62275452729037 30.651969573061262 7.1124421308200434 -28.857442932200403 10.558322662137513 13.913427795289032 13.024112332657348 -7.2117555320848181 108.22971421344415
decision_type=2 2 2 2 2 2 2 2 2 2 2 2 2 2
left_child=1 -1 -2 4 5 6 11 12 -9 10 -10 -4 13 -7
right_child=2 -3 3 -5 -6 7 -8 8 9 -11 -12 -13 -14 -15
leaf_value=-0.27591079672435659 1.7306833246350288 -2.5541334903079109 -0.46354050305065692 1.2555403148150834 -1.0930534613849525 -0.21421599195926655 1.151821631337915 -1.0910285283681507 -0.92115467265846995 0.54702554072947851 0.047875485654869765 0.63473161586765514 0.13232873569547171 0.4448260255713089
leaf_weight=221 104 138 139 112 123 1015 130 175 158 163 211 108 2400 143
leaf_count=221 104 138 139 112 123 1015 130 175 158 163 211 108 2400 143
internal_value=-0.0286996 -1.19715 0.0577448 0.0186017 -0.0130407 0.0178647 0.431746 -0.0196442 -0.350597 -0.0913987 -0.380405 0.0226879 0.0469168 -0.12972
internal_weight=5340 359 4981 4877 4765 4642 377 4265 707 532 369 247 3558 1158
internal_count=5340 359 4981 4877 4765 4642 377 4265 707 532 369 247 3558 1158
is_linear=0
shrinkage=0.03


Tree=12
num_leaves=15
num_cat=0
split_feature=4 9 10 2 7 10 10 6 3 8 7 10 10 3
split_gain=657742 663157 225760 136742 172579 184537 78750.5 59488.4 71013.2 156450 141500 110678 68001.6 132538
threshold=-59.998121093518741 -305.08123065140506 11.370053730694282 51.055367141471599 165.83090825976498 13.552442845486132 11.370053730694282 -13.034777469145858 12.252455404952254 129.36968088889978 63.749505659426141 5.8843330535295735 4.5203652391733806 -2.0438410288457001
decision_type=2 2 2 2 2 2 2 2 2 2 2 2 2 2
left_child=2 -2 -1 4 5 6 7 8 9 12 -11 -10 -3 -14
right_child=1 3 -4 -5 -6 -7 -8 -9 11 10 -12 -13 13 -15
leaf_value=-0.49309310829145664 2.2519672664254902 0.034283473047286891 -2.1654232711998782 1.1096801348220218 -1.0218965932504456 1.02872036736587 -0.70982778157934545 0.13596155228976861 0.029658708339009215 -0.055951501739732283 1.4544159970158026 -1.2703952058336951 -0.73975588193347852 0.46706991707956469
leaf_weight=159 118 664 137 100 124 164 115 2800 126 108 104 100 323 101
leaf_count=159 118 664 137 100 124 164 115 2800 126 108 104 100 323 101
internal_value=0.037342 0.120599 -1.31258 0.063971 0.0395634 0.070298 0.0326731 0.0540028 -0.0962862 -0.00930209 0.717122 -0.575042 -0.15609 -0.448143
internal_weight=5243 4947 296 4829 4729 4605 4441 4326 1526 1300 212 226 1088 424
internal_count=5243 4947 296 4829 4729 4605 4441 4326 1526 1300 212 226 1088 424
is_linear=0
shrinkage=0.03


Tree=13
num_leaves=15
num_cat=1
split_feature=9 7 0 3 8 11 10 2 0 10 9 9 7 1
split_gain=390527 482668 445381 399659 212416 200101 173806 299864 264768 132463 106784 67666.4 68462.9 52069.2
threshold=-145.62275452729037 165.83090825976498 34.051513550743621 30.305279801378806 147.08812936166166 0 9.8323869799418908 -21.761342133528029 71.095205274235795 9.021791891785087 -119.27199807033891 -97.913985039270827 82.970999569640398 -6.569295363485792
decision_type=2 2 2 2 2 1 2 2 2 2 2 2 2 2
left_child=2 6 3 5 -4 -1 9 -8 -9 10 -2 -12 13 -13
right_child=1 -3 4 -5 -6 -7 7 8 -10 -11 11 12 -14 -15
leaf_value=-1.3417941993607414 -0.80355043019364836 -1.7564362712144852 0.66426704470035247 1.5550332383585512 2.5787762139564339 0.18021549100851891 -1.8515538106313565 -0.76675408128075873 0.9554435647716959 1.0551365592350832 0.6400852715744163 -0.18066857787803534 -0.51957044308265421 0.097817454944197524
leaf_weight=115 132 140 103 112 119 179 113 198 121 101 149 757 199 2842
leaf_count=115 132 140 103 112 119 179 113 198 121 101 149 757 199 2842
internal_value=0.0117315 -0.0816729 0.708713 0.106814 1.75743 -0.477893 -0.0271443 -0.592902 -0.104321 0.0326019 0.00476443 0.0337594 0.00835409 0.0389035
internal_weight=5380 4752 628 406 222 294 4612 432 319 4180 4079 3947 3798 3599
internal_count=5380 4752 628 406 222 294 4612 432 319 4180 4079 3947 3798 3599
cat_boundaries=0 1
cat_threshold=18
is_linear=0
shrinkage=0.03


Tree=14
num_leaves=15
num_cat=0
split_feature=4 9 10 0 7 10 6 7 10 10 1 10 10 0
split_gain=439188 391315 336876 190604 323972 204381 88868 122460 158314 78831.5 68378.2 77519.2 72712.2 63942.6
threshold=-53.231071714051701 -305.08123065140506 11.790190660754002 116.54389689431528 80.628238900712816 14.458445634959268 97.421981723160457 97.11289109769551 9.5270635579311325 7.5447210101211573 -6.9607590564513044 5.4477213599846737 6.7938648232557037 -46.932963126490741
decision_type=2 2 2 2 2 2 2 2 2 2 2 2 2 2
left_child=2 -2 -1 5 -5 6 7 8 10 -8 12 -12 -3 -13
right_child=1 3 -4 4 -6 -7 9 -9 -10 -11 11 13 -14 -15
leaf_value=-0.26381814292219818 1.7753773816308733 -0.080826305990097574 -2.1022409245471825 -0.067614832687508925 1.9497992918530447 -1.0673367180868429 -1.0983299624465279 0.77655832592736596 -0.87030775770459856 0.036951534396835732 0.035330595366658307 -0.17008438115217248 -0.91585986341129655 0.54487747604776571
leaf_weight=234 108 657 139 172 112 152 108 188 165 102 2428 137 100 532
leaf_count=234 108 657 139 172 112 152 108 188 165 102 2428 137 100 532
internal_value=-0.00704681 0.0683861 -0.985915 0.0268256 0.767244 -0.0207724 0.0175721 0.0481992 0.0122853 -0.570293 0.052226 0.114727 -0.201637 0.398117
internal_weight=5334 4961 373 4853 284 4569 4417 4207 4019 210 3854 3097 757 669
internal_count=5334 4961 373 4853 284 4569 4417 4207 4019 210 3854 3097 757 669
is_linear=0
shrinkage=0.03


Tree=15
num_leaves=15
num_cat=0
split_feature=4 9 1 7 7 8 7 9 0 1 7 7 8 8
split_gain=418610 367385 171780 456129 243206 144965 137597 110038 140459 80491.7 105925 76932.5 53359.1 50064.8
threshold=-56.732053336148041 -305.08123065140506 6.2156494688237709 108.49074395515009 122.51994680971393 250.56358313139998 82.970999569640398 204.94427829455867 -56.945081356666904 -4.7484803007521785 78.891712664154184 61.871757964512547 144.64767253422011 49.19689194981374
decision_type=2 2 2 2 2 2 2 2 2 2 2 2 2 2
left_child=5 -2 4 6 7 12 -4 8 11 13 -11 -3 -1 -10
right_child=1 2 3 -5 -6 -7 -8 -9 9 10 -12 -13 -14 -15
leaf_value=-0.97156959809427668 1.7763884786833888 -0.14500571499730264 0.29276745382889041 2.0375718345767573 -1.0875604463955191 -1.8683573857597682 -0.78381884650128786 0.90485644042980473 0.23620727275165596 0.10941345289338088 0.97074329515696378 -0.93966834292035972 -0.050944384283596468 -0.27438659614201671
leaf_weight=105 105 248 865 123 178 105 112 112 214 1939 128 193 114 766
leaf_count=105 105 248 865 123 178 105 112 112 214 1939 128 193 114 766
internal_value=0.0315745 0.100298 0.0606599 0.388777 -0.0356487 -0.996733 0.16266 0.0192311 -0.0117119 0.0612351 0.167169 -0.505907 -0.515492 -0.16163
internal_weight=5307 4983 4878 1100 3778 324 977 3600 3488 3047 2067 441 219 980
internal_count=5307 4983 4878 1100 3778 324 977 3600 3488 3047 2067 441 219 980
is_linear=0
shrinkage=0.03


Tree=16
num_leaves=15
num_cat=1
split_feature=9 8 10 1 7 0 10 7 10 11 3 2 8 7
split_gain=435847 425570 342432 447043 402396 220263 187650 71132.4 163174 158293 39218.9 50345.3 54993.8 49215.7
threshold=-145.62275452729037 195.3990202911335 11.790190660754002 2.1343009291466983 105.20001245854145 17.566326847027902 12.612624673279329 108.49074395515009 8.2122198080000874 0 -15.341551763295566 -17.641760050776984 118.70061488190716 47.498379186202307
decision_type=2 2 2 2 2 2 2 2 2 1 2 2 2 2
left_child=1 5 7 4 -4 -1 -3 8 10 -10 -2 -12 13 -13
right_child=2 6 3 -5 -6 -7 -8 -9 9 -11 11 12 -14 -15
leaf_value=-0.53695614130960567 -0.16749629167496247 0.65538669620860701 -0.12305703819775191 0.69986300113981803 -2.4248755142291389 0.85816932157762926 2.4410146951423561 0.57087719871980047 -1.3522064467271169 -0.064898725699294696 0.59909129514694215 0.007322246288217856 -0.37015566765934554 0.32204220916338572
leaf_weight=206 841 100 112 103 170 183 132 166 142 200 140 2002 263 566
leaf_count=206 841 100 112 103 170 183 132 166 142 200 140 2002 263 566
internal_value=0.00179807 0.742252 -0.0972993 -0.9428 -1.5462 0.124421 1.73023 -0.0199446 -0.044869 -0.662884 0.0121665 0.0634149 0.0349089 0.0776682
internal_weight=5326 621 4705 385 282 389 232 4320 4154 342 3812 2971 2831 2568
internal_count=5326 621 4705 385 282 389 232 4320 4154 342 3812 2971 2831 2568
cat_boundaries=0 1
cat_threshold=6
is_linear=0
shrinkage=0.03


Tree=17
num_leaves=15
num_cat=0
split_feature=9 0 2 0 9 10 4 5 5 10 4 8 10 2
split_gain=292063 234123 184018 180360 120402 117652 75413.3 75648.9 83804.6 158355 83906.5 63869.9 79198.1 41889.2
threshold=-320.28667873407778 -148.04839630599784 -46.534430623883729 159.36260704401329 -13.148385959487809 14.458445634959268 -54.830120183685764 -61.944408405851632 -32.68502338506439 6.2009258187212968 -30.346074098663351 144.64767253422011 9.9962857727257184 -23.809215267759313
decision_type=2 2 2 2 2 2 2 2 2 2 2 2 2 2
left_child=-1 4 -3 5 -2 6 -4 -8 9 -9 -10 13 -13 -12
right_child=1 2 3 -5 -6 -7 7 8 10 -11 11 12 -14 -15
leaf_value=1.3484821356897769 -0.24305944415656003 -1.1737365511786035 -0.55315419441550084 1.0173241686896433 -1.7038333460741808 -0.85145588866651867 0.64197919282565519 -0.017638514145676579 0.68001284426831177 -1.2162090126068696 -0.49525787471142491 -0.61727520221204901 0.33727826686032047 0.093217271589515968
leaf_weight=128 100 109 192 148 102 136 170 354 178 128 103 258 103 3083
leaf_count=128 100 109 192 148 102 136 170 354 178 128 103 258 103 3083
internal_value=-0.0136329 -0.0499366 -0.00820719 0.0203308 -1.02625 -0.0131217 0.013637 0.0397039 0.013902 -0.354181 0.0623513 0.0295304 -0.343173 0.0727024
internal_weight=5292 5164 4962 4853 202 4705 4569 4377 4207 482 3725 3547 361 3186
internal_count=5292 5164 4962 4853 202 4705 4569 4377 4207 482 3725 3547 361 3186
is_linear=0
shrinkage=0.03


Tree=18
num_leaves=15
num_cat=0
split_feature=4 9 10 10 9 9 6 5 2 4 7 4 10 10
split_gain=411280 436637 290270 244492 130584 75677.1 64553.2 130793 43676 40781.8 52102.9 125528 69848.1 106488
threshold=-56.732053336148041 -305.08123065140506 11.790190660754002 14.799538580662585 57.457286946580091 -179.42480977140585 -15.578167621115922 17.412291613003976 5.1883579786487219 -29.285354924714092 65.020025685449625 13.291983114411197 7.6060745601542559 5.6314929894552481
decision_type=2 2 2 2 2 2 2 2 2 2 2 2 2 2
left_child=2 -2 -1 5 -5 8 7 -7 -3 -8 -11 -12 13 -13
right_child=1 3 -4 4 -6 6 9 -9 -10 10 11 12 -14 -15
leaf_value=-0.29092799760979937 1.782629917837864 0.11675721400595725 -2.0621764605045314 -0.25112785534612059 -1.7546590374437243 -0.10625302974881401 0.5239744156674494 -1.17925924388138 0.91431244384951704 0.088056088887269582 -1.1442351824803787 0.25282644182671116 0.4397924829701908 -1.0175681916443078
leaf_weight=196 111 131 140 106 100 1337 148 101 113 2332 100 121 173 101
leaf_count=196 111 131 140 106 100 1337 148 101 113 2332 100 121 173 101
internal_value=-0.067105 0.0024597 -1.06722 -0.0417482 -1.02844 0.00400777 -0.0249195 -0.189241 0.507572 0.0548749 0.0285561 -0.247948 0.00161042 -0.344094
internal_weight=5310 4974 336 4863 206 4657 4413 1438 244 2975 2827 495 395 222
internal_count=5310 4974 336 4863 206 4657 4413 1438 244 2975 2827 495 395 222
is_linear=0
shrinkage=0.03


Tree=19
num_leaves=15
num_cat=0
split_feature=2 4 9 7 0 10 9 10 4 2 1 7 6 7
split_gain=368588 199132 237657 252785 206642 202401 171299 93089.3 165630 94485.5 44366.5 58460.3 40539.7 31285.2
threshold=54.337700700505145 -54.830120183685764 -174.40000108747748 102.46729678875856 -148.04839630599784 11.790190660754002 -219.04548094671941 9.8323869799418908 27.128726739790938 -10.592660544988481 6.560159176954369 76.167376820591798 55.651978777326221 95.993893000267619
decision_type=2 2 2 2 2 2 2 2 2 2 2 2 2 2
left_child=1 5 3 6 -4 13 -3 10 9 -9 11 12 -6 -1
right_child=-2 2 4 -5 7 -7 -8 8 -10 -11 -12 -13 -14 -15
leaf_value=-0.45465958378310978 1.7022425735624211 -0.50752784054044264 -1.17870528594312 1.9161551997906121 -0.0011539024538992505 -1.5603927496744661 1.0273436975088275 -0.19791016533970832 0.43040108807881672 -1.3686335965931014 0.25153940296103788 0.49673738504774001 -0.39920166937626927 0.24949580411972669
leaf_weight=102 104 132 127 107 2790 137 112 113 125 139 764 189 241 106
leaf_count=102 104 132 127 107 2790 137 112 113 125 139 764 189 241 106
internal_value=0.0148393 -0.0222251 0.0280307 0.768579 -0.0314665 -0.708051 0.209713 0.00456337 -0.439703 -0.871257 0.0475993 -0.0014179 -0.034012 -0.100827
internal_weight=5288 5184 4839 351 4488 345 244 4361 377 252 3984 3220 3031 208
internal_count=5288 5184 4839 351 4488 345 244 4361 377 252 3984 3220 3031 208
is_linear=0
shrinkage=0.03


Tree=20
num_leaves=15
num_cat=1
split_feature=4 10 2 1 7 7 7 0 1 7 11 2 3 4
split_gain=507723 357391 325340 97192.2 315759 155820 154878 102123 137723 93797.4 74286.4 62895.2 47167.7 56305.2
threshold=-56.732053336148041 11.790190660754002 46.039237988130957 6.6776119396154341 105.20001245854145 76.167376820591798 120.02928848738897 -56.945081356666904 -1.0000000180025095e-35 71.952044095340668 0 -2.1003591621395787 -17.385483776530204 -24.528166647496992
decision_type=2 2 2 2 2 2 2 2 2 2 1 2 2 2
left_child=1 -1 3 6 5 -5 7 8 11 12 -11 -2 -9 -14
right_child=2 -3 -4 4 -6 -7 -8 9 -10 10 -12 -13 13 -15
leaf_value=-0.28981212517837196 0.31638651796766831 -2.3110665540923092 1.4194000711081163 0.27482947657953438 1.7778103112352304 -0.84746796757210296 -0.86899427494811099 -0.21829624081719665 -1.1699154582424409 -0.053928893442811633 0.87440217223375616 -0.53260301109184227 0.67681302044818648 0.043538891054640538
leaf_weight=195 176 126 149 736 106 121 177 590 135 125 199 126 124 2255
leaf_count=195 176 126 149 736 106 121 177 590 135 125 199 126 124 2255
internal_value=0.0090613 -1.12905 0.083952 0.0402684 0.308562 0.108425 -0.0264796 0.0157169 -0.409897 0.0732683 0.549923 -0.0435452 0.0195807 0.0792417
internal_weight=5340 321 5019 4870 963 857 3907 3730 437 3293 324 302 2969 2379
internal_count=5340 321 5019 4870 963 857 3907 3730 437 3293 324 302 2969 2379
cat_boundaries=0 1
cat_threshold=6
is_linear=0
shrinkage=0.03


Tree=21
num_leaves=15
num_cat=1
split_feature=9 10 2 10 7 11 1 9 0 7 10 10 7 10
split_gain=276424 345625 246160 854132 206173 74404.5 73936.1 97715.3 70000.5 64124.8 197893 62167.1 54909.7 53289.5
threshold=66.884088553856273 14.799538580662585 20.917985324567351 11.970619158346079 174.63721761573083 0 -6.4363585444450573 103.80344528731057 -3.508958006003176 115.12314515861158 9.9962857727257184 5.7863210817145045 54.854745464805795 5.4059473615665965
decision_type=2 2 2 2 2 1 2 2 2 2 2 2 2 2
left_child=2 5 4 8 9 12 7 -7 11 10 13 -4 -2 -1
right_child=1 -3 3 -5 -6 6 -8 -9 -10 -11 -12 -13 -14 -15
leaf_value=0.016016352156424333 -0.28378428638376146 -1.8043344172494753 0.2451678507042287 3.0612194608341565 -1.2471844834709063 -1.1924621622465752 0.082688366891787948 -0.062892345939691258 0.45546226382628086 0.6598191137187529 -0.88220939217227523 -0.74907879394292831 -1.2059668480916454 0.30854160610516118
leaf_weight=2296 141 130 100 100 103 101 648 185 230 141 192 110 100 732
leaf_count=2296 141 130 100 100 103 101 648 185 230 141 192 110 100 732
internal_value=-0.0167029 -0.39417 0.106998 0.696589 0.0133466 -0.224241 -0.0945685 -0.488606 0.103089 0.0555615 0.027141 -0.286005 -0.672444 0.0875153
internal_weight=5309 1305 4004 540 3464 1175 934 286 440 3361 3220 210 241 3028
internal_count=5309 1305 4004 540 3464 1175 934 286 440 3361 3220 210 241 3028
cat_boundaries=0 1
cat_threshold=2
is_linear=0
shrinkage=0.03


Tree=22
num_leaves=15
num_cat=1
split_feature=4 9 7 9 11 1 8 8 4 8 9 9 6 6
split_gain=316668 334617 123682 101686 145679 196561 116961 78957.1 145510 55586.1 85109.1 86996.9 51367.8 68049.4
threshold=-54.830120183685764 -253.48241486542847 135.69784245184522 66.884088553856273 0 6.2156494688237709 74.716641644785241 198.88213961455352 3.7785508935944905 156.72064734577788 -179.42480977140585 -119.27199807033891 55.651978777326221 9.0238844368339581
decision_type=2 2 2 2 1 2 2 2 2 2 2 2 2 2
left_child=2 -2 -1 7 6 12 -5 9 -9 10 -3 -12 13 -6
right_child=1 3 -4 4 5 -7 -8 8 -10 -11 11 -13 -14 -15
leaf_value=-0.40550119637487791 1.3541952659039014 0.85419027325718899 -1.598686626622843 -0.099669564479383924 -0.33899361017442464 0.82882887370182268 -1.41896869319759 1.351957150870754 -0.10535160533281474 -0.46259961206755951 -0.47557810485545465 0.11406759703401091 -0.75735386102149882 0.31053426443659249
leaf_weight=224 168 119 119 106 432 181 136 114 120 157 235 2796 134 207
leaf_count=224 168 119 119 106 432 181 136 114 120 157 235 2796 134 207
internal_value=0.0149175 0.0772236 -0.853025 0.0291779 -0.2089 -0.0340882 -0.834852 0.109952 0.63093 0.0712974 0.0992872 0.0669375 -0.244583 -0.12704
internal_weight=5248 4905 343 4737 1196 954 242 3541 234 3307 3150 3031 773 639
internal_count=5248 4905 343 4737 1196 954 242 3541 234 3307 3150 3031 773 639
cat_boundaries=0 1
cat_threshold=2
is_linear=0
shrinkage=0.03


Tree=23
num_leaves=15
num_cat=0
split_feature=9 7 4 0 10 4 7 10 3 9 2 9 4 3
split_gain=385171 564880 346158 148245 103605 90331.6 110674 114487 215802 51851.7 51833.8 47966.1 48505.9 46934.7
threshold=-145.62275452729037 120.02928848738897 -54.830120183685764 12.850185463842502 7.1124421308200434 69.704045565716555 129.78179131927055 9.8323869799418908 -1.5236023587346355 -119.27199807033891 -1.0000000180025095e-35 -84.789615195964174 1.0000000180025095e-35 -2.186149317012529
decision_type=2 2 2 2 2 2 2 2 2 2 2 2 2 2
left_child=1 3 4 10 -2 6 7 9 -9 -4 -1 -11 -13 -5
right_child=2 -3 5 13 -6 -7 -8 8 -10 11 -12 12 -14 -15
leaf_value=0.13371778106689453 -0.36929100672403969 2.1480737762153148 -0.56558470593124144 1.076834980749902 -1.6304145052444698 -0.78110971331249834 0.92283696871995924 -1.3094276623948951 0.25837133471724349 0.46710987742733862 -0.73715944740389072 -0.080711006554578177 0.14210185021739882 0.20180996952886168
leaf_weight=105 107 170 112 121 143 119 110 153 148 237 130 1694 1808 105
leaf_count=105 107 170 112 121 143 119 110 153 148 237 130 1694 1808 105
internal_value=0.0331922 0.722468 -0.0620799 0.162312 -1.12562 0.00103568 0.0246514 -0.00130457 -0.555029 0.0433008 -0.358468 0.0629997 0.0343991 0.696074
internal_weight=5262 631 4631 461 250 4381 4262 4152 301 3851 235 3739 3502 226
internal_count=5262 631 4631 461 250 4381 4262 4152 301 3851 235 3739 3502 226
is_linear=0
shrinkage=0.03


Tree=24
num_leaves=15
num_cat=0
split_feature=4 9 8 9 4 4 4 7 6 0 8 8 7 3
split_gain=327907 282892 178751 98224.7 127577 114684 89721.8 119870 98626.9 92822.8 74550.9 182183 159575 69393.4
threshold=-46.863680968670216 -305.08123065140506 267.54557649112297 -145.62275452729037 -11.451542457250317 13.291983114411197 -40.661088265183572 165.83090825976498 122.30864716830938 -139.44091628089731 144.64767253422011 173.32800015476781 83.936717472784622 -19.179725471913052
decision_type=2 2 2 2 2 2 2 2 2 2 2 2 2 2
left_child=2 -2 -1 4 -3 -6 -5 8 9 -8 13 -12 -13 -11
right_child=1 3 -4 6 5 -7 7 -9 -10 10 11 12 -14 -15
leaf_value=-0.4049739037320802 1.5660935300588608 1.3061851001007498 -1.7682355980995372 0.81204068189909473 -0.6396953023780475 0.59207424547585696 -0.86094150287172067 -0.98282950363661103 0.88960549204457884 -0.29373227485637915 -1.2481047556755391 -0.68890940926291722 0.89722876107492366 0.095426970336307662
leaf_weight=370 102 111 107 109 100 169 105 104 100 465 131 100 109 3126
leaf_count=370 102 111 107 109 100 169 105 104 100 465 131 100 109 3126
internal_value=0.00121741 0.075862 -0.740808 0.0404822 0.496572 0.127652 -0.000417028 -0.0231649 0.00327832 -0.0208267 0.00374107 -0.414265 0.141508 0.0443588
internal_weight=5308 4831 477 4729 380 269 4349 4240 4136 4036 3931 340 209 3591
internal_count=5308 4831 477 4729 380 269 4349 4240 4136 4036 3931 340 209 3591
is_linear=0
shrinkage=0.03


Tree=25
num_leaves=15
num_cat=0
split_feature=4 9 0 5 6 9 10 6 3 4 10 8 4 10
split_gain=258274 285939 229337 191559 105663 140222 287731 135956 94320.4 83029 244365 92623.4 71888.8 65358.4
threshold=-71.193925506606533 -305.08123065140506 147.57556711626222 74.405309429470236 -50.890544037906217 -57.20745948926578 8.2925479404415494 -83.717049421707443 38.355123188700766 32.894082026969905 7.6750363907532444 158.48740261824773 -31.710209962896261 9.1484618624017919
decision_type=2 2 2 2 2 2 2 2 2 2 2 2 2 2
left_child=-1 -2 3 4 5 7 -7 -3 -5 11 -11 12 -6 -14
right_child=1 2 -4 8 9 6 -8 -9 -10 10 -12 -13 13 -15
leaf_value=-1.0622355719346266 1.4073480978432822 1.0736506799289156 1.0385579347586822 -1.3911451494510358 0.53049860616241185 -0.14618634530129254 -1.7210568566422362 -0.36603084337054276 -0.23131284318339657 0.04406053745158961 1.5981771168593437 -0.55846217315991709 0.05600988334535123 -0.66472395337234103
leaf_weight=185 126 102 179 120 270 395 133 117 132 345 114 215 2805 108
leaf_count=185 126 102 179 120 270 395 133 117 132 345 114 215 2805 108
internal_value=0.00956561 0.0499651 0.0132745 -0.0265757 0.0182873 -0.305883 -0.567503 0.322109 -0.815631 0.0816994 0.455896 0.0299636 0.0713342 0.0271058
internal_weight=5346 5161 5035 4856 4604 747 528 219 252 3857 459 3398 3183 2913
internal_count=5346 5161 5035 4856 4604 747 528 219 252 3857 459 3398 3183 2913
is_linear=0
shrinkage=0.03


Tree=26
num_leaves=15
num_cat=1
split_feature=4 10 9 5 4 10 10 4 11 5 10 6 0 10
split_gain=269850 322489 281316 113104 102020 203298 187205 433106 73159.1 60120.3 105238 156425 75132.3 57042.8
threshold=-58.155139620888072 11.790190660754002 -305.08123065140506 74.405309429470236 36.702469938796767 9.2387666633134913 11.790190660754002 -17.013899087835402 0 -61.944408405851632 7.3061048788686653 15.675093106418462 7.5732363439776043 5.4893708983553555
decision_type=2 2 2 2 2 2 2 2 1 2 2 2 2 2
left_child=1 -1 -2 4 6 -6 9 -8 -5 -4 13 12 -12 -11
right_child=2 -3 3 8 5 -7 7 -9 -10 10 11 -13 -14 -15
leaf_value=-0.10712654742731977 1.447825240852419 -2.0778889613190006 0.53473976806414369 0.037392928822096001 0.072456657578666775 1.5575986702527318 0.59907508192835623 -1.9399936838771983 -0.96904165187536662 -0.00071339584795740646 -1.3598752600626205 0.28609815354957135 -0.34115693381854462 0.33566858979125191
leaf_weight=191 111 114 186 109 324 102 101 128 158 2867 132 162 137 529
leaf_count=191 111 114 186 109 324 102 101 128 158 2867 132 162 137 529
internal_value=-0.0344341 -0.88632 0.0187083 -0.0162988 0.0186123 0.455623 -0.0262426 -0.841932 -0.605291 0.0222815 -0.00395375 -0.440008 -0.871872 0.052517
internal_weight=5351 305 5046 4935 4668 426 4242 229 267 4013 3827 431 269 3396
internal_count=5351 305 5046 4935 4668 426 4242 229 267 4013 3827 431 269 3396
cat_boundaries=0 1
cat_threshold=24
is_linear=0
shrinkage=0.03


Tree=27
num_leaves=15
num_cat=0
split_feature=2 4 10 9 10 2 9 4 7 9 7 7 2 1
split_gain=374039 242555 314510 221680 225291 309658 65910.6 69383.1 52473.4 48525 67758.2 56040 44689.5 43962.5
threshold=51.055367141471599 -50.449579266003674 11.370053730694282 -253.48241486542847 12.866759577231626 0.66950878954846937 60.992616491485613 -22.371914260486918 103.88918440576042 -174.40000108747748 63.048057253747992 54.854745464805795 18.019378238779712 6.2156494688237709
decision_type=2 2 2 2 2 2 2 2 2 2 2 2 2 2
left_child=1 2 8 -3 6 -6 9 -8 -1 -5 11 -11 13 -9
right_child=-2 3 -4 4 5 -7 7 12 -10 10 -12 -13 -14 -15
leaf_value=-0.42968316767273879 1.5682723708372368 1.100844018154028 -1.8149540064551613 0.57198219695179675 0.081244411056847876 -2.0688230328900477 -0.70784792689328691 -0.058402056222376618 0.41799096535010771 0.078204414415540116 -0.26401440671818738 0.52550125976195128 -0.48098354369874979 0.57524049191889559
leaf_weight=154 123 154 144 172 129 102 171 680 100 2366 462 273 179 105
leaf_count=154 123 154 144 172 129 102 171 680 100 2366 462 273 179 105
internal_value=-0.00271284 -0.0428809 -0.745078 0.0168579 -0.0214175 -0.914586 0.027353 -0.168708 -0.0927615 0.0956493 0.0674753 0.126286 -0.0667871 0.0325223
internal_weight=5314 5191 398 4793 4639 231 4408 1135 254 3273 3101 2639 964 785
internal_count=5314 5191 398 4793 4639 231 4408 1135 254 3273 3101 2639 964 785
is_linear=0
shrinkage=0.03


Tree=28
num_leaves=15
num_cat=0
split_feature=4 9 10 1 7 10 7 7 6 2 2 6 4 10
split_gain=303394 278384 247330 132755 393408 180311 145871 83783.3 72640.6 94970.9 158395 94450.7 91927.7 61920.8
threshold=-54.830120183685764 -305.08123065140506 11.790190660754002 7.8548096625098749 112.14759678770552 16.073873004145863 75.306849547328596 94.761484771681296 -51.983141883257659 4.1587248425788372 -4.4566177731275198 -87.291863867965517 -40.661088265183572 5.2143273868517408
decision_type=2 2 2 2 2 2 2 2 2 2 2 2 2 2
left_child=2 -2 7 5 6 8 -5 -1 9 10 11 -3 -10 -13
right_child=1 3 -4 4 -6 -7 -8 -9 12 -11 -12 13 -14 -15
leaf_value=-0.78229002659735469 1.4655490202903747 0.41195564620143216 -1.7697533122121127 0.28999080397977967 1.9988496416381425 -1.2208209664280674 -0.76387111534811036 0.33214421821557555 0.8082102350145578 0.41853743703651031 -1.5230347228533512 -0.12903477323055268 -0.011890310175351063 -1.0989989924173462
leaf_weight=105 110 129 144 613 102 109 136 120 118 111 101 135 3152 100
leaf_count=105 110 129 144 613 102 109 136 120 118 111 101 135 3152 100
internal_value=-0.0246698 0.038307 -0.84255 0.00266495 0.340314 -0.0706623 0.0910923 -0.199083 -0.034984 -0.34258 -0.529253 -0.220155 0.0200774 -0.569796
internal_weight=5285 4916 369 4806 851 3955 749 225 3846 576 465 364 3270 235
internal_count=5285 4916 369 4806 851 3955 749 225 3846 576 465 364 3270 235
is_linear=0
shrinkage=0.03


Tree=29
num_leaves=15
num_cat=0
split_feature=2 7 8 7 9 5 2 3 0 0 10 2 10 10
split_gain=308407 310631 163285 229191 100971 97236.7 114515 91624.6 206792 76092.4 71781.7 48834.7 48582.1 59715.3
threshold=54.337700700505145 174.63721761573083 287.73006933493207 117.2980354120014 66.884088553856273 69.772608840870902 27.642046242402799 -10.758763334764838 43.453281299858055 19.415546408050485 9.6981210495202923 3.3535874302478925 5.4059473615665965 5.1490538727027797
decision_type=2 2 2 2 2 2 2 2 2 2 2 2 2 2
left_child=1 2 3 4 5 6 10 8 -6 11 12 -9 13 -1
right_child=-2 -3 -4 -5 7 -7 -8 9 -10 -11 -12 -13 -14 -15
leaf_value=0.036399407505145684 1.5025963555825383 -1.299428623860081 -0.8524037598650992 1.031068561077118 -0.17941002401523293 -0.71635473073213074 0.77972281268116117 -0.63441304996162018 -1.7246312924654319 0.30254269671784412 -0.52443856893163732 -0.032250483043913571 0.2831349534048872 -0.61514580973938326
leaf_weight=2283 104 170 199 178 246 137 184 223 106 267 188 255 698 124
leaf_count=2283 104 170 199 178 246 137 184 223 106 267 188 255 698 124
internal_value=-0.041296 -0.0746276 -0.031236 0.00386028 -0.0370535 0.0396294 0.0713855 -0.287757 -0.67952 -0.0961063 0.0295656 -0.320419 0.064685 0.000427928
internal_weight=5362 5258 5088 4889 4711 3614 3477 1097 352 745 3293 478 3105 2407
internal_count=5362 5258 5088 4889 4711 3614 3477 1097 352 745 3293 478 3105 2407
is_linear=0
shrinkage=0.03


Tree=30
num_leaves=15
num_cat=2
split_feature=3 2 9 10 11 2 2 11 4 2 2 3 3 5
split_gain=510509 279797 133510 240609 205019 174668 149139 107578 50160.6 45505.1 50438.8 41348 43350.7 45470.7
threshold=-69.498060028245888 54.337700700505145 -174.40000108747748 11.044210919068474 0 15.422810285982957 -5.2624766078507106 1 1.0000000180025095e-35 31.885076190940044 24.933671206607261 7.9605187336440233 -4.4119272728684171 -7.2398195579255251
decision_type=2 2 2 2 1 2 2 1 2 2 2 2 2 2
left_child=-1 2 5 8 -5 7 -6 -2 11 10 -10 12 13 -4
right_child=1 -3 3 4 6 -7 -8 -9 9 -11 -12 -13 -14 -15
leaf_value=-1.9209250820428132 0.7135924817476057 1.4869608600719555 -0.05706741974190993 0.12976718325768749 -0.49420272055481157 1.4028418310126289 -2.1038984302139281 -0.39951874181584113 0.077018658082206315 -0.39659310822053384 0.62663821420473298 -0.54589836451284435 0.17046103654515044 -0.42448427555586793
leaf_weight=118 113 101 1125 135 102 118 115 170 1858 155 154 178 468 407
leaf_count=118 113 101 1125 135 102 118 115 170 1858 155 154 178 468 407
internal_value=-0.0492238 -0.00313626 -0.0355109 -0.0807207 -0.823823 0.483122 -1.3432 0.0648438 -0.0187665 0.0832346 0.121978 -0.120169 -0.0797518 -0.156797
internal_weight=5317 5199 5098 4697 352 401 217 283 4345 2167 2012 2178 2000 1532
internal_count=5317 5199 5098 4697 352 401 217 283 4345 2167 2012 2178 2000 1532
cat_boundaries=0 1 2
cat_threshold=20 9
is_linear=0
shrinkage=0.03


Tree=31
num_leaves=15
num_cat=1
split_feature=9 8 11 5 8 0 3 1 10 1 10 3 10 9
split_gain=215762 191432 263847 138248 243049 98970.6 56588.8 52672.2 71670.7 95303.5 87861.3 36248.1 64003.4 50040.2
threshold=-305.08123065140506 287.73006933493207 0 74.405309429470236 210.62015631626434 -139.44091628089731 42.300216920979175 17.860100579496677 9.8323869799418908 -1.0000000180025095e-35 8.7206653398329674 -11.810319130232665 4.5970893100588457 -91.892031267393264
decision_type=2 2 1 2 2 2 2 2 2 2 2 2 2 2
left_child=-1 3 -3 4 5 -2 -5 8 10 -10 11 12 -7 -13
right_child=1 2 -4 6 -6 7 -8 -9 9 -11 -12 13 -14 -15
leaf_value=1.0641834320818506 -0.85371324755063571 -1.8001993723802789 -0.034655339489244437 -1.181291421212447 1.1971440965163556 0.066604726602859918 -0.19892657163868779 0.61562421025267533 0.27096816600452772 -0.85467381442931889 0.84424934288202702 0.41488205914532955 -0.39281435557827354 0.023743765619640447
leaf_weight=154 109 109 199 107 148 627 105 121 100 177 108 325 470 2440
leaf_count=154 109 109 199 107 148 627 105 121 100 177 108 325 470 2440
internal_value=-0.00707011 -0.041137 -0.754136 0.00572601 0.0407425 -6.84537e-05 -0.72562 0.0231349 0.004848 -0.453023 0.0378531 0.0131803 -0.132 0.0710478
internal_weight=5299 5145 308 4837 4625 4477 212 4368 4247 277 3970 3862 1097 2765
internal_count=5299 5145 308 4837 4625 4477 212 4368 4247 277 3970 3862 1097 2765
cat_boundaries=0 1
cat_threshold=6
is_linear=0
shrinkage=0.03


Tree=32
num_leaves=15
num_cat=0
split_feature=2 4 10 3 9 10 8 6 8 9 8 5 10 6
split_gain=232154 199210 245283 178218 153741 339434 254424 110252 74510.2 46708.5 45826.2 42381.4 61348.4 115079
threshold=51.055367141471599 -54.830120183685764 11.370053730694282 -46.273437191521872 -174.40000108747748 14.100845422667424 198.88213961455352 17.63034567674752 195.3990202911335 197.70027697428296 145.89477234674567 8.3578643512580246 6.2009258187212968 -4.7270173546487024
decision_type=2 2 2 2 2 2 2 2 2 2 2 2 2 2
left_child=1 2 10 -3 6 8 7 -5 9 11 -1 12 -6 -14
right_child=-2 3 -4 4 5 -7 -8 -9 -10 -11 -12 -13 13 -15
leaf_value=-0.48143150740548185 1.2644889237213133 1.0739506957728933 -1.6195685702103833 0.56901266920835447 -0.026627914023561572 -1.4410236857651144 1.6879112824553348 -0.71162329311306416 -0.54713126880893537 0.59214039289951326 0.35877023831754917 0.10324174880600916 -0.042174915489720681 -1.1671752214317139
leaf_weight=104 115 127 146 123 1888 147 112 101 219 110 110 1713 223 120
leaf_count=104 115 127 146 123 1888 147 112 101 219 110 110 1713 223 120
internal_value=-0.0132951 -0.0436759 -0.71482 0.00716415 -0.023516 -0.0710363 0.585589 -0.0141517 -0.0206514 0.00906571 -0.0528159 -0.00865295 -0.0946449 -0.457676
internal_weight=5358 5243 360 4883 4756 4420 336 224 4273 4054 214 3944 2231 343
internal_count=5358 5243 360 4883 4756 4420 336 224 4273 4054 214 3944 2231 343
is_linear=0
shrinkage=0.03


Tree=33
num_leaves=15
num_cat=1
split_feature=2 3 3 8 9 11 7 8 7 2 8 10 5 10
split_gain=221171 200587 118976 107825 160400 166543 140298 55549.3 84135.1 67481.9 68040.8 71302.7 68543.1 84399
threshold=54.337700700505145 -60.43301526327901 -50.035104639828994 83.503081616936711 -174.40000108747748 0 122.51994680971393 267.54557649112297 94.761484771681296 -29.336907569919052 141.39255334595086 8.4527208143473782 -1.0205534579843467 6.2479174866526863
decision_type=2 2 2 2 2 1 2 2 2 2 2 2 2 2
left_child=1 -1 -3 -4 5 -5 7 8 9 -6 12 -12 13 -11
right_child=-2 2 3 4 6 -7 -8 -9 -10 10 11 -13 -14 -15
leaf_value=-0.96919590581190285 1.2750862094040574 0.93785334533658515 0.092911133154088998 1.15060633498664 0.52156824450426054 -0.16475530457912491 -1.0554199733569913 0.40736652706146242 -0.88028352925250697 -0.11145186573348857 -0.23538222362478095 -1.2524123427922074 0.098407873148548194 -0.93514203661895656
leaf_weight=195 106 106 2711 133 106 195 186 115 162 354 156 100 570 156
leaf_count=195 106 106 2711 133 106 195 186 115 162 354 156 100 570 156
internal_value=-0.0206986 -0.0492627 -0.0118953 -0.03411 -0.188048 0.416037 -0.293688 -0.205639 -0.251841 -0.175663 -0.234446 -0.664808 -0.127271 -0.376542
internal_weight=5351 5245 5050 4944 2233 328 1905 1719 1604 1442 1336 256 1080 510
internal_count=5351 5245 5050 4944 2233 328 1905 1719 1604 1442 1336 256 1080 510
cat_boundaries=0 1
cat_threshold=12
is_linear=0
shrinkage=0.03


Tree=34
num_leaves=15
num_cat=0
split_feature=2 4 10 10 3 7 1 3 8 2 1 7 1 5
split_gain=256362 225969 386665 110238 266535 78772.9 54433.8 38252.8 116379 99658.6 91810.5 54480.1 59707.3 72301.3
threshold=54.337700700505145 -51.682221450419881 11.790190660754002 13.552442845486132 -1.7926244613923057 125.29378403761946 -6.9607590564513044 23.753308323911579 116.44210646066126 20.917985324567351 5.1649560836457669 86.965031208884497 -8.0324362458400902 -61.944408405851632
decision_type=2 2 2 2 2 2 2 2 2 2 2 2 2 2
left_child=1 2 6 5 -5 7 -1 9 -9 11 -10 12 -3 -14
right_child=-2 3 -4 4 -6 -7 -8 8 10 -11 -12 -13 13 -15
leaf_value=0.46288323526199049 1.3835314888658776 -0.30215772418951498 -1.9500764028549193 1.6978100960382392 -0.26221376533377655 -0.79549726800620557 -0.39202892229435549 0.044873510156793674 -1.256208248441409 0.6264299222091575 -0.076381039824979055 0.5720036082539488 0.73104049623012535 -0.012986837643645914
leaf_weight=107 103 627 140 102 136 110 147 514 129 221 106 126 113 2645
leaf_count=107 103 627 140 102 136 110 147 514 129 221 106 126 113 2645
internal_value=-0.0302942 -0.0607661 -0.742333 -0.00373762 0.612385 -0.0369393 -0.027997 -0.0165883 -0.21075 0.0228384 -0.74887 -0.0168259 -0.0403642 0.0200282
internal_weight=5326 5223 394 4829 238 4591 254 4481 749 3732 235 3511 3385 2758
internal_count=5326 5223 394 4829 238 4591 254 4481 749 3732 235 3511 3385 2758
is_linear=0
shrinkage=0.03


Tree=35
num_leaves=15
num_cat=0
split_feature=2 9 7 0 0 6 9 10 4 4 5 10 2 9
split_gain=186538 241447 446062 205515 114734 108590 106978 142622 98109 258191 97225.8 148098 36995.8 33074
threshold=-27.226433426524114 -226.45316421517515 105.20001245854145 -173.16068160274656 159.36260704401329 -40.746461873897665 -75.526665022412359 7.9091072365495494 -50.449579266003674 -17.013899087835402 74.405309429470236 10.281751612862367 4.3483547558566915 -4.9449210026424888
decision_type=2 2 2 2 2 2 2 2 2 2 2 2 2 2
left_child=8 2 -2 -3 5 6 -5 12 -1 -10 11 -7 13 -8
right_child=1 3 -4 4 -6 10 7 -9 9 -11 -12 -13 -14 -15
leaf_value=-1.0700258384943009 -0.25528821132638874 -1.2315425514423328 2.2663639030805451 0.38607355072124466 0.91750535921819176 0.087493716565096802 -0.71833165481994887 -1.3062770858448995 0.68025672816223903 -1.0757158185138895 -0.53828208710362269 0.97245554237564402 0.25306676060466443 -0.1411842700426395
leaf_weight=185 126 105 113 159 124 3194 135 132 144 138 195 170 108 250
leaf_count=185 126 105 113 159 124 3194 135 132 144 138 195 170 108 250
internal_value=0.0143789 0.0703458 0.980095 0.0207537 0.0528749 0.0261371 -0.291246 -0.466922 -0.551575 -0.18646 0.0966725 0.134965 -0.220684 -0.356623
internal_weight=5278 4811 239 4572 4467 4343 784 625 467 282 3559 3364 493 385
internal_count=5278 4811 239 4572 4467 4343 784 625 467 282 3559 3364 493 385
is_linear=0
shrinkage=0.03


Tree=36
num_leaves=15
num_cat=0
split_feature=9 0 5 10 4 10 10 10 5 2 8 0 2 10
split_gain=217942 387272 272056 173873 166754 151526 147611 143310 219972 140933 106860 62481.8 33127.7 30075.7
threshold=-145.62275452729037 41.453920759520813 -98.019547187485685 17.006829569385904 43.808794229643773 11.214591373368988 13.290757052927647 7.3061048788686653 26.401208254163837 -10.592660544988481 115.62186540310854 4.102092852621074 -28.464228733456036 6.6791397835723023
decision_type=2 2 2 2 2 2 2 2 2 2 2 2 2 2
left_child=1 4 -2 6 5 13 7 12 9 11 -11 -9 -4 -1
right_child=2 -3 3 -5 -6 -7 -8 8 -10 10 -12 -13 -14 -15
leaf_value=-0.24372199575717632 -1.4404975689719193 1.5458965302850394 -0.44016549523991921 -1.2200851526098737 0.98496215772628781 -1.2467002870310906 0.95119392525404689 -0.75467802901938563 0.32761719230164599 -0.53644359743671621 -1.8770277386266609 0.26216989881342107 0.007840179331592324 0.40874031718611714
leaf_weight=120 127 194 145 108 100 105 118 100 196 102 135 100 3562 115
leaf_count=120 127 194 145 108 100 105 118 100 196 102 135 100 3562 115
internal_value=-0.0522722 0.465445 -0.123054 -0.0833425 -0.0347023 -0.354177 -0.0531345 -0.0825651 -0.496015 -0.864489 -1.34514 -0.25798 -0.0108207 0.0792191
internal_weight=5327 634 4693 4566 440 340 4458 4340 633 437 237 200 3707 235
internal_count=5327 634 4693 4566 440 340 4458 4340 633 437 237 200 3707 235
is_linear=0
shrinkage=0.03


Tree=37
num_leaves=15
num_cat=0
split_feature=1 4 10 9 10 8 1 4 3 8 10 7 5 10
split_gain=154199 162407 184402 349910 171313 96439.6 63068.5 80238.5 119814 110743 65196.2 68065.6 57792.4 75493.5
threshold=22.166946540315813 -56.732053336148041 13.552442845486132 66.884088553856273 11.370053730694282 90.458131712965596 11.498974883311536 33.699513022580781 18.521382491563958 97.526083059737317 9.6981210495202923 68.324029545017609 25.943751157285384 4.668860666193182
decision_type=2 2 2 2 2 2 2 2 2 2 2 2 2 2
left_child=1 4 5 -4 -1 12 7 8 9 -7 11 -11 -3 -14
right_child=-2 2 3 -5 -6 6 -8 -9 -10 10 -12 -13 13 -15
leaf_value=-0.086624804899400595 0.98129006296172172 -0.014039113005104657 1.6737581883027002 -0.51582599639892568 -1.4645756633130655 -0.85055026257612609 -0.73311912858250117 0.22817321858883902 -0.9653676774868597 -0.058893389346507875 -0.53425132437352019 0.61795456268685922 0.079259283749936779 0.8246748374426951
leaf_weight=186 123 2393 146 107 136 156 192 348 185 458 153 178 376 173
leaf_count=186 123 2393 146 107 136 156 192 348 185 458 153 178 376 173
internal_value=-0.0274583 -0.0532211 -0.00939148 0.763326 -0.6952 -0.0533401 -0.234709 -0.165472 -0.287638 -0.146242 0.00191538 0.137172 0.0500588 0.324704
internal_weight=5310 5187 4865 253 322 4612 1670 1478 1130 945 789 636 2942 549
internal_count=5310 5187 4865 253 322 4612 1670 1478 1130 945 789 636 2942 549
is_linear=0
shrinkage=0.03


Tree=38
num_leaves=15
num_cat=1
split_feature=2 9 0 10 9 10 10 11 0 4 10 0 1 8
split_gain=208028 259855 202969 231831 109044 162527 141646 117583 112574 74656 58371.5 74232.2 48219.5 44423.2
threshold=-46.534430623883729 -320.28667873407778 195.31587299781793 17.006829569385904 61.878391200351658 7.3061048788686653 10.558322662137513 0 3.4344631334496429 13.024112332657348 9.2387666633134913 -98.826536382298556 7.4537902230678004 154.58430671534978
decision_type=2 2 2 2 2 2 2 1 2 2 2 2 2 2
left_child=-1 -2 3 4 6 12 10 -7 -8 -9 11 -3 -6 -13
right_child=1 2 -4 -5 5 7 8 9 -10 -11 -12 13 -14 -15
leaf_value=-1.0444067872695204 1.4737442484811734 0.69938100871955144 1.2884093457034655 -1.3343576429408528 -0.087472040873720569 -1.4273413382877003 0.10316358513536705 -0.74258157232072619 1.4633967162878059 0.31610346345467999 -0.58976839632547207 0.084801410315517106 0.52615394296248752 -0.35004791761699472
leaf_weight=149 104 159 102 105 778 123 103 125 111 100 109 2929 125 218
leaf_count=149 104 159 102 105 778 123 103 125 111 100 109 2929 125 218
internal_value=0.0245747 0.0572073 0.0254127 -0.00295764 0.0283595 -0.212121 0.111614 -0.753036 0.842538 -0.267254 0.0634842 0.0867358 0.00230319 0.053665
internal_weight=5340 5191 5087 4985 4880 1251 3629 348 214 225 3415 3306 903 3147
internal_count=5340 5191 5087 4985 4880 1251 3629 348 214 225 3415 3306 903 3147
cat_boundaries=0 1
cat_threshold=3
is_linear=0
shrinkage=0.03


Tree=39
num_leaves=15
num_cat=1
split_feature=9 8 7 7 10 3 10 8 8 8 10 11 10 2
split_gain=238201 364109 219683 95465 120984 46416.7 82092.8 67484.4 73999.5 52734.5 47306.8 65303.8 53758.8 61705.6
threshold=-253.48241486542847 206.15252357814907 165.83090825976498 129.78179131927055 13.084599796528236 -25.344589497373637 10.435349769147342 145.89477234674567 185.4100506046849 129.36968088889978 7.1124421308200434 0 5.3501208535905498 14.765778559370924
decision_type=2 2 2 2 2 2 2 2 2 2 2 1 2 2
left_child=1 -1 3 4 5 -2 7 9 -9 10 12 -12 -7 -14
right_child=2 -3 -4 -5 -6 6 -8 8 -10 -11 11 -13 13 -15
leaf_value=-0.39995626560890157 -0.22195705892300607 1.8779037245322723 -1.0802747264331163 0.80636089485815976 -0.76583616847577296 0.022802202451791855 0.73989255273224486 -0.79697786395511261 0.097048823405628551 0.65103688363263845 0.24751570137079096 -0.67916855602954207 0.5908084852064357 -0.11724809652917524
leaf_weight=105 615 138 162 122 174 2667 142 168 153 124 101 158 330 160
leaf_count=105 615 138 162 122 174 2667 142 168 153 124 101 158 330 160
internal_value=0.0183207 0.916738 -0.0264065 0.0104597 -0.0114402 0.0185778 0.0559933 0.0289944 -0.380795 0.0671213 0.0440869 -0.338077 0.076408 0.361885
internal_weight=5319 243 5076 4914 4792 4618 4003 3861 321 3540 3416 259 3157 490
internal_count=5319 243 5076 4914 4792 4618 4003 3861 321 3540 3416 259 3157 490
cat_boundaries=0 1
cat_threshold=17
is_linear=0
shrinkage=0.03


Tree=40
num_leaves=15
num_cat=2
split_feature=2 0 4 10 9 10 10 2 11 3 6 11 10 10
split_gain=498289 186635 141570 244736 158621 269232 182004 260261 217125 193360 87541.7 55893.8 55557.4 68461.9
threshold=51.055367141471599 180.83289988795744 -50.449579266003674 11.370053730694282 -51.715524260265141 12.402299687695846 7.9091072365495494 -1.0000000180025095e-35 0 -20.293130108174733 82.014494245889878 1 5.7863210817145045 4.6960509284352225
decision_type=2 2 2 2 2 2 2 2 1 2 2 1 2 2
left_child=1 2 3 -1 5 10 -6 9 -9 -8 11 12 13 -4
right_child=-2 -3 4 -5 6 -7 7 8 -10 -11 -12 -13 -14 -15
leaf_value=-0.015931417186751621 2.0110540807765465 1.0991213645866449 0.52573632500966383 -1.6033332118708918 0.01614704173223816 1.7242747810667594 1.0114098641724711 -0.11794031966816294 -2.0192689004160416 -0.6076927364427851 -0.5683928240597248 -0.023193746789644552 0.79279606915169643 -0.31468766930513081
leaf_weight=252 105 129 215 124 3042 103 103 101 129 151 115 361 247 134
leaf_count=252 105 129 215 124 3042 103 103 101 129 151 115 361 247 134
internal_value=0.0577522 0.014576 -0.0150874 -0.567411 0.0301998 0.330533 -0.0705346 -0.604638 -1.31309 0.0623136 0.181921 0.277029 0.449228 0.203275
internal_weight=5311 5206 5077 376 4701 1175 3526 484 230 254 1072 957 596 349
internal_count=5311 5206 5077 376 4701 1175 3526 484 230 254 1072 957 596 349
cat_boundaries=0 1 2
cat_threshold=24 14
is_linear=0
shrinkage=0.03


Tree=41
num_leaves=15
num_cat=1
split_feature=2 9 2 11 10 7 2 7 2 0 2 7 10 6
split_gain=173941 293826 290728 167544 410932 166141 160891 154851 139526 67709.5 133824 180136 61761.8 85569.7
threshold=-22.205285031164514 -179.42480977140585 20.206842872832492 0 11.214591373368988 165.83090825976498 -36.126799371866262 120.02928848738897 0.66950878954846937 -56.945081356666904 -7.903296698861765 64.554124222793845 5.3501208535905498 56.970193826431334
decision_type=2 2 2 1 2 2 2 2 2 2 2 2 2 2
left_child=3 2 8 6 -5 7 -1 9 -2 10 -3 -12 -11 -14
right_child=1 5 -4 4 -6 -7 -8 -9 -10 12 11 -13 13 -15
leaf_value=0.93019828158617024 0.95059332360986804 0.59864095209945323 2.0328765851952308 -0.24881013626053974 -2.3556114831385404 -1.117856884980813 -0.46740718682980265 1.085908813003666 -0.47860263435602191 -0.034035250897984239 -0.0055328377799407852 -1.3082783487130856 0.40025344613744768 -0.26983689368367197
leaf_weight=120 112 100 119 313 105 107 163 111 115 2586 212 164 736 215
leaf_count=120 112 100 119 313 105 107 163 111 115 2586 212 164 736 215
internal_value=-0.00107806 0.0666004 0.894349 -0.437689 -0.801966 -0.00303991 0.132226 0.0285189 0.236907 -0.0033552 -0.335428 -0.592924 0.042154 0.247529
internal_weight=5278 4577 346 701 418 4231 283 4124 227 4013 476 376 3537 951
internal_count=5278 4577 346 701 418 4231 283 4124 227 4013 476 376 3537 951
cat_boundaries=0 1
cat_threshold=9
is_linear=0
shrinkage=0.03


Tree=42
num_leaves=15
num_cat=2
split_feature=2 2 11 9 7 1 7 11 10 8 7 8 9 7
split_gain=226613 160477 358587 239224 194398 121172 108906 175433 144328 141034 78557.1 76851.2 76582.2 76514.2
threshold=54.337700700505145 -27.226433426524114 0 -174.40000108747748 105.20001245854145 -0.7090693144550797 65.020025685449625 1 11.370053730694282 243.35041972985508 88.400815969989267 154.58430671534978 -219.04548094671941 37.064726066329079
decision_type=2 2 1 2 2 2 2 1 2 2 2 2 2 2
left_child=1 2 5 4 12 -1 13 9 10 11 -9 -8 -3 -5
right_child=-2 3 -4 6 -6 -7 7 8 -10 -11 -12 -13 -14 -15
leaf_value=-0.32087193423229238 1.3273725617307683 -0.18050091208739055 -1.4783018477453569 -0.090593386329032563 1.7920985351361589 0.89003910098194094 0.051411438694884695 -0.79692897848019728 -1.731962453159126 0.93816918268436333 0.22222960884549786 -0.81341749481688763 0.8573036270452582 0.19092422680183604
leaf_weight=184 105 138 189 1721 106 111 300 175 101 113 102 123 105 1736
leaf_count=184 105 138 189 1721 106 111 300 175 101 113 102 123 105 1736
internal_value=0.0101113 -0.0189616 -0.53344 0.0348105 0.779274 0.144272 -0.0262738 -0.31563 -0.79093 0.0416328 -0.426976 -0.213042 0.284094 0.0509191
internal_weight=5309 5204 484 4720 349 295 4371 914 378 536 277 423 243 3457
internal_count=5309 5204 484 4720 349 295 4371 914 378 536 277 423 243 3457
cat_boundaries=0 1 2
cat_threshold=25 21
is_linear=0
shrinkage=0.03


Tree=43
num_leaves=15
num_cat=1
split_feature=2 9 10 11 7 8 7 7 10 10 10 2 7 6
split_gain=214123 322795 228512 224564 185361 155596 105793 171272 199356 102738 93749.3 79129.1 55476.4 54602.6
threshold=-27.226433426524114 -179.42480977140585 12.402299687695846 0 165.83090825976498 256.73092977836296 65.020025685449625 115.12314515861158 11.790190660754002 8.9256297675202667 5.2515194032727575 -34.647074505519363 38.116160679773529 17.63034567674752
decision_type=2 2 2 1 2 2 2 2 2 2 2 2 2 2
left_child=3 2 13 11 5 6 12 8 9 10 -8 -1 -3 -2
right_child=1 4 -4 -5 -6 -7 7 -9 -10 -11 -12 -13 -14 -15
leaf_value=0.29556699229544731 0.76020245192142633 -0.066684951775698317 2.005486669374549 -1.3882003828883172 -1.1726885014190906 0.92649679002910856 0.10894604354838415 0.74623002811482075 -1.6871925686489451 0.53726030271665182 -0.76755639221184757 -0.69599086541878541 0.17335591128762118 -0.079247025208813798
leaf_weight=189 146 1856 105 179 113 150 163 104 100 103 313 104 1609 123
leaf_count=189 146 1856 105 179 113 150 163 104 100 103 313 104 1609 123
internal_value=-0.0124371 0.0469922 0.881986 -0.61572 -0.0240336 0.00807282 -0.0264571 -0.339071 -0.513721 -0.285845 -0.471344 -0.0655755 0.044958 0.387282
internal_weight=5357 4885 374 472 4511 4398 4248 783 679 579 476 293 3465 269
internal_count=5357 4885 374 472 4511 4398 4248 783 679 579 476 293 3465 269
cat_boundaries=0 1
cat_threshold=25
is_linear=0
shrinkage=0.03


Tree=44
num_leaves=15
num_cat=0
split_feature=1 7 2 10 10 2 2 2 7 1 9 2 8 8
split_gain=221066 199481 118495 356660 228383 374983 255917 100322 75100.3 59863.8 48400.6 81910.5 31272.2 84659.6
threshold=22.166946540315813 216.26790410410629 24.933671206607261 10.876266870373639 11.044210919068474 -3.4672138713567668 -24.655027057294273 38.679637800690962 105.20001245854145 5.5215575116341205 65.74764773507674 -23.430235302932072 96.859295366978372 68.316003443885464
decision_type=2 2 2 2 2 2 2 2 2 2 2 2 2 2
left_child=1 2 4 7 8 6 -6 9 10 -4 -1 -12 13 -13
right_child=-2 -3 3 -5 5 -7 -8 -9 -10 -11 11 12 -14 -15
leaf_value=0.05096876728474288 1.19580158536964 -1.14684018384586 -0.14394957511375348 1.9449909653013402 -0.92439720594153107 -1.9195816304087638 0.85824157921584332 -0.74317878892110745 0.71860269254199538 0.71960763476490963 -0.93449134796352706 0.071095062513972754 0.22400132326675312 -0.65469327476463823
leaf_weight=3098 125 131 134 100 137 140 133 105 123 140 108 391 207 218
leaf_count=3098 125 131 134 100 137 140 133 105 123 140 108 391 207 218
internal_value=-0.00266189 -0.033921 -0.00274322 0.441096 -0.050281 -0.716893 -0.0469923 0.00449061 0.0172232 0.307086 -0.00595529 -0.195313 -0.0873519 -0.19509
internal_weight=5290 5165 5034 479 4555 410 270 379 4145 274 4022 924 816 609
internal_count=5290 5165 5034 479 4555 410 270 379 4145 274 4022 924 816 609
is_linear=0
shrinkage=0.03


Tree=45
num_leaves=15
num_cat=0
split_feature=0 4 6 5 5 3 10 10 4 7 1 7 3 7
split_gain=176696 177307 146639 71393 56631.6 105308 86092.1 59928.7 156311 50198.6 126846 87815 51714 57723.2
threshold=195.31587299781793 -56.732053336148041 -127.23796127899463 -64.577484444928317 74.405309429470236 32.120251678783724 13.084599796528236 9.6981210495202923 -1.3045306086106647 69.007045849924978 9.9135537166045449 65.020025685449625 -27.161552027406838 38.116160679773529
decision_type=2 2 2 2 2 2 2 2 2 2 2 2 2 2
left_child=1 3 -3 -1 6 -6 7 9 -9 11 -11 12 -4 -14
right_child=-2 2 4 -5 5 -7 -8 8 -10 10 -12 -13 13 -15
leaf_value=-0.25223446004092692 1.118102812282741 1.0453160727591742 -0.39270629315603661 -1.1541336201390913 -1.0459525597189354 0.10079190935702681 0.65281937787213273 -1.2652664187207685 0.265720690055327 0.59790374486148357 -0.55563443348595964 -0.81251907528210909 -0.056873516738772389 0.19395581178753035
leaf_weight=176 118 116 241 145 117 163 184 103 122 350 104 107 1865 1467
leaf_count=176 118 116 241 145 117 163 184 103 122 350 104 107 1865 1467
internal_value=0.0167915 -0.00998948 0.0349892 -0.682194 0.00857685 -0.397927 0.03445 0.00691324 -0.459149 0.0333262 0.327377 -0.0037396 0.0226809 0.0538106
internal_weight=5378 5260 4939 321 4823 280 4543 4359 225 4134 454 3680 3573 3332
internal_count=5378 5260 4939 321 4823 280 4543 4359 225 4134 454 3680 3573 3332
is_linear=0
shrinkage=0.03


Tree=46
num_leaves=15
num_cat=1
split_feature=0 9 7 7 2 1 8 11 7 6 10 10 6 10
split_gain=198374 187156 468208 356196 124333 80731.7 82457.1 279546 134524 75919.8 98301.3 70658.1 54651.4 51668.6
threshold=147.57556711626222 -232.94904927200471 102.46729678875856 165.83090825976498 -2.3203202848674693 -20.940523415541161 188.35181179805494 0 92.746217602815406 -38.385796478085062 6.2479174866526863 5.4477213599846737 34.041153088747812 8.3855674083115623
decision_type=2 2 2 2 2 2 2 1 2 2 2 2 2 2
left_child=1 2 -1 5 -2 -3 8 -8 9 10 -7 -11 13 -13
right_child=4 3 -4 -5 -6 6 7 -9 -10 11 -12 12 -14 -15
leaf_value=-0.74328817561664418 1.5610558613321999 -0.78258114115945221 1.7931761905791597 -1.5527423275735255 0.14895374226970831 -0.052513869440475161 -0.530140721424471 1.1639812320728715 -0.71777752749390034 0.010393968832104122 -0.84562784493450194 0.34716637393821559 0.023439183022723766 1.0979673200540052
leaf_weight=103 111 106 151 127 109 583 138 188 223 2546 176 340 297 107
leaf_count=103 111 106 151 127 109 583 138 188 223 2546 176 340 297 107
internal_value=0.0365432 -0.00243099 0.775416 -0.0448452 0.898318 -0.000927025 0.018752 0.471267 -0.0167997 0.0234801 -0.245029 0.0859798 0.341069 0.546981
internal_weight=5305 5085 254 4831 220 4704 4598 326 4272 4049 759 3290 744 447
internal_count=5305 5085 254 4831 220 4704 4598 326 4272 4049 759 3290 744 447
cat_boundaries=0 1
cat_threshold=18
is_linear=0
shrinkage=0.03


Tree=47
num_leaves=15
num_cat=0
split_feature=0 9 10 0 3 10 10 10 2 9 9 8 4 4
split_gain=133601 103556 322596 69933.2 140984 88877.8 84932.8 88123.7 87787.1 57861.7 51764.6 61697.4 37905 60556.1
threshold=180.83289988795744 -320.28667873407778 17.006829569385904 91.358221158763925 1.8115122576142795 13.552442845486132 11.790190660754002 10.435349769147342 34.773024745918185 172.20349032830674 115.03279629334062 68.008847549551021 -56.732053336148041 -39.550483290648977
decision_type=2 2 2 2 2 2 2 2 2 2 2 2 2 2
left_child=1 -1 3 5 -5 6 7 8 9 10 12 -12 -3 -14
right_child=-2 2 -4 4 -6 -7 -8 -9 -10 -11 11 -13 13 -15
leaf_value=0.83569237131717777 0.87054096396032121 -0.46023553516090349 -1.5048194904647656 -0.94966292745172975 0.22210218144707722 0.80774072968482968 -0.76806602853489669 0.77638880114724385 -0.68775075340563541 0.59458948578320292 0.16480560461157245 -0.74845826010955008 0.58929878396502988 0.019989159242632931
leaf_weight=111 142 127 124 190 166 115 117 124 153 143 104 161 167 3383
leaf_count=111 142 127 124 190 166 115 117 124 153 143 104 161 167 3383
internal_value=-0.00615345 -0.0317927 -0.0523765 -0.0130315 -0.412138 0.0187242 -0.0032883 0.0189349 -0.00500303 0.0221857 -3.0792e-05 -0.397086 0.0295842 0.0483509
internal_weight=5327 5185 5074 4950 356 4594 4479 4362 4238 4085 3942 265 3677 3550
internal_count=5327 5185 5074 4950 356 4594 4479 4362 4238 4085 3942 265 3677 3550
is_linear=0
shrinkage=0.03


Tree=48
num_leaves=15
num_cat=0
split_feature=2 1 6 0 8 10 8 5 10 5 1 10 9 8
split_gain=206201 112928 130835 129858 185540 125596 95011.6 137604 120667 75839.8 85381.2 159897 82899.2 54082.9
threshold=54.337700700505145 -20.940523415541161 -153.6426472584746 180.83289988795744 287.73006933493207 11.214591373368988 195.3990202911335 14.631258188342645 12.402299687695846 -32.68502338506439 4.3300979064414511 4.5604317167249961 13.550143794326138 159.83884847047446
decision_type=2 2 2 2 2 2 2 2 2 2 2 2 2 2
left_child=1 -1 -3 4 6 -6 8 -8 9 10 11 -4 -13 -11
right_child=-2 2 3 -5 5 -7 7 -9 -10 13 -12 12 -14 -15
leaf_value=-0.85113641161002851 1.2361879695592255 0.97748617265501925 0.046194530258722166 0.93307649940252302 -0.12678605432140416 -1.5462410252324996 1.3347326067469336 -0.15967643760428843 -0.93766658483611209 0.049803846487394193 0.35346425918366409 -0.48583700668312113 -1.5718391780411043 -0.59801812986284486
leaf_weight=141 106 106 262 110 106 114 100 108 125 3471 129 157 114 110
leaf_count=141 106 106 262 110 106 114 100 108 125 3471 129 157 114 110
internal_value=-0.0147191 -0.0427954 -0.0184052 -0.0418673 -0.0661233 -0.89757 -0.0242799 0.587059 -0.0546657 -0.0265087 -0.318968 -0.485226 -0.982359 0.0282944
internal_weight=5259 5153 5012 4906 4796 220 4576 208 4368 4243 662 533 271 3581
internal_count=5259 5153 5012 4906 4796 220 4576 208 4368 4243 662 533 271 3581
is_linear=0
shrinkage=0.03


Tree=49
num_leaves=15
num_cat=0
split_feature=0 3 6 0 10 10 5 6 0 0 9 7 0 3
split_gain=200218 140350 98539.6 263448 126793 76445.4 79352.4 177279 115904 100511 49470.2 48379 85659.3 29087.3
threshold=159.36260704401329 -60.43301526327901 147.0926106012349 -139.44091628089731 15.710006851368876 7.3061048788686653 -34.410666548989845 -83.717049421707443 30.651969573061262 -32.484548383629196 -44.025059165807868 69.007045849924978 -31.661101037513721 -24.546930512058072
decision_type=2 2 2 2 2 2 2 2 2 2 2 2 2 2
left_child=1 -1 3 -3 5 11 7 -7 9 -8 -10 13 -13 -5
right_child=-2 2 -4 4 -6 6 8 -9 10 -11 -12 12 -14 -15
leaf_value=-0.86597388536254793 0.95827633458715644 -1.1373922978427549 0.85256659650802613 -0.23828885480761527 0.98454012323016959 0.134319984515508 0.1079563698619604 -1.533664233997464 0.91233648965575476 -0.89687039970062876 0.024048919189633346 -0.26884774841308595 0.70466429117249274 0.05114798767532245
leaf_weight=163 183 172 110 338 111 107 170 110 100 175 117 115 236 3058
leaf_count=163 183 172 110 338 111 107 170 110 100 175 117 115 236 3058
internal_value=0.0098394 -0.0261281 0.00340211 -0.0177504 0.0261387 0.000515219 -0.267937 -0.741517 -0.0753106 -0.412645 0.455556 0.0568909 0.387095 0.0217256
internal_weight=5265 5082 4919 4809 4637 4526 779 217 562 345 217 3747 351 3396
internal_count=5265 5082 4919 4809 4637 4526 779 217 562 345 217 3747 351 3396
is_linear=0
shrinkage=0.03


Tree=50
num_leaves=15
num_cat=1
split_feature=4 10 10 1 8 4 8 1 10 8 11 10 1 8
split_gain=137159 215684 158236 75597.1 92596.8 91092.6 81199.2 58005.7 118971 65160 168367 172757 104953 94202.6
threshold=-61.540646234791701 11.790190660754002 18.334109265793188 16.665814082408463 256.73092977836296 -3.2870007846855445 145.89477234674567 6.7890241717630087 7.6750363907532444 122.96993491110216 0 11.790190660754002 -11.038229087629636 113.10240271038366
decision_type=2 2 2 2 2 2 2 2 2 2 1 2 2 2
left_child=1 -1 3 4 7 -6 -5 9 -9 13 -11 12 -12 -2
right_child=2 -3 -4 6 5 -7 -8 8 -10 10 11 -13 -14 -15
leaf_value=0.12394577992444782 0.0040487083253933085 -1.4937918187966988 1.0348714504176624 0.021483710378408433 1.2666528465531088 0.11304318202695539 -1.081672888382061 0.096853176670154958 1.1145376209926605 0.64095284658838325 0.55961781343817707 -1.5818478830514755 -0.52100020640574329 0.88248776464085821
leaf_weight=163 3036 124 136 130 100 145 101 612 115 122 100 103 303 104
leaf_count=163 3036 124 136 130 100 145 101 612 115 122 100 103 303 104
internal_value=0.0250571 -0.601769 0.0613903 0.0327329 0.0589686 0.615112 -0.485718 0.0273579 0.270773 -0.0201992 -0.296628 -0.532821 -0.245799 0.0358527
internal_weight=5394 287 5107 4971 4740 245 231 4495 727 3768 628 506 403 3140
internal_count=5394 287 5107 4971 4740 245 231 4495 727 3768 628 506 403 3140
cat_boundaries=0 1
cat_threshold=4
is_linear=0
shrinkage=0.03


Tree=51
num_leaves=15
num_cat=1
split_feature=9 4 0 3 5 8 7 7 7 11 8 5 6 8
split_gain=157642 146392 139601 207778 127105 128442 195234 94390.6 89740.6 82572.1 65552.3 39629.1 84418.9 58079.2
threshold=-320.28667873407778 -46.863680968670216 121.15033290283229 12.252455404952254 74.405309429470236 287.73006933493207 105.20001245854145 89.37448252220004 135.69784245184522 0 129.36968088889978 10.360355333200884 26.720432454808563 108.22971421344415
decision_type=2 2 2 2 2 2 2 2 2 1 2 2 2 2
left_child=-1 8 4 -4 5 6 7 11 10 -6 -2 12 13 -3
right_child=1 2 3 -5 9 -7 -8 -9 -10 -11 -12 -13 -14 -15
leaf_value=0.98374381271430422 -0.74030395366251467 -0.050066136991025564 -0.020965799218166374 1.6780405559323051 -0.11797892546869884 -0.82051771783310434 1.2459230708065681 -0.82453153423151038 -1.3029745552346512 -1.2311002813339231 0.094030271715694863 0.15135103587992491 -0.59927922513954046 0.38773560508688604
leaf_weight=130 150 1870 157 100 139 151 108 109 101 105 176 1538 213 309
leaf_count=130 150 1870 157 100 139 151 108 109 101 105 176 1538 213 309
internal_value=-0.00976822 -0.0363141 0.0115302 0.678214 -0.0275998 0.0109127 0.0430876 0.00792695 -0.561989 -0.679709 -0.300473 0.0330496 -0.0433289 0.0135054
internal_weight=5356 5226 4799 257 4542 4298 4147 4039 427 244 326 3930 2392 2179
internal_count=5356 5226 4799 257 4542 4298 4147 4039 427 244 326 3930 2392 2179
cat_boundaries=0 1
cat_threshold=28
is_linear=0
shrinkage=0.03


Tree=52
num_leaves=15
num_cat=0
split_feature=4 9 5 0 4 10 9 10 3 0 4 10 4 10
split_gain=254521 204829 194322 94490.7 99563.2 126344 95992.5 124574 188528 79177.4 77500.4 68695.2 62402 88745.4
threshold=-71.193925506606533 -320.28667873407778 74.405309429470236 159.36260704401329 -46.863680968670216 7.0463487188265645 -51.715524260265141 7.6750363907532444 4.223393618754625 -82.435850005075807 66.57755047830949 6.0227333086409152 -32.330240069260746 8.2925479404415494
decision_type=2 2 2 2 2 2 2 2 2 2 2 2 2 2
left_child=-1 -2 3 4 5 -3 7 -6 -9 11 -4 -8 -11 -14
right_child=1 2 10 -5 6 -7 9 8 -10 12 -12 -13 13 -15
leaf_value=-1.0860396756688553 1.259398507056029 0.016492501105993027 -0.34185920223341149 0.79545088894504434 0.097097756769863125 -1.3171746235144766 -0.025798778354245072 1.6827576582168968 0.053327278184039248 0.50179853536905006 -1.3755848552614955 -0.99022869836906313 0.014839817718005898 -0.58353120081248822
leaf_weight=189 105 145 167 129 777 104 126 117 130 198 108 132 2596 234
leaf_count=189 105 145 167 129 777 104 126 117 130 198 108 132 2596 234
internal_value=-0.0336087 0.00770082 -0.02126 0.0249259 0.00143015 -0.56989 0.0356796 0.287807 0.860607 -0.0435243 -0.781853 -0.537765 0.00021891 -0.0365173
internal_weight=5257 5068 4963 4688 4559 249 4310 1024 247 3286 275 258 3028 2830
internal_count=5257 5068 4963 4688 4559 249 4310 1024 247 3286 275 258 3028 2830
is_linear=0
shrinkage=0.03


Tree=53
num_leaves=15
num_cat=0
split_feature=4 9 1 7 10 1 7 10 2 6 10 0 10 5
split_gain=312154 179744 70646.9 425051 282958 123445 185032 87103.1 70529.6 56237.7 82501.7 61175.8 52989.3 52557.2
threshold=-71.193925506606533 -320.28667873407778 6.6776119396154341 117.2980354120014 16.073873004145863 15.142883135781249 64.146647647944476 12.173318486996434 -22.205285031164514 6.7701416161343415 4.5421704544290806 6.4189319880549931 7.5447210101211573 -61.944408405851632
decision_type=2 2 2 2 2 2 2 2 2 2 2 2 2 2
left_child=-1 -2 4 5 7 12 -7 8 9 10 -3 -12 -4 -10
right_child=1 2 3 -5 -6 6 -8 -9 13 -11 11 -13 -14 -15
leaf_value=-1.1581080740690231 1.234428231674692 0.085275545607392603 0.12632615810866085 2.0007355989409348 -1.3938376471832508 0.40109700784489916 -1.2528332275322505 0.70469537311130093 0.62838269169357686 0.24550958636674014 -1.3670197997781737 -0.33543565744111514 0.82976286353736084 0.017406759229100864
leaf_weight=186 105 120 603 102 121 101 130 152 122 100 106 109 106 3184
leaf_count=186 105 120 603 102 121 101 130 152 122 100 106 109 106 3184
internal_value=0.0170955 0.0616069 0.0348619 0.253705 -0.0224373 0.045069 -0.543049 0.0236498 -0.0058266 -0.360448 -0.543204 -0.882183 0.241572 0.0417804
internal_weight=5347 5161 5056 1042 4014 940 231 3893 3741 435 335 215 709 3306
internal_count=5347 5161 5056 1042 4014 940 231 3893 3741 435 335 215 709 3306
is_linear=0
shrinkage=0.03


Tree=54
num_leaves=15
num_cat=0
split_feature=9 7 3 7 8 1 7 8 8 8 5 10 0 10
split_gain=164688 306030 334325 264528 240065 54820.4 85826.4 90207.9 53197 78426.8 57292.4 75027 51354.1 39104.6
threshold=-13.148385959487809 117.2980354120014 15.994815185903613 110.28135648190774 236.50682446071377 12.392143776337159 86.965031208884497 152.58757941152518 84.045154223092325 68.780199785021708 -64.577484444928317 9.5270635579311325 -30.873771909513192 8.0917091905427867
decision_type=2 2 2 2 2 2 2 2 2 2 2 2 2 2
left_child=1 8 -3 5 -5 6 7 -2 9 12 -10 13 -1 -12
right_child=3 2 -4 4 -6 -7 -8 -9 10 -11 11 -13 -14 -15
leaf_value=-0.55772879079661586 -0.02094956486849114 0.27996828684535052 2.3678005544449152 0.0073327066954665295 -1.7777154269870024 -0.57579527947791787 0.63359790938241145 -0.76788910894240092 0.46467892426376545 0.62615594394352969 -0.13516828739810027 -0.70809942784421731 0.15056539701350347 0.4555760925564884
leaf_weight=100 2390 183 104 117 151 162 158 145 134 284 597 181 558 111
leaf_count=100 2390 183 104 117 151 162 158 145 134 284 597 181 558 111
internal_value=-0.0018954 0.193178 1.09078 -0.142731 -1.02619 -0.0565075 -0.0232546 -0.0665233 0.0572178 0.218761 -0.0922127 -0.180389 0.0361841 -0.0374964
internal_weight=5375 2252 287 3123 268 2855 2693 2535 1965 942 1023 889 658 708
internal_count=5375 2252 287 3123 268 2855 2693 2535 1965 942 1023 889 658 708
is_linear=0
shrinkage=0.03


Tree=55
num_leaves=15
num_cat=0
split_feature=0 1 10 8 9 5 10 10 7 3 7 4 4 4
split_gain=255851 121544 366943 167334 236842 94800.3 120436 53473.2 71460.9 76460.6 66944.6 100264 42409.3 48285.4
threshold=180.83289988795744 4.7012578978007449 11.5611000505543 287.73006933493207 -23.213678488218736 74.405309429470236 14.100845422667424 11.5611000505543 77.989552048002466 -27.161552027406838 65.517090038319751 -24.528166647496992 -36.072603736280819 -2.1929524623911654
decision_type=2 2 2 2 2 2 2 2 2 2 2 2 2 2
left_child=1 3 -3 5 -5 6 7 8 10 -10 12 -12 -1 -14
right_child=-2 2 -4 4 -6 -7 -8 -9 9 -11 11 -13 13 -15
leaf_value=0.47335790889686152 1.2565200943539017 0.085584837195905428 1.7154784628141508 0.077568779113427008 -1.7208533228406537 -0.85852160052592008 0.94466763326677228 -0.6690962983432569 -0.069574891476823164 0.89335255154050308 0.12212745921952384 -1.0650003227785878 -0.17321508475760139 0.087035706038076338
leaf_weight=145 142 1267 128 132 120 109 108 104 139 146 116 128 1221 1331
leaf_count=145 142 1267 128 132 120 109 108 104 139 146 116 128 1221 1331
internal_value=0.0433267 0.0078081 0.246283 -0.0801771 -0.811817 -0.0260608 0.00274529 -0.0305404 -0.00795057 0.437276 -0.0524312 -0.518039 -0.0085491 -0.0376709
internal_weight=5336 5194 1395 3799 252 3547 3438 3330 3226 285 2941 244 2697 2552
internal_count=5336 5194 1395 3799 252 3547 3438 3330 3226 285 2941 244 2697 2552
is_linear=0
shrinkage=0.03


Tree=56
num_leaves=15
num_cat=0
split_feature=0 2 10 7 7 7 9 10 10 4 9 6 10 6
split_gain=147072 158369 455445 98626.8 82318.7 99676.8 236985 110796 66080.9 41626.3 33558.6 33621.7 51947.2 92800.1
threshold=-203.63762796391902 24.598614330152092 10.876266870373639 65.517090038319751 186.11915020941245 112.14759678770552 9.3265770311488669 11.790190660754002 4.7226936775265722 -59.998121093518741 197.70027697428296 -16.932861186363827 6.9946206623598526 -64.93267371625133
decision_type=2 2 2 2 2 2 2 2 2 2 2 2 2 2
left_child=-1 4 3 8 5 7 -7 9 -3 -2 11 12 -11 -14
right_child=1 2 -4 -5 -6 6 -8 -9 -10 10 -12 -13 13 -15
leaf_value=-1.0474924206147429 -0.60611349993460883 -0.10414345038644338 1.9367853073030707 -0.46835547422709528 -0.81109140954494463 1.4118810817774605 -0.35457130026310046 -0.78373561500858613 0.9121469564197443 -0.068740150360526747 0.49265659610782048 0.030720534070895509 0.065524224440256754 -1.1462375391230863
leaf_weight=112 101 108 134 209 115 126 131 175 109 1084 103 2591 107 109
leaf_count=112 101 108 134 209 115 126 131 175 109 1084 103 2591 107 109
internal_value=-0.0178829 0.00625203 0.478217 -0.01448 -0.0515903 -0.0305514 0.531915 -0.0655685 0.424038 -0.0330431 -0.0170738 -0.0317953 -0.155678 -0.569628
internal_weight=5314 5202 560 426 4642 4527 257 4270 217 4095 3994 3891 1300 216
internal_count=5314 5202 560 426 4642 4527 257 4270 217 4095 3994 3891 1300 216
is_linear=0
shrinkage=0.03


Tree=57
num_leaves=15
num_cat=0
split_feature=2 8 0 7 5 8 2 8 8 2 8 8 8 9
split_gain=136133 143989 110566 127496 89526.3 130568 73276.8 87476.9 64101.5 58001.8 83922 64330.8 101805 57402.9
threshold=33.640582800895324 173.32800015476781 1.7344590655060828 63.048057253747992 67.705096708315835 287.73006933493207 -1.0000000180025095e-35 145.89477234674567 338.80775468883678 25.477720787986726 236.50682446071377 178.65073150636888 154.58430671534978 65.74764773507674
decision_type=2 2 2 2 2 2 2 2 2 2 2 2 2 2
left_child=2 -2 3 13 5 6 7 -5 9 10 11 12 -4 -1
right_child=1 -3 8 4 -6 -7 -8 -9 -10 -11 -12 -13 -14 -15
leaf_value=0.050064772028826345 -0.021001137483187694 1.2601767048835752 0.058352687087786882 -0.58764914188228667 0.18476585104949492 -1.6233123458828775 -0.91156625228141663 0.41854992788504147 0.77745025769681542 0.70669025311427836 -0.79490801327937355 0.71427238418991046 -0.83838085794448847 -0.37327898705611001
leaf_weight=1149 166 140 2248 173 123 102 191 126 101 103 101 114 110 374
leaf_count=1149 166 140 2248 173 123 102 191 126 101 103 101 114 110 374
internal_value=-0.0175239 0.586488 -0.0554727 -0.211919 -0.539419 -0.690453 -0.467684 -0.163809 0.0709159 0.0414541 0.0121911 0.0482371 0.0131565 -0.0556517
internal_weight=5321 306 5015 2238 715 592 490 299 2777 2676 2573 2472 2358 1523
internal_count=5321 306 5015 2238 715 592 490 299 2777 2676 2573 2472 2358 1523
is_linear=0
shrinkage=0.03


Tree=58
num_leaves=15
num_cat=0
split_feature=4 0 8 6 0 0 8 8 8 5 6 8 2 4
split_gain=196585 184840 201011 104581 111733 128082 71435.4 75952.2 136787 46863.8 31838.5 60621.7 54207.4 48211.7
threshold=-71.193925506606533 121.15033290283229 164.49953371558493 127.18409936272798 -134.35881420942104 -101.75231016813417 256.73092977836296 178.65073150636888 156.72064734577788 66.11779693196678 -13.034777469145858 133.98412833035448 -13.918890383353396 7.7372014468305412
decision_type=2 2 2 2 2 2 2 2 2 2 2 2 2 2
left_child=-1 3 -3 4 -2 -6 7 8 9 10 11 12 -7 -14
right_child=1 2 -4 -5 5 6 -8 -9 -10 -11 -12 -13 13 -15
leaf_value=-0.93032829316134369 -0.71563523942174811 0.11076520771980286 1.6551678524224553 0.7636480807316931 0.88883427641221446 -0.4504970080783734 -0.57694122551144034 0.63096356557751143 -1.0004540237103861 -0.54704184803892575 0.084902128866749527 0.55758675874807895 0.084564521517054445 -0.4805420976225287
leaf_weight=187 198 190 118 142 130 380 197 152 117 126 2413 107 701 158
leaf_count=187 198 190 118 142 130 380 197 152 117 126 2413 107 701 158
internal_value=-0.000302493 0.03535 0.735895 -0.0108365 -0.0359193 -0.00435834 -0.0330223 -0.00590376 -0.031605 6.63124e-05 0.0198079 -0.0966533 -0.157165 -0.023712
internal_weight=5316 5129 308 4821 4679 4481 4351 4154 4002 3885 3759 1346 1239 859
internal_count=5316 5129 308 4821 4679 4481 4351 4154 4002 3885 3759 1346 1239 859
is_linear=0
shrinkage=0.03


Tree=59
num_leaves=15
num_cat=0
split_feature=1 4 10 8 0 5 2 9 10 8 7 7 7 0
split_gain=157763 198482 403236 126621 132858 120008 99426 132309 54871.9 134659 86203.6 48007.6 35361.1 33139.8
threshold=22.166946540315813 -53.231071714051701 11.370053730694282 349.80412339871037 -139.44091628089731 74.405309429470236 28.113597375462771 -57.20745948926578 9.6981210495202923 178.65073150636888 72.449597737864579 82.970999569640398 92.746217602815406 -33.039421161830347
decision_type=2 2 2 2 2 2 2 2 2 2 2 2 2 2
left_child=1 2 12 4 -3 6 8 -8 10 -10 13 -12 -1 -6
right_child=-2 3 -4 -5 5 -7 7 -9 9 -11 11 -13 -14 -15
leaf_value=-0.33120877090282735 0.96916586716124353 -0.91341653620101959 -1.9796775249217418 0.80533413487568228 -0.20426522948829748 -0.73701059752040432 1.3820919047668576 -0.0074670916886962185 -0.84363704067759393 0.40350716709159312 0.98390005314633955 0.13756636006491524 0.38624931458216993 0.036131744670244506
leaf_weight=105 131 137 131 161 616 179 102 137 195 118 116 123 124 2930
leaf_count=105 131 137 131 161 616 179 102 137 195 118 116 123 124 2930
internal_value=-0.0210054 -0.0478967 -0.717476 0.00355926 -0.0258508 0.00303358 0.0352024 0.617256 -0.000163497 -0.375532 0.0317853 0.571356 0.05719 -0.00608625
internal_weight=5305 5174 360 4814 4653 4516 4337 239 4098 313 3785 239 229 3546
internal_count=5305 5174 360 4814 4653 4516 4337 239 4098 313 3785 239 229 3546
is_linear=0
shrinkage=0.03


Tree=60
num_leaves=15
num_cat=1
split_feature=1 7 7 9 8 7 2 4 11 8 6 4 9 1
split_gain=115360 497795 245562 256645 105332 98666.6 98599 80778 38364.6 57668.3 37887.9 58687.9 92354.9 75940
threshold=6.6776119396154341 113.45377442550522 120.02928848738897 -116.34130414776587 250.56358313139998 75.306849547328596 18.019378238779712 -7.5443275488432047 0 79.757296165399751 -38.385796478085062 -27.608028588923037 57.457286946580091 -4.0757310208954705
decision_type=2 2 2 2 2 2 2 2 1 2 2 2 2 2
left_child=2 5 4 -4 10 8 -7 -5 9 -2 11 12 13 -1
right_child=1 -3 3 7 -6 6 -8 -9 -10 -11 -12 -13 -14 -15
leaf_value=0.26219319142495529 0.045936538851662968 1.757135736722695 0.22884524005780116 -0.75301905888171228 0.8273658540844917 -1.1944193222522734 0.075145291170831449 -1.9928281671259584 -0.08912335099799891 0.73305800109093566 0.016483317999703883 0.0058127576959060611 -1.2121108833270196 -0.75326639737253609
leaf_weight=148 257 161 129 111 122 100 108 109 321 184 2916 483 103 105
leaf_count=148 257 161 129 111 122 100 108 109 321 184 2916 483 103 105
internal_value=-0.00303212 0.264714 -0.0751444 -0.825773 -0.00562374 0.00160027 -0.562014 -1.42723 0.160735 0.335094 -0.0348132 -0.211192 -0.497726 -0.17186
internal_weight=5357 1131 4226 349 3877 970 208 220 762 441 3755 839 356 253
internal_count=5357 1131 4226 349 3877 970 208 220 762 441 3755 839 356 253
cat_boundaries=0 1
cat_threshold=26
is_linear=0
shrinkage=0.03


Tree=61
num_leaves=15
num_cat=0
split_feature=0 0 9 10 7 7 10 7 9 2 1 9 10 3
split_gain=180637 99404.7 111902 233902 113330 68194.9 99795.5 106177 57242.1 43756.1 43267.3 38474.9 76927.1 49673.6
threshold=195.31587299781793 -203.63762796391902 -232.94904927200471 11.970619158346079 165.83090825976498 129.78179131927055 11.790190660754002 95.993893000267619 204.94427829455867 -25.504722444120876 -12.000724023121466 -13.148385959487809 7.2247607247094923 13.353686822504955
decision_type=2 2 2 2 2 2 2 2 2 2 2 2 2 2
left_child=1 -1 3 -3 5 6 8 -8 9 10 -4 13 -13 -11
right_child=-2 2 4 -5 -6 -7 7 -9 -10 11 -12 12 -14 -15
leaf_value=-0.89206010250668766 1.0876294317384705 -0.1788262055567558 0.13766871903393718 1.6510450763960141 -0.91623033523559561 0.73366553286666214 0.031543361773857699 -1.2813779961435419 0.64439084121777157 0.25137635534714214 -0.61120921239994541 -0.0035308280642651632 -0.58156578507862589 -0.10845813794137199
leaf_weight=104 127 141 101 101 116 100 107 104 114 1042 192 2274 218 507
leaf_count=104 127 141 101 101 116 100 107 104 114 1042 192 2274 218 507
internal_value=0.0122957 -0.0158908 0.003622 0.620092 -0.0281869 -0.00466518 -0.02205 -0.644283 0.00884592 -0.00931615 -0.35704 0.0167153 -0.0562196 0.133659
internal_weight=5348 5221 5117 242 4875 4759 4659 211 4448 4334 293 4041 2492 1549
internal_count=5348 5221 5117 242 4875 4759 4659 211 4448 4334 293 4041 2492 1549
is_linear=0
shrinkage=0.03


Tree=62
num_leaves=15
num_cat=0
split_feature=2 8 9 8 5 4 10 8 10 2 9 4 3 2
split_gain=206850 383347 284840 396176 141272 140736 477643 108810 129341 72827.3 73076.5 56712.9 54243.4 38118.9
threshold=-22.205285031164514 287.73006933493207 -226.45316421517515 206.15252357814907 74.405309429470236 39.19731116272429 7.9876602994986579 147.08812936166166 6.3073911817925543 -18.482569540313438 212.70043667195492 63.821523786626578 -40.163406644249406 27.642046242402799
decision_type=2 2 2 2 2 2 2 2 2 2 2 2 2 2
left_child=1 7 3 -2 5 9 -7 8 -1 -4 13 -6 -9 -11
right_child=2 -3 4 -5 11 6 -8 12 -10 10 -12 -13 -14 -15
leaf_value=-0.041708187330378232 -0.15839242947883292 -2.0487377536607823 0.61604326745156535 2.3093171835541724 -0.17933218302526349 -0.11913124481216072 2.272311602035487 -0.090163918510079377 -1.1586065269934718 -0.007538060268083578 -0.75635484006451925 -1.1556165600227097 0.86230562808296896 0.4357600449349569
leaf_weight=264 112 105 166 110 106 230 101 102 135 3404 104 108 100 174
leaf_count=264 112 105 166 110 106 230 101 102 135 3404 104 108 100 174
internal_value=0.0132494 -0.461279 0.0866828 1.11118 0.0325037 0.0716828 0.655821 -0.154944 -0.438694 0.0198663 -0.00860768 -0.701631 0.399789 0.0151742
internal_weight=5321 706 4615 222 4393 4179 331 601 399 3848 3682 214 202 3578
internal_count=5321 706 4615 222 4393 4179 331 601 399 3848 3682 214 202 3578
is_linear=0
shrinkage=0.03


Tree=63
num_leaves=15
num_cat=0
split_feature=1 4 8 10 9 1 8 1 5 9 8 6 8 4
split_gain=201972 163650 281256 177924 82402.6 86451.4 110476 84679.5 84213.1 63304.1 75600.2 73727.5 114169 141327
threshold=22.166946540315813 -54.830120183685764 250.56358313139998 17.696249644594385 204.94427829455867 -8.0324362458400902 171.7535373895345 15.142883135781249 -65.762899433468775 115.03279629334062 69.886984309963211 108.96149381742397 137.03112044521109 -12.130517773287016
decision_type=2 2 2 2 2 2 2 2 2 2 2 2 2 2
left_child=1 2 -1 4 5 6 -3 8 -7 11 -11 12 -10 -14
right_child=-2 3 -4 -5 -6 7 -8 -9 9 10 -12 -13 13 -15
leaf_value=-0.04468134278059005 1.1310225988276625 -0.17843206243287088 -1.8432810377404718 1.0831761744618416 0.63916737962559034 0.8106677834760575 -1.1954393426564178 -0.61623221149431406 0.093193683578673289 0.22747389948886373 -0.75808023837051886 0.81934854610143482 0.35222987239643677 -0.95448114233957204
leaf_weight=230 128 649 109 126 156 116 104 171 2817 105 180 101 108 203
leaf_count=230 128 649 109 126 156 116 104 171 2817 105 180 101 108 203
internal_value=-0.0017035 -0.031848 -0.659238 0.0134012 -0.0174512 -0.0412953 -0.332722 0.0171596 0.048608 0.0212228 -0.399579 0.0594828 0.0324147 -0.503867
internal_weight=5303 5175 339 4836 4710 4554 753 3801 3630 3514 285 3229 3128 311
internal_count=5303 5175 339 4836 4710 4554 753 3801 3630 3514 285 3229 3128 311
is_linear=0
shrinkage=0.03


Tree=64
num_leaves=15
num_cat=0
split_feature=9 10 0 0 4 0 3 10 9 10 3 8 0 10
split_gain=141567 116070 68001.9 76764.1 60548.5 78384.4 181903 85288.5 293525 30941.5 90319.9 76055.5 30843.6 79675.5
threshold=-320.28667873407778 17.006829569385904 -173.16068160274656 -115.33337812920441 53.473122687334744 91.358221158763925 -7.4313252336794084 10.435349769147342 -1.0000000180025095e-35 7.1124421308200434 17.655518483331864 129.36968088889978 -46.932963126490741 5.0873983014839066
decision_type=2 2 2 2 2 2 2 2 2 2 2 2 2 2
left_child=-1 2 -2 -4 5 7 -7 9 -9 12 11 -11 13 -5
right_child=1 -3 3 4 -6 6 -8 8 -10 10 -12 -13 -14 -15
leaf_value=0.98981311082839962 -0.71321615114050396 -0.79419773273689798 0.64383739477783974 0.087466122591495513 -0.48605441196302396 -1.0315115873876846 0.23711353096323953 1.607082626502961 -0.39289717093961574 -0.41439507445977253 -0.96086798494512382 0.47395702085618313 0.084034388423969292 -0.7945410953350921
leaf_weight=116 108 162 159 290 216 188 203 118 130 163 100 164 3031 124
leaf_count=116 108 162 159 290 216 188 203 118 130 163 100 164 3031 124
internal_value=-0.00373256 -0.0279582 -0.00156471 0.0155902 -0.00685641 0.0171134 -0.383377 0.0559573 0.584112 0.0207116 -0.217202 0.0319827 0.0507438 -0.189219
internal_weight=5272 5156 4994 4886 4727 4511 391 4120 248 3872 427 327 3445 414
internal_count=5272 5156 4994 4886 4727 4511 391 4120 248 3872 427 327 3445 414
is_linear=0
shrinkage=0.03


Tree=65
num_leaves=15
num_cat=0
split_feature=9 10 8 6 0 1 9 10 10 8 10 8 9 8
split_gain=136767 461912 186004 174673 63305.4 85852.2 32505.3 172654 90211.6 107712 74787.1 54480.6 40668.8 25694.3
threshold=-253.48241486542847 12.173318486996434 287.73006933493207 27.326037040665089 -139.44091628089731 18.537262326882786 -145.62275452729037 7.6750363907532444 9.8323869799418908 171.7535373895345 8.7206653398329674 147.08812936166166 -119.27199807033891 99.454732648429328
decision_type=2 2 2 2 2 2 2 2 2 2 2 2 2 2
left_child=1 -1 4 -4 -2 6 7 -6 10 -10 11 12 -8 -14
right_child=2 -3 3 -5 5 -7 8 -9 9 -11 -12 -13 13 -15
leaf_value=-0.58771874280376291 -0.59157424266415615 2.0022923315837979 -1.3322631880782898 0.17436088689442336 -0.26545049434277551 0.72266346282652905 -0.5320027362704276 1.1724686097704673 -0.9745041913578385 0.12545184502416643 0.73767353066899732 -0.48305887122389296 -0.0055607683710874288 0.21963579739721115
leaf_weight=121 152 110 179 106 191 138 110 111 180 135 112 203 2899 531
leaf_count=121 152 110 179 106 191 138 110 111 180 135 112 203 2899 531
internal_value=-0.020747 0.677527 -0.0539834 -0.784989 -0.00868021 0.0117777 -0.0117227 0.283696 -0.033745 -0.513739 0.00670401 -0.0170757 0.0109314 0.0298392
internal_weight=5278 231 5047 285 4762 4610 4472 302 4170 315 3855 3743 3540 3430
internal_count=5278 231 5047 285 4762 4610 4472 302 4170 315 3855 3743 3540 3430
is_linear=0
shrinkage=0.03


Tree=66
num_leaves=15
num_cat=0
split_feature=0 1 8 5 10 5 9 7 9 3 8 2 7 3
split_gain=167085 65560.2 56359.4 54874.7 92263.1 72444.6 93206.6 85067.2 92920.2 44028.6 82663.6 95806.8 48743.7 39871.7
threshold=147.57556711626222 -20.940523415541161 164.49953371558493 102.04503770927987 15.710006851368876 -35.18120089084907 204.94427829455867 63.048057253747992 -31.435981044910346 -33.434885030242363 144.64767253422011 4.9109470750631532 78.891712664154184 -11.810319130232665
decision_type=2 2 2 2 2 2 2 2 2 2 2 2 2 2
left_child=1 -1 -2 4 5 7 9 -3 -9 -7 12 -12 13 -11
right_child=2 3 -4 -5 -6 6 -8 8 -10 10 11 -13 -14 -15
leaf_value=-0.67370797299004925 0.26214597038493664 0.019789426776427255 1.2250143489023535 -0.64777005909056196 0.70234709879569712 0.45534349928299583 0.88309227115322242 -0.14635443376807064 -1.083710223564976 -0.23796673200861379 -0.97732110208308187 0.029663759157061577 0.53804703029302448 0.04328341112080325
leaf_weight=133 111 385 113 113 150 170 100 198 180 538 159 170 146 2625
leaf_count=133 111 385 113 113 150 170 100 198 180 538 159 170 146 2625
internal_value=-0.00432339 -0.0404402 0.779472 -0.0220418 -0.00606474 -0.0302658 0.0221683 -0.29564 -0.609141 -0.00269371 -0.0252869 -0.471468 0.020362 -0.00515411
internal_weight=5291 5067 224 4934 4821 4671 3908 763 378 3808 3638 329 3309 3163
internal_count=5291 5067 224 4934 4821 4671 3908 763 378 3808 3638 329 3309 3163
is_linear=0
shrinkage=0.03


Tree=67
num_leaves=15
num_cat=1
split_feature=10 8 7 0 2 10 8 8 11 2 8 7 1 6
split_gain=189685 222507 77744.2 70634.4 39891.5 116345 74246.6 73148.9 138893 94916 55299.4 53914.8 53174.8 51235.8
threshold=18.334109265793188 421.97394218920641 147.72143329507963 -156.05017796204103 -23.809215267759313 9.8323869799418908 256.73092977836296 144.64767253422011 0 -3.4672138713567668 129.36968088889978 37.220887216690038 -8.9400466643770979 -16.060467267296875
decision_type=2 2 2 2 2 2 2 2 1 2 2 2 2 2
left_child=1 2 3 -1 5 10 7 11 -9 -10 13 12 -6 -5
right_child=-2 -3 -4 4 6 -7 -8 8 9 -11 -12 -13 -14 -15
leaf_value=-0.67707594672245763 1.0000510899722574 -1.3118804618340472 0.70244958030934235 -0.51797677309786683 -0.60610949614248077 -1.0843525857159069 0.80940858430567031 0.35436231970105853 -0.022079438835382461 -1.1841462764863309 0.55376344636082642 0.1747824554297718 -0.0021063216080456663 0.29833173734424384
leaf_weight=124 164 105 137 173 133 102 103 155 100 164 110 2068 1588 103
leaf_count=124 164 105 137 173 133 102 103 155 100 164 110 2068 1588 103
internal_value=0.0258036 -0.00700362 0.022608 0.00230336 0.0212291 -0.233081 0.0504894 0.0300383 -0.341391 -0.73405 0.0135691 0.0719027 -0.0520159 -0.21356
internal_weight=5329 5165 5060 4923 4799 488 4311 4208 419 264 386 3789 1721 276
internal_count=5329 5165 5060 4923 4799 488 4311 4208 419 264 386 3789 1721 276
cat_boundaries=0 1
cat_threshold=12
is_linear=0
shrinkage=0.03


Tree=68
num_leaves=15
num_cat=0
split_feature=2 10 8 8 9 6 10 9 2 10 7 6 1 10
split_gain=157643 94026.2 83981.2 203074 87686.5 109144 64651.5 84017.7 77760.3 138936 68232.8 74309.2 60335.1 58507.7
threshold=54.337700700505145 20.328838335393979 365.70435548031088 287.73006933493207 204.94427829455867 101.39260177426935 5.4477213599846737 57.457286946580091 28.113597375462771 11.790190660754002 94.761484771681296 -22.199327420047553 4.0724930858413524 7.1124421308200434
decision_type=2 2 2 2 2 2 2 2 2 2 2 2 2 2
left_child=1 2 3 4 5 6 -1 8 9 10 11 13 -9 -8
right_child=-2 -3 -4 -5 -6 -7 7 12 -10 -11 -12 -13 -14 -15
leaf_value=-0.020114940165370444 1.1493577609995136 -0.80735165732247482 0.69937407596069467 -1.217474812307106 0.71398044614956291 -0.69031852766016466 0.30635558930983459 -0.38740018622346328 1.0938402392925359 -0.71716933101156477 1.0611428400012086 0.52422022410601909 0.43402621629491311 -0.52357159052605506
leaf_weight=3094 105 109 161 106 164 173 151 274 107 105 111 438 103 136
leaf_count=3094 105 109 161 106 164 173 151 274 107 105 111 438 103 136
internal_value=0.0506066 0.0264055 0.0456833 0.0231093 0.0526359 0.0280506 0.0570153 0.223456 0.360714 0.266726 0.397318 0.282629 -0.157563 -0.0913071
internal_weight=5337 5232 5123 4962 4856 4692 4519 1425 1048 941 836 725 377 287
internal_count=5337 5232 5123 4962 4856 4692 4519 1425 1048 941 836 725 377 287
is_linear=0
shrinkage=0.03


Tree=69
num_leaves=15
num_cat=0
split_feature=10 8 5 7 9 4 8 9 9 8 7 7 7 1
split_gain=135411 169661 188011 150068 201665 54424 52441.9 74810.1 117289 27404.5 54660.7 63652.9 90738.5 27775.4
threshold=18.334109265793188 298.93496366808569 -23.474221521038803 117.2980354120014 -32.575816255874507 58.991846692829625 151.12806178868914 33.068408196349786 -113.2160793232518 135.43253178245433 84.931015864694317 72.449597737864579 65.517090038319751 -6.4363585444450573
decision_type=2 2 2 2 2 2 2 2 2 2 2 2 2 2
left_child=1 3 -3 5 -5 6 9 8 -8 10 11 12 13 -1
right_child=-2 2 -4 4 -6 -7 7 -9 -10 -11 -12 -13 -14 -15
leaf_value=-0.1527949613820509 0.84946781248906078 -1.6716073911440998 -0.028512523865699767 1.5609614153183424 -0.16274235931576275 0.58618121166282622 0.013361329442924924 0.16726004873622546 -1.2498906320801804 0.36622251960948027 -0.61866685254629261 0.53584242940861349 -0.6720777803986937 0.057628488212406639
leaf_weight=698 160 104 140 120 112 124 125 155 130 171 119 186 172 2778
leaf_count=698 160 104 140 120 112 124 125 155 130 171 119 186 172 2778
internal_value=0.0164555 -0.0111061 -0.767087 0.0281041 0.756489 -0.00971725 -0.0272686 -0.346626 -0.653513 0.00524301 -0.011257 0.00915618 -0.0190893 0.0150572
internal_weight=5294 5134 244 4890 232 4658 4534 410 255 4124 3953 3834 3648 3476
internal_count=5294 5134 244 4890 232 4658 4534 410 255 4124 3953 3834 3648 3476
is_linear=0
shrinkage=0.03


Tree=70
num_leaves=15
num_cat=0
split_feature=6 8 5 7 3 3 4 6 7 8 8 8 3 4
split_gain=93770.5 111403 254059 104647 154953 87080.3 62641.3 64797.2 41901.1 41989.4 37804.6 89022.7 47965.3 89144.3
threshold=-153.6426472584746 287.73006933493207 19.681297090198857 117.2980354120014 -6.1785700265628529 55.479204157987674 -56.732053336148041 108.96149381742397 38.116160679773529 83.503081616936711 178.65073150636888 154.58430671534978 -42.200728725015246 -34.091216673406912
decision_type=2 2 2 2 2 2 2 2 2 2 2 2 2 2
left_child=-1 3 -3 5 -5 6 -2 8 9 -8 11 12 -10 -14
right_child=1 2 -4 4 -6 -7 7 -9 10 -11 -12 -13 13 -15
leaf_value=0.75938736766576764 -0.61243089019478136 -1.3665559412261774 0.329137369817809 1.3382700703811645 -0.1562941177018726 -0.86450836601001868 -0.031764597561048033 -0.68449581286311145 -0.48667051879556045 -0.46816963476549206 0.61052477706046326 -0.70335278702259063 0.6639831347880738 0.076818604410394287
leaf_weight=125 144 162 142 115 121 102 1642 110 102 216 116 115 257 1843
leaf_count=125 144 162 142 115 121 102 1642 110 102 216 116 115 257 1843
internal_value=-0.0212559 -0.0414935 -0.589232 -0.00625848 0.596785 -0.0381001 -0.0176964 0.00310754 0.0222848 -0.0847331 0.104023 0.0761505 0.119856 0.151483
internal_weight=5312 5187 304 4883 236 4647 4545 4401 4291 1858 2433 2317 2202 2100
internal_count=5312 5187 304 4883 236 4647 4545 4401 4291 1858 2433 2317 2202 2100
is_linear=0
shrinkage=0.03


Tree=71
num_leaves=15
num_cat=0
split_feature=9 10 6 7 10 9 5 7 6 5 10 4 9 1
split_gain=105421 223371 145436 98381.9 107539 97259.7 132461 287082 67016.3 72823.1 96081.1 61588.9 57720.6 51366.4
threshold=61.878391200351658 11.790190660754002 -139.20038571044697 73.039431739824565 7.2247607247094923 -289.45200208684395 74.405309429470236 120.02928848738897 -51.983141883257659 -61.944408405851632 6.2009258187212968 -17.013899087835402 164.66660822713374 -0.51472450679185333
decision_type=2 2 2 2 2 2 2 2 2 2 2 2 2 2
left_child=2 3 -1 4 -2 -4 7 8 9 -7 13 -3 -5 -11
right_child=1 11 5 12 -6 6 -8 -9 -10 10 -12 -13 -14 -15
leaf_value=1.0012529550425031 -0.11490758574695835 -0.49964166615226052 -0.7174140543597084 0.00064714245448838797 -1.0104194328501508 0.29773079131778912 -0.79201059496679971 1.3917858232089451 0.060836189766701153 -0.52081983160346179 -1.2017107331539902 -1.557529519447195 0.90204430084962106 0.32285693691843853
leaf_weight=122 797 100 158 141 133 123 162 130 2865 147 116 124 107 102
leaf_count=122 797 100 158 141 133 123 162 130 2865 147 116 124 107 102
internal_value=-0.0576187 -0.279924 0.0222978 -0.110761 -0.252362 -0.0116505 0.0208214 0.0607867 0.00519713 -0.316117 -0.525398 -1.12679 0.409445 -0.176096
internal_weight=5327 1402 3925 1178 930 3803 3645 3483 3353 488 365 224 248 249
internal_count=5327 1402 3925 1178 930 3803 3645 3483 3353 488 365 224 248 249
is_linear=0
shrinkage=0.03


Tree=72
num_leaves=15
num_cat=1
split_feature=2 9 4 4 7 7 11 7 5 2 0 5 3 2
split_gain=121893 294119 108267 99227.2 161535 112454 271315 102426 55218 92564.5 68882.4 52860.9 63523.4 55057.1
threshold=20.917985324567351 -179.42480977140585 54.938854930312807 -56.732053336148041 112.14759678770552 76.167376820591798 0 132.39962687480991 19.681297090198857 30.847029427587099 7.0175519233202435 -46.922115431868534 -24.903739467319955 -27.968715499997408
decision_type=2 2 2 2 2 2 1 2 2 2 2 2 2 2
left_child=2 -2 3 7 5 11 -7 -1 10 -10 -3 12 -5 -13
right_child=1 8 -4 4 -6 6 -8 -9 9 -11 -12 13 -14 -15
leaf_value=-0.11546692424973884 1.6673389848997424 0.96889118802547458 -0.85697901969465118 -0.14106964750787404 0.91434927496416807 -1.6113808658123014 0.18731829638597627 -1.1960200451087952 0.33683005495175511 -0.53013537333011629 -0.058357120601505767 -0.63443129428097467 0.73360746342727201 0.014638095098673859
leaf_weight=221 119 110 134 117 164 110 177 115 209 215 113 112 184 3266
leaf_count=221 119 110 134 117 164 110 177 115 209 215 113 112 184 3266
internal_value=0.0112644 0.359099 -0.047311 -0.021157 0.0196804 -0.0195221 -0.58107 -0.509177 0.0967646 -0.104873 0.468193 0.0257408 0.400013 -0.00869133
internal_weight=5366 766 4600 4466 4130 3966 287 336 647 424 223 3679 301 3378
internal_count=5366 766 4600 4466 4130 3966 287 336 647 424 223 3679 301 3378
cat_boundaries=0 1
cat_threshold=10
is_linear=0
shrinkage=0.03


Tree=73
num_leaves=15
num_cat=0
split_feature=4 7 9 6 3 8 8 8 5 2 7 0 6 4
split_gain=106873 135592 419470 131225 107172 95490.5 91806.8 91017.5 73022.5 60558 52813.5 69130.5 58592.4 51049.1
threshold=-54.830120183685764 117.2980354120014 50.552111915864216 50.500957011524257 55.479204157987674 223.55933020413775 267.54557649112297 158.48740261824773 -64.577484444928317 -13.454172118711275 67.833491375874488 -2.3801688851505727 -51.983141883257659 16.35938126675325
decision_type=2 2 2 2 2 2 2 2 2 2 2 2 2 2
left_child=5 4 3 -3 6 8 7 10 -1 -9 12 13 -2 -12
right_child=1 2 -4 -5 -6 -7 -8 9 -10 -11 11 -13 -14 -15
leaf_value=0.41254952698945996 -0.37168982852334786 0.58641755300467124 -0.78255467440531801 2.1205449236414649 -0.9419600671955517 -1.1161685725984474 0.76517901967553525 0.077101869008757845 -0.63291524662705489 -0.81338872942627893 -0.52330158931227067 0.64509873965207265 0.014394948094787778 0.35084960740420124
leaf_weight=110 387 112 120 100 102 134 126 100 111 199 107 245 3243 114
leaf_count=110 387 112 120 100 102 134 126 100 111 199 107 245 3243 114
internal_value=-0.0191055 0.0173542 0.593774 1.37299 -0.0252336 -0.514534 -0.00251767 -0.0262138 -0.117216 -0.522709 0.0112141 0.30836 -0.0276742 -0.076714
internal_weight=5310 4955 332 212 4623 355 4521 4395 221 299 4096 466 3630 221
internal_count=5310 4955 332 212 4623 355 4521 4395 221 299 4096 466 3630 221
is_linear=0
shrinkage=0.03


Tree=74
num_leaves=15
num_cat=0
split_feature=4 10 10 10 2 2 5 4 10 5 10 8 7 3
split_gain=163741 245266 146250 156248 69231.4 50777.1 73958.4 74110.7 116734 51811.4 45974.3 41504.6 72955 40132.4
threshold=-71.193925506606533 18.334109265793188 14.799538580662585 13.084599796528236 38.679637800690962 -32.575660938121494 -61.944408405851632 1.0000000180025095e-35 9.9962857727257184 -77.9344697379601 9.5270635579311325 148.98048617111093 69.739423131079732 8.5363868772824318
decision_type=2 2 2 2 2 2 2 2 2 2 2 2 2 2
left_child=-1 2 3 4 5 -2 9 10 11 -7 -8 12 13 -9
right_child=1 -3 -4 -5 -6 6 7 8 -10 -11 -12 -13 -14 -15
leaf_value=-0.84681200712919236 -0.45315135770338644 1.2016429632017827 -1.0176426451030325 1.1466460996060757 -0.58836245569251699 0.10062263742461801 -0.076508670824558797 0.24982086856502855 1.0494281573891637 1.0177397658886054 -0.69310168430722996 -0.36080231340385449 0.67674736967453586 -0.042532697189324162
leaf_weight=182 178 150 112 101 159 110 1844 659 110 107 106 162 185 1141
leaf_count=182 178 150 112 101 159 110 1844 659 110 107 106 162 185 1141
internal_value=0.0133732 0.0455162 0.00831002 0.0339839 0.00802596 0.0298623 0.0502746 0.0217613 0.138515 0.577754 -0.113391 0.0871965 0.125384 0.0652901
internal_weight=5306 5124 4974 4862 4761 4602 4424 4207 2257 217 1950 2147 1985 1800
internal_count=5306 5124 4974 4862 4761 4602 4424 4207 2257 217 1950 2147 1985 1800
is_linear=0
shrinkage=0.03


Tree=75
num_leaves=15
num_cat=0
split_feature=9 0 8 3 9 4 3 0 0 5 4 3 0 0
split_gain=136166 324197 222694 209174 237288 124467 99889.6 75113.3 89654 90183.2 79902.8 60813 152460 108794
threshold=-145.62275452729037 29.968171246107101 148.98048617111093 35.902822821683273 -202.5876364744658 -63.42549437966526 -46.273437191521872 -148.04839630599784 -95.599388843613369 -67.751960384237137 -39.550483290648977 -7.4313252336794084 81.815139426702729 116.54389689431528
decision_type=2 2 2 2 2 2 2 2 2 2 2 2 2 2
left_child=1 3 -3 4 -1 -2 -7 -8 -9 -10 -11 12 -12 -13
right_child=5 2 -4 -5 -6 6 7 8 9 10 11 13 -14 -15
leaf_value=-1.1699008806057793 -0.8297834920201983 0.30660664773359891 2.2006515842187597 0.99753177260097703 0.54961309956014159 0.80207306319520666 -0.69387364814155972 0.65190157685814232 -0.76791706821662475 0.60161640584468845 -0.10743818584429081 -0.015282489344616592 -1.2338702027353106 0.80816688243080581
leaf_weight=177 165 110 112 104 110 121 142 164 139 170 976 2564 112 143
leaf_count=177 165 110 112 104 110 121 142 164 139 170 976 2564 112 143
internal_value=0.0104742 0.427244 1.31583 -0.0975044 -0.514538 -0.0447218 -0.0143688 -0.038534 -0.0151593 -0.0433356 -0.0160661 -0.0452441 -0.233576 0.0310314
internal_weight=5309 613 222 391 287 4696 4531 4410 4268 4104 3965 3795 1088 2707
internal_count=5309 613 222 391 287 4696 4531 4410 4268 4104 3965 3795 1088 2707
is_linear=0
shrinkage=0.03


Tree=76
num_leaves=15
num_cat=1
split_feature=0 5 6 0 8 11 7 5 8 2 8 2 8 0
split_gain=92167.9 112900 95952.8 77828.9 71716.1 668864 320123 55085.3 41877.9 173137 124483 66512.8 37390.5 59778.8
threshold=-85.5951461130186 -40.350187629969135 11.331190163040491 195.31587299781793 256.73092977836296 0 120.02928848738897 64.421116339480818 139.88160325878701 -23.024386532831802 178.65073150636888 -27.226433426524114 106.19968773547532 10.987945049146843
decision_type=2 2 2 2 2 1 2 2 2 2 2 2 2 2
left_child=1 -1 -3 4 6 -6 8 -4 11 -10 -11 -2 -13 -14
right_child=3 2 7 -5 5 -7 -8 -9 9 10 -12 12 13 -15
leaf_value=0.43299715142424516 -0.51956807945319938 -1.1265440590850642 0.17747799924075208 0.76237816920387558 1.3175017038276118 -1.5248671758799026 1.5266374120186632 -0.69979077364269049 0.77274676638680539 -0.97654050560406414 0.1943709792647251 0.023155257227488967 -0.065599858045577997 0.62977373813892279
leaf_weight=113 178 173 141 118 104 171 117 104 101 232 119 3196 200 236
leaf_count=113 178 173 141 118 104 171 117 104 101 232 119 3196 200 236
internal_value=-0.00942155 -0.380547 -0.605455 0.0325845 0.012486 -0.4487 0.0424047 -0.207753 -0.00181852 -0.271589 -0.585177 0.0308129 0.059139 0.316476
internal_weight=5303 531 418 4772 4654 275 4379 245 4262 452 351 3810 3632 436
internal_count=5303 531 418 4772 4654 275 4379 245 4262 452 351 3810 3632 436
cat_boundaries=0 1
cat_threshold=9
is_linear=0
shrinkage=0.03


Tree=77
num_leaves=15
num_cat=1
split_feature=0 6 8 11 6 8 3 3 5 2 5 2 2 2
split_gain=76253.6 121092 132708 247506 128636 92599.2 135215 78328.1 63928.5 57270 69936.1 56139.9 48015.8 57512.9
threshold=195.31587299781793 -119.44560652069316 230.69418936216107 0 31.979084067624473 195.3990202911335 55.479204157987674 -11.511529363713393 -84.6881809825678 -19.977659042904452 -41.130944562691965 29.242004795569247 -16.452765249402166 -2.3203202848674693
decision_type=2 2 2 1 2 2 2 2 2 2 2 2 2 2
left_child=1 8 5 -4 -5 6 7 12 -1 -9 -11 -12 -3 -14
right_child=-2 2 3 4 -6 -7 -8 9 -10 10 11 -13 13 -15
leaf_value=0.11489741225676103 0.71426803416106843 -0.41834999661460437 -1.4335924821609705 -0.64990817434021397 0.74792870623724805 0.81039976882934572 -1.0109483941139714 0.71689867946505548 1.173505421151986 -0.66802196525416124 0.040713390439599838 0.55339314869672496 0.15110997758070294 -0.39146453348514826
leaf_weight=100 118 533 153 102 116 110 114 110 101 108 2729 197 475 266
leaf_count=100 118 533 153 102 116 110 114 110 101 108 2729 197 475 266
internal_value=-0.0091726 -0.026881 -0.0564054 -0.594651 0.0901231 -0.0122016 -0.033908 -0.00647071 0.677241 0.0739593 0.0483705 0.0769981 -0.203987 -0.0462795
internal_weight=5332 5214 5013 371 218 4642 4532 4418 201 3144 3034 2926 1274 741
internal_count=5332 5214 5013 371 218 4642 4532 4418 201 3144 3034 2926 1274 741
cat_boundaries=0 1
cat_threshold=6
is_linear=0
shrinkage=0.03


Tree=78
num_leaves=15
num_cat=1
split_feature=1 7 8 5 7 10 0 3 8 11 6 3 0 0
split_gain=115488 135520 122474 90074 154012 87939 133674 69915.9 57073.8 133088 93064.8 50565.7 43993.9 37864.5
threshold=22.166946540315813 165.83090825976498 365.70435548031088 74.405309429470236 129.78179131927055 11.5611000505543 51.59919701243539 -9.2933592559668003 129.36968088889978 0 -3.1994340139149928 -21.10677030424019 39.144449377573928 -12.942113607049416
decision_type=2 2 2 2 2 2 2 2 2 1 2 2 2 2
left_child=1 2 3 4 5 8 -7 -3 11 -10 -11 12 -1 -5
right_child=-2 7 -4 13 -6 6 -8 -9 9 10 -12 -13 -14 -15
leaf_value=-0.12078367773890496 0.85615573676833268 -0.17918122367425399 0.99054654324376912 -1.0111823236292059 1.0801524860373999 -1.1857861915360326 0.23479605557701802 -1.2962009603977203 -0.27793505339259683 1.0829911229890936 0.044870425380059406 0.019461218791188412 -0.70158878431364069 -0.18208353176983921
leaf_weight=440 127 100 101 100 108 128 100 100 210 194 127 3226 153 100
leaf_count=440 127 100 101 100 108 128 100 100 210 194 127 3226 153 100
internal_value=-0.00361438 -0.0262721 0.00515424 -0.0171967 0.0100222 -0.0175226 -0.579038 -0.772819 0.0131691 0.301576 0.665916 -0.0276143 -0.279787 -0.625044
internal_weight=5314 5187 4987 4886 4686 4578 228 200 4350 531 321 3819 593 200
internal_count=5314 5187 4987 4886 4686 4578 228 200 4350 531 321 3819 593 200
cat_boundaries=0 1
cat_threshold=18
is_linear=0
shrinkage=0.03


Tree=79
num_leaves=15
num_cat=0
split_feature=4 6 10 0 10 0 10 2 7 10 1 2 7 7
split_gain=189780 221676 211143 80081.2 118732 93809.5 71183.1 259058 107130 61745.5 56398.3 40090.7 39014.8 54040.2
threshold=-54.830120183685764 122.30864716830938 11.970619158346079 -139.44091628089731 15.710006851368876 -98.826536382298556 9.3971293418906434 12.126930224846953 84.931015864694317 8.7206653398329674 -6.1569575797940965 33.640582800895324 36.45431371995388 32.498344549377499
decision_type=2 2 2 2 2 2 2 2 2 2 2 2 2 2
left_child=2 3 10 -2 5 -5 9 8 -8 11 -1 12 13 -7
right_child=1 -3 -4 4 -6 6 7 -9 -10 -11 -12 -13 -14 -15
leaf_value=0.41803841101039541 -0.62073951386592607 1.017195507217856 -1.5862278307520825 0.7575288283141951 0.88531317855270808 -0.0020841940086149522 -0.28771201820696818 0.6872511425542831 -1.60799870519411 0.70322961263750727 -0.50239722501147877 -0.52308602215235056 0.099290728553769136 -0.40457548280531458
leaf_weight=100 166 194 128 134 132 1316 108 115 116 104 122 120 2088 379
leaf_count=100 166 194 128 134 132 1316 108 115 116 104 122 120 2088 379
internal_value=0.000658042 0.0487235 -0.664532 0.00735849 0.0312598 0.00417998 -0.0207337 -0.431666 -1.01093 0.01502 -0.0876388 -0.00506842 0.0126993 -0.0939258
internal_weight=5322 4972 350 4778 4612 4480 4346 339 224 4007 222 3903 3783 1695
internal_count=5322 4972 350 4778 4612 4480 4346 339 224 4007 222 3903 3783 1695
is_linear=0
shrinkage=0.03


Tree=80
num_leaves=15
num_cat=1
split_feature=3 0 9 10 11 10 10 3 2 0 10 2 0 10
split_gain=160105 209369 134445 210025 47857.7 315964 262340 117186 82561.4 73861.5 48085.6 42617.9 49695.3 41572.4
threshold=-69.498060028245888 195.31587299781793 -320.28667873407778 17.006829569385904 0 10.435349769147342 11.044210919068474 10.476701823776628 34.773024745918185 -95.599388843613369 7.8183141721795044 24.933671206607261 -95.599388843613369 6.6327149453148149
decision_type=2 2 2 2 1 2 2 2 2 2 2 2 2 2
left_child=-1 2 -2 4 5 8 9 -7 11 -6 13 12 -4 -11
right_child=1 -3 3 -5 6 7 -8 -9 -10 10 -12 -13 -14 -15
leaf_value=-0.99781314110233821 1.0354970967242147 1.2904492932558058 -0.56191998231817375 -1.2561891840623707 0.71066818983828428 0.50192125416421274 -1.3877792086384513 1.8537452749339016 -0.76888581377267839 -0.046821272604773659 -0.53693627216278794 0.50255588657442818 0.036428007078049142 0.52147838291667759
leaf_weight=127 103 108 122 109 112 144 122 100 110 1428 157 155 2321 116
leaf_count=127 103 108 122 109 112 144 122 100 110 1428 157 155 2321 116
internal_value=0.0145817 0.0411395 0.0122043 -0.0109188 0.0193643 0.0950887 -0.0960493 1.10712 0.000513492 -0.00251758 -0.0533554 0.0359133 0.00437841 -0.00104422
internal_weight=5334 5207 5099 4996 4887 2952 1935 244 2708 1813 1701 2598 2443 1544
internal_count=5334 5207 5099 4996 4887 2952 1935 244 2708 1813 1701 2598 2443 1544
cat_boundaries=0 1
cat_threshold=28
is_linear=0
shrinkage=0.03


Tree=81
num_leaves=15
num_cat=1
split_feature=8 1 7 5 3 8 8 2 9 4 8 11 2 8
split_gain=125240 104437 173018 123690 172027 56970.5 83462.9 64300.1 74466.2 89599.2 63182.1 132877 82740.2 55546
threshold=476.16871591019208 17.275818105972451 98.46314633076075 74.405309429470236 38.355123188700766 338.80775468883678 274.51651020274687 27.642046242402799 -219.04548094671941 43.808794229643773 83.503081616936711 0 -19.230566247631575 138.54874098163933
decision_type=2 2 2 2 2 2 2 2 2 2 2 1 2 2
left_child=1 3 -3 5 -5 6 7 8 -1 10 -10 12 -12 -14
right_child=-2 2 -4 4 -6 -7 -8 -9 9 -11 11 -13 13 -15
leaf_value=-0.71592876901993385 -0.98348328841209398 -0.10955968300805936 1.4533183828155909 -1.4911293237632319 0.14636117792129516 0.61996451115999063 -0.83141995865723184 0.46580522236935162 0.042579819913718918 0.70290420695039246 0.47575057224264 -0.5367559120087807 0.011150036573802169 -0.65596468293666832
leaf_weight=133 115 145 102 114 105 112 106 226 2590 139 261 601 446 140
leaf_count=133 115 145 102 114 105 112 106 226 2590 139 261 601 446 140
internal_value=-0.0450398 -0.0225244 0.567276 -0.0528983 -0.733924 -0.0200512 -0.0367927 -0.0164353 -0.0427419 -0.0196482 -0.0461956 -0.204189 0.041082 -0.156561
internal_weight=5335 5220 247 4973 219 4754 4642 4536 4310 4177 4038 1448 847 586
internal_count=5335 5220 247 4973 219 4754 4642 4536 4310 4177 4038 1448 847 586
cat_boundaries=0 1
cat_threshold=7
is_linear=0
shrinkage=0.03


Tree=82
num_leaves=15
num_cat=1
split_feature=9 10 5 3 6 10 4 10 10 5 10 3 3 11
split_gain=205572 348157 272142 128543 114397 135088 114014 98660.9 92544 138309 60939.7 58437.4 65507.3 107165
threshold=-253.48241486542847 12.402299687695846 -104.70518873882084 -51.617265913064777 -24.799616674477708 11.5611000505543 -39.550483290648977 14.458445634959268 7.6750363907532444 24.497738418647298 3.9404361278525228 18.521382491563958 -10.530495605579413 0
decision_type=2 2 2 2 2 2 2 2 2 2 2 2 2 1
left_child=1 -1 -2 -4 5 10 -6 8 -8 -10 -5 12 -12 -14
right_child=2 -3 3 4 6 -7 7 -9 9 -11 11 -13 13 -15
leaf_value=-0.23707943575072835 -1.4276009821019522 2.045738545245138 0.7971970331218009 0.12135678706874309 0.95373571555460657 -1.2162221992306592 -0.0032478647419880383 -0.83641661086289776 -0.11524652915842391 0.96486331380646795 -0.47137310359256429 -0.96001981668240188 -0.53093308568663067 0.57950171294681574
leaf_weight=121 113 106 166 416 114 113 2900 105 194 222 372 103 115 168
leaf_count=121 113 106 166 416 114 113 2900 105 194 222 372 103 115 168
internal_value=0.00650961 0.870246 -0.0335551 0.000819319 -0.0281895 -0.269216 0.0600739 0.0276009 0.0573923 0.470277 -0.168563 -0.327183 -0.214728 0.127203
internal_weight=5328 227 5101 4988 4822 1287 3535 3421 3316 416 1174 758 655 283
internal_count=5328 227 5101 4988 4822 1287 3535 3421 3316 416 1174 758 655 283
cat_boundaries=0 1
cat_threshold=20
is_linear=0
shrinkage=0.03


Tree=83
num_leaves=15
num_cat=0
split_feature=9 7 7 0 9 4 10 7 4 0 10 10 4 8
split_gain=106157 386786 153678 98054.8 87096.7 62640.4 248539 87843.2 236053 59015.1 107918 63448.1 61041.8 46828.4
threshold=-145.62275452729037 120.02928848738897 165.83090825976498 -33.039421161830347 -219.04548094671941 33.699513022580781 9.021791891785087 93.669367588426311 -30.971767688991154 91.358221158763925 9.2387666633134913 7.9091072365495494 -1.6368891500234797 109.84045587997591
decision_type=2 2 2 2 2 2 2 2 2 2 2 2 2 2
left_child=1 3 5 -1 -5 7 13 9 -9 10 11 -2 -11 -7
right_child=2 -3 -4 4 -6 6 -8 8 -10 12 -12 -13 -14 -15
leaf_value=-0.75871242104674419 0.016051854106245444 1.5358432856720425 -0.96674955032621657 -0.37531922928038858 0.5769232076592743 0.19898875118960646 1.4641620252245948 0.14451283502644596 -1.605719037760859 -0.78606644288231342 0.79123050158536878 -0.63627531876734322 0.09279080726379571 -0.42509467766937598
leaf_weight=129 3227 174 145 139 198 264 116 171 105 160 148 130 119 169
leaf_count=129 3227 174 145 139 198 264 116 171 105 160 148 130 119 169
internal_value=0.0114756 0.371095 -0.0376149 -0.0869403 0.184661 -0.00635441 0.291441 -0.0472399 -0.554199 -0.00889972 0.0250059 -0.0110243 -0.420973 -0.0486886
internal_weight=5394 640 4754 466 337 4609 549 4060 276 3784 3505 3357 279 433
internal_count=5394 640 4754 466 337 4609 549 4060 276 3784 3505 3357 279 433
is_linear=0
shrinkage=0.03


Tree=84
num_leaves=15
num_cat=0
split_feature=10 10 10 10 10 3 0 8 8 8 7 9 2 9
split_gain=100029 70470.8 75116.4 104528 104196 45074.1 33378.2 48101.7 43458.4 42465.2 28960.8 27785.9 26108.5 24368
threshold=18.334109265793188 14.799538580662585 12.402299687695846 11.370053730694282 10.435349769147342 55.479204157987674 -95.599388843613369 145.89477234674567 274.51651020274687 129.36968088889978 66.516233359301566 -89.578785568908231 -27.226433426524114 45.025663207846968
decision_type=2 2 2 2 2 2 2 2 2 2 2 2 2 2
left_child=1 2 3 4 5 6 10 9 11 12 -1 -9 -8 -13
right_child=-2 -3 -4 -5 -6 -7 7 8 -10 -11 -12 13 -14 -15
leaf_value=0.023897496688065768 0.70984031543718373 -0.64367355433377349 0.59135158924532183 -0.88587887846733915 0.80744166805290829 -0.59901619336543932 -0.36080869174203389 -0.085436515494928519 0.19833490379546817 0.52678282055494585 0.67616490562083353 -0.99245322261167601 0.01073480152714975 -0.3211021690408723
leaf_weight=129 169 144 181 111 132 107 169 108 104 129 108 105 3461 109
leaf_count=129 169 144 181 111 132 107 169 108 104 129 108 105 3461 109
internal_value=0.0127857 -0.011671 0.00796329 -0.0153547 0.00722864 -0.0178215 -0.00243837 -0.0223876 -0.320676 0.0121779 0.336475 -0.489231 -0.00750666 -0.680104
internal_weight=5266 5097 4953 4772 4661 4529 4422 4185 426 3759 237 322 3630 214
internal_count=5266 5097 4953 4772 4661 4529 4422 4185 426 3759 237 322 3630 214
is_linear=0
shrinkage=0.03


Tree=85
num_leaves=15
num_cat=1
split_feature=4 10 0 10 10 5 3 3 11 3 5 6 5 6
split_gain=205442 260037 102321 225350 99046.9 124389 140930 70189.7 129188 61676.4 41131.7 29644.7 40908.8 31695.1
threshold=-54.830120183685764 11.970619158346079 63.335204676601357 12.866759577231626 9.6981210495202923 -39.520212130393723 11.2060544192433 -7.98261706572828 0 13.353686822504955 -64.577484444928317 106.25837390285304 30.496021750946849 4.1568378651649782
decision_type=2 2 2 2 2 2 2 2 1 2 2 2 2 2
left_child=1 10 4 7 11 -6 -7 8 -4 -9 -1 12 13 -2
right_child=2 -3 3 -5 5 6 -8 9 -10 -11 -12 -13 -14 -15
leaf_value=0.30028141598059577 0.063366783351669995 -1.7101715658865608 0.40096291525955619 1.4753314438667007 0.44273428465868975 -1.3456658764774276 -0.14030045065117705 0.71030865544070032 -0.90533150749003632 -0.0097103519080507707 -0.48835405585982578 -0.42795668721199032 0.2437531605074803 -0.13824409207688723
leaf_weight=120 1791 133 117 121 101 159 186 199 121 219 100 120 665 1140
leaf_count=120 1791 133 117 121 101 159 186 199 121 219 100 120 665 1140
internal_value=-0.025309 -0.714151 0.0252674 0.338983 -0.033972 -0.451256 -0.718074 0.110377 -0.293225 0.341661 -0.0638364 0.0171878 0.0331881 -0.0152523
internal_weight=5292 353 4939 777 4162 446 345 656 238 418 220 3716 3596 2931
internal_count=5292 353 4939 777 4162 446 345 656 238 418 220 3716 3596 2931
cat_boundaries=0 1
cat_threshold=24
is_linear=0
shrinkage=0.03


Tree=86
num_leaves=15
num_cat=0
split_feature=4 6 10 4 10 0 8 8 2 10 0 9 4 4
split_gain=161985 204553 196600 84089.6 116906 297880 154988 103156 75560.5 112016 51390.5 42411.4 37641.4 24751.3
threshold=-54.830120183685764 127.18409936272798 11.370053730694282 -30.346074098663351 9.3971293418906434 58.600872458202851 250.56358313139998 154.58430671534978 -7.2727285549716916 5.4477213599846737 93.562601669700683 172.20349032830674 0.81573848590782061 35.999591571416694
decision_type=2 2 2 2 2 2 2 2 2 2 2 2 2 2
left_child=2 3 -1 8 10 6 7 -6 9 -2 11 13 -12 -5
right_child=1 -3 -4 4 5 -7 -8 -9 -10 -11 12 -13 -14 -15
leaf_value=-0.032738642209285018 0.077059844359399027 1.0404226832824237 -1.4591643896215671 0.051277924752851915 -1.1266073231948048 0.50854806290147059 -1.9226828670501708 0.16905427130977663 -0.20225546013864673 1.1010605290011755 -0.81320648400645168 0.61404169928711072 -0.055420384633800251 -0.20270489583156773
leaf_weight=212 199 167 138 3137 104 171 103 103 151 179 102 103 128 378
leaf_count=212 199 167 138 3137 104 171 103 103 151 179 102 103 128 378
internal_value=-0.00530939 0.0386561 -0.620068 0.00215252 -0.0417526 -0.477691 -1.0206 -0.503825 0.355553 0.57785 0.0138366 0.0419264 -0.411363 0.0234673
internal_weight=5375 5025 350 4858 4329 481 310 207 529 378 3848 3618 230 3515
internal_count=5375 5025 350 4858 4329 481 310 207 529 378 3848 3618 230 3515
is_linear=0
shrinkage=0.03


Tree=87
num_leaves=15
num_cat=1
split_feature=0 4 2 10 1 5 11 10 10 0 9 5 4 10
split_gain=128837 147227 137521 120255 75867.9 115088 90215.4 190852 169170 124729 161410 88514.6 78028.6 90507
threshold=147.57556711626222 -71.193925506606533 -2.3203202848674693 17.696249644594385 -7.5379257289120085 28.996196752889194 0 8.2122198080000874 10.435349769147342 -32.484548383629196 -42.824314259328808 10.360355333200884 -18.896958139806816 4.1449627230611279
decision_type=2 2 2 2 2 2 1 2 2 2 2 2 2 2
left_child=1 -1 -2 4 5 11 8 -8 -6 -9 -11 12 -3 -14
right_child=2 3 -4 -5 6 -7 7 9 -10 10 -12 -13 13 -15
leaf_value=-0.89188213134634076 1.3951739530693739 0.069896415568759918 -0.0380006630053887 0.93416831970214842 0.10962437019309386 -1.0388228184468036 0.027620755746470872 0.049713631196129586 1.2203557473288642 -1.9351620017238282 -0.3406119930032474 0.59459322826678929 0.0087893195450305939 -0.98209864622266407
leaf_weight=164 110 324 120 110 1474 138 1941 123 125 105 124 120 140 193
leaf_count=164 110 324 120 110 1474 138 1941 123 125 105 124 120 140 193
internal_value=-0.00225755 -0.0342748 0.677003 -0.00391835 -0.0272796 -0.271514 0.0306881 -0.0897906 0.202242 -0.722579 -1.12212 -0.123768 -0.261922 -0.577398
internal_weight=5311 5081 230 4917 4807 915 3892 2293 1599 352 229 777 657 333
internal_count=5311 5081 230 4917 4807 915 3892 2293 1599 352 229 777 657 333
cat_boundaries=0 1
cat_threshold=12
is_linear=0
shrinkage=0.03


Tree=88
num_leaves=15
num_cat=0
split_feature=2 8 1 7 3 2 8 1 6 3 9 3 5 7
split_gain=95888.6 133923 80348.8 116477 97453.5 75650.7 168168 85584.7 63935.9 190475 70838.4 59735.8 48634.9 39204.9
threshold=54.337700700505145 421.97394218920641 -20.940523415541161 153.38056441203312 55.479204157987674 -25.120622094086233 256.73092977836296 -0.84544313672292015 58.06705272963822 1.0000000180025095e-35 -174.40000108747748 25.969278880121212 -32.68502338506439 65.020025685449625
decision_type=2 2 2 2 2 2 2 2 2 2 2 2 2 2
left_child=1 2 -1 4 5 7 8 12 10 -10 -7 -11 -4 -12
right_child=-2 -3 3 -5 -6 6 -8 -9 9 11 13 -13 -14 -15
leaf_value=-0.73195580144981276 0.79671783346878855 -0.97270444393157951 -1.1440646780703376 0.82033803926097393 -0.89423767479454597 0.59134093228975926 1.1208341895693388 0.12730159688138676 -1.3488623146992176 -0.36965758456667858 0.018624330899928175 0.36928800470007511 -0.30144042847932673 -0.28480269708131489
leaf_weight=144 104 138 128 129 113 170 107 157 118 191 3108 183 129 427
leaf_count=144 104 138 128 129 113 170 107 157 118 191 3108 183 129 427
internal_value=-0.0643827 -0.0829512 -0.0570394 -0.0360117 -0.0605257 -0.0387085 -0.00104129 -0.421042 -0.0322391 -0.349966 0.0107815 -0.00788695 -0.748244 -0.0187273
internal_weight=5346 5242 5104 4960 4831 4718 4304 414 4197 492 3705 374 257 3535
internal_count=5346 5242 5104 4960 4831 4718 4304 414 4197 492 3705 374 257 3535
is_linear=0
shrinkage=0.03


Tree=89
num_leaves=15
num_cat=2
split_feature=7 0 9 0 6 7 11 9 9 5 5 11 3 7
split_gain=196260 127077 48817 121667 86214.5 68844.7 109273 151187 125389 63287.4 82488.7 57454 54634.6 53855.9
threshold=165.83090825976498 -47.992007414397584 66.884088553856273 147.57556711626222 -119.44560652069316 76.167376820591798 0 -71.985346358201539 -121.75809714173343 -36.736067829604345 -56.501103444626999 1 31.55287880612892 48.704767987229111
decision_type=2 2 2 2 2 2 1 2 2 2 2 1 2 2
left_child=2 -2 3 4 -1 13 7 -7 -8 10 -4 -11 -13 -6
right_child=1 -3 9 -5 5 6 8 -9 -10 11 -12 12 -14 -15
leaf_value=0.77949842915947265 -1.6129724504266467 -0.18700401213279991 -0.090363374588473516 0.97370403548629247 -0.025373103797167496 -0.47510607642522129 -0.069855879111723473 0.84857751711515272 -1.5297048209698303 0.36327865604045134 -1.1970606327002697 -0.057993879877926868 -0.72217128625556604 0.24843680752887101
leaf_weight=123 102 119 139 117 2198 183 100 120 105 218 100 676 124 905
leaf_count=123 102 119 139 117 2198 183 100 120 105 218 100 676 124 905
internal_value=-0.0311599 -0.886478 0.00750561 0.0605151 0.0293773 0.00174407 -0.318495 0.0576458 -0.816001 -0.154093 -0.582895 -0.04873 -0.16653 0.055026
internal_weight=5329 221 5108 3851 3734 3611 508 303 205 1257 239 1018 800 3103
internal_count=5329 221 5108 3851 3734 3611 508 303 205 1257 239 1018 800 3103
cat_boundaries=0 1 2
cat_threshold=21 4
is_linear=0
shrinkage=0.03


Tree=90
num_leaves=15
num_cat=0
split_feature=7 0 9 8 10 3 8 8 10 10 7 10 9 1
split_gain=120106 225165 207134 202271 180816 112627 108632 204433 75912.8 128927 81605 50064.8 57681 50472.9
threshold=102.46729678875856 111.07018328258819 -219.04548094671941 230.69418936216107 9.8323869799418908 -1.5236023587346355 121.47799467176647 173.32800015476781 7.6750363907532444 7.1124421308200434 70.318627108470864 5.4059473615665965 -121.75809714173343 -5.3257624453413266
decision_type=2 2 2 2 2 2 2 2 2 2 2 2 2 2
left_child=4 2 -2 -4 8 -5 -6 -8 9 11 -10 -1 -13 -14
right_child=1 -3 3 5 6 -7 7 -9 10 -11 -12 12 13 -15
leaf_value=-0.044837071417501498 1.0331523900294 1.4615502592471006 0.44462602749024283 -0.12894791090062685 0.1026826818993217 -1.503987544795214 -2.0060814719308504 -0.24004176954428352 0.01214344423465632 -0.89105931152701379 0.88395798671111636 -0.32857102109627284 -0.061279769447871613 0.56290502440446966
leaf_weight=3103 147 129 192 102 104 108 100 134 212 140 168 122 165 373
leaf_count=3103 147 129 192 102 104 108 100 134 212 140 168 122 165 373
internal_value=0.0128148 0.382649 0.107525 -0.247811 -0.0421568 -0.87233 -0.699796 -1.04604 0.0112511 -0.0285559 0.41036 0.00580956 0.241041 0.373848
internal_weight=5299 678 549 402 4621 210 338 234 4283 3903 380 3763 660 538
internal_count=5299 678 549 402 4621 210 338 234 4283 3903 380 3763 660 538
is_linear=0
shrinkage=0.03


Tree=91
num_leaves=15
num_cat=0
split_feature=2 8 2 2 2 10 7 9 9 6 4 7 2 10
split_gain=83410.4 102618 395188 169925 64055.8 75025.1 55413.4 55595.7 64987.6 39065.5 49475.1 71451.8 43988.7 42986.7
threshold=54.337700700505145 287.73006933493207 -24.655027057294273 0.66950878954846937 -41.519718172213111 16.073873004145863 120.02928848738897 -219.04548094671941 -174.40000108747748 -50.890544037906217 -26.929906699809028 53.32270323214356 32.653557913532779 5.1972022367286828
decision_type=2 2 2 2 2 2 2 2 2 2 2 2 2 2
left_child=1 4 -3 -4 -1 6 7 -6 -9 10 13 -12 -11 -10
right_child=-2 2 3 -5 5 -7 -8 8 9 12 11 -13 -14 -15
leaf_value=0.63637282606581569 0.80825142106142911 -2.0001925891154522 1.034897736135338 -0.54196615353471389 -0.56850222636389169 -0.75403718714704027 0.63710043081423129 0.66699944353916429 -0.16016376673323765 0.049253808418791213 -0.2973062552421199 0.585276751422113 -0.46710056640856684 -0.95931567622989899
leaf_weight=132 100 101 102 127 144 109 113 122 130 3540 237 114 145 112
leaf_count=132 100 101 102 127 144 109 113 122 130 3540 237 114 145 112
internal_value=-0.00933522 -0.026487 -0.530477 0.174306 0.00848067 -0.0102056 0.00878264 -0.00820702 0.0113775 -0.00883147 -0.232703 -0.00238318 0.0277268 -0.55341
internal_weight=5328 5228 330 229 4898 4766 4657 4544 4400 4278 593 351 3685 242
internal_count=5328 5228 330 229 4898 4766 4657 4544 4400 4278 593 351 3685 242
is_linear=0
shrinkage=0.03


Tree=92
num_leaves=15
num_cat=0
split_feature=6 0 5 9 7 7 8 7 6 10 9 1 0 10
split_gain=69773 82363.4 53208.3 159742 87295.9 45910.5 81218.8 58818.7 56799.5 57651.5 49083.6 48804.9 44996.3 76625.2
threshold=-153.6426472584746 195.31587299781793 102.04503770927987 -289.45200208684395 127.54677612041122 95.993893000267619 164.49953371558493 88.400815969989267 -38.385796478085062 3.8049203576036006 -174.40000108747748 4.3300979064414511 -39.108366190527839 5.0873983014839066
decision_type=2 2 2 2 2 2 2 2 2 2 2 2 2 2
left_child=-1 2 3 -2 5 7 -7 8 9 -5 -10 -11 13 -12
right_child=1 -3 -4 4 -6 6 -8 -9 10 11 12 -13 -14 -15
leaf_value=0.67460003241020083 -1.0699848794582345 0.76975522618677661 -0.60664393130769123 0.13772596081534583 0.62570988935083149 -0.92516626918180422 0.12112458354615151 0.63729696183938245 0.62572326010181789 -0.5329872187648681 0.071634441841651783 0.11775697329061495 0.071907481322191338 -0.64335902802710943
leaf_weight=126 116 108 131 263 190 122 131 120 116 460 322 129 2732 220
leaf_count=126 116 108 131 263 190 122 131 120 116 460 322 129 2732 220
internal_value=0.00386215 -0.0137895 -0.0320274 -0.0155315 0.0120939 -0.014467 -0.399404 0.00872221 -0.0105162 -0.228001 0.0446534 -0.390878 0.022223 -0.224982
internal_weight=5286 5160 5052 4921 4805 4615 253 4362 4242 852 3390 589 3274 542
internal_count=5286 5160 5052 4921 4805 4615 253 4362 4242 852 3390 589 3274 542
is_linear=0
shrinkage=0.03


Tree=93
num_leaves=15
num_cat=0
split_feature=2 1 10 6 2 1 9 10 4 10 6 1 0 8
split_gain=175669 67620.6 122048 277140 88683.5 76492.4 64524.5 54765.6 54280.6 104005 93984.8 82657.1 79027.9 67572.8
threshold=54.337700700505145 -20.940523415541161 15.710006851368876 -10.381263027717788 -27.226433426524114 -10.522255591023551 -226.45316421517515 8.4527208143473782 31.238404673627183 11.5611000505543 31.979084067624473 2.8904520618002869 -41.693154110378465 87.219998222730837
decision_type=2 2 2 2 2 2 2 2 2 2 2 2 2 2
left_child=1 -1 4 -4 5 -3 -6 -7 9 -8 11 -10 -12 -14
right_child=-2 2 3 -5 6 7 8 -9 10 -11 12 -13 13 -15
leaf_value=-0.59690440724232441 1.184914948940277 0.20547140950786655 1.774114264668645 -0.32164063285204986 0.59875172668678123 -0.3055154160499573 -0.0084101896026837417 -1.2095422005653382 1.3021858380760176 -0.91344968088602618 -0.65271854008116381 0.14918842561481918 -0.3439759939137314 0.58795156255364422
leaf_weight=153 106 106 101 111 162 140 3629 110 108 108 113 112 102 182
leaf_count=153 106 106 101 111 162 140 3629 110 108 108 113 112 102 182
internal_value=0.0301802 0.00459397 0.023832 0.711748 -0.00749861 -0.45666 0.0288399 -0.734509 0.00631168 -0.036934 0.264651 0.747213 -0.0145528 0.25293
internal_weight=5343 5237 5084 212 4872 356 4516 250 4354 3737 617 220 397 284
internal_count=5343 5237 5084 212 4872 356 4516 250 4354 3737 617 220 397 284
is_linear=0
shrinkage=0.03


Tree=94
num_leaves=15
num_cat=0
split_feature=0 7 7 8 5 8 7 0 0 0 0 4 9 0
split_gain=131345 119403 98124.8 101491 180833 63632.8 63341 57609.1 56983.7 36803.6 56056.3 65634.3 45461.4 96639.3
threshold=121.15033290283229 105.20001245854145 247.06261643576514 365.70435548031088 74.405309429470236 106.19968773547532 129.78179131927055 -34.791515122348699 -148.04839630599784 91.358221158763925 68.393101792174988 -6.9296599010866107 -119.27199807033891 -20.994105174565266
decision_type=2 2 2 2 2 2 2 2 2 2 2 2 2 2
left_child=2 5 3 4 6 -2 8 -6 -1 10 12 -12 13 -10
right_child=1 -3 -4 -5 7 -7 -8 -9 9 -11 11 -13 -14 -15
leaf_value=-0.68849602136291366 0.58454891225484418 1.2638671191903048 -0.94348820254609389 0.83185532539318763 -1.3918129748322747 -0.37392641614123084 0.61647193372249598 -0.38141089570618442 -0.93760095953941347 -0.43788983495905992 0.97072388476559091 -0.0048345518512213784 0.0036588231508009011 0.010491170654905603
leaf_weight=109 117 119 101 107 100 113 126 114 140 174 102 139 3439 272
leaf_count=109 117 119 101 107 100 113 126 114 140 174 102 139 3439 272
internal_value=-0.0212486 0.532823 -0.0615282 -0.0411406 -0.0626706 0.117687 -0.0212202 -0.894618 -0.0409497 -0.0228329 -0.00415934 0.430282 -0.0323912 -0.32626
internal_weight=5272 349 4923 4822 4715 230 4501 214 4375 4266 4092 241 3851 412
internal_count=5272 349 4923 4822 4715 230 4501 214 4375 4266 4092 241 3851 412
is_linear=0
shrinkage=0.03


Tree=95
num_leaves=15
num_cat=0
split_feature=2 2 5 8 8 8 5 8 0 9 3 9 0 3
split_gain=167521 59616.9 73015.5 233859 177895 197887 119677 61019 45947.5 64371 64027.1 50952.5 76254.7 83207.6
threshold=54.337700700505145 38.679637800690962 36.418051702483822 192.69410526124523 298.93496366808569 210.62015631626434 -43.388498282925717 144.64767253422011 1.7344590655060828 -121.75809714173343 21.775353284671574 -162.49751195383274 24.359832706758642 -19.179725471913052
decision_type=2 2 2 2 2 2 2 2 2 2 2 2 2 2
left_child=1 2 4 7 5 8 -6 -4 9 -1 11 -10 -13 -14
right_child=-2 -3 3 -5 6 -7 -8 -9 10 -11 -12 12 13 -15
leaf_value=-0.71861637710721904 1.1635772366137118 -0.6036473374605178 0.12847963167244897 1.2425388451945574 -1.5091402314320084 1.0368508361870388 -0.10997270758606885 -0.64624466073851694 0.63796549103031419 -0.097760369794597485 -0.4838399622180769 0.30302546627404436 -0.50536331765446807 0.061169731533596283
leaf_weight=157 101 140 534 163 111 149 104 100 136 1560 176 690 310 855
leaf_count=157 101 140 534 163 111 149 104 100 136 1560 176 690 310 855
internal_value=0.0103967 -0.014263 0.00325441 0.264889 -0.0463396 -0.000537057 -0.867302 -0.00185403 -0.0428944 -0.158363 0.0489031 0.0981791 0.0553959 -0.0925995
internal_weight=5286 5185 5045 797 4248 4033 215 634 3884 1717 2167 1991 1855 1165
internal_count=5286 5185 5045 797 4248 4033 215 634 3884 1717 2167 1991 1855 1165
is_linear=0
shrinkage=0.03


Tree=96
num_leaves=15
num_cat=0
split_feature=0 10 7 9 3 7 10 10 0 10 8 1 1 8
split_gain=77919.9 272027 249385 149766 268885 127744 69527.6 61718.8 67890.1 170309 94653.8 82616.8 70281.6 89323.9
threshold=63.335204676601357 17.006829569385904 127.54677612041122 58.585777940708745 -7.4313252336794084 59.334754898797605 9.1484618624017919 5.1490538727027797 21.899284022920895 8.6210908984025263 99.454732648429328 -11.038229087629636 -7.1002735408624114 210.62015631626434
decision_type=2 2 2 2 2 2 2 2 2 2 2 2 2 2
left_child=1 7 3 5 -5 -2 -7 -1 11 10 -10 -9 -13 -14
right_child=2 -3 -4 4 -6 6 -8 8 9 -11 -12 12 13 -15
leaf_value=0.053213113672937885 -0.070584594770976949 -1.4712019192586179 1.4577177663333714 -1.6161644700795661 0.33651693588495252 0.29953871776445173 1.3742336271311106 0.46323157565582779 -0.59909290606122123 -1.4491544920060693 0.4542132310196757 -0.87625365423745127 -0.24665852539283645 0.47495081433744141
leaf_weight=2691 338 112 118 109 130 117 104 208 155 113 134 106 694 188
leaf_count=2691 338 112 118 109 130 117 104 208 155 113 134 106 694 188
internal_value=-0.0218131 -0.0742952 0.22842 0.0308532 -0.583178 0.299017 0.842875 -0.0344799 -0.181566 -0.51381 -0.111852 -0.0665574 -0.181616 -0.0892459
internal_weight=5317 4401 916 798 239 559 221 4289 1598 402 289 1196 988 882
internal_count=5317 4401 916 798 239 559 221 4289 1598 402 289 1196 988 882
is_linear=0
shrinkage=0.03


Tree=97
num_leaves=15
num_cat=1
split_feature=7 4 3 1 2 8 2 8 10 11 8 8 8 3
split_gain=158906 139736 53332.9 62331.7 83156.6 94568.1 82771.1 210983 133548 58553.3 86222.3 52879.6 48713.9 67966.8
threshold=147.72143329507963 -49.018414271010727 57.684583140348614 6.6776119396154341 -12.70769755270125 169.18592768262508 -27.968715499997408 267.54557649112297 9.8323869799418908 0 105.20860903560991 109.84045587997591 154.58430671534978 -16.346618681611655
decision_type=2 2 2 2 2 2 2 2 2 1 2 2 2 2
left_child=2 -2 3 6 -5 9 8 12 11 10 -6 -1 -8 -14
right_child=1 -3 -4 4 5 -7 7 -9 -10 -11 -12 -13 13 -15
leaf_value=-0.47174822939953331 -0.16513410214866908 1.1931103330387354 -0.5891437660113199 1.0044887461513281 0.2260881084187209 -0.69209776049039573 0.00088594461619872621 1.2783676050409771 -1.3345935677193306 -0.089578361119152877 1.1950346578536808 0.37487703263282773 0.1809007455534854 -0.7512932129444615
leaf_weight=132 102 183 124 102 351 100 3186 104 101 283 101 115 108 176
leaf_count=132 102 183 124 102 351 100 3186 104 101 283 101 115 108 176
internal_value=0.0413469 0.717882 0.00129256 0.0175393 0.236005 0.131353 -0.0351214 0.00841829 -0.470024 0.251174 0.453955 -0.0783215 -0.0332077 -0.402702
internal_weight=5268 285 4983 4859 937 835 3922 3574 348 735 452 247 3470 284
internal_count=5268 285 4983 4859 937 835 3922 3574 348 735 452 247 3470 284
cat_boundaries=0 1
cat_threshold=14
is_linear=0
shrinkage=0.03


Tree=98
num_leaves=15
num_cat=0
split_feature=0 9 5 10 3 8 6 9 3 3 8 9 6 10
split_gain=84653.1 162118 107094 88630.9 86265.9 83868 79137.7 79353.9 58909.6 53720.3 80920.8 46050.6 39482.8 140517
threshold=63.335204676601357 -121.75809714173343 -55.448185157135249 8.7206653398329674 -60.43301526327901 365.70435548031088 87.447207657692843 -55.616471790874066 17.923183724260628 51.199590956443437 210.62015631626434 -184.78456844760589 -15.578167621115922 7.1124421308200434
decision_type=2 2 2 2 2 2 2 2 2 2 2 2 2 2
left_child=4 -2 -3 8 -1 6 9 -8 -4 10 11 -6 13 -13
right_child=1 2 3 -5 5 -7 7 -9 -10 -11 -12 12 -14 -15
leaf_value=-0.77943863137563063 1.0573625623037159 -0.75767100062125758 0.21561871794526447 0.81746575139683375 -0.51349485418239194 0.71573432436092288 -1.1470312861494116 -0.087084703730659255 -0.55009420472768045 -0.61634409687867975 0.74759738014380739 0.021653833166295475 0.090542285435886813 -0.83731484811335077
leaf_weight=125 183 107 324 159 144 129 101 153 114 113 123 1043 2276 195
leaf_count=125 183 107 324 159 144 129 101 153 114 113 123 1043 2276 195
internal_value=0.0212873 0.286934 0.0746627 0.233866 -0.0327695 -0.00918 -0.0333915 -0.536043 0.00849324 0.000684817 0.0207027 -0.00571063 0.0164959 -0.119269
internal_weight=5289 887 704 597 4402 4277 4148 254 438 3894 3781 3658 3514 1238
internal_count=5289 887 704 597 4402 4277 4148 254 438 3894 3781 3658 3514 1238
is_linear=0
shrinkage=0.03


Tree=99
num_leaves=15
num_cat=1
split_feature=3 6 5 10 10 11 4 8 6 8 10 3 4 8
split_gain=107798 307162 123010 93317.1 67802.3 118863 50949.9 94268.4 100791 76894.7 52036.7 51801.9 45640.3 100719
threshold=50.051736584383249 78.181003861291984 88.917106551411777 15.710006851368876 11.790190660754002 0 -16.246001882774124 129.36968088889978 -83.717049421707443 198.88213961455352 8.5502488550597509 -5.0823213368950739 1.0000000180025095e-35 79.757296165399751
decision_type=2 2 2 2 2 1 2 2 2 2 2 2 2 2
left_child=2 -2 3 4 6 -6 7 11 -9 10 12 -1 13 -8
right_child=1 -3 -4 -5 5 -7 9 8 -10 -11 -12 -13 -14 -15
leaf_value=-0.071313076527236674 -0.43020572626107445 1.4886021604675512 -0.95868154734861655 0.63548986216190417 0.24409451448440547 -1.0589725973195043 -0.041691443141477998 0.083244138796781664 1.1504705057642126 -0.73344927449473019 0.45474151074886321 0.57677584982709962 0.028049918890938441 -0.72461491285907953
leaf_weight=826 138 146 112 193 105 125 742 164 148 135 180 118 1918 254
leaf_count=826 138 146 112 193 105 125 742 164 148 135 180 118 1918 254
internal_value=0.0149617 0.573304 -0.0177028 0.00567595 -0.0213947 -0.512663 0.004883 0.166247 0.609499 -0.0582029 -0.026472 0.0148947 -0.0576505 -0.221322
internal_weight=5304 284 5020 4908 4715 230 4485 1256 312 3229 3094 944 2914 996
internal_count=5304 284 5020 4908 4715 230 4485 1256 312 3229 3094 944 2914 996
cat_boundaries=0 1
cat_threshold=12
is_linear=0
shrinkage=0.03


Tree=100
num_leaves=15
num_cat=0
split_feature=0 2 10 10 3 9 1 8 4 1 2 3 2 5
split_gain=61950.8 105282 397328 91526.9 221333 166673 74678.7 92029.5 67438.3 29671.1 89423.1 37740.4 37625.8 40628.5
threshold=-139.44091628089731 33.640582800895324 10.876266870373639 11.044210919068474 -31.243923985125619 -33.578741928503959 -11.298159746225849 95.554196401741095 21.647251756427075 -8.0324362458400902 -17.641760050776984 -5.5167353992925774 -19.661823846143175 25.943751157285384
decision_type=2 2 2 2 2 2 2 2 2 2 2 2 2 2
left_child=8 3 -3 6 -5 -6 7 -2 -1 10 -8 -12 -11 -14
right_child=1 2 -4 4 5 -7 9 -9 -10 12 11 -13 13 -15
leaf_value=-0.89751963301528259 -0.01066323654796289 -0.3033024115402605 1.9985418783317914 0.39724730598988955 -1.7107774176380852 -0.2395217185412965 -0.97256684931548876 0.85521737651086183 0.087005605559703728 0.32609681160612541 0.45900438933787135 -0.26684369013017539 -0.071058628219979006 0.1733161300078363
leaf_weight=129 229 169 100 181 122 154 101 203 111 320 105 137 2443 806
leaf_count=129 229 169 100 181 122 154 101 203 111 320 105 137 2443 806
internal_value=0.00414275 0.0268242 0.593364 -0.00608636 -0.405203 -0.926938 0.036736 0.406364 -0.45691 -0.00501386 -0.267409 0.0538075 0.0208804 -0.0100892
internal_weight=5310 5070 269 4801 457 276 4344 432 240 3912 343 242 3569 3249
internal_count=5310 5070 269 4801 457 276 4344 432 240 3912 343 242 3569 3249
is_linear=0
shrinkage=0.03


Tree=101
num_leaves=15
num_cat=0
split_feature=1 7 7 7 9 1 7 3 5 6 8 7 1 8
split_gain=80256.5 294433 107927 93263.2 251249 83024 56670.1 100673 122706 59184.2 42308.3 41947 30720.3 70553.2
threshold=6.6776119396154341 113.45377442550522 75.306849547328596 122.51994680971393 -34.773968282719551 14.715013923564703 85.990954188708045 -36.408905494997178 17.848383086697535 -87.291863867965517 80.147088304510646 48.35769272775682 2.2961785535101584 79.757296165399751
decision_type=2 2 2 2 2 2 2 2 2 2 2 2 2 2
left_child=3 2 10 6 -5 -4 9 -8 -9 -1 -2 -12 -11 -14
right_child=1 -3 5 4 -6 -7 7 8 -10 12 11 -13 13 -15
leaf_value=-0.57639233704146586 -0.0066630683152470735 1.3867966867013868 0.046643168926239015 0.3087221137731353 -1.3505913152133717 -1.1140142426238611 -0.37199263029211144 1.3214446556568145 -0.0025100797492621546 0.017380577874600865 -0.051579436784440824 0.68617835263502758 0.020789303451776504 -0.57801894023429068
leaf_weight=180 422 156 104 153 160 107 117 118 124 2583 100 207 480 270
leaf_count=180 422 156 104 153 160 107 117 118 124 2583 100 207 480 270
internal_value=-0.00534571 0.222002 0.0161328 -0.0652726 -0.555043 -0.565712 -0.0243534 0.329446 0.669875 -0.0613413 0.189917 0.45182 -0.0318847 -0.199551
internal_weight=5281 1096 940 4185 313 211 3872 359 242 3513 729 307 3333 750
internal_count=5281 1096 940 4185 313 211 3872 359 242 3513 729 307 3333 750
is_linear=0
shrinkage=0.03


Tree=102
num_leaves=15
num_cat=0
split_feature=0 6 5 4 6 9 10 5 4 7 10 9 7 0
split_gain=123724 142020 169520 242337 83447.4 110230 220624 67301.5 45327.1 64269.1 97540.9 49205.7 81282.7 51903.7
threshold=195.31587299781793 -153.6426472584746 -94.890524407397251 -59.998121093518741 -100.14984734792968 -232.94904927200471 14.799538580662585 -61.944408405851632 66.57755047830949 101.42396814269419 9.8323869799418908 66.884088553856273 78.891712664154184 -56.945081356666904
decision_type=2 2 2 2 2 2 2 2 2 2 2 2 2 2
left_child=1 -1 -3 -4 -5 -6 7 -7 9 10 11 12 -9 -13
right_child=-2 2 3 4 5 6 -8 8 -10 -11 -12 13 -14 -15
leaf_value=1.024842902600765 0.96357111788565109 1.1246647309002122 -1.172375967692898 -0.71798549303164083 0.7517855462668972 0.71215205249767144 -1.2080511303742725 0.053919420022221685 -0.57416359608914669 0.65866036646557546 -0.69696183722594696 -0.7574412045084824 0.86051964449576845 -0.077860132730924167
leaf_weight=110 114 104 156 134 166 114 125 2950 109 127 164 108 107 731
leaf_count=110 114 104 156 134 166 114 125 2950 109 127 164 108 107 731
internal_value=0.0270323 0.00471185 -0.019277 -0.0453151 -0.00660603 0.0151526 -0.0134061 0.0231123 0.00321633 0.0195795 -0.00198071 0.0289836 0.0848654 -0.17323
internal_weight=5319 5205 5095 4991 4835 4701 4535 4410 4296 4187 4060 3896 3057 839
internal_count=5319 5205 5095 4991 4835 4701 4535 4410 4296 4187 4060 3896 3057 839
is_linear=0
shrinkage=0.03


Tree=103
num_leaves=15
num_cat=0
split_feature=1 0 10 10 3 10 7 10 2 7 10 9 2 10
split_gain=88689.8 100327 104425 210336 43133.2 43577.6 63147.8 70930.3 37530.1 31330.6 38752.3 47335.7 31073.9 47543.5
threshold=-20.940523415541161 180.83289988795744 17.006829569385904 13.552442845486132 55.479204157987674 11.044210919068474 80.628238900712816 7.7469300570768267 -25.987310882466286 38.116160679773529 7.8183141721795044 -23.213678488218736 17.36195176298455 5.7863210817145045
decision_type=2 2 2 2 2 2 2 2 2 2 2 2 2 2
left_child=-1 2 3 4 5 6 8 -8 -2 -10 12 -12 13 -11
right_child=1 -3 -4 -5 -6 -7 7 -9 9 10 11 -13 -14 -15
leaf_value=-0.69033543188124891 -0.42655035717751494 0.83621252387068989 -0.77767695314653462 1.1007144257253216 -0.54497581251289529 -0.43530059165814344 -0.00035950196265172556 0.77576813418192392 -0.091219777953249634 0.09842310693467686 0.16271293365955353 -0.67551438632912519 -0.097016175881063815 0.52131127493238594
leaf_weight=158 188 119 145 145 128 194 228 188 1844 1004 110 117 408 307
leaf_count=158 188 119 145 145 128 194 228 188 1844 1004 110 117 408 307
internal_value=-0.0120659 0.0101483 -0.0111164 0.0132991 -0.0223933 -0.0066603 0.0132101 0.360367 -0.0239065 -0.00286376 0.0808994 -0.279598 0.129846 0.200649
internal_weight=5283 5125 5006 4861 4716 4588 4394 416 3978 3790 1946 227 1719 1311
internal_count=5283 5125 5006 4861 4716 4588 4394 416 3978 3790 1946 227 1719 1311
is_linear=0
shrinkage=0.03


Tree=104
num_leaves=15
num_cat=0
split_feature=3 3 7 0 3 7 0 0 7 10 10 9 7 9
split_gain=144826 156619 86495.7 130231 113887 44679.6 27452.2 59471.9 27432.8 31231.3 45054.4 77658.3 28809.7 27702.5
threshold=-66.522904312356488 -51.617265913064777 125.29378403761946 18.551653200957485 55.479204157987674 102.46729678875856 -101.75231016813417 -139.44091628089731 90.49835519917967 11.370053730694282 7.9091072365495494 -45.459151953989803 72.449597737864579 -100.13352781240037
decision_type=2 2 2 2 2 2 2 2 2 2 2 2 2 2
left_child=-1 -2 4 -4 5 6 7 -3 9 10 12 -12 13 -8
right_child=1 2 3 -5 -6 -7 8 -9 -10 -11 11 -13 -14 -15
leaf_value=-0.92871866530756786 0.99172765803337093 -0.17445204091673139 -0.98254721486076857 0.30931903494031804 -0.8636650956083427 0.50585670393809945 -0.24838370518293232 0.76602559663821013 -0.41557903987421119 0.47548223402023315 0.2046191678728376 -0.73326178101344885 0.38932960278233109 0.03188808537737578
leaf_weight=145 130 109 184 104 122 161 342 118 132 115 130 181 174 3219
leaf_count=145 130 109 184 104 122 161 342 118 132 115 130 181 174 3219
internal_value=-0.0250155 0.00181002 -0.0253624 -0.521315 0.00539749 0.0298405 0.0118058 0.326124 -0.00553359 0.0084395 -0.00597488 -0.34706 0.023277 0.00435048
internal_weight=5366 5221 5091 288 4803 4681 4520 227 4293 4161 4046 311 3735 3561
internal_count=5366 5221 5091 288 4803 4681 4520 227 4293 4161 4046 311 3735 3561
is_linear=0
shrinkage=0.03


Tree=105
num_leaves=15
num_cat=2
split_feature=7 9 9 0 0 10 3 10 10 2 6 1 11 11
split_gain=115480 386111 73595.2 106787 60920.9 88246.6 61737.9 70707.9 108978 35703 27181.4 23007 39049.9 33819.2
threshold=153.38056441203312 -77.211741553356077 -202.5876364744658 13.322572977187876 -148.04839630599784 15.710006851368876 42.300216920979175 11.790190660754002 9.2387666633134913 28.113597375462771 72.06924533380824 -8.4309497696531039 0 1
decision_type=2 2 2 2 2 2 2 2 2 2 2 2 1 1
left_child=2 -2 3 -1 -4 6 7 8 9 11 -8 12 -6 -13
right_child=1 -3 4 -5 5 -7 10 -9 -10 -11 -12 13 -14 -15
leaf_value=-0.99515184285262459 1.8171556609118258 -0.39761399610133108 -0.57050900209191691 0.16999590871069165 0.049892446738135934 0.87222369134303579 0.17876186028999438 -0.63677124928164963 0.69171752970754818 -0.4943760371790793 0.83978158634688171 0.15464292960759615 -0.40880534607470037 -0.042918080501356821
leaf_weight=146 121 148 138 125 374 104 126 141 199 123 102 1310 280 1872
leaf_count=146 121 148 138 125 374 104 126 141 199 123 102 1310 280 1872
internal_value=0.0339256 0.628044 0.00103479 -0.470798 0.0287759 0.0478249 0.027005 0.000964168 0.024066 -0.0111519 0.497341 0.00558765 -0.155096 0.0389956
internal_weight=5309 269 5040 271 4769 4631 4527 4299 4158 3959 228 3836 654 3182
internal_count=5309 269 5040 271 4769 4631 4527 4299 4158 3959 228 3836 654 3182
cat_boundaries=0 1 2
cat_threshold=19 12
is_linear=0
shrinkage=0.03


Tree=106
num_leaves=15
num_cat=0
split_feature=10 4 10 5 10 10 5 4 0 9 1 1 0 7
split_gain=114900 88757.8 153757 220710 123882 89400.6 90573.7 35595 42246.2 31753.3 40537.9 33967.1 35703 88539.8
threshold=20.328838335393979 -54.830120183685764 12.173318486996434 2.811256421926251 11.370053730694282 9.6981210495202923 -14.45191445973386 -34.729292138196733 16.361092277550146 164.66660822713374 -16.620673583035536 -12.702426367757027 93.562601669700683 43.397431973909455
decision_type=2 2 2 2 2 2 2 2 2 2 2 2 2 2
left_child=1 4 5 -4 -1 7 -7 8 -3 10 -9 -12 -13 -14
right_child=-2 2 3 -5 -6 6 -8 9 -10 -11 11 12 13 -15
leaf_value=-0.043894326281853212 -0.92448941119736239 0.018119233839568639 1.5225068124459713 -0.065524596096424567 -1.2340777434799515 -1.1881539860657886 -0.077742490685744098 -0.58261283800005914 0.71210528031306364 0.40232175750111387 0.46750928228062794 0.0041445606182652396 0.26919485879306859 -0.8862977087542192
leaf_weight=224 114 179 137 168 112 103 163 102 132 157 123 3389 101 124
leaf_count=224 114 179 137 168 112 103 163 102 132 157 123 3389 101 124
internal_value=-0.0219501 -0.000484891 0.0323846 0.673477 -0.464823 -0.0117498 -0.535184 0.0217423 0.325681 -0.00266652 -0.0202312 -0.00336727 -0.020639 -0.378227
internal_weight=5328 5214 4878 305 336 4573 266 4307 311 3996 3839 3737 3614 225
internal_count=5328 5214 4878 305 336 4573 266 4307 311 3996 3839 3737 3614 225
is_linear=0
shrinkage=0.03


Tree=107
num_leaves=15
num_cat=0
split_feature=4 10 10 4 9 10 10 8 10 7 6 1 10 5
split_gain=88127.2 256532 127304 92276.7 91289.2 97486.6 73927 48783.5 69346.6 29828 40682.6 67491.5 86944.5 38333.4
threshold=-71.193925506606533 18.334109265793188 14.799538580662585 61.155123048761155 -202.5876364744658 9.1484618624017919 12.402299687695846 195.3990202911335 8.4527208143473782 88.400815969989267 -38.385796478085062 4.7012578978007449 6.2479174866526863 -39.520212130393723
decision_type=2 2 2 2 2 2 2 2 2 2 2 2 2 2
left_child=-1 2 3 4 5 -2 7 9 -9 10 11 12 -6 -12
right_child=1 -3 -4 -5 6 -7 -8 8 -10 -11 13 -13 -14 -15
leaf_value=-0.63531659898303805 0.032617026410870636 1.2384864863500882 -0.93900494632354148 0.66942163258629872 -0.11737140648213662 -1.2249347974979772 0.76306922688566403 0.087873464745132857 -0.9724781884821978 0.42289381898090811 0.55643664545791094 0.38152168210257181 -0.91503016653927893 0.028739955518391785
leaf_weight=179 108 142 120 175 498 103 106 109 100 148 119 144 155 3177
leaf_count=179 108 142 120 175 498 103 106 109 100 148 119 144 155 3177
internal_value=0.00106073 0.0241265 -0.0123136 0.0120388 -0.013445 -0.608909 0.0154056 -0.00407493 -0.440711 0.018429 0.00280874 -0.188166 -0.317654 0.0494176
internal_weight=5383 5204 5062 4942 4767 211 4556 4450 209 4241 4093 797 653 3296
internal_count=5383 5204 5062 4942 4767 211 4556 4450 209 4241 4093 797 653 3296
is_linear=0
shrinkage=0.03


Tree=108
num_leaves=15
num_cat=0
split_feature=8 1 7 5 3 8 10 0 10 7 10 8 8 10
split_gain=84059.4 89310.4 126092 87452.7 118557 105772 259370 36784.6 49872.6 127388 52117.7 28709.9 58408.5 52261.6
threshold=443.55360002923726 17.275818105972451 98.46314633076075 74.405309429470236 40.185451819717024 298.93496366808569 15.710006851368876 147.57556711626222 9.6981210495202923 102.46729678875856 8.8145494420078467 83.503081616936711 99.454732648429328 4.8122286832913561
decision_type=2 2 2 2 2 2 2 2 2 2 2 2 2 2
left_child=1 3 -3 5 -5 6 7 8 10 -10 11 -1 13 -13
right_child=-2 2 -4 4 -6 -7 -8 -9 9 -11 -12 12 -14 -15
leaf_value=0.044792398558824602 -0.7158407401407002 -0.027393162718042728 1.2977886150896023 -1.2128478706023824 0.13155871516618972 -0.74953144099631919 1.4225469329723945 0.5191962097431051 -0.84769634891394985 0.38818068027496333 0.63267212668369555 -0.048185467429218753 0.029682293403628875 -0.65652650145847435
leaf_weight=2652 141 150 103 117 107 153 107 106 189 113 106 238 834 267
leaf_count=2652 141 150 103 117 107 153 107 106 189 113 106 238 834 267
internal_value=-0.017995 0.00210301 0.54094 -0.0262497 -0.592476 0.00155333 0.0280378 -0.00816107 -0.0220172 -0.387645 0.00581236 -0.0123766 -0.125097 -0.376326
internal_weight=5383 5242 253 4989 224 4765 4612 4505 4399 302 4097 3991 1339 505
internal_count=5383 5242 253 4989 224 4765 4612 4505 4399 302 4097 3991 1339 505
is_linear=0
shrinkage=0.03


Tree=109
num_leaves=15
num_cat=1
split_feature=6 10 11 3 0 3 9 9 0 9 0 9 3 7
split_gain=64641.8 74024.2 296721 207378 137227 90093.2 65978 58669.6 64388 46479.4 57734.2 67055.2 38186.9 53365.7
threshold=-153.6426472584746 11.044210919068474 0 38.355123188700766 1.2456862993136999 55.479204157987674 204.94427829455867 -13.148385959487809 -92.427444796427039 -34.773968282719551 -25.02647592028649 -121.75809714173343 -22.068451364238012 49.153919303513682
decision_type=2 2 1 2 2 2 2 2 2 2 2 2 2 2
left_child=-1 5 -3 4 -4 6 7 8 -2 10 11 -10 -12 -14
right_child=1 2 3 -5 -6 -7 -8 -9 9 -11 12 -13 13 -15
leaf_value=0.66553165227867839 0.8076784940653069 0.94098185149106106 -1.6697744089579152 0.4704854560765353 -0.45061462786732887 -0.74116212097566514 0.73355847437207289 -0.062114655772079912 -0.93271821724401938 0.38445619982673962 -0.2399500586510879 0.0055071920818752706 0.03532803429712314 0.55201092981407585
leaf_weight=119 119 112 157 100 186 124 113 2587 101 407 193 179 498 273
leaf_count=119 119 112 157 100 186 124 113 2587 101 407 193 179 498 273
internal_value=0.00222012 -0.0143702 -0.338424 -0.681251 -1.04015 0.0254288 0.0483013 0.0288899 0.161502 0.110345 0.0183134 -0.353417 0.128805 0.223004
internal_weight=5268 5149 555 443 343 4594 4470 4357 1770 1651 1244 280 964 771
internal_count=5268 5149 555 443 343 4594 4470 4357 1770 1651 1244 280 964 771
cat_boundaries=0 1
cat_threshold=16
is_linear=0
shrinkage=0.03


Tree=110
num_leaves=15
num_cat=1
split_feature=10 7 10 4 10 11 7 0 7 0 10 10 4 1
split_gain=127102 106450 71561.9 98509.8 87894.3 193380 43770.7 45144.1 46243.7 43871.7 29249.2 29989.8 86450.3 63427.3
threshold=21.792495212782878 216.26790410410629 15.710006851368876 61.155123048761155 11.044210919068474 0 112.14759678770552 -89.647258583111622 82.970999569640398 -139.44091628089731 8.2925479404415494 5.4893708983553555 11.948936007317263 2.7173913712351379
decision_type=2 2 2 2 2 1 2 2 2 2 2 2 2 2
left_child=1 2 3 4 6 -6 7 9 10 -1 11 -9 13 -13
right_child=-2 -3 -4 -5 5 -7 -8 8 -10 -11 -12 12 -14 -15
leaf_value=-0.13389930029173153 1.0225889196267 -0.91001079371100968 0.64954852449206213 0.69179998340242999 0.34664584914320395 -1.115125646945089 0.59357135579392717 -0.030843675247924567 -0.45129948644057766 0.63369285092002048 -0.34175506263180117 0.19598457573020789 0.63314167928248632 -0.5594984002636334
leaf_weight=101 101 104 146 167 132 172 101 2968 217 173 216 276 240 144
leaf_count=101 101 104 146 167 132 172 101 2968 217 173 216 276 240 144
internal_value=0.0181777 -0.00343477 0.0169847 -0.00311894 -0.0290072 -0.514057 0.00531479 -0.0097254 -0.0352149 0.355996 -0.0106162 0.009984 0.191305 -0.070026
internal_weight=5258 5157 5053 4907 4740 304 4436 4335 4061 274 3844 3628 660 420
internal_count=5258 5157 5053 4907 4740 304 4436 4335 4061 274 3844 3628 660 420
cat_boundaries=0 1
cat_threshold=20
is_linear=0
shrinkage=0.03


Tree=111
num_leaves=15
num_cat=1
split_feature=9 7 4 5 0 7 7 0 9 0 8 9 11 9
split_gain=109673 274215 186489 168564 69193.1 108853 82292.3 72873.3 45256.5 60748.8 90683.7 58995.1 46444.1 39260.2
threshold=-23.213678488218736 117.2980354120014 -50.449579266003674 -67.751960384237137 147.57556711626222 125.29378403761946 88.400815969989267 -69.706129015809537 -31.435981044910346 1.7344590655060828 164.49953371558493 -130.75589553047476 0 -94.460610023439827
decision_type=2 2 2 2 2 2 2 2 2 2 2 2 1 2
left_child=1 8 -3 -2 5 6 7 -5 9 11 12 -1 -11 -13
right_child=3 2 -4 4 -6 -7 -8 -9 -10 10 -12 13 -14 -15
leaf_value=-0.60733204039024269 -0.92632903409415268 0.034867802697259025 1.6539437993906312 -0.55175621981366674 0.69181549360877581 -0.93898621704246166 0.58482503776563044 -0.016028799357790093 0.48602152800187465 -0.38472467913606218 0.93096343479737509 0.46330109111836243 0.1603512226875182 -0.17401030704122164
leaf_weight=220 193 101 167 242 104 112 177 2460 182 161 109 106 615 338
leaf_count=220 193 101 167 242 104 112 177 2460 182 161 109 106 615 338
internal_value=0.0176331 0.192338 1.06697 -0.0888434 -0.0338038 -0.0612555 -0.0239776 -0.0658679 0.0515736 -0.00226204 0.159746 -0.217358 0.0409515 -0.0150059
internal_weight=5287 1999 268 3288 3095 2991 2879 2702 1731 1549 885 664 776 444
internal_count=5287 1999 268 3288 3095 2991 2879 2702 1731 1549 885 664 776 444
cat_boundaries=0 1
cat_threshold=8
is_linear=0
shrinkage=0.03


Tree=112
num_leaves=15
num_cat=1
split_feature=1 5 0 2 5 3 3 2 11 8 9 8 0 6
split_gain=72383.8 109644 63016.8 152297 88949.4 108104 72679.3 62638.6 41196 120761 125604 104085 113070 80708.3
threshold=17.275818105972451 102.04503770927987 -109.26803515395387 -1.0000000180025095e-35 -98.019547187485685 -51.617265913064777 -41.151184557369824 29.912227677877734 0 125.16187398435792 -73.813991930959631 118.70061488190716 -44.954532263979708 23.881974867233865
decision_type=2 2 2 2 2 2 2 2 1 2 2 2 2 2
left_child=1 2 3 -1 -4 -6 -7 -2 9 -8 -11 -10 -13 -14
right_child=7 -3 4 -5 5 6 8 -9 11 10 -12 12 13 -15
leaf_value=1.0891500245426828 0.093470378249698532 -0.90412663151006223 -0.75942677937762837 -0.289090698741852 0.7690375843830406 -0.74683974142934451 -0.006513936903810847 1.0416285238428549 0.013113910772963007 1.3811083803033828 0.1360398644567784 0.39624583602222524 -1.0609512567110837 -0.17470400549863513
leaf_weight=142 151 112 132 131 150 112 1455 100 2019 115 181 100 223 161
leaf_count=142 151 112 132 131 150 112 1455 100 2019 115 181 100 223 161
internal_value=0.00952111 -0.0157095 0.00630305 0.440951 -0.0201178 0.00312195 -0.0248894 0.496659 -0.00417486 0.106764 0.649092 -0.081998 -0.47265 -0.703239
internal_weight=5284 5033 4921 273 4648 4516 4366 251 4254 1751 296 2503 484 384
internal_count=5284 5033 4921 273 4648 4516 4366 251 4254 1751 296 2503 484 384
cat_boundaries=0 1
cat_threshold=12
is_linear=0
shrinkage=0.03


Tree=113
num_leaves=15
num_cat=0
split_feature=6 8 3 3 10 8 9 5 3 7 8 7 6 8
split_gain=72227.2 122044 94410.3 82788.1 101184 97320.8 65867.9 57929.1 37325.2 92510.1 103413 42666.3 39650.1 35046.3
threshold=122.30864716830938 443.55360002923726 30.800760142470093 -51.617265913064777 14.799538580662585 178.65073150636888 197.70027697428296 74.405309429470236 -12.736217098622168 99.456940895054231 145.89477234674567 38.116160679773529 -48.657429436086026 86.827990803199938
decision_type=2 2 2 2 2 2 2 2 2 2 2 2 2 2
left_child=1 3 -2 5 6 -1 7 8 -5 10 11 13 -13 -10
right_child=2 -3 -4 4 -6 -7 -8 -9 9 -11 -12 12 -14 -15
leaf_value=-0.037713393305029187 -0.12396441707041411 -0.98924948389828204 1.1263745960029394 -0.16877051851600788 -0.7830922461726183 1.1631853661494971 0.55541428603362619 -0.63653513384051619 -0.020915746050896682 0.87583072715571952 -0.69360662274551188 0.70129113887485706 0.11453995156952415 -0.52046735397345723
leaf_weight=130 103 110 101 1169 153 103 161 134 1405 102 173 104 1235 129
leaf_count=130 103 110 101 1169 153 103 161 134 1405 102 173 104 1235 129
internal_value=-0.0212454 -0.0437843 0.518783 -0.0210419 -0.0484896 0.519177 -0.0224781 -0.0445796 -0.0247767 0.0290601 -0.0020685 0.0418344 0.164974 -0.0660238
internal_weight=5312 5108 204 4998 4765 233 4612 4451 4317 3148 3046 2873 1339 1534
internal_count=5312 5108 204 4998 4765 233 4612 4451 4317 3148 3046 2873 1339 1534
is_linear=0
shrinkage=0.03


Tree=114
num_leaves=15
num_cat=0
split_feature=3 6 10 10 9 2 6 2 7 9 9 4 3 7
split_gain=122918 159713 93985.6 111377 81111.1 48961.1 42223.6 50391.5 59295.3 61330.8 47535.1 31953.8 45752 42001.8
threshold=-60.43301526327901 -139.20038571044697 18.334109265793188 14.799538580662585 232.5970142903351 46.039237988130957 -100.14984734792968 -36.126799371866262 120.02928848738897 -232.94904927200471 -174.40000108747748 50.603116677353931 37.219330779456548 53.016684186835754
decision_type=2 2 2 2 2 2 2 2 2 2 2 2 2 2
left_child=-1 -2 3 4 5 6 -3 -8 9 -9 -11 12 13 -12
right_child=1 2 -4 -5 -6 -7 7 8 -10 10 11 -13 -14 -15
leaf_value=-0.73864888926652761 1.0967326152361019 -0.53683731234166765 0.81146080579076496 -0.90969582314898323 0.7650311801927846 -0.6135791463255883 -0.60403320899217028 -0.67660831090095819 0.67092119845818343 0.58128889342076584 -0.039595717955868484 0.42556722465488644 -0.57383809014064502 0.20253713064443934
leaf_weight=185 113 118 116 113 113 110 105 103 117 127 2892 152 113 819
leaf_count=185 113 118 116 113 113 110 105 103 117 127 2892 152 113 819
internal_value=0.000611862 0.0287606 0.00247304 -0.0183686 0.00461048 -0.0154448 0.000343316 0.0158358 0.0322509 0.0129355 0.0318485 0.0128842 -0.00458674 0.0142425
internal_weight=5296 5111 4998 4882 4769 4656 4546 4428 4323 4206 4103 3976 3824 3711
internal_count=5296 5111 4998 4882 4769 4656 4546 4428 4323 4206 4103 3976 3824 3711
is_linear=0
shrinkage=0.03


Tree=115
num_leaves=15
num_cat=1
split_feature=10 9 8 7 3 10 8 5 5 10 10 9 11 10
split_gain=115636 374774 151237 48588.9 118745 106770 36633.4 48625.6 24762.2 125447 54499.7 56795.9 58939.4 41956.7
threshold=15.710006851368876 -82.372382277023505 380.51093635097732 117.2980354120014 -27.161552027406838 11.790190660754002 185.4100506046849 74.405309429470236 30.496021750946849 6.9946206623598526 6.2479174866526863 -141.55628053549785 0 5.4477213599846737
decision_type=2 2 2 2 2 2 2 2 2 2 2 2 1 2
left_child=2 -2 3 5 -5 6 7 8 10 -10 13 -12 -13 -1
right_child=1 -3 -4 4 -6 -7 -8 -9 9 -11 11 12 -14 -15
leaf_value=-0.029709268213625413 1.9402926564619345 -0.27741488501429556 -1.0466562495753169 -0.38005990856402627 0.91749307751655573 -0.81629159347577518 0.40054211899396536 -0.62349682925530703 -0.034710976825422284 0.9983857200108468 0.23563468465502832 -0.15423062784656597 -0.84391128069858112 0.35186157019808889
leaf_weight=2598 101 174 122 101 143 144 175 111 606 118 132 294 184 278
leaf_count=2598 101 174 122 101 143 144 175 111 606 118 132 294 184 278
internal_value=-0.0112555 0.57659 -0.0446334 -0.0175158 0.386574 -0.039551 -0.0129168 -0.030548 -0.013474 0.144975 -0.0467025 -0.301816 -0.452021 0.00826554
internal_weight=5281 275 5006 4884 244 4640 4496 4321 4210 724 3486 610 478 2876
internal_count=5281 275 5006 4884 244 4640 4496 4321 4210 724 3486 610 478 2876
cat_boundaries=0 1
cat_threshold=19
is_linear=0
shrinkage=0.03


Tree=116
num_leaves=15
num_cat=1
split_feature=6 0 6 4 10 10 2 11 10 3 0 5 4 10
split_gain=174255 154300 126159 76053.2 141793 135624 54977.1 37014.4 58459.3 70318.8 55680.2 37837.1 60710 62884.9
threshold=127.18409936272798 -139.44091628089731 -153.6426472584746 -30.346074098663351 12.173318486996434 12.402299687695846 -7.0940856596734179 0 7.0463487188265645 8.8864368607979518 -75.416764017886663 8.622558513915882 35.999591571416694 5.4477213599846737
decision_type=2 2 2 2 2 2 2 1 2 2 2 2 2 2
left_child=1 -1 -3 5 7 6 -4 10 -9 -10 -5 -12 13 -13
right_child=-2 2 3 4 -6 -7 -8 8 9 -11 11 12 -14 -15
leaf_value=-0.81313317792919959 0.91011267608372948 0.98591832557646164 0.25620500070974234 0.6259919250917596 -0.8180111689843993 1.2058363906475675 -0.38957743746381773 -0.049027001489996225 0.0011399172819577732 -1.0445755881993544 -0.093025786804314545 0.11103714705356102 -0.26178166613944115 0.69301569002252783
leaf_weight=198 181 109 470 138 197 109 148 1342 107 116 1164 609 238 223
leaf_count=198 181 109 470 138 197 109 148 1342 107 116 1164 609 238 223
internal_value=0.0202585 -0.0126046 0.0208565 -0.00276308 -0.0526975 0.278046 0.0978108 -0.0124272 -0.124775 -0.564305 0.0621728 0.0249869 0.15304 0.273402
internal_weight=5349 5168 4970 4861 4134 727 618 3937 1565 223 2372 2234 1070 832
internal_count=5349 5168 4970 4861 4134 727 618 3937 1565 223 2372 2234 1070 832
cat_boundaries=0 1
cat_threshold=11
is_linear=0
shrinkage=0.03


Tree=117
num_leaves=15
num_cat=1
split_feature=6 8 7 1 4 0 4 11 0 5 1 5 6 6
split_gain=134398 124348 88209.3 526337 53731.2 52099.3 102068 66849.4 64662.4 50305.4 53850 49717.3 45886.5 40420.5
threshold=127.18409936272798 443.55360002923726 117.2980354120014 1.4821732045661002 -41.610574857205108 91.358221158763925 0.81573848590782061 0 72.532288835096239 -44.722802629124665 15.142883135781249 -33.15616951969897 -46.220314845330542 -78.42081512960273
decision_type=2 2 2 2 2 2 2 1 2 2 2 2 2 2
left_child=1 2 5 4 -4 8 7 -7 9 12 11 -11 13 -1
right_child=-2 -3 3 -5 -6 6 -8 -9 -10 10 -12 -13 -14 -15
leaf_value=0.38229570499538673 0.79428179072914651 -0.94875184690475467 0.067276736737236262 2.1052042518517911 -0.84883965817657681 -0.10406338730134254 0.15420448829103442 -1.1895598827391538 0.50687561537345605 -0.45603091652874417 -0.58802594172154976 -0.0015548640366480216 0.712537950768664 -0.29231434230349562
leaf_weight=159 182 115 117 107 101 101 196 118 211 222 154 3272 138 142
leaf_count=159 182 115 117 107 101 101 196 118 211 222 154 3272 138 142
internal_value=0.0149426 -0.0140682 0.00910457 0.479498 -0.375777 -0.0242795 -0.341141 -0.771838 0.0070364 -0.0199431 -0.0566808 -0.0316502 0.279804 0.0648752
internal_weight=5335 5153 5038 325 218 4713 415 219 4298 4087 3648 3494 439 301
internal_count=5335 5153 5038 325 218 4713 415 219 4298 4087 3648 3494 439 301
cat_boundaries=0 1
cat_threshold=24
is_linear=0
shrinkage=0.03


Tree=118
num_leaves=15
num_cat=0
split_feature=2 2 3 10 3 10 4 6 6 6 2 7 10 10
split_gain=101797 95312.6 156503 112694 65487.9 113107 321947 64765 47310.3 43020 40860 40979.4 61708.3 94904.1
threshold=54.337700700505145 -46.534430623883729 -51.617265913064777 16.073873004145863 -30.443405717939072 10.435349769147342 13.608337820578287 -94.074219031176469 -66.154933951291383 -57.309788220225833 30.847029427587099 47.809869998052527 7.6750363907532444 6.4904587938108893
decision_type=2 2 2 2 2 2 2 2 2 2 2 2 2 2
left_child=1 -1 -3 4 -4 7 -7 -6 -9 -10 11 -11 13 -13
right_child=-2 2 3 -5 5 6 -8 8 9 10 -12 12 -14 -15
leaf_value=-0.76907392315566536 0.91015719723057098 0.83616835311949245 -0.37657160371300985 -0.80816913792509815 -0.71718476192371272 -0.33190850049440113 1.6303150231521446 0.46957197593807271 -0.56032626920547646 -0.031204384720136261 -0.4017128326857618 0.24430753648552436 0.63043984745698878 -0.50346119707852743
leaf_weight=134 101 190 361 148 101 153 133 188 112 2459 193 649 217 189
leaf_count=134 101 190 361 148 101 153 133 188 112 2459 193 649 217 189
internal_value=0.0111439 -0.0079323 0.0135617 -0.0199529 0.00622502 0.0384583 0.604844 -0.00234669 0.017412 -0.00601499 0.0121949 0.0360034 0.191474 0.0717098
internal_weight=5328 5227 5093 4903 4755 4394 286 4108 4007 3819 3707 3514 1055 838
internal_count=5328 5227 5093 4903 4755 4394 286 4108 4007 3819 3707 3514 1055 838
is_linear=0
shrinkage=0.03


Tree=119
num_leaves=15
num_cat=0
split_feature=6 7 7 1 1 7 4 6 6 3 0 7 5 9
split_gain=52604.6 99998.9 153879 231264 94505.1 113699 48906.2 104315 87538.8 65101.4 58927.3 74324.7 117090 50674.3
threshold=147.0926106012349 186.11915020941245 117.2980354120014 1.4821732045661002 15.142883135781249 65.517090038319751 33.699513022580781 60.953016355390027 23.881974867233865 3.9035289131270154 -31.661101037513721 60.248094251525991 -18.537476938675571 -162.49751195383274
decision_type=2 2 2 2 2 2 2 2 2 2 2 2 2 2
left_child=1 2 4 -4 6 -6 7 10 -8 -9 11 -1 -13 -12
right_child=-2 -3 3 -5 5 -7 8 9 -10 -11 13 12 -14 -15
leaf_value=-0.030610387414679856 0.58667940053414169 -0.78944521872620832 -0.014243572586291546 1.7307257762923836 0.11265087854862213 -1.2180822670730675 0.8270909631645138 -1.1663554894030095 -0.019916592334129068 -0.2046949091754808 0.55475374874259742 -0.080274311340659668 -1.3291170180716165 0.018425826529018016
leaf_weight=523 117 142 175 102 100 122 155 105 327 153 158 153 113 2835
leaf_count=523 117 142 175 102 100 122 155 105 327 153 158 153 113 2835
internal_value=-0.0165739 -0.031352 -0.00838569 0.666224 -0.0490944 -0.639635 -0.0187554 -0.0530265 0.263736 -0.624986 -0.0124634 -0.241404 -0.639732 0.0484915
internal_weight=5280 5163 5021 277 4744 222 4522 4040 482 258 3782 789 266 2993
internal_count=5280 5163 5021 277 4744 222 4522 4040 482 258 3782 789 266 2993
is_linear=0
shrinkage=0.03


Tree=120
num_leaves=15
num_cat=0
split_feature=7 10 8 8 10 4 2 10 4 10 9 6 8 8
split_gain=59131.3 87300.3 173289 257333 100807 82133 72902.6 60431 103505 40420 109132 89791.2 75994.2 58296
threshold=165.83090825976498 12.402299687695846 178.65073150636888 274.51651020274687 11.044210919068474 -1.0000000180025095e-35 38.679637800690962 9.2387666633134913 -8.4806588162749339 7.1124421308200434 -138.43227223921556 -10.381263027717788 101.00979483221873 85.271051791229965
decision_type=2 2 2 2 2 2 2 2 2 2 2 2 2 2
left_child=1 4 -3 -4 6 -2 7 9 -9 12 -11 -12 13 -1
right_child=5 2 3 -5 -6 -7 -8 8 -10 10 11 -13 -14 -15
leaf_value=0.020078992282768656 0.12756947115847939 -0.44664241637706753 1.8391820783393327 -0.16755696499669875 -0.79295092070827611 -1.0047371207898661 -0.66433231265394843 1.1597152328491211 -0.071958743827096341 0.5202724843807518 -1.049474040755519 -0.079920152442595968 0.31468755446769686 -0.34631174934100695
leaf_weight=2659 104 115 119 101 138 114 133 101 135 110 152 187 678 448
leaf_count=2659 104 115 119 101 138 114 133 101 135 110 152 187 678 448
internal_value=-0.0100155 0.0111919 0.471958 0.950677 -0.0222907 -0.482651 0.00248289 0.0237619 0.480871 -0.00279012 -0.268685 -0.532261 0.0293768 -0.0336926
internal_weight=5294 5076 335 220 4741 218 4603 4470 236 4234 449 339 3785 3107
internal_count=5294 5076 335 220 4741 218 4603 4470 236 4234 449 339 3785 3107
is_linear=0
shrinkage=0.03


Tree=121
num_leaves=15
num_cat=0
split_feature=4 9 4 3 3 4 4 10 10 9 2 10 8 8
split_gain=105848 197504 115868 94574.1 95139.5 74560.4 100581 112896 45528.4 71111.6 71600.3 70372.1 41676.2 75899.2
threshold=-71.193925506606533 -320.28667873407778 69.704045565716555 -51.617265913064777 -42.200728725015246 -32.330240069260746 -46.863680968670216 5.3760634438559345 14.799538580662585 197.70027697428296 -27.968715499997408 10.558322662137513 152.58757941152518 128.64824669135149
decision_type=2 2 2 2 2 2 2 2 2 2 2 2 2 2
left_child=-1 -2 3 -3 -5 6 -6 -8 9 10 -7 12 13 -12
right_child=1 2 -4 4 5 8 7 -9 -10 -11 11 -13 -14 -15
leaf_value=-0.64787669346250343 1.3081254467937078 0.82089908161609293 -0.75406035879058031 -0.82181980934636345 -0.18345221113727753 -0.75212461421435528 0.15836642692581965 1.3631327849200794 -0.56927301238564876 0.69297558464056297 -0.0060672194754345125 0.6724920664491324 -0.37139515578989896 0.63301341543312772
leaf_weight=193 100 129 157 106 156 100 146 130 109 129 3361 135 245 166
leaf_count=193 100 129 157 106 156 100 146 130 109 129 3361 135 245 166
internal_value=0.0241849 0.0504808 0.0231436 0.0494665 0.0269913 0.0479412 0.418757 0.753649 0.00930899 0.0258932 0.00274574 0.0239375 -0.00099101 0.0257161
internal_weight=5362 5169 5069 4912 4783 4677 432 276 4245 4136 4007 3907 3772 3527
internal_count=5362 5169 5069 4912 4783 4677 432 276 4245 4136 4007 3907 3772 3527
is_linear=0
shrinkage=0.03


Tree=122
num_leaves=15
num_cat=1
split_feature=2 10 2 10 5 10 2 3 2 11 6 7 3 4
split_gain=103968 304789 95260 347655 89577.8 84365.1 88820.9 88968 83025.9 57501.1 44811.4 43500.1 82918.6 115047
threshold=19.789069207355393 10.727301652789047 -1.0000000180025095e-35 12.866759577231626 -36.736067829604345 15.710006851368876 -46.534430623883729 -50.035104639828994 31.885076190940044 0 -89.372439141619552 38.116160679773529 -11.810319130232665 -15.075328778045252
decision_type=2 2 2 2 2 2 2 2 2 1 2 2 2 2
left_child=2 8 5 4 -4 6 -1 -8 -2 -10 -9 -12 -13 -14
right_child=1 -3 3 -5 -6 -7 7 10 9 -11 11 12 13 -15
leaf_value=-0.77938990401296782 0.25585013350126257 1.3466952144191953 -0.84290452713551722 -1.8294972948942865 -0.048159190687274082 0.79637388843689516 0.73617496711867192 -0.44410539821048689 0.0078346334580452204 -0.90968859850242723 -0.10048301520010602 -0.051074094225168225 1.2979313101079957 0.21449163331469492
leaf_weight=106 405 187 128 102 1723 127 158 163 135 100 858 615 106 392
leaf_count=106 405 187 128 102 1723 127 158 163 135 100 858 615 106 392
internal_value=0.00790788 0.314849 -0.0493534 -0.206156 -0.107351 0.0722628 0.0307654 0.0714562 -0.00272378 -0.440605 0.0190368 0.0593867 0.182426 0.466114
internal_weight=5305 827 4478 1953 1851 2525 2398 2292 640 235 2134 1971 1113 498
internal_count=5305 827 4478 1953 1851 2525 2398 2292 640 235 2134 1971 1113 498
cat_boundaries=0 1
cat_threshold=7
is_linear=0
shrinkage=0.03


Tree=123
num_leaves=15
num_cat=2
split_feature=10 2 2 4 10 11 7 10 1 7 11 1 10 10
split_gain=107241 244887 367892 29268.8 42504.9 75920.2 38839.3 48406.8 28038.3 56835.1 59796.2 30314.1 44008.8 39444.8
threshold=13.552442845486132 21.486801845175023 -7.4286434764628568 69.704045565716555 11.044210919068474 0 105.20001245854145 9.8323869799418908 15.142883135781249 75.306849547328596 1 -8.0324362458400902 4.0119285577165824 5.4477213599846737
decision_type=2 2 2 2 2 1 2 2 2 2 1 2 2 2
left_child=3 2 -2 4 6 -6 7 8 9 11 -11 12 -1 -13
right_child=1 -3 -4 -5 5 -7 -8 -9 -10 10 -12 13 -14 -15
leaf_value=0.11219595785470719 0.88333810279713598 1.6427678780439423 -1.2240414903240819 0.47623526763720592 0.22013223375663285 -0.83599825652156545 0.44682568917198784 -0.58928451852387742 -0.33712206959724422 0.89689012914248134 0.04343047510604469 -0.0059268125824924007 -0.38272470193514552 0.25931655477331594
leaf_weight=272 177 113 114 112 101 120 179 109 175 118 176 2501 376 622
leaf_count=272 177 113 114 112 101 120 179 109 175 118 176 2501 376 622
internal_value=0.0569317 0.520443 0.0445285 0.0174197 0.00562102 -0.391358 0.0258163 0.00750267 0.0241951 0.040539 0.435142 0.00870494 -0.176432 0.0475601
internal_weight=5265 404 291 4861 4749 221 4528 4349 4240 4065 294 3771 648 3123
internal_count=5265 404 291 4861 4749 221 4528 4349 4240 4065 294 3771 648 3123
cat_boundaries=0 1 2
cat_threshold=20 5
is_linear=0
shrinkage=0.03


Tree=124
num_leaves=15
num_cat=0
split_feature=7 10 9 5 10 5 7 1 10 4 10 5 9 7
split_gain=127650 154749 104855 59685.1 131804 41527.4 68900.1 131963 48407.5 40905.4 82831.5 72813.8 64212.5 40474
threshold=199.90558382845225 18.334109265793188 -305.08123065140506 -98.019547187485685 13.552442845486132 -45.824265797802376 65.517090038319751 11.498974883311536 8.6210908984025263 36.702469938796767 7.6060745601542559 -20.023473998996923 -25.813479998816664 47.809869998052527
decision_type=2 2 2 2 2 2 2 2 2 2 2 2 2 2
left_child=1 2 -1 -4 5 8 13 9 -5 11 -11 -8 -13 -7
right_child=-2 -3 3 4 -6 6 7 -9 -10 10 -12 12 -14 -15
leaf_value=-0.8942331977894431 0.81310962827582101 -1.0757660979905821 -0.60607654232901464 0.1126076884437303 0.94673313868806719 -0.015849839899084513 0.39742769199448663 -1.008288545776816 0.83422376951304356 -0.24195163928322344 0.83621065285252894 -1.0664281080570894 -0.12210906981011115 0.21949626921637824
leaf_weight=104 161 112 121 367 131 2634 101 160 100 139 104 103 159 866
leaf_count=104 161 112 121 367 131 2634 101 160 100 139 104 103 159 866
internal_value=0.00658569 -0.0198932 0.00540892 0.0259305 0.0428639 0.0159033 -0.0137485 -0.269536 0.281379 -0.0612843 0.234297 -0.26013 -0.518907 0.042841
internal_weight=5362 5201 5089 4985 4864 4733 4266 766 467 606 243 363 262 3500
internal_count=5362 5201 5089 4985 4864 4733 4266 766 467 606 243 363 262 3500
is_linear=0
shrinkage=0.03


Tree=125
num_leaves=15
num_cat=0
split_feature=9 4 7 2 10 7 7 2 4 10 4 7 7 7
split_gain=115899 81501.7 67684.5 282608 239247 83168.1 63844.3 30172.1 56986.8 82664.1 76597 46952.9 43929.9 40804.1
threshold=-320.28667873407778 66.57755047830949 129.78179131927055 -24.228591791220754 14.799538580662585 101.42396814269419 92.746217602815406 -30.86995956842517 -19.945745444739114 7.9091072365495494 -16.246001882774124 77.989552048002466 38.345201944914997 65.517090038319751
decision_type=2 2 2 2 2 2 2 2 2 2 2 2 2 2
left_child=-1 2 4 -4 5 6 7 -2 9 -9 12 13 -10 -12
right_child=1 -3 3 -5 -6 -7 -8 8 10 -11 11 -13 -14 -15
leaf_value=0.88303513610450024 0.41205664908470108 -0.61423661860379763 -0.67260255658948742 1.3307939994098335 -1.3148190633283898 0.63258310469262524 -0.69347910422086723 -0.093540602315608887 0.14540976650606502 -0.95461619728650793 0.032025023499386095 0.56612404947695516 1.0312923899685795 -0.37606929279770313
leaf_weight=127 162 178 101 141 112 188 105 726 100 107 2840 128 100 229
leaf_count=127 162 178 101 141 112 188 105 726 100 107 2840 128 100 229
internal_value=0.0216987 -0.000918532 0.0219202 0.501155 -0.00324853 0.0308397 0.00433565 0.0225559 0.00670215 -0.214159 0.0613305 0.0247945 0.616368 0.000451691
internal_weight=5344 5217 5039 242 4797 4685 4497 4392 4230 833 3397 3197 200 3069
internal_count=5344 5217 5039 242 4797 4685 4497 4392 4230 833 3397 3197 200 3069
is_linear=0
shrinkage=0.03


Tree=126
num_leaves=15
num_cat=1
split_feature=3 11 7 8 8 8 0 9 0 2 9 7 2 8
split_gain=108116 56208.4 169816 101048 92724.7 158384 50966 54837.2 61376.2 45047.3 40682.6 40656.1 30187.1 29704.4
threshold=-69.498060028245888 0 74.046406333184137 365.70435548031088 274.51651020274687 210.62015631626434 -139.44091628089731 -219.04548094671941 -89.647258583111622 -33.786014523247992 83.50266516274452 38.345201944914997 6.0562134860244239 84.045154223092325
decision_type=2 1 2 2 2 2 2 2 2 2 2 2 2 2
left_child=-1 2 10 4 5 6 -3 -8 -9 -10 11 -2 13 -13
right_child=1 3 -4 -5 -6 -7 7 8 9 -11 -12 12 -14 -15
leaf_value=-0.81204780231059426 -0.11390764975974667 -0.59199338129927614 -0.95335953059481149 0.8002449128228033 -0.72929364072742742 1.0497917037876321 -0.52957268534804425 0.63432798580211758 0.62280740923553457 0.028243197734375652 -0.42945083890255398 0.45390625560554587 0.65453346713200999 -0.22192760396571384
leaf_weight=132 367 103 191 157 124 134 129 160 109 3208 144 100 142 116
leaf_count=132 367 103 191 157 124 134 129 160 109 3208 144 100 142 116
internal_value=0.00466718 0.0269866 -0.16597 0.0770792 0.0467124 0.0735792 0.0355823 0.0550956 0.0782439 0.0495944 0.0140811 0.10682 0.330043 0.0971983
internal_weight=5316 5184 1060 4124 3967 3843 3709 3606 3477 3317 869 725 358 216
internal_count=5316 5184 1060 4124 3967 3843 3709 3606 3477 3317 869 725 358 216
cat_boundaries=0 1
cat_threshold=2
is_linear=0
shrinkage=0.03


Tree=127
num_leaves=15
num_cat=0
split_feature=2 4 3 10 10 8 0 0 1 5 8 6 10 0
split_gain=158398 92615.5 169309 117224 65704.9 35527.2 89641.9 96667.9 103924 78751.4 61869.5 60262.9 69089.4 50341.9
threshold=54.337700700505145 53.473122687334744 38.355123188700766 17.696249644594385 13.084599796528236 109.84045587997591 91.358221158763925 3.4344631334496429 -11.038229087629636 -6.6504614190756017 198.88213961455352 -39.934735617186199 5.1762555449470513 -37.521597747428608
decision_type=2 2 2 2 2 2 2 2 2 2 2 2 2 2
left_child=1 3 -3 4 5 11 7 8 -7 -9 13 12 -1 -10
right_child=-2 2 -4 -5 -6 6 -8 9 10 -11 -12 -13 -14 -15
leaf_value=-0.11213542878386788 1.1277620982272283 -1.4347279712871501 0.024967120091861753 0.83628265944181701 -0.53817990475626132 0.72464958531891599 -0.49327113069869849 0.95409113363633236 0.35675303180778728 0.12706377648508424 -0.79857622479317614 0.019414435295739298 -0.89915229109373496 -0.39334346766565359
leaf_weight=361 102 104 191 143 191 126 152 238 160 184 112 3029 131 143
leaf_count=361 102 104 191 143 191 126 152 238 160 184 112 3029 131 143
internal_value=0.0113653 -0.0123598 -0.519805 0.0187435 -0.00715502 0.0158341 0.16262 0.270152 0.00289022 0.60478 -0.228141 -0.0309777 -0.335424 0.0014903
internal_weight=5367 5265 295 4970 4827 4636 1115 963 541 422 415 3521 492 303
internal_count=5367 5265 295 4970 4827 4636 1115 963 541 422 415 3521 492 303
is_linear=0
shrinkage=0.03


Tree=128
num_leaves=15
num_cat=0
split_feature=0 7 1 9 7 9 9 1 4 10 10 6 10 0
split_gain=177656 98026.3 212408 194321 105012 54031.5 56678 55409.1 46900 52218.4 42611.3 41832.2 35463.1 28374.9
threshold=195.31587299781793 125.29378403761946 5.5215575116341205 -60.272982889277053 112.14759678770552 -219.04548094671941 -154.41978023081268 15.142883135781249 41.967433617386277 9.6981210495202923 5.1972022367286828 -25.57867466239513 6.1365286189595674 113.82854210593733
decision_type=2 2 2 2 2 2 2 2 2 2 2 2 2 2
left_child=1 4 3 -3 5 -1 12 8 9 13 -10 -11 -7 -8
right_child=-2 2 -4 -5 -6 6 7 -9 10 11 -12 -13 -14 -15
leaf_value=-0.52212356669828297 1.0870715270005167 -0.061910365662154021 0.57994979541592229 -1.6533049622422022 0.88063909771350712 0.054416884714568202 -0.022623559207091932 -0.56750962606447186 -0.059113537248756204 -0.89457909305935557 0.74664890018894392 -0.09298945629850347 0.83751920868509577 0.43019715680632475
leaf_weight=182 118 126 109 145 107 100 3598 157 102 100 126 131 102 119
leaf_count=182 118 126 109 145 107 100 3598 157 102 100 126 131 102 119
internal_value=-0.01715 -0.044225 -0.501713 -0.941929 -0.00722406 -0.0291847 -0.00829662 -0.0316593 -0.0102059 -0.0347765 0.398838 -0.462719 0.470698 -0.0070111
internal_weight=5322 5204 380 271 4824 4717 4535 4333 4176 3948 228 231 202 3717
internal_count=5322 5204 380 271 4824 4717 4535 4333 4176 3948 228 231 202 3717
is_linear=0
shrinkage=0.03


Tree=129
num_leaves=15
num_cat=0
split_feature=10 1 9 9 1 7 2 8 10 10 6 7 7 1
split_gain=121560 181420 230649 116088 44977.2 87411.7 52952.4 110557 47064.4 76760.3 121841 82424.8 90001 30788.5
threshold=14.100845422667424 6.0619302805794311 -51.715524260265141 -289.45200208684395 15.142883135781249 65.517090038319751 -37.391472485525689 274.51651020274687 11.370053730694282 9.021791891785087 -2.7300068671270759 93.669367588426311 80.628238900712816 -6.569295363485792
decision_type=2 2 2 2 2 2 2 2 2 2 2 2 2 2
left_child=3 2 -2 -1 6 -6 -5 8 9 11 -11 12 13 -8
right_child=1 -3 -4 4 5 -7 7 -9 -10 10 -12 -13 -14 -15
leaf_value=-0.99069184914879171 1.0832439498412303 1.5371179458878257 -0.674277246594429 -0.52451083524174547 0.25457160472869872 -0.85670525628290362 -0.19348435709715181 0.72307731694061494 -0.5923772043614618 1.2463345629460101 -0.15627474097882288 -0.74975380565191663 0.7787026916071772 0.01510551684586562
leaf_weight=105 107 100 148 160 101 147 804 180 114 101 108 128 118 2921
leaf_count=105 107 100 148 160 101 147 804 180 114 101 108 128 118 2921
internal_value=-0.00994701 0.518594 0.0762405 -0.0485337 -0.0262865 -0.411803 -0.00481229 0.0149016 -0.0163955 0.000689413 0.547501 -0.0293931 -0.00351623 -0.0303138
internal_weight=5342 355 255 4987 4882 248 4634 4474 4294 4180 209 3971 3843 3725
internal_count=5342 355 255 4987 4882 248 4634 4474 4294 4180 209 3971 3843 3725
is_linear=0
shrinkage=0.03


Tree=130
num_leaves=15
num_cat=2
split_feature=4 6 0 8 8 7 8 11 7 7 11 7 7 4
split_gain=139101 152762 70849.8 113419 146741 140665 53045.8 52755.7 46352 46755.3 114197 48144.2 98235.4 37998.8
threshold=-92.068383040850918 -153.6426472584746 180.83289988795744 236.50682446071377 326.69056479415065 117.2980354120014 159.83884847047446 0 92.746217602815406 74.046406333184137 1 65.517090038319751 69.007045849924978 -39.550483290648977
decision_type=2 2 2 2 2 2 2 1 2 2 1 2 2 2
left_child=-1 -2 3 5 -5 6 8 -8 9 11 -11 13 -13 -3
right_child=1 2 -4 4 -6 -7 7 -9 -10 10 -12 12 -14 -15
leaf_value=-1.0109145967066289 1.1181543549682411 0.58400261400001396 0.70640274432397654 -1.1832617093774371 0.048859220925130342 1.0465988828853154 -0.83573462247848507 -0.026078697526827451 -0.4875229594827844 -0.29009367417781906 0.86876527810347781 -1.0598016588752335 0.10489156189851644 0.022415725685369405
leaf_weight=110 102 102 114 157 180 107 114 172 146 121 164 101 154 3450
leaf_count=110 102 102 114 157 180 107 114 172 146 121 164 101 154 3450
internal_value=-0.00111623 0.0222159 -0.00193324 -0.0195737 -0.542713 0.0195827 -0.00696264 -0.395255 0.0201099 0.0393663 0.403219 0.0111425 -0.379003 0.0401366
internal_weight=5294 5184 5082 4968 337 4631 4524 286 4238 4092 285 3807 255 3552
internal_count=5294 5184 5082 4968 337 4631 4524 286 4238 4092 285 3807 255 3552
cat_boundaries=0 1 2
cat_threshold=3 24
is_linear=0
shrinkage=0.03


Tree=131
num_leaves=15
num_cat=1
split_feature=2 8 11 3 7 8 8 1 7 7 7 8 1 2
split_gain=106781 121672 356703 77772.9 70523.1 70305.4 37397.5 105790 35497.3 98983.5 76927.5 59791.9 34553.6 25185.1
threshold=54.337700700505145 314.5060229448768 0 -51.617265913064777 122.51994680971393 210.62015631626434 159.83884847047446 0.51178628993257691 69.739423131079732 91.638340227183093 65.517090038319751 106.19968773547532 14.715013923564703 -27.226433426524114
decision_type=2 2 1 2 2 2 2 2 2 2 2 2 2 2
left_child=1 3 -3 -1 5 6 8 -8 10 11 12 -10 13 -5
right_child=-2 2 -4 4 -6 -7 7 -9 9 -11 -12 -13 -14 -15
leaf_value=0.57214067112044853 0.93083406244624733 -1.7554094809383378 0.33136697316772479 -0.41893692598678173 -0.61420608800107779 0.70476699071205573 0.17589644898176193 -1.056938387534835 0.040124610509142018 -0.45651633139918829 -0.73425999203393633 0.79045469530592571 0.51184755307435992 0.0097308745227009715
leaf_weight=210 100 113 158 118 155 120 140 100 163 126 119 225 110 3388
leaf_count=210 100 113 158 118 155 120 140 100 163 126 119 225 110 3388
internal_value=0.00577581 -0.0135989 -0.620947 0.0206709 -0.00478574 0.0169943 -0.00291683 -0.359515 0.0180221 0.24926 -0.0143808 0.484167 0.0112695 -0.0058471
internal_weight=5345 5245 271 4974 4764 4609 4489 240 4249 514 3735 388 3616 3506
internal_count=5345 5245 271 4974 4764 4609 4489 240 4249 514 3735 388 3616 3506
cat_boundaries=0 1
cat_threshold=6
is_linear=0
shrinkage=0.03


Tree=132
num_leaves=15
num_cat=1
split_feature=0 9 7 7 4 6 7 11 9 4 0 7 1 7
split_gain=98301.6 85009.1 98535.7 77721.7 65737.5 44792.9 89074.6 73470.6 64110 49396.4 38182.7 41932.8 59921.9 40197.9
threshold=-203.63762796391902 -253.48241486542847 165.83090825976498 129.78179131927055 -63.42549437966526 60.953016355390027 88.400815969989267 0 38.076918460195863 27.128726739790938 -82.435850005075807 68.324029545017609 -1.9638425375630495 64.146647647944476
decision_type=2 2 2 2 2 2 2 1 2 2 2 2 2 2
left_child=-1 -2 3 4 -3 6 10 9 -8 -7 -6 13 -13 -12
right_child=1 2 -4 -5 5 7 8 -9 -10 -11 11 12 -14 -15
leaf_value=-0.86059619513608632 0.59913193882343385 -0.69262773774319986 -0.75222782226709217 0.77100797022325018 -0.35988588983000352 -1.1224310830554793 1.1141693557493197 0.046603313585852874 0.095781031541526312 -0.20425723224878312 0.025146244253925747 0.85193628161473378 0.011582178053102994 -0.55297382659677941
leaf_weight=108 205 112 146 109 222 102 107 337 110 110 3220 123 180 102
leaf_count=108 205 112 146 109 222 102 107 337 110 110 3220 123 180 102
internal_value=-0.00438723 0.0150693 -0.0101259 0.0137942 -0.00526524 0.0128855 0.0474117 -0.238973 0.624897 -0.647514 0.0133015 0.0370832 0.369036 0.00578911
internal_weight=5293 5185 4980 4834 4725 4613 4064 549 217 212 3847 3625 303 3322
internal_count=5293 5185 4980 4834 4725 4613 4064 549 217 212 3847 3625 303 3322
cat_boundaries=0 1
cat_threshold=6
is_linear=0
shrinkage=0.03


Tree=133
num_leaves=15
num_cat=1
split_feature=3 0 7 7 11 3 10 0 9 10 6 3 1 9
split_gain=123379 95083.6 192678 188553 217267 42936.3 53816.4 55786.6 46147.5 39101.3 89143.4 97369.6 24493 26902.1
threshold=-69.498060028245888 121.15033290283229 91.638340227183093 125.29378403761946 0 55.479204157987674 11.970619158346079 -101.75231016813417 -23.213678488218736 7.9091072365495494 38.746909964846189 -15.747374142301352 14.715013923564703 -119.27199807033891
decision_type=2 2 2 2 1 2 2 2 2 2 2 2 2 2
left_child=-1 3 -3 5 -5 6 7 8 -2 12 11 -11 13 -9
right_child=1 2 -4 4 -6 -7 -8 9 -10 10 -12 -13 -14 -15
leaf_value=-0.95667216256031617 0.88470422118902203 -0.11525230432019649 1.3655638286721614 -1.6444909327370778 -0.061793013161645739 -0.56731357560438267 0.4988196565210819 -0.2945738444580937 0.04876093739355114 0.6677290057411065 -1.0299450968441208 -0.47869917379703347 0.38805948036246829 0.0011892439115839585
leaf_weight=120 100 196 121 120 192 109 184 292 132 101 104 157 125 3314
leaf_count=120 100 196 121 120 192 109 184 292 132 101 104 157 125 3314
internal_value=-0.0436872 -0.0210269 0.474455 -0.0537825 -0.75568 -0.00483072 0.00999197 -0.0119071 0.43075 -0.0379865 -0.331287 -0.0217345 -0.00871965 -0.0235089
internal_weight=5367 5247 317 4930 312 4618 4509 4325 232 4093 362 258 3731 3606
internal_count=5367 5247 317 4930 312 4618 4509 4325 232 4093 362 258 3731 3606
cat_boundaries=0 1
cat_threshold=3
is_linear=0
shrinkage=0.03


Tree=134
num_leaves=15
num_cat=0
split_feature=1 10 2 10 8 1 4 10 8 8 2 4 9 5
split_gain=104651 243100 66586.4 121728 198348 48420.3 61156.8 58778.4 45065.2 60703.8 102478 63707.2 71632 59572.1
threshold=22.166946540315813 19.348675481496297 -46.534430623883729 12.612624673279329 206.15252357814907 -17.957867010879514 -43.471580142425303 6.0914393268692484 230.69418936216107 106.19968773547532 -19.230566247631575 10.819776186794329 -25.02872524704928 51.420520783278768
decision_type=2 2 2 2 2 2 2 2 2 2 2 2 2 2
left_child=1 2 -1 5 -5 -4 7 -7 9 -8 -11 12 -12 -13
right_child=-2 -3 3 4 -6 6 8 -9 -10 10 11 13 -14 -15
leaf_value=-0.6635112278569828 0.79030690347398069 -1.2839781698058632 0.47845618799328804 -0.27995718567818406 1.3880016643918793 0.004197421084951471 -0.038917821531214716 -0.79983099666692437 -0.47329806128770791 1.0718230025950124 0.87429340417154366 -0.58714154901274707 -0.02757434384864673 0.19393146216869353
leaf_weight=122 133 126 162 110 135 152 3266 167 166 108 145 156 161 179
leaf_count=122 133 126 162 110 135 152 3266 167 166 108 145 156 161 179
internal_value=-0.0102781 -0.0324234 0.00141971 0.0192673 0.657511 -0.0156096 -0.0344174 -0.428237 -0.00341978 0.0171349 0.258844 0.107508 0.413925 -0.176268
internal_weight=5288 5155 5029 4907 245 4662 4500 319 4181 4015 749 641 306 335
internal_count=5288 5155 5029 4907 245 4662 4500 319 4181 4015 749 641 306 335
is_linear=0
shrinkage=0.03


Tree=135
num_leaves=15
num_cat=0
split_feature=6 10 4 9 4 10 10 10 8 10 9 1 10 10
split_gain=83018.5 135250 262566 63272.6 70951.4 69120.2 65908.3 62511.2 78235.1 46583.4 90034.3 38562.4 25911.4 26381.5
threshold=-163.74528557908661 16.073873004145863 -7.2500192130848182 -219.04548094671941 -6.7032275018299137 12.612624673279329 11.044210919068474 9.2387666633134913 145.89477234674567 7.3061048788686653 70.696942677730732 3.4197514710026846 6.8980607940252945 6.1365286189595674
decision_type=2 2 2 2 2 2 2 2 2 2 2 2 2 2
left_child=-1 3 -3 4 -2 6 7 9 -9 12 11 -11 13 -5
right_child=1 2 -4 5 -6 -7 -8 8 -10 10 -12 -13 -14 -15
leaf_value=0.81581735260392485 -0.99146810695397114 0.28352901452531415 -1.7056559877059723 0.065949370823952067 0.030443943766221188 0.67586974574969361 -0.67570928957151333 -0.031340504862913274 1.0681517674942977 0.32770001106051838 -0.89953382003703986 -0.38012548416088787 0.50529923255992149 -0.24035775457928465
leaf_weight=104 103 116 108 3494 132 146 105 113 109 160 129 107 103 263
leaf_count=104 103 116 108 3494 132 146 105 113 109 160 129 107 103 263
internal_value=0.0149941 -0.00259801 -0.707448 0.0305666 -0.439644 0.0548114 0.033598 0.0516983 0.531272 0.0254962 -0.280298 0.0405571 0.057511 0.0439259
internal_weight=5292 5188 224 4964 235 4729 4583 4478 222 4256 396 267 3860 3757
internal_count=5292 5188 224 4964 235 4729 4583 4478 222 4256 396 267 3860 3757
is_linear=0
shrinkage=0.03


Tree=136
num_leaves=15
num_cat=0
split_feature=2 2 6 2 7 8 2 0 8 5 5 4 2 9
split_gain=63154.3 85720.8 118044 63730.8 52980.1 103979 314653 73852.9 72000.6 166010 63781.2 40586.6 63095.8 41646.5
threshold=-46.534430623883729 -36.126799371866262 -139.20038571044697 -25.120622094086233 165.83090825976498 192.69410526124523 -1.0000000180025095e-35 -12.942113607049416 144.64767253422011 6.2848311456778854 -61.944408405851632 -19.945745444739114 -1.3533653465144244 56.132896962494172
decision_type=2 2 2 2 2 2 2 2 2 2 2 2 2 2
left_child=-1 -2 -3 -4 5 8 -7 -8 10 -10 -5 12 13 -12
right_child=1 2 3 4 -6 6 7 -9 9 -11 11 -13 -14 -15
leaf_value=-0.58671758946719432 0.76445742726761057 0.96269187996872763 -0.45264840580366705 0.71504940421224161 -0.5770671130948597 1.8495343401594593 -0.67828679651563806 0.37511875749988988 0.27356007422161538 -1.0505681499494957 0.13295169867575168 0.042875944311376986 -0.74071428664688821 -0.51851529206335545
leaf_weight=147 127 103 276 106 125 100 100 122 154 172 325 3214 148 110
leaf_count=147 127 103 276 106 125 100 100 122 154 172 325 3214 148 110
internal_value=0.00608989 0.024004 0.00392852 -0.0179134 0.00865796 0.0259757 0.537208 -0.108172 -0.0141254 -0.435534 0.0220961 0.000923607 -0.227177 -0.0397371
internal_weight=5329 5182 5055 4952 4676 4551 322 222 4229 326 3903 3797 583 435
internal_count=5329 5182 5055 4952 4676 4551 322 222 4229 326 3903 3797 583 435
is_linear=0
shrinkage=0.03


Tree=137
num_leaves=15
num_cat=0
split_feature=4 10 10 0 6 5 10 6 10 5 7 10 7 0
split_gain=97481.6 182896 133231 87193.4 47719.2 65762 103258 56233.7 151344 34503.2 52178.5 87772.6 52238.4 60161.5
threshold=-71.193925506606533 18.334109265793188 14.799538580662585 -163.17042255605386 -78.42081512960273 -77.9344697379601 7.6060745601542559 -51.983141883257659 5.4477213599846737 84.254303678643168 65.517090038319751 5.4893708983553555 70.318627108470864 -39.108366190527839
decision_type=2 2 2 2 2 2 2 2 2 2 2 2 2 2
left_child=-1 2 3 -2 5 -5 -7 8 -6 10 11 -9 -12 -14
right_child=1 -3 -4 4 7 6 -8 9 -10 -11 12 -13 13 -15
leaf_value=-0.65414195729662539 0.80977425668199188 1.0456052087737411 -0.97260882735252385 -0.32118551031963244 0.076289798085620295 0.049283003695088728 1.2267568148099459 -0.053400778059934789 -1.1625239291557898 0.44207450135292048 -0.82846534662559379 0.34244374134528638 -0.61545174975956185 0.054413521339289506
leaf_weight=197 108 139 119 101 231 159 107 2598 133 136 112 615 160 411
leaf_count=197 108 139 119 101 231 159 107 2598 133 136 112 615 160 411
internal_value=-0.0158664 0.00987434 -0.0210102 0.00418266 -0.0157423 0.308243 0.550215 -0.0434284 -0.395334 -0.0107596 -0.0276583 0.0231952 -0.263768 -0.140652
internal_weight=5326 5129 4990 4871 4763 367 266 4396 364 4032 3896 3213 683 571
internal_count=5326 5129 4990 4871 4763 367 266 4396 364 4032 3896 3213 683 571
is_linear=0
shrinkage=0.03


Tree=138
num_leaves=15
num_cat=1
split_feature=1 7 7 10 10 11 9 2 0 10 0 10 4 7
split_gain=79304.2 114306 109788 96401.5 114847 321179 73602.7 51375.7 36302.1 41859.4 34225.9 43180.6 32932.5 21906.6
threshold=17.275818105972451 102.46729678875856 165.83090825976498 15.710006851368876 11.370053730694282 0 204.94427829455867 32.653557913532779 91.358221158763925 9.2387666633134913 -109.26803515395387 8.2925479404415494 1.0000000180025095e-35 47.498379186202307
decision_type=2 2 2 2 2 1 2 2 2 2 2 2 2 2
left_child=2 -2 3 4 6 -6 7 8 9 10 -1 13 -10 -12
right_child=1 -3 -4 -5 5 -7 -8 -9 12 -11 11 -13 -14 -15
leaf_value=0.48564578343410886 -1.7801424754517418e-05 1.25283224810447 -0.69331962423339155 0.77176870016443644 0.54579764439993428 -1.4783197931973437 0.74751425992874865 -0.51231133468173162 -0.5400168788760572 0.54033773169209875 -0.013534032977667861 -0.55874084832657744 0.079748191480125699 0.1485284698064756
leaf_weight=137 158 102 192 139 115 139 116 152 172 145 2397 103 130 1082
leaf_count=137 158 102 192 139 115 139 116 152 172 145 2397 103 130 1082
internal_value=0.0188282 0.519682 -0.00809941 0.0205331 -0.0033365 -0.611251 0.0327847 0.0119012 0.0322086 0.0572073 0.0369721 0.0185075 -0.279225 0.0371501
internal_weight=5279 260 5019 4827 4688 254 4434 4318 4166 3864 3719 3582 302 3479
internal_count=5279 260 5019 4827 4688 254 4434 4318 4166 3864 3719 3582 302 3479
cat_boundaries=0 1
cat_threshold=20
is_linear=0
shrinkage=0.03


Tree=139
num_leaves=15
num_cat=0
split_feature=2 1 7 7 5 1 7 7 1 8 8 3 4 6
split_gain=83176.1 69646.7 256577 124938 244085 63781.9 132477 58811.2 40681.1 87304.5 55202.3 63333.1 121227 112911
threshold=54.337700700505145 5.9215409412837605 113.45377442550522 120.02928848738897 -35.18120089084907 14.306873951821002 65.996941195432882 62.591102661309598 -12.334337877275248 133.98412833035448 82.908104227130778 18.140732533804776 12.337877027501767 62.374621357697485
decision_type=2 2 2 2 2 2 2 2 2 2 2 2 2 2
left_child=1 3 5 8 -5 7 -7 -3 9 -1 -10 12 -12 -13
right_child=-2 2 -4 4 -6 6 -8 -9 10 -11 11 13 -14 -15
leaf_value=-0.00077522283884195174 0.81711444390125754 0.033333779328058637 1.4224907923859658 -1.5391855076163798 0.14181783983262916 0.29543033793568613 -1.0441693862648898 0.63441259281451889 0.057813661277089291 0.92834014394771658 -0.22359046682412853 -0.9836459966889326 0.64340835611974256 0.11653766382384945
leaf_weight=315 107 594 129 133 167 130 119 185 2063 118 778 197 168 138
leaf_count=315 107 594 129 133 167 130 119 185 2063 118 778 197 168 138
internal_value=0.0260188 0.00831893 0.21271 -0.0500632 -0.629038 0.0486575 -0.360377 0.182312 -0.00253669 0.267665 -0.0382177 -0.192122 -0.0645006 -0.540195
internal_weight=5341 5234 1157 4077 300 1028 249 779 3777 433 3344 1281 946 335
internal_count=5341 5234 1157 4077 300 1028 249 779 3777 433 3344 1281 946 335
is_linear=0
shrinkage=0.03


Tree=140
num_leaves=15
num_cat=0
split_feature=1 3 7 2 2 1 8 9 0 8 8 7 7 7
split_gain=101099 86163.2 53616.2 81856.8 90276 93914.6 104709 48419.2 64331.8 82068.8 68182.8 59454.8 52500.1 47720.2
threshold=-20.940523415541161 -69.498060028245888 165.83090825976498 -38.451588117134584 -27.226433426524114 20.779594536149954 326.69056479415065 -13.148385959487809 63.335204676601357 181.13175529705254 109.84045587997591 99.456940895054231 72.449597737864579 81.450828614230048
decision_type=2 2 2 2 2 2 2 2 2 2 2 2 2 2
left_child=-1 -2 3 -3 -5 6 7 8 9 12 -10 13 -6 -9
right_child=1 2 -4 4 5 -7 -8 11 10 -11 -12 -13 -14 -15
leaf_value=-0.7665800528256399 0.82827562515800068 0.78589867518116263 -0.52960086691430064 -0.61660770000269005 0.031750625868408495 -0.75711925022893667 0.94884627460586746 -0.066290910998220889 0.1543940116406077 -0.72124752911925316 1.0602513092240011 -0.6945491223610365 0.54829315162947956 0.52596939343352644
leaf_weight=149 101 107 167 206 1111 129 100 2412 192 105 117 120 201 119
leaf_count=149 101 107 167 206 1111 129 100 2412 192 105 117 120 201 119
internal_value=-0.0214385 0.00140005 -0.0166135 0.00184151 -0.0171865 0.0108999 0.0346676 0.0116664 0.134895 0.0478899 0.519873 -0.0687704 0.114434 -0.0364843
internal_weight=5336 5187 5086 4919 4812 4606 4477 4377 1726 1417 309 2651 1312 2531
internal_count=5336 5187 5086 4919 4812 4606 4477 4377 1726 1417 309 2651 1312 2531
is_linear=0
shrinkage=0.03


Tree=141
num_leaves=15
num_cat=0
split_feature=3 2 3 10 9 6 7 10 7 5 10 4 3 3
split_gain=89480.3 87274.8 92281.4 183752 79442.7 40478 45305 95121.8 66501.9 27989.9 43798.2 24850.1 28357.5 32143
threshold=-60.43301526327901 -41.519718172213111 65.181940200781739 14.799538580662585 204.94427829455867 101.39260177426935 98.46314633076075 9.5270635579311325 80.628238900712816 -61.944408405851632 7.9091072365495494 1.0000000180025095e-35 10.31459728593302 -4.4119272728684171
decision_type=2 2 2 2 2 2 2 2 2 2 2 2 2 2
left_child=-1 -2 3 4 5 6 7 8 9 -3 11 12 13 -11
right_child=1 2 -4 -5 -6 -7 -8 -9 -10 10 -12 -13 -14 -15
leaf_value=-0.64804948779443905 0.8154388625367448 0.38118405451774595 0.67884437851158963 -0.94763728695212246 0.70081917709963659 -0.47079245756041593 0.42873419952174513 -0.6550819306269936 0.59607112147050301 -0.1454014204820204 -0.51618919970058808 0.062549164838808444 -0.5469880104905519 0.14833461195708086
leaf_weight=188 106 140 156 183 130 166 195 197 154 1178 154 1823 107 458
leaf_count=188 106 140 156 183 130 166 195 197 154 1178 154 1823 107 458
internal_value=-0.0222204 0.00185104 -0.0168373 -0.0403949 -0.00314925 -0.0246517 -0.00681487 -0.0279519 0.00437798 -0.0207077 -0.036814 -0.0147263 -0.0954443 -0.0627681
internal_weight=5335 5147 5041 4885 4702 4572 4406 4211 4014 3860 3720 3566 1743 1636
internal_count=5335 5147 5041 4885 4702 4572 4406 4211 4014 3860 3720 3566 1743 1636
is_linear=0
shrinkage=0.03


Tree=142
num_leaves=15
num_cat=0
split_feature=5 2 8 8 2 8 4 2 8 6 5 8 5 6
split_gain=62934.7 64984.4 241609 194657 210712 143417 81036.1 70228.5 118474 121518 91626 72325.3 30558.5 30277.2
threshold=108.81817438701275 -25.120622094086233 267.54557649112297 267.54557649112297 1.3813559064277665 145.89477234674567 -32.330240069260746 24.933671206607261 156.72064734577788 -74.899463038468085 59.010106788699439 128.64824669135149 -61.944408405851632 23.177087236346221
decision_type=2 2 2 2 2 2 2 2 2 2 2 2 2 2
left_child=1 2 5 7 -5 6 -1 8 12 -10 11 13 -3 -9
right_child=-2 3 -4 4 -6 -7 -8 10 9 -11 -12 -13 -14 -15
leaf_value=0.15056543696839961 -0.66113941454373659 0.46916249360747009 -1.4887017158128448 1.7368838189471336 0.063166001737117769 0.7603237904450908 -0.82735718536899694 0.6035313086519557 0.19634161953554777 -1.0151949894773786 -0.34362219192632815 1.2304864729272909 0.0024915413253582073 -0.088786557074141709
leaf_weight=145 114 121 108 116 148 151 145 111 112 197 113 106 3512 103
leaf_count=145 114 121 108 116 148 151 145 111 112 197 113 106 3512 103
internal_value=0.00681439 0.0227355 -0.282929 0.05944 0.835137 0.0388235 -0.349676 0.0108345 -0.0293411 -0.583673 0.368996 0.623427 0.0192796 0.281225
internal_weight=5302 5188 549 4639 264 441 290 4375 3942 309 433 320 3633 214
internal_count=5302 5188 549 4639 264 441 290 4375 3942 309 433 320 3633 214
is_linear=0
shrinkage=0.03


Tree=143
num_leaves=15
num_cat=0
split_feature=1 4 8 8 6 7 8 4 6 3 7 3 0 4
split_gain=68289.7 81170.5 152759 120379 82470 161540 143777 259758 142595 32271.8 47754.4 53045.7 54714.9 45163.4
threshold=22.166946540315813 -54.830120183685764 349.80412339871037 223.55933020413775 -75.973572824285228 71.952044095340668 144.64767253422011 -16.642071245830884 82.014494245889878 -19.179725471913052 49.484300972151892 19.812018107208395 -33.039421161830347 -32.330240069260746
decision_type=2 2 2 2 2 2 2 2 2 2 2 2 2 2
left_child=1 3 4 -1 5 -3 9 -8 -9 13 -11 12 -12 -6
right_child=-2 2 -4 -5 6 -7 7 8 -10 10 11 -13 -14 -15
leaf_value=0.018407537560571324 0.69400211073896456 -0.048978862424154536 0.93066956240749921 -1.1263946101595375 0.2033039247424438 1.2888265046318068 0.73429052991526467 -1.4579164760746059 -0.28019288069754839 0.0050847410839629462 0.014874337255954741 0.041556886540399386 0.73854075734487457 -0.34768462962045926
leaf_weight=210 126 212 159 126 193 121 109 182 190 2405 140 475 279 391
leaf_count=210 126 212 159 126 193 121 109 182 190 2405 140 475 279 391
internal_value=0.0303802 0.0129722 0.0445174 -0.43104 0.0126064 0.460533 -0.0225479 -0.506269 -0.879473 0.0385187 0.0749786 0.260868 0.502726 -0.165237
internal_weight=5318 5192 4856 336 4697 333 4364 481 372 3883 3299 894 419 584
internal_count=5318 5192 4856 336 4697 333 4364 481 372 3883 3299 894 419 584
is_linear=0
shrinkage=0.03


Tree=144
num_leaves=15
num_cat=0
split_feature=8 9 10 5 10 1 10 5 5 10 5 7 7 7
split_gain=94737.1 71783.4 60204 180855 71682.6 47903.5 53277.3 73487.2 27529.2 32824.2 57250.2 59336 32293.6 71450.6
threshold=476.16871591019208 232.5970142903351 14.458445634959268 -3.6230237746388005 12.173318486996434 -18.599541846267002 9.5270635579311325 -16.031884049049506 -32.68502338506439 3.8673044600098905 -64.577484444928317 49.484300972151892 92.746217602815406 76.840933983491283
decision_type=2 2 2 2 2 2 2 2 2 2 2 2 2 2
left_child=1 2 4 -4 5 -1 8 -8 9 -7 -11 -12 13 -10
right_child=-2 -3 3 -5 -6 6 7 -9 12 10 11 -13 -14 -15
leaf_value=0.51910144944650094 -0.81502776367719776 0.58997164848058115 0.31888933672791431 -1.345639005762286 0.6377558713321444 0.12750818607807157 -1.0123535496773926 0.018321307565759993 0.017432571817070072 0.14010893813052844 -0.018570227074352179 -0.85725399201139441 -0.41261840181464288 0.66865929367829036
leaf_weight=138 119 174 116 103 148 215 105 135 3286 162 122 193 133 149
leaf_count=138 119 174 116 103 148 215 105 135 3286 162 122 193 133 149
internal_value=-0.0119722 0.00801511 -0.0133528 -0.488547 0.00936463 -0.0120165 -0.029419 -0.455056 -0.00442988 -0.176191 -0.312885 -0.542996 0.0292818 0.0475398
internal_weight=5298 5179 5005 219 4786 4638 4500 240 4260 692 477 315 3568 3435
internal_count=5298 5179 5005 219 4786 4638 4500 240 4260 692 477 315 3568 3435
is_linear=0
shrinkage=0.03


Tree=145
num_leaves=15
num_cat=1
split_feature=11 6 10 3 6 9 6 10 1 6 10 9 6 10
split_gain=75150.6 311450 299975 129307 177167 86407.1 68352.5 109126 190060 148798 82618.1 33824 69994.4 39823.9
threshold=0 122.30864716830938 10.876266870373639 55.479204157987674 -139.20038571044697 -264.18613411849537 60.953016355390027 8.7206653398329674 4.9396327378565497 -48.657429436086026 6.2479174866526863 80.234017170843416 25.552485100668147 4.930450242089722
decision_type=1 2 2 2 2 2 2 2 2 2 2 2 2 2
left_child=2 3 11 4 -2 -6 7 -7 9 -9 -8 12 13 -1
right_child=1 -3 -4 -5 5 6 10 8 -10 -11 -12 -13 -14 -15
leaf_value=0.04754725106027842 1.1511221891571217 1.3718085946227021 -1.5635619935164085 -0.91281221990401928 -0.76698576538222696 0.016883505595368286 0.077094884726601795 -0.73148757630272909 1.60063489797953 0.63122552495317408 -0.83017145213692689 -0.39553013002286191 0.50985327281410231 -0.48735166492064796
leaf_weight=407 117 149 120 120 114 2947 187 104 101 187 162 173 212 170
leaf_count=407 117 149 120 120 114 2947 187 104 101 187 162 173 212 170
internal_value=0.0115795 0.0692712 -0.209032 0.0181219 0.0488779 0.0120275 0.0381166 0.0801902 0.543861 0.136086 -0.355437 -0.0278711 0.056685 -0.115666
internal_weight=5270 4188 1082 4039 3919 3802 3688 3339 392 291 349 962 789 577
internal_count=5270 4188 1082 4039 3919 3802 3688 3339 392 291 349 962 789 577
cat_boundaries=0 1
cat_threshold=2
is_linear=0
shrinkage=0.03


Tree=146
num_leaves=15
num_cat=0
split_feature=0 10 7 0 7 3 7 5 7 5 7 7 10 4
split_gain=129934 88609.2 86997.8 72105.6 95927.7 68716.4 91716.8 142770 126923 33126 39112.7 33052.6 61591 33731.8
threshold=-203.63762796391902 19.348675481496297 165.83090825976498 -95.599388843613369 82.203492871255662 -51.617265913064777 82.970999569640398 -36.736067829604345 98.46314633076075 56.282500579241663 73.039431739824565 65.517090038319751 9.2387666633134913 35.999591571416694
decision_type=2 2 2 2 2 2 2 2 2 2 2 2 2 2
left_child=-1 2 3 4 -2 -5 9 -8 -9 10 11 12 13 -7
right_child=1 -3 -4 5 -6 6 7 8 -10 -11 -12 -13 -14 -15
leaf_value=-1.031299438853013 0.031751508648172388 0.75699780582485332 -0.75690054776785254 0.52220051574457371 1.1340810703387303 0.0032925760966369096 -1.2430795676509538 -0.80605941513594048 0.37504275846130708 -0.38480647467403878 0.43836443179845808 -0.39882006763787792 0.69235575108151681 -0.46424546291704832
leaf_weight=104 193 123 133 181 103 3289 134 127 194 195 170 181 104 135
leaf_count=104 193 123 133 181 103 3289 134 127 194 195 170 181 104 135
internal_value=-0.0292766 -0.0075537 -0.0272876 -0.00643282 0.439859 -0.0353525 -0.0587363 -0.457903 -0.102482 -0.0131438 0.00648139 -0.0144392 0.00635251 -0.0164395
internal_weight=5366 5262 5139 5006 296 4710 4529 455 321 4074 3879 3709 3528 3424
internal_count=5366 5262 5139 5006 296 4710 4529 455 321 4074 3879 3709 3528 3424
is_linear=0
shrinkage=0.03


Tree=147
num_leaves=15
num_cat=0
split_feature=6 7 3 10 9 9 10 2 10 7 5 4 10 1
split_gain=101179 93691.7 76626.8 84263.1 54315.2 43412.4 61907.6 50412.5 86078 47899.1 113953 31535 31064.4 80618.9
threshold=122.30864716830938 186.11915020941245 55.479204157987674 15.710006851368876 232.5970142903351 151.43026241103371 6.2479174866526863 35.827131935095764 11.790190660754002 85.990954188708045 1.5595763263867004 42.606939009658724 5.4893708983553555 -7.1002735408624114
decision_type=2 2 2 2 2 2 2 2 2 2 2 2 2 2
left_child=1 2 3 4 5 7 -7 8 9 11 -11 12 -1 -14
right_child=-2 -3 -4 -5 -6 6 -8 -9 -10 10 -12 -13 13 -15
leaf_value=-0.034180861150055968 0.67731045726519912 -0.74757941797971728 -0.67351930683767292 0.73347592985630028 0.64118492090702051 0.10152239870083959 -0.90190894691567669 0.64349170098347319 -0.69304328355651634 0.83865210617832986 -0.37567237766410133 -0.44202382245481431 -0.32195915943781533 0.33782107968813246
leaf_weight=2855 191 140 132 140 110 104 104 102 146 178 103 132 215 643
leaf_count=2855 191 140 132 140 110 104 104 102 146 178 103 132 215 643
internal_value=0.0170999 -0.00888236 0.0134122 0.03353 0.0111295 -0.00535961 -0.418551 0.0151991 -0.00127004 0.0248251 0.39593 -0.00325271 0.0134913 0.170687
internal_weight=5295 5104 4964 4832 4692 4582 208 4374 4272 4126 281 3845 3713 858
internal_count=5295 5104 4964 4832 4692 4582 208 4374 4272 4126 281 3845 3713 858
is_linear=0
shrinkage=0.03


Tree=148
num_leaves=15
num_cat=0
split_feature=9 5 2 10 2 0 0 1 8 5 9 10 10 9
split_gain=89403.2 188708 184814 164190 143491 73390.4 70104.4 46313.8 63455.5 84460.9 53498.5 87802.3 54031.3 21842.3
threshold=-179.42480977140585 -98.019547187485685 -23.024386532831802 10.558322662137513 -36.126799371866262 -134.35881420942104 -95.599388843613369 16.665814082408463 267.54557649112297 74.405309429470236 147.97107390763117 7.6750363907532444 10.281751612862367 120.15078419300734
decision_type=2 2 2 2 2 2 2 2 2 2 2 2 2 2
left_child=2 -2 -1 -4 -3 -6 -7 8 9 10 12 -12 13 -8
right_child=1 4 3 -5 5 6 7 -9 -10 -11 11 -13 -14 -15
leaf_value=-0.65932617431556861 -1.1238419100675319 0.8643073764478052 0.16813729137614153 1.483152157314362 -0.6069576870808836 0.6480588108784443 -0.0049686645747796885 -0.51521450184887241 0.58545239708489838 -0.82144107497256724 0.061286818294585509 -1.0510289585107082 0.60476916619947729 0.38984804615037133
leaf_weight=101 125 162 197 145 173 138 3373 151 152 105 148 101 133 121
leaf_count=101 125 162 197 145 173 138 3373 151 152 105 148 101 133 121
internal_value=0.0195838 -0.0177899 0.422755 0.751969 0.0135705 -0.0182346 0.00611528 -0.0160246 0.00341293 -0.0202214 0.00354148 -0.413054 0.0331985 0.00977771
internal_weight=5325 4882 443 342 4757 4595 4422 4284 4133 3981 3876 249 3627 3494
internal_count=5325 4882 443 342 4757 4595 4422 4284 4133 3981 3876 249 3627 3494
is_linear=0
shrinkage=0.03


Tree=149
num_leaves=15
num_cat=0
split_feature=3 3 7 1 7 5 7 10 6 3 1 6 4 10
split_gain=195203 104863 68426 254841 139816 55253 79394.7 79317.1 42919.7 71564.1 47892 16138 57336.9 47537
threshold=-69.498060028245888 -51.617265913064777 122.51994680971393 2.1881249890478478 102.46729678875856 79.866679931241805 93.669367588426311 10.558322662137513 58.06705272963822 3.9035289131270154 2.2961785535101584 -15.578167621115922 16.019226596102495 5.4893708983553555
decision_type=2 2 2 2 2 2 2 2 2 2 2 2 2 2
left_child=-1 -2 4 -4 5 6 7 8 11 -10 -11 12 -3 -13
right_child=1 2 3 -5 -6 -7 -8 -9 9 10 -12 13 -14 -15
leaf_value=-1.1553264643996954 0.82040973321819788 -0.004475588733244335 -1.1176647491398313 0.61454019526334913 0.82230198229276208 0.64001587740513455 -0.7965165576809331 0.60996602135227318 -0.96184133363736635 0.33772515693960126 -0.38283530012313566 -0.0090279856033020894 -0.63179130655445459 0.32599464775033932
leaf_weight=118 137 1289 179 120 185 109 104 177 101 136 183 1864 136 469
leaf_count=118 137 1289 179 120 185 109 104 177 101 136 183 1864 136 469
internal_value=0.00206423 0.0305554 0.0075577 -0.425076 0.035609 0.00202197 -0.014971 0.00547482 -0.0215296 -0.305451 -0.0747092 0.0109283 -0.0683312 0.0594251
internal_weight=5307 5189 5052 299 4753 4568 4459 4355 4178 420 319 3758 1425 2333
internal_count=5307 5189 5052 299 4753 4568 4459 4355 4178 420 319 3758 1425 2333
is_linear=0
shrinkage=0.03


Tree=150
num_leaves=15
num_cat=1
split_feature=1 7 0 4 8 4 1 0 5 1 8 8 11 0
split_gain=56464.1 91933 92002.6 43658.9 103757 196581 92295.4 96504.5 83832.2 37173.9 84176.5 53704.5 92263.4 35690.9
threshold=15.142883135781249 65.517090038319751 21.37092401229096 -50.449579266003674 210.62015631626434 5.2889844175513607 -11.704069300672934 8.801202267681921 44.697593724801301 -12.94312504636053 108.22971421344415 144.64767253422011 0 52.277016458301595
decision_type=2 2 2 2 2 2 2 2 2 2 2 2 1 2
left_child=3 -2 -3 6 9 -6 -1 -8 -7 10 -5 13 -13 -11
right_child=1 2 -4 4 5 8 7 -9 -10 11 -12 12 -14 -15
leaf_value=0.37047756233544488 0.32933334796336189 -1.2374615763798924 -0.026417115719480948 -0.090307631438213673 1.2951158920804897 -0.66043066231550362 0.076516283124434842 -1.0818708081947219 0.50093007427615088 -0.026907126726995471 0.91046032295670609 0.25957507829596527 -0.77032168872148077 0.22035142630233237
leaf_weight=124 106 121 100 179 157 103 109 145 101 3013 119 117 186 626
leaf_count=124 106 121 100 179 157 103 109 145 101 3013 119 117 186 626
internal_value=-0.000457539 -0.376293 -0.714344 0.0249305 0.0506005 0.531695 -0.280775 -0.600699 -0.0889039 0.00848471 0.325913 -0.0162756 -0.393369 0.0161149
internal_weight=5306 327 221 4979 4601 361 378 254 204 4240 298 3942 303 3639
internal_count=5306 327 221 4979 4601 361 378 254 204 4240 298 3942 303 3639
cat_boundaries=0 1
cat_threshold=12
is_linear=0
shrinkage=0.03


Tree=151
num_leaves=15
num_cat=2
split_feature=2 11 10 2 11 10 10 4 0 7 7 7 4 1
split_gain=75371.1 63884.7 371225 75788.5 137979 90312.8 122996 253441 134551 44389.8 40811.6 48656.4 61756.4 46466.5
threshold=54.337700700505145 0 10.876266870373639 -36.126799371866262 1 17.006829569385904 10.435349769147342 26.705889361586948 -5.4332000972940202 65.517090038319751 97.11289109769551 80.628238900712816 45.949085565813405 10.42124953157373
decision_type=2 1 2 2 1 2 2 2 2 2 2 2 2 2
left_child=1 2 9 4 -3 6 10 8 -8 -1 11 12 13 -5
right_child=-2 3 -4 5 -6 -7 7 -9 -10 -11 -12 -13 -14 -15
leaf_value=0.084482330516694654 0.77189081444947616 1.1806193664905835 -1.7274053189903498 -0.025355824405962908 -0.24704889919182924 -0.79568310662978836 -0.75069181667228713 1.7568011670320163 0.65478411501912925 -0.44722642910062221 -0.45348974339032577 0.50537815471201442 -0.70785461336978384 0.3738011611843931
leaf_weight=804 105 119 118 2757 103 109 103 102 124 161 167 162 101 280
leaf_count=804 105 119 118 2757 103 109 103 102 124 161 167 162 101 280
internal_value=0.0122043 -0.00455542 -0.207448 0.0494419 0.576375 0.0182162 0.0436161 0.589011 0.0122907 -0.00790472 -0.00968413 0.0140773 -0.012811 0.012551
internal_weight=5315 5210 1083 4127 222 3905 3796 329 227 965 3467 3300 3138 3037
internal_count=5315 5210 1083 4127 222 3905 3796 329 227 965 3467 3300 3138 3037
cat_boundaries=0 1 2
cat_threshold=2 9
is_linear=0
shrinkage=0.03


Tree=152
num_leaves=15
num_cat=2
split_feature=6 0 4 2 9 7 11 7 6 3 4 11 6 3
split_gain=109616 109333 79167.3 56508 90742.6 86692.8 85090.7 81826.8 50233.5 41176.3 43165.3 93265.5 59315 47136.3
threshold=-153.6426472584746 180.83289988795744 -71.193925506606533 12.834273236905426 -179.42480977140585 65.517090038319751 0 132.39962687480991 51.492305279737231 32.120251678783724 26.705889361586948 1 59.544535885648507 -32.833565052493796
decision_type=2 2 2 2 2 2 1 2 2 2 2 1 2 2
left_child=-1 2 -2 7 -5 -6 -7 9 -8 10 12 -12 13 -4
right_child=1 -3 3 4 5 6 8 -9 -10 -11 11 -13 -14 -15
leaf_value=0.86870635971544286 -0.74868831668155533 0.83925676032554264 0.29183780677955257 0.83778351388871664 0.24817228534963579 0.25156799087289466 -1.1429647404438741 -0.82863288352265951 -0.24234021632767777 -0.56871377295650105 0.76910339625818391 -0.33221819944024084 -0.59561284601688391 -0.077022769749610337
leaf_weight=117 130 119 342 142 705 143 101 118 126 126 148 105 170 2727
leaf_count=117 130 119 342 142 705 143 101 118 126 126 148 105 170 2727
internal_value=-0.00211761 -0.0233328 -0.0451354 -0.0251981 0.15156 0.054029 -0.312689 -0.083028 -0.647074 -0.0564933 -0.0364399 0.333392 -0.0662649 -0.0351037
internal_weight=5319 5202 5083 4953 1217 1075 370 3736 227 3618 3492 253 3239 3069
internal_count=5319 5202 5083 4953 1217 1075 370 3736 227 3618 3492 253 3239 3069
cat_boundaries=0 1 2
cat_threshold=20 28
is_linear=0
shrinkage=0.03


Tree=153
num_leaves=15
num_cat=0
split_feature=10 9 0 5 8 1 8 8 9 4 4 10 0 4
split_gain=79748.4 90962.7 44066 51279.5 56996.5 135083 122546 93363.7 48374.3 36917.3 67056.8 65490.6 36633 31166.9
threshold=19.348675481496297 -274.44170920143222 159.36260704401329 95.987310474804602 178.65073150636888 -7.5379257289120085 287.73006933493207 156.72064734577788 -179.42480977140585 -19.945745444739114 -16.246001882774124 6.2009258187212968 30.651969573061262 1.0000000180025095e-35
decision_type=2 2 2 2 2 2 2 2 2 2 2 2 2 2
left_child=1 -1 3 4 7 -6 -7 8 -3 11 -11 12 -10 -12
right_child=-2 2 -4 -5 5 6 -8 -9 9 10 13 -13 -14 -15
leaf_value=-0.68058350391894074 0.68785285426616261 0.56062482089466514 0.51946027930901983 -0.61504408238364039 -0.45195408201301013 1.1252861401799952 -0.066503109098138169 -0.72150409540284177 0.10587599601133982 0.59427746668874215 -0.14037627837377534 -0.65971662865615466 -0.3817626472409047 0.064832243056014635
leaf_weight=169 139 125 137 112 133 188 126 157 448 169 989 195 189 1989
leaf_count=169 139 125 137 112 133 188 126 157 448 169 989 195 189 1989
internal_value=0.00366537 -0.0161907 0.00778522 -0.00780362 0.0079152 0.32633 0.65976 -0.0261739 0.00211529 -0.0167917 0.0303261 -0.193256 -0.0424723 -0.00355965
internal_weight=5265 5126 4957 4820 4708 447 314 4261 4104 3979 3147 832 637 2978
internal_count=5265 5126 4957 4820 4708 447 314 4261 4104 3979 3147 832 637 2978
is_linear=0
shrinkage=0.03


Tree=154
num_leaves=15
num_cat=2
split_feature=5 0 6 8 0 11 5 7 4 2 11 9 7 9
split_gain=81397.1 174289 154773 151748 419519 155692 147126 69748.1 170853 35811.1 52144.8 33704.6 30017 31002.4
threshold=-67.751960384237137 57.520617597348398 -106.65092646618969 192.69410526124523 49.78296183193136 0 42.278929988237344 92.746217602815406 -17.013899087835402 24.933671206607261 1 -141.55628053549785 72.449597737864579 66.884088553856273
decision_type=2 2 2 2 2 1 2 2 2 2 1 2 2 2
left_child=1 2 -1 7 5 -5 -7 9 -9 11 -11 -2 13 -13
right_child=3 -3 -4 4 -6 6 -8 8 -10 10 -12 12 -14 -15
leaf_value=-0.81209624481719478 -0.36925881643838521 -1.3421067016124726 0.63461812058534428 -0.73778730319096486 1.7888648343516618 -0.20065265353869746 1.2400800218737644 0.47782977552847428 -1.0260136872860226 -0.17025246388912199 0.57170250716230786 0.027314495500433276 0.342192076666684 -0.18991102521507683
leaf_weight=105 227 115 148 149 151 138 105 100 175 130 203 2608 207 754
leaf_count=105 227 115 148 149 151 138 105 100 175 130 203 2608 207 754
internal_value=-0.00127545 -0.425621 0.0261544 0.0310859 0.499519 -0.0292872 0.429326 -0.0276712 -0.481583 0.00365075 0.297236 -0.022817 0.000188043 -0.0218217
internal_weight=5315 368 253 4947 543 392 243 4404 275 4129 333 3796 3569 3362
internal_count=5315 368 253 4947 543 392 243 4404 275 4129 333 3796 3569 3362
cat_boundaries=0 1 2
cat_threshold=10 24
is_linear=0
shrinkage=0.03


Tree=155
num_leaves=15
num_cat=0
split_feature=6 9 2 10 8 2 6 10 10 8 6 10 4 2
split_gain=95791.5 112943 90016.1 112379 48487.2 159362 132740 52279 55302.2 44028.9 23948.7 76505.7 31680.3 37287.6
threshold=-153.6426472584746 -320.28667873407778 -41.519718172213111 16.073873004145863 178.65073150636888 -7.903296698861765 -6.8176389360046672 9.8323869799418908 8.7206653398329674 132.15911275179872 -15.578167621115922 7.1124421308200434 7.7372014468305412 6.5938209016136815
decision_type=2 2 2 2 2 2 2 2 2 2 2 2 2 2
left_child=-1 -2 -3 4 7 -6 -7 8 10 -9 11 12 13 -4
right_child=1 2 3 -5 5 6 -8 9 -10 -11 -12 -13 -14 -15
leaf_value=0.76244713130924435 -0.9606379821520894 0.73596342703437101 -0.083729519619618956 -0.82601910095592457 1.0818593362255675 -0.95152291774749753 0.3501335067478652 -0.062706934295851613 0.54326235864613504 -0.92586435374346643 0.0033435096645114599 -0.85596537179890131 -0.4510208691091373 0.44453744402919099
leaf_weight=125 109 126 882 151 138 101 184 106 138 100 2721 116 164 129
leaf_count=125 109 126 882 151 138 101 184 106 138 100 2721 116 164 129
internal_value=-0.0265419 -0.0470729 -0.0255204 -0.0464327 -0.020127 0.28273 -0.127773 -0.0501169 -0.0263681 -0.505181 -0.0472636 -0.153132 -0.0771086 -0.0126308
internal_weight=5290 5165 5056 4930 4779 423 285 4356 4150 206 4012 1291 1175 1011
internal_count=5290 5165 5056 4930 4779 423 285 4356 4150 206 4012 1291 1175 1011
is_linear=0
shrinkage=0.03


Tree=156
num_leaves=15
num_cat=1
split_feature=0 11 10 10 9 0 10 3 7 3 1 9 6 3
split_gain=136778 47674.3 412156 273496 65651.4 89776.5 74814.8 66567.5 62746.1 93325.2 64878.9 43607.2 70824.8 56112.1
threshold=-203.63762796391902 0 14.799538580662585 15.137323611152238 -138.43227223921556 17.566326847027902 7.1124421308200434 -15.341551763295566 99.456940895054231 -11.810319130232665 -13.518084035064147 -71.985346358201539 72.06924533380824 19.812018107208395
decision_type=2 1 2 2 2 2 2 2 2 2 2 2 2 2
left_child=-1 3 4 8 5 -3 -6 -8 10 -10 -2 13 -13 -12
right_child=1 2 -4 -5 6 -7 7 -9 9 -11 11 12 -14 -15
leaf_value=-1.046062829017639 -0.58575998027597997 -0.13500804270868716 -1.824401973495964 1.2720341444061212 0.020307182144652318 1.0720584153575179 0.12007157223942004 -0.80357315867560575 -0.11801630256191784 0.95132455342568001 -0.057342689249511448 0.014650735800151955 0.70155519793294885 -0.79398301896617163
leaf_weight=105 171 105 109 153 1514 103 103 196 141 139 355 1815 136 117
leaf_count=105 171 105 109 153 1514 103 103 196 141 139 355 1815 136 117
internal_value=-0.022792 2.66376e-05 -0.108143 0.076352 -0.00758403 0.48448 -0.066385 -0.491806 0.0087736 0.427334 -0.037874 0.00304099 0.0658667 -0.252626
internal_weight=5262 5157 2130 3027 2021 208 1813 299 2874 280 2594 2423 1951 472
internal_count=5262 5157 2130 3027 2021 208 1813 299 2874 280 2594 2423 1951 472
cat_boundaries=0 1
cat_threshold=25
is_linear=0
shrinkage=0.03


Tree=157
num_leaves=15
num_cat=1
split_feature=0 4 7 10 3 5 10 10 3 0 7 11 4 1
split_gain=106379 78841.2 184930 142362 91707.5 71890 82120.3 76237.9 83052.2 108755 94436.1 94710.2 58817.2 57319.8
threshold=180.83289988795744 -46.863680968670216 199.90558382845225 11.370053730694282 55.479204157987674 74.405309429470236 5.4477213599846737 6.2009258187212968 -34.209814232718621 -101.75231016813417 65.517090038319751 0 14.940176954972605 -1.9638425375630495
decision_type=2 2 2 2 2 2 2 2 2 2 2 1 2 2
left_child=1 3 4 -1 5 6 -3 -8 -9 -10 13 -12 -13 -11
right_child=-2 2 -4 -5 -6 -7 7 8 9 10 11 12 -14 -15
leaf_value=-0.026285158158737169 0.7856097270727157 -0.056981940092157971 1.1410091781991671 -1.1473380422475292 -0.7074612825257437 -0.60232791284365306 0.63523151761549668 0.80442645279505776 0.8540109031159302 -0.3344911847243438 -1.042485883013357 -0.54062241048704496 0.43198594733288409 0.38189118871992489
leaf_weight=307 140 2983 117 143 158 158 304 121 106 138 138 100 104 308
leaf_count=307 140 2983 117 143 158 158 304 121 106 138 138 100 104 308
internal_value=-0.00202574 -0.024764 0.0116388 -0.399729 -0.0193781 0.0065261 0.0302325 0.226418 0.0989727 -0.00435052 -0.12907 -0.496974 -0.0456342 0.157756
internal_weight=5325 5185 4735 450 4618 4460 4302 1319 1015 894 788 342 204 446
internal_count=5325 5185 4735 450 4618 4460 4302 1319 1015 894 788 342 204 446
cat_boundaries=0 1
cat_threshold=3
is_linear=0
shrinkage=0.03


Tree=158
num_leaves=15
num_cat=1
split_feature=0 0 7 4 10 10 10 11 10 0 9 4 1 4
split_gain=106463 114404 125837 110867 101309 165416 77096.1 122264 60138.6 55903.4 35558.6 28462.5 23826.4 25753.9
threshold=-203.63762796391902 -109.26803515395387 84.931015864694317 53.473122687334744 17.696249644594385 14.100845422667424 10.435349769147342 0 9.3971293418906434 -11.576085452598919 -179.42480977140585 -56.732053336148041 -10.522255591023551 1.4302470166317065
decision_type=2 2 2 2 2 2 2 1 2 2 2 2 2 2
left_child=-1 2 -2 4 5 6 8 -8 10 -5 -3 -12 13 -13
right_child=1 3 -4 9 -6 -7 7 -9 -10 -11 11 12 -14 -15
leaf_value=-0.91791276219285145 -0.0056913773928369792 0.40672920383256056 1.2976834008001512 -0.10676083767414092 0.82039476153483759 -1.1523178696438021 1.1705984287937796 -0.078133317409957964 -0.71462095265433323 -1.0006830656528474 -0.45005978282461773 -0.4029373958204569 0.008771342652461064 0.12661610478355037
leaf_weight=108 144 164 114 110 120 105 107 161 103 146 131 257 3461 114
leaf_count=108 144 164 114 110 120 105 107 161 103 146 131 257 3461 114
internal_value=-0.0267815 -0.00668977 0.59715 -0.0391135 -0.00553975 -0.0288036 -7.86164e-05 0.483899 -0.0318109 -0.63503 -0.0130834 -0.0314364 -0.0159913 -0.241165
internal_weight=5345 5237 258 4979 4723 4603 4498 268 4230 256 4127 3963 3832 371
internal_count=5345 5237 258 4979 4723 4603 4498 268 4230 256 4127 3963 3832 371
cat_boundaries=0 1
cat_threshold=12
is_linear=0
shrinkage=0.03


Tree=159
num_leaves=15
num_cat=1
split_feature=10 11 9 10 2 6 0 3 9 0 6 0 2 2
split_gain=109800 411339 160071 86368.1 37094.6 40614 52135 62489.1 52791.4 46358.5 26947 42674.8 38579.3 50584.4
threshold=14.458445634959268 0 28.910906517007749 13.084599796528236 38.679637800690962 -89.372439141619552 -101.75231016813417 44.385447504650024 -13.148385959487809 27.476018677999132 -66.154933951291383 10.200167620607052 -30.039586314870618 -18.482569540313438
decision_type=2 1 2 2 2 2 2 2 2 2 2 2 2 2
left_child=3 -2 -3 4 5 9 8 10 -7 -1 11 -8 -12 -14
right_child=1 2 -4 -5 -6 6 7 -9 -10 -11 12 -13 13 -15
leaf_value=-0.010307526421088439 -1.7026037085979213 1.1410266704817076 -0.45192736832772268 0.82103532566194948 -0.45288479023629968 0.94247553810206319 -0.10227136059505183 0.64383794239589143 0.039712310030179866 -0.7389352289429546 -0.48578811301327335 0.71438402525355327 0.33911098573830994 -0.049963760573776966
leaf_weight=185 135 101 108 105 155 100 113 123 126 127 154 103 320 3384
leaf_count=185 135 101 108 105 155 100 113 123 126 127 154 103 320 3384
internal_value=-0.0277843 -0.538353 0.320203 0.00838342 -0.0107061 0.0046925 0.0283127 0.00390702 0.462175 -0.320634 -0.0169426 0.301531 -0.0355066 -0.0155278
internal_weight=5339 344 209 4995 4890 4735 4423 4197 226 312 4074 216 3858 3704
internal_count=5339 344 209 4995 4890 4735 4423 4197 226 312 4074 216 3858 3704
cat_boundaries=0 1
cat_threshold=6
is_linear=0
shrinkage=0.03


Tree=160
num_leaves=15
num_cat=0
split_feature=3 4 6 9 3 0 3 3 4 7 10 4 6 10
split_gain=93165.8 128991 57326.3 107877 53966.5 100559 68609.5 81948 66310.1 115805 38892.9 28928.6 73334.2 56187.4
threshold=65.181940200781739 61.155123048761155 -153.6426472584746 -289.45200208684395 -51.617265913064777 -148.04839630599784 -42.200728725015246 -33.434885030242363 41.967433617386277 74.046406333184137 12.866759577231626 -30.971767688991154 -30.707867833449409 7.1124421308200434
decision_type=2 2 2 2 2 2 2 2 2 2 2 2 2 2
left_child=1 2 -1 -4 -5 -6 -7 -8 10 -10 11 12 -9 -13
right_child=-2 -3 3 4 5 6 7 8 9 -11 -12 13 -14 -15
leaf_value=0.64319560082409322 0.71060063963164821 -0.9773253670704265 -0.89081466352939609 0.49853773385433137 -0.79301000584449088 -0.69658290303986647 0.64056977267797832 -0.098711531563809032 -0.10040622917595984 1.2151433472958477 -0.52758982159370593 0.022377956658373287 0.84466475413210917 -0.34434681601056427
leaf_weight=117 157 111 110 193 130 106 187 180 130 100 119 3088 114 418
leaf_count=117 157 111 110 193 130 106 187 180 130 100 119 3088 114 418
internal_value=0.0133305 -0.00946966 0.013962 -0.00242535 0.0199057 -0.00134292 0.0235553 0.0427224 0.0143014 0.49837 -0.015304 0.00208129 0.28284 -0.0221995
internal_weight=5260 5103 4992 4875 4765 4572 4442 4336 4149 230 3919 3800 294 3506
internal_count=5260 5103 4992 4875 4765 4572 4442 4336 4149 230 3919 3800 294 3506
is_linear=0
shrinkage=0.03


Tree=161
num_leaves=15
num_cat=2
split_feature=0 2 10 10 11 0 5 7 11 8 0 6 8 8
split_gain=124519 80063.2 436495 166083 282873 181893 81813.4 69754 124370 61487.1 43940.6 33395.3 22880.3 56473.6
threshold=-203.63762796391902 24.598614330152092 10.876266870373639 11.370053730694282 0 34.051513550743621 64.421116339480818 86.965031208884497 1 195.3990202911335 -1.2548968202166375 5.372143258512259 100.25016515748645 90.458131712965596
decision_type=2 2 2 2 1 2 2 2 1 2 2 2 2 2
left_child=-1 3 6 7 -5 -6 11 9 -9 12 -10 -3 13 -2
right_child=1 2 -4 4 5 -7 -8 8 10 -11 -12 -13 -14 -15
leaf_value=-0.98547239847672286 0.011018404722113913 -0.31002799241929441 1.8151540388330054 0.26586953503863753 -2.0696316641430523 -0.39759578677767421 -0.80110366001850408 1.0439801614657045 0.34492790866139772 -0.70805294026487631 -0.49986953380140098 0.32827352570044083 0.16078685350383787 -0.43132693143470302
leaf_weight=107 2826 101 127 195 119 118 109 140 101 102 101 213 685 276
leaf_count=107 2826 101 127 195 119 118 109 140 101 102 101 213 685 276
internal_value=-0.0175806 0.00413475 0.343101 -0.0364949 -0.589848 -1.23687 -0.130576 0.021262 0.425677 -0.015303 -0.0774708 0.119728 0.00517133 -0.0295987
internal_weight=5320 5213 550 4663 432 237 423 4231 342 3889 202 314 3787 3102
internal_count=5320 5213 550 4663 432 237 423 4231 342 3889 202 314 3787 3102
cat_boundaries=0 1 2
cat_threshold=17 9
is_linear=0
shrinkage=0.03


Tree=162
num_leaves=15
num_cat=1
split_feature=9 10 5 0 0 7 8 6 5 10 7 1 10 11
split_gain=71945.5 143937 88066 107327 98529.6 93262.1 84840 70204.1 53011 81951.4 47997.3 36734.7 31869.1 24080.5
threshold=66.884088553856273 13.552442845486132 -42.764125158302129 43.453281299858055 -52.583375873110732 98.46314633076075 303.90124936748151 106.25837390285304 -64.577484444928317 9.5270635579311325 65.996941195432882 7.0511505171109983 6.5833694058985301 0
decision_type=2 2 2 2 2 2 2 2 2 2 2 2 2 1
left_child=1 7 3 -2 -4 10 -3 8 12 -10 11 13 -1 -6
right_child=2 6 4 -5 5 -7 -8 -9 9 -11 -12 -13 -14 -15
leaf_value=0.088707482725381856 -0.13689219843674372 0.22920731598625377 -0.67906303446739913 -1.4120248952427423 0.092430699843318517 0.81716579877939377 1.3659503313335213 -0.63944493901085209 0.034269828432744821 -0.58581577441382893 -0.61098693441776997 0.52919287398186587 0.803369592039053 -0.29361393889412285
leaf_weight=110 133 137 198 101 337 112 101 138 3203 194 116 100 111 228
leaf_count=110 133 137 198 101 337 112 101 138 3203 194 116 100 111 228
internal_value=-0.0163861 0.0472356 -0.207081 -0.722583 -0.090956 0.0455178 0.747234 0.00101362 0.0271376 -0.00275828 -0.0740729 0.0272485 0.466894 -0.0692496
internal_weight=5319 3994 1325 234 1091 893 238 3756 3618 3397 781 665 221 565
internal_count=5319 3994 1325 234 1091 893 238 3756 3618 3397 781 665 221 565
cat_boundaries=0 1
cat_threshold=13
is_linear=0
shrinkage=0.03


Tree=163
num_leaves=15
num_cat=0
split_feature=2 10 4 7 10 2 2 5 10 10 7 7 3 8
split_gain=103877 308548 116437 94319.3 127051 88084.4 202513 54652.2 56425.1 54561 170330 53035.2 52142.1 43090
threshold=21.796629702642687 10.876266870373639 56.252795746629452 153.38056441203312 11.044210919068474 -1.0000000180025095e-35 -21.761342133528029 25.943751157285384 6.9946206623598526 7.3061048788686653 86.965031208884497 64.146647647944476 18.521382491563958 117.77060774057468
decision_type=2 2 2 2 2 2 2 2 2 2 2 2 2 2
left_child=2 12 3 4 7 6 -6 9 -9 -1 11 -11 -2 -14
right_child=1 -3 -4 -5 5 -7 -8 8 -10 10 -12 -13 13 -15
leaf_value=-0.012581352089234204 0.46942186812831932 1.442251644605814 -0.93530250562966322 0.68758676526462659 -1.0340638260170818 -1.2363106003333264 0.71933259833503405 0.094398646357402624 0.75338191262313303 -0.38872473835945126 0.63584745207348381 -1.2289278186280881 0.040076321327845769 -0.59794816694003627
leaf_weight=2848 136 162 121 150 118 117 101 591 137 181 101 114 261 139
leaf_count=2848 136 162 121 150 118 117 101 591 137 181 101 114 261 139
internal_value=-0.00155066 0.33668 -0.0537301 -0.0277625 -0.0542049 -0.605566 -0.22932 -0.00616052 0.226939 -0.059008 -0.38437 -0.743061 -0.0177619 -0.190814
internal_weight=5277 698 4579 4458 4308 336 219 3972 728 3244 396 295 536 400
internal_count=5277 698 4579 4458 4308 336 219 3972 728 3244 396 295 536 400
is_linear=0
shrinkage=0.03


Tree=164
num_leaves=15
num_cat=0
split_feature=1 10 9 0 10 9 10 6 1 9 10 0 6 6
split_gain=122572 303187 80078.4 282872 124338 40257.3 106337 70509.3 55345.1 54741.1 44524 44475.1 38674.2 37482.4
threshold=22.166946540315813 20.328838335393979 -219.04548094671941 22.986514431432912 15.137323611152238 -23.213678488218736 8.9256297675202667 -91.668570477147227 -16.620673583035536 -33.578741928503959 11.214591373368988 -95.599388843613369 58.06705272963822 85.390173665535869
decision_type=2 2 2 2 2 2 2 2 2 2 2 2 2 2
left_child=1 2 3 -1 5 6 9 -7 -9 12 11 -10 -4 -13
right_child=-2 -3 4 -5 -6 7 -8 8 10 -11 -12 13 -14 -15
leaf_value=-1.2639516136159257 0.8670738083307874 -1.5308543911679038 0.041636936752479821 0.71132558987357397 1.0014108611186965 -0.61699170121101021 0.79869835294442737 0.63287118594525227 -0.51405475017975788 0.489278585022146 -0.61371448921946292 -0.0019969573058806703 -0.45224992544000797 0.5517770313931547
leaf_weight=154 136 106 1047 100 110 169 187 108 137 210 103 2530 155 105
leaf_count=154 136 106 1047 100 110 169 187 108 137 210 103 2530 155 105
internal_value=0.00972949 -0.014218 0.0201375 -0.488796 0.0476795 0.0235407 0.145664 -0.0386769 -0.00396087 0.0541704 -0.0299943 -0.00617684 -0.0252566 0.0220726
internal_weight=5357 5221 5115 254 4861 4751 1599 3152 2983 1412 2875 2772 1202 2635
internal_count=5357 5221 5115 254 4861 4751 1599 3152 2983 1412 2875 2772 1202 2635
is_linear=0
shrinkage=0.03


Tree=165
num_leaves=15
num_cat=0
split_feature=6 5 10 0 6 9 10 9 6 6 6 6 5 3
split_gain=107054 89636.7 112514 126260 208825 285854 56766 49401.1 27700.8 23054.5 37307.2 53443.2 26469.1 45004.4
threshold=-153.6426472584746 -88.521540411793168 9.5270635579311325 63.335204676601357 113.30019008877123 33.068408196349786 9.021791891785087 -10.970737916281019 -97.457274057840763 106.25837390285304 70.776507212635934 60.953016355390027 10.360355333200884 8.5363868772824318
decision_type=2 2 2 2 2 2 2 2 2 2 2 2 2 2
left_child=-1 -2 6 4 5 -4 8 -5 -3 10 11 12 -10 -14
right_child=1 2 3 7 -6 -7 -8 -9 9 -11 -12 -13 13 -15
leaf_value=0.82704320130522235 0.69337318725633945 -0.47747578465569329 -1.8116303493334696 0.59603348121170163 0.46719585701427629 -0.12346126309415911 0.67318762283067435 -0.26219864453662367 -0.051783362928661571 -0.4076413290862177 0.36288308327357599 -0.62780747713112239 0.32515561307538604 -0.032178583188867745
leaf_weight=124 139 103 185 111 103 171 101 112 2359 112 244 113 533 759
leaf_count=124 139 103 185 111 103 171 101 112 2359 112 244 113 533 759
internal_value=-0.0101203 -0.031862 -0.0533416 -0.408511 -0.688318 -1.02627 0.00349058 0.17224 -0.0140788 -0.00136583 0.0109735 -0.01274 0.0079594 0.116601
internal_weight=5269 5145 5006 682 459 356 4324 223 4223 4120 4008 3764 3651 1292
internal_count=5269 5145 5006 682 459 356 4324 223 4223 4120 4008 3764 3651 1292
is_linear=0
shrinkage=0.03


Tree=166
num_leaves=15
num_cat=0
split_feature=9 7 5 3 7 8 2 0 3 0 9 8 5 2
split_gain=180438 252381 64506.2 68484.9 73151.8 120083 78205 57029.8 131646 58993.2 49156.3 65138.1 35154.2 36259
threshold=-253.48241486542847 120.02928848738897 -98.019547187485685 -51.617265913064777 122.51994680971393 267.54557649112297 7.1081644354815001 87.273311010206854 1.3543234137652156 63.335204676601357 204.94427829455867 164.49953371558493 30.97226105012636 -5.6014592712616862
decision_type=2 2 2 2 2 2 2 2 2 2 2 2 2 2
left_child=1 -1 -2 -4 5 7 -6 9 -9 10 11 12 13 -5
right_child=2 -3 3 4 6 -7 -8 8 -10 -11 -12 -13 -14 -15
leaf_value=-0.11641869799934164 -0.63742323223282304 1.8020693905070675 0.60264845141127144 0.073369826285969289 -1.0794620808133901 0.90405437158083346 0.016616362769429276 -0.91333092210463951 0.16422945434165789 0.41629306700546292 0.58710317768881815 -0.63259087049743024 0.18152403555222868 -0.1471315537798453
leaf_weight=127 143 108 148 1060 111 117 113 192 201 278 103 154 624 1797
leaf_count=127 143 108 148 1060 111 117 113 192 201 278 103 154 624 1797
internal_value=0.00775753 0.802836 -0.0308233 -0.0118506 -0.0322229 -0.00546961 -0.549449 -0.0315965 -0.371812 0.00253736 -0.0292628 -0.0482907 -0.0207032 -0.0653509
internal_weight=5276 235 5041 4898 4750 4526 224 4409 393 4016 3738 3635 3481 2857
internal_count=5276 235 5041 4898 4750 4526 224 4409 393 4016 3738 3635 3481 2857
is_linear=0
shrinkage=0.03


Tree=167
num_leaves=15
num_cat=1
split_feature=8 8 9 11 4 8 2 0 0 5 8 5 9 2
split_gain=83624.2 219869 184871 113249 97620.8 40302 45428.8 50347.3 102388 28885.1 139448 69315.8 68649.5 41421.9
threshold=230.69418936216107 202.46731541549741 -226.45316421517515 0 5.2889844175513607 181.13175529705254 -37.391472485525689 -139.44091628089731 -101.75231016813417 4.0115438504664507 144.64767253422011 8.3578643512580246 -166.10380037311907 -14.512637560538506
decision_type=2 2 2 1 2 2 2 2 2 2 2 2 2 2
left_child=1 5 -2 -4 -5 6 -1 -8 -9 12 11 -11 -10 -14
right_child=2 -3 3 4 -6 -7 7 8 9 10 -12 -13 13 -15
leaf_value=0.5805675250905401 0.60042776754686045 1.358857341557741 -1.2404967490557968 0.32151618280639388 -0.84420984066449678 -0.483658005253357 -0.59035701959178999 0.90445439176261422 0.761522218581549 -0.48873505014337987 -0.98036012271472384 0.069379988903203502 -0.17882248580304289 0.12505140345690766
leaf_weight=126 133 104 154 136 107 126 107 110 119 218 130 1637 531 1585
leaf_count=126 133 104 154 136 107 126 107 110 119 218 130 1637 531 1585
internal_value=0.0173023 0.0570663 -0.336697 -0.657685 -0.197077 0.0253628 0.0404455 0.0238363 0.0403391 0.0157298 -0.067375 0.00152131 0.0895102 0.0483133
internal_weight=5323 4793 530 397 243 4689 4563 4437 4330 4220 1985 1855 2235 2116
internal_count=5323 4793 530 397 243 4689 4563 4437 4330 4220 1985 1855 2235 2116
cat_boundaries=0 1
cat_threshold=6
is_linear=0
shrinkage=0.03


Tree=168
num_leaves=15
num_cat=0
split_feature=7 9 1 8 4 5 9 2 8 8 7 7 1 7
split_gain=92115.2 219630 95674.5 64962.6 50452.1 70599.3 106792 56922.8 46115.3 58775.4 53364.8 35002.8 88156 65130.7
threshold=147.72143329507963 -23.213678488218736 20.779594536149954 349.80412339871037 -46.863680968670216 -45.824265797802376 -47.143379077654892 -19.977659042904452 230.69418936216107 162.43035899132482 91.638340227183093 69.007045849924978 3.4197514710026846 59.831265700575415
decision_type=2 2 2 2 2 2 2 2 2 2 2 2 2 2
left_child=2 -2 3 4 7 6 -6 -1 9 10 11 13 -13 -7
right_child=1 -3 -4 -5 5 8 -8 -9 -10 -11 -12 12 -14 -15
leaf_value=-0.70063815686179365 1.253922555864968 -0.39415749142275136 -0.80358757097956157 0.69740472502413042 1.0638392478052305 -0.013495650348080661 -0.0061996423157021467 0.047744033529579295 -0.61942722972200692 0.48666369141668692 -0.67413676088139152 0.71185749190479686 -0.31062177473929387 -0.48663288128959548
leaf_weight=195 151 126 132 103 126 3109 219 163 109 186 108 169 124 276
leaf_count=195 151 126 132 103 126 3109 219 163 109 186 108 169 124 276
internal_value=-0.00612136 0.516642 -0.0359427 -0.0136097 -0.0303407 -0.00227282 0.403556 -0.367856 -0.0374834 -0.0199982 -0.0461061 -0.0258869 0.283166 -0.0533932
internal_weight=5296 277 5019 4887 4784 4426 345 358 4081 3972 3786 3678 293 3385
internal_count=5296 277 5019 4887 4784 4426 345 358 4081 3972 3786 3678 293 3385
is_linear=0
shrinkage=0.03


Tree=169
num_leaves=15
num_cat=0
split_feature=4 7 10 6 7 7 1 10 4 3 8 1 10 6
split_gain=87451.2 172757 164010 64452.8 130041 79312.5 56453.5 28083 122808 40545.4 31935.9 53798.1 61844.9 51590.9
threshold=-53.231071714051701 199.90558382845225 11.790190660754002 97.421981723160457 117.2980354120014 103.88918440576042 -4.6430333442981313 9.3971293418906434 22.086376138801018 -6.9319287733824568 106.19968773547532 3.4197514710026846 5.5410832743462173 10.027086917370108
decision_type=2 2 2 2 2 2 2 2 2 2 2 2 2 2
left_child=2 3 6 4 7 -5 -1 10 9 -9 -2 12 -12 -13
right_child=1 -3 -4 5 -6 -7 -8 8 -10 -11 11 13 -14 -15
leaf_value=0.49761168980882275 -0.036461018916070329 1.0474050120668752 -1.1927731565037825 -0.045614496168144586 0.88978284403373453 -1.0724468021643789 -0.38869831066830712 -0.23240867372522722 0.57985946214512774 -0.96114114313021948 -0.060596597662993842 -0.48845921203424653 0.69118531117807414 0.34968441147192386
leaf_weight=116 3437 130 151 169 135 104 123 154 104 128 158 151 245 103
leaf_count=116 3437 130 151 169 135 104 123 154 104 128 158 151 245 103
internal_value=-0.02569 0.00832261 -0.452586 -0.0213946 0.00554233 -0.460862 0.0441855 -0.0230257 -0.264264 -0.584769 0.000307821 0.190321 0.402111 -0.148211
internal_weight=5408 5018 390 4888 4615 273 239 4480 386 282 4094 657 403 254
internal_count=5408 5018 390 4888 4615 273 239 4480 386 282 4094 657 403 254
is_linear=0
shrinkage=0.03


Tree=170
num_leaves=15
num_cat=2
split_feature=10 8 11 10 8 6 10 11 2 0 4 10 8 2
split_gain=125714 89946.1 198139 166946 142612 73556.1 38188.5 64243.1 81070.1 24399.1 32264.4 36598.5 50361.2 35451.4
threshold=20.328838335393979 298.93496366808569 0 12.612624673279329 192.69410526124523 113.30019008877123 8.7206653398329674 1 3.7193455990808379 79.837021914526375 30.305099713069627 4.2897337313024435 94.402335898618176 24.017061688020394
decision_type=2 2 1 2 2 2 2 1 2 2 2 2 2 2
left_child=1 3 -3 5 -5 6 9 -8 -9 10 13 -12 -13 -1
right_child=-2 2 -4 4 -6 -7 7 8 -10 -11 11 12 -14 -15
leaf_value=0.016729014226292194 -0.89441944318216127 -1.3633871695628532 0.1841999133637077 0.020118616055219599 1.5034133426637151 -0.67623217842645111 -0.1532286238084074 0.12129551479542576 1.2123385456361269 -0.22779950483302983 -0.063063784539699547 0.9715706006779864 0.15673743635639548 -0.45672476384063693
leaf_weight=3174 128 110 170 107 119 125 163 138 104 354 194 101 190 139
leaf_count=3174 128 110 170 107 119 125 163 138 104 354 194 101 190 139
internal_value=-0.000738059 0.0229894 -0.490491 0.0532211 0.831755 0.0139487 0.0343198 0.308717 0.596024 0.00687674 0.029291 0.255206 0.462431 -0.00444984
internal_weight=5316 5188 280 4908 226 4682 4557 405 242 4152 3798 485 291 3313
internal_count=5316 5188 280 4908 226 4682 4557 405 242 4152 3798 485 291 3313
cat_boundaries=0 1 2
cat_threshold=6 17
is_linear=0
shrinkage=0.03


Tree=171
num_leaves=15
num_cat=1
split_feature=3 3 0 2 0 2 0 7 0 8 7 11 6 3
split_gain=48559.9 127602 55377.3 60307.7 139996 59883.4 97630.6 187905 44655.4 60497.3 42796.9 130245 103138 127588
threshold=-60.43301526327901 -50.035104639828994 91.358221158763925 7.8192663238669144 121.15033290283229 -19.230566247631575 18.066855935258079 72.449597737864579 68.393101792174988 86.406247200772526 71.952044095340668 0 70.776507212635934 24.326312475534799
decision_type=2 2 2 2 2 2 2 2 2 2 2 1 2 2
left_child=-1 -2 5 4 -4 6 7 -3 10 -10 -7 -12 13 -13
right_child=1 2 3 -5 -6 8 -8 -9 9 -11 11 12 -14 -15
leaf_value=-0.49371317199560316 0.96383712808964606 0.062257699370384216 -0.80509291897828761 -0.73640942471240878 0.48855297410288334 -0.020298092331869855 -0.29650324271930439 1.4308557900616101 -0.091214460249651561 0.87230081235278734 -1.0990348325754915 0.10880385607481002 0.46581922992416053 -1.0414198267787695
leaf_weight=185 108 257 120 191 169 3109 172 130 122 100 120 202 197 140
leaf_count=185 108 257 120 191 169 3109 172 130 122 100 120 202 197 140
internal_value=-0.0290277 -0.0113661 -0.0341802 -0.337203 -0.0575622 -0.00153648 0.286431 0.546455 -0.042496 0.361693 -0.067204 -0.284883 -0.0656923 -0.378257
internal_weight=5322 5137 5029 480 289 4549 559 387 3990 222 3768 659 539 342
internal_count=5322 5137 5029 480 289 4549 559 387 3990 222 3768 659 539 342
cat_boundaries=0 1
cat_threshold=2
is_linear=0
shrinkage=0.03


Tree=172
num_leaves=15
num_cat=1
split_feature=3 4 10 10 6 10 8 10 4 7 2 11 10 5
split_gain=67296.1 67801.5 119230 111942 97956.3 33882.6 87812.8 60136.8 13350.2 24792.8 60413.2 42832.7 39098 25257.7
threshold=65.181940200781739 63.821523786626578 15.710006851368876 13.290757052927647 -21.583246150838765 10.435349769147342 202.46731541549741 9.5270635579311325 -56.732053336148041 67.833491375874488 23.462477969296014 0 8.2122198080000874 -6.1945109700268866
decision_type=2 2 2 2 2 2 2 2 2 2 2 1 2 2
left_child=1 2 3 5 -4 7 -7 8 -1 12 11 -11 -10 -13
right_child=-2 -3 4 -5 -6 6 -8 -9 9 10 -12 13 -14 -15
leaf_value=-0.25384824156761171 0.59972974082170905 -0.69999241914227595 1.3041953488182405 -0.85155195588650912 0.026999756800276893 0.74000752502646516 -0.32959156658338462 -0.66190838907585758 0.014691362917870116 -0.046176486554779579 -0.35109687248932631 0.94831378347873685 -0.52097256673133285 0.32203721151158615
leaf_weight=152 167 110 106 128 102 169 105 112 3558 138 120 115 117 138
leaf_count=152 167 110 106 128 102 169 105 112 3558 138 120 115 117 138
internal_value=0.0245276 0.00482567 0.0214982 -0.00932015 0.707847 0.0152513 0.332952 -0.00501317 0.0134301 0.0237172 0.217394 0.396271 -0.00372991 0.608794
internal_weight=5337 5170 5060 4852 208 4724 274 4450 4338 4186 511 391 3675 253
internal_count=5337 5170 5060 4852 208 4724 274 4450 4338 4186 511 391 3675 253
cat_boundaries=0 1
cat_threshold=6
is_linear=0
shrinkage=0.03


Tree=173
num_leaves=15
num_cat=0
split_feature=3 2 6 6 4 2 9 3 8 3 6 8 2 8
split_gain=50434.7 184953 97344.6 74279.5 67351 110460 57683.5 64509.7 74715.7 44705.4 38582.3 35569.4 31906.1 30334.4
threshold=-24.903739467319955 -1.7255038434750321 127.18409936272798 101.39260177426935 -34.729292138196733 -27.226433426524114 140.31362731067506 -34.657143779078353 178.65073150636888 55.479204157987674 -39.934735617186199 122.96993491110216 -19.977659042904452 210.62015631626434
decision_type=2 2 2 2 2 2 2 2 2 2 2 2 2 2
left_child=1 6 3 4 10 -6 7 8 11 12 -2 -1 -7 -14
right_child=2 -3 -4 -5 5 9 -8 -9 -10 -11 -12 -13 13 -15
leaf_value=0.2592242885311854 0.087917222361673 -1.2062270606027261 0.72876413226127623 -0.77716012059587292 -0.94574369988943396 0.43062956582482265 -0.64970590283231033 -0.3040722481712051 0.8530268247510705 -0.52837039170057876 0.91014969890182074 -0.40131854431356412 -0.016146753654112746 0.40903156306924698
leaf_weight=184 100 138 153 103 104 154 113 266 130 128 101 108 3409 148
leaf_count=184 100 138 153 103 104 154 113 266 130 128 101 108 3409 148
internal_value=-0.033468 -0.231825 0.00929287 -0.0182774 0.00241023 -0.0254706 -0.0511468 0.0550627 0.283235 0.00185227 0.524633 0.00971498 0.0215116 0.00264122
internal_weight=5339 939 4400 4247 4144 3943 801 688 422 3839 201 292 3711 3557
internal_count=5339 939 4400 4247 4144 3943 801 688 422 3839 201 292 3711 3557
is_linear=0
shrinkage=0.03


Tree=174
num_leaves=15
num_cat=0
split_feature=2 7 7 0 0 2 1 0 9 6 10 5 6 4
split_gain=128440 47466.7 61636.8 95004.2 44725 52181.1 67844.7 41452.6 51809.2 61772.6 76910.8 60498.6 54794.1 51340.4
threshold=54.337700700505145 165.83090825976498 129.78179131927055 155.62510103112672 -89.647258583111622 -7.903296698861765 1.0036643831792216 -31.661101037513721 -226.45316421517515 -45.080788949969602 8.2925479404415494 -46.922115431868534 -75.973572824285228 -19.945745444739114
decision_type=2 2 2 2 2 2 2 2 2 2 2 2 2 2
left_child=1 2 3 4 5 -1 -7 -6 -9 10 12 -11 -10 -13
right_child=-2 -3 -4 -5 7 6 -8 8 9 11 -12 13 -14 -15
leaf_value=0.80501484858493011 1.0536974196000533 -0.42973349914608933 0.60985563708960633 -0.69316810674783658 -0.18239642293068506 -0.40775421313941479 0.60364773061126464 0.66532302623889483 0.31723662911895278 0.77642414376139635 -0.94412906873383018 -0.25236490443732523 -0.32766976630469891 0.11583900194781567
leaf_weight=134 100 195 153 154 779 118 102 112 186 102 104 386 291 2452
leaf_count=134 100 195 153 154 779 118 102 112 186 102 104 386 291 2452
internal_value=0.0390987 0.0178791 0.0358964 0.0168468 0.0411923 0.360819 0.0670261 0.0147889 0.0574546 0.0362893 -0.243792 0.0922775 -0.0748464 0.0650488
internal_weight=5368 5268 5073 4920 4766 354 220 4412 3633 3521 581 2940 477 2838
internal_count=5368 5268 5073 4920 4766 354 220 4412 3633 3521 581 2940 477 2838
is_linear=0
shrinkage=0.03


Tree=175
num_leaves=15
num_cat=0
split_feature=5 8 7 7 8 9 10 7 8 9 2 7 6 0
split_gain=80895.1 53812.2 159708 114645 58364.4 186282 154554 93490.9 49405.3 64902.8 41322.5 39929.5 42431.3 28064
threshold=108.81817438701275 396.61857457889664 147.72143329507963 125.29378403761946 171.7535373895345 68.185363489349058 9.8323869799418908 92.746217602815406 108.89369529415877 69.647879311162896 -28.464228733456036 64.146647647944476 20.600542141656877 2.8313351486620473
decision_type=2 2 2 2 2 2 2 2 2 2 2 2 2 2
left_child=1 2 3 4 7 6 -6 8 10 11 -1 13 -13 -10
right_child=-2 -3 -4 -5 5 -7 -8 -9 9 -11 -12 12 -14 -15
leaf_value=-0.54166215808722218 -0.76970571584701541 -0.53049587795951147 0.9323147184013606 -0.89716374261304732 0.13965590698607014 -0.60781181624113034 1.6305394533047308 -0.64164021568390928 -0.056333343135683153 0.75782532483689924 -0.010318854642060093 -0.5780192971315522 0.22731498885154722 0.57093641568507469
leaf_weight=127 115 155 157 118 139 111 107 196 104 160 3436 120 100 151
leaf_count=127 115 155 157 118 139 111 107 196 104 160 3436 120 100 151
internal_value=-0.0155677 0.00262208 0.020084 -0.0111813 0.0126619 0.376122 0.826492 -0.0176551 0.0129336 0.25456 -0.0307211 0.0729091 -0.217991 0.322637
internal_weight=5296 5181 5026 4869 4751 357 246 4394 4198 635 3563 475 220 255
internal_count=5296 5181 5026 4869 4751 357 246 4394 4198 635 3563 475 220 255
is_linear=0
shrinkage=0.03


Tree=176
num_leaves=15
num_cat=0
split_feature=0 2 4 5 0 8 7 3 3 9 1 8 0 0
split_gain=58816.6 75425.9 69702 75611.2 50782 123268 118106 55330.7 37680 46402.5 32560.6 42990.5 32591 43033
threshold=147.57556711626222 -2.3203202848674693 -63.42549437966526 -88.521540411793168 -128.63831718581827 188.35181179805494 165.83090825976498 -43.640548812488134 -35.671869698083533 204.94427829455867 -16.19621095175108 267.54557649112297 104.09152345056272 63.335204676601357
decision_type=2 2 2 2 2 2 2 2 2 2 2 2 2 2
left_child=2 -2 3 -1 5 -4 7 -6 -9 10 -10 12 13 -12
right_child=1 -3 4 -5 6 -7 -8 8 9 -11 11 -13 -14 -15
leaf_value=0.075085328454556663 0.97765355159282685 -0.067877166935505759 -0.13745039858953645 -0.9987914217792393 -0.56177399776419812 1.1647870202824075 -0.96670597573056027 0.50212183329523818 -0.4596881863343365 0.59525283740460866 -0.021135529638669041 0.54684465110756963 -0.43781235987308209 0.32226920562834777
leaf_weight=105 115 121 151 121 137 103 104 137 126 110 3439 121 141 353
leaf_count=105 115 121 151 121 137 103 104 137 126 110 3439 121 141 353
internal_value=0.00744401 0.460629 -0.0141841 -0.517826 0.00994426 0.41474 -0.0129214 0.0108785 0.0298262 0.0136109 -0.00307955 0.0122082 -0.00558519 0.0115958
internal_weight=5384 236 5148 226 4922 254 4668 4564 4427 4290 4180 4054 3933 3792
internal_count=5384 236 5148 226 4922 254 4668 4564 4427 4290 4180 4054 3933 3792
is_linear=0
shrinkage=0.03


Tree=177
num_leaves=15
num_cat=0
split_feature=5 6 0 10 9 10 1 1 6 0 0 10 6 9
split_gain=53655.2 86814 75417.3 150239 95160.6 77702.6 62312.9 40093.8 44574.2 39838.7 45129.6 112525 38120.9 37885
threshold=-98.019547187485685 -119.44560652069316 195.31587299781793 16.073873004145863 -289.45200208684395 12.612624673279329 17.275818105972451 12.392143776337159 -89.372439141619552 -101.75231016813417 -56.945081356666904 5.1972022367286828 15.103853488258165 -174.40000108747748
decision_type=2 2 2 2 2 2 2 2 2 2 2 2 2 2
left_child=-1 -2 3 4 -3 6 7 8 -6 12 11 -11 -10 -12
right_child=1 2 -4 -5 5 -7 -8 -9 9 10 13 -13 -14 -15
leaf_value=-0.51512374074277234 0.73721290456922084 -0.86383206321976402 0.76852384696135656 -0.91501916311862996 -0.5357080371823526 0.70295503965960249 0.57026967747509472 -0.42792478193962341 0.019693310387134549 0.18559463624217928 0.52050439793397396 -0.96085009840627522 0.7955928148721394 0.0099348611255105461
leaf_weight=167 136 100 101 154 123 139 160 192 115 160 126 134 104 3432
leaf_count=167 136 100 101 154 123 139 160 192 115 160 126 134 104 3432
internal_value=-0.00149334 0.0160399 -0.00484159 -0.0221774 0.00840604 0.028824 0.00671382 -0.015095 0.00477715 0.0223799 -0.000473054 -0.351353 0.406809 0.0294239
internal_weight=5343 5176 5040 4939 4785 4685 4546 4386 4194 4071 3852 294 219 3558
internal_count=5343 5176 5040 4939 4785 4685 4546 4386 4194 4071 3852 294 219 3558
is_linear=0
shrinkage=0.03


Tree=178
num_leaves=15
num_cat=2
split_feature=0 10 2 8 11 5 8 11 8 8 3 9 2 3
split_gain=101193 149410 100459 148170 85125.3 77289.5 103401 120233 88608.4 87330.2 67975.7 54772 52800.8 44723.8
threshold=-67.421232792575779 17.696249644594385 -7.903296698861765 154.58430671534978 0 -67.751960384237137 171.7535373895345 1 139.88160325878701 188.35181179805494 3.1594365004033711 -16.436108651662032 19.092818824178035 -7.98261706572828
decision_type=2 2 2 2 1 2 2 1 2 2 2 2 2 2
left_child=2 5 4 12 -1 9 8 -8 13 -2 -9 -10 -4 -7
right_child=1 -3 3 -5 -6 6 7 10 11 -11 -12 -13 -14 -15
leaf_value=0.62980569834294531 -0.037488849389265819 0.97298337331881202 -0.51922136145430575 -1.3543760164697727 -0.39008581461209169 -0.14745967205495536 1.0818406947781058 -0.53227371691327008 -1.0455542260482908 -1.1242452552179112 0.49745220210872776 -0.099301979387628608 0.31956629425829108 0.077656770998238728
leaf_weight=118 156 132 169 157 139 1155 150 102 110 107 109 106 100 2486
leaf_count=118 156 132 169 157 139 1155 150 102 110 107 109 106 100 2486
internal_value=-0.0358322 0.0149154 -0.373852 -0.651305 0.0932193 -0.0154107 0.0162134 0.494596 -0.0297245 -0.504615 -0.00180885 -0.606131 -0.207127 0.00603692
internal_weight=5296 4613 683 426 257 4481 4218 361 3857 263 211 216 269 3641
internal_count=5296 4613 683 426 257 4481 4218 361 3857 263 211 216 269 3641
cat_boundaries=0 1 2
cat_threshold=9 12
is_linear=0
shrinkage=0.03


Tree=179
num_leaves=15
num_cat=1
split_feature=3 3 3 8 0 11 8 5 9 9 5 0 6 3
split_gain=111945 73391.1 57301.8 56199.8 92803.3 56553.1 147334 156504 100874 57378.5 58801 52559.8 43845.4 41043.4
threshold=-69.498060028245888 -51.617265913064777 -43.640548812488134 365.70435548031088 -134.35881420942104 0 120.30069492728849 4.4820500912353607 -232.94904927200471 66.884088553856273 -56.501103444626999 61.280437694749956 13.913427795289032 -5.3065206753284402
decision_type=2 2 2 2 2 1 2 2 2 2 2 2 2 2
left_child=-1 -2 -3 4 -4 6 -6 -8 -7 10 -10 -11 -12 -14
right_child=1 2 3 -5 5 8 7 -9 9 11 12 -13 13 -15
leaf_value=-0.84680546225820263 0.65799932340135825 -0.66300239452948939 -0.66214300189403785 0.53675537050110944 0.0075648183803779757 -0.95614315629005431 1.2701818133543192 0.060319624413900513 0.6625041279701086 -0.13978301706809182 -0.11738956330053713 -0.81706664489425773 0.609695265207153 0.066154845000199233
leaf_weight=130 144 107 179 165 1476 101 183 194 120 514 1119 121 146 646
leaf_count=130 144 107 179 165 1476 101 183 194 120 514 1119 121 146 646
internal_value=-0.00964044 0.0128092 -0.00677104 0.00867865 -0.0105562 0.0160649 0.143455 0.665246 -0.0697205 -0.0329519 0.0451263 -0.279507 0.00311152 0.172706
internal_weight=5345 5215 5071 4964 4799 4620 1853 377 2767 2666 2031 635 1911 792
internal_count=5345 5215 5071 4964 4799 4620 1853 377 2767 2666 2031 635 1911 792
cat_boundaries=0 1
cat_threshold=12
is_linear=0
shrinkage=0.03


Tree=180
num_leaves=15
num_cat=1
split_feature=3 5 10 8 6 11 10 1 4 10 7 7 0 6
split_gain=107040 120195 100160 116639 121132 95355.5 54953.6 50445.4 34710.6 38018.7 35708.8 58941.2 54917.9 32159.8
threshold=65.181940200781739 88.917106551411777 15.710006851368876 185.4100506046849 -139.20038571044697 0 10.558322662137513 -17.957867010879514 -54.830120183685764 9.021791891785087 69.007045849924978 82.970999569640398 -2.3801688851505727 -50.890544037906217
decision_type=2 2 2 2 2 1 2 2 2 2 2 2 2 2
left_child=1 2 3 6 -5 -6 7 -1 -9 10 13 12 -12 -10
right_child=-2 -3 -4 4 5 -7 -8 8 9 -11 11 -13 -14 -15
leaf_value=0.57376141739743103 0.78234060651851145 -0.8686907593313028 0.66255885645099311 0.36528303487962027 -0.14242893004003976 -1.2011250819679331 0.55622551084245953 -0.47483031003144532 -0.25130328330542984 -0.50422476436614982 0.091026559410951072 -0.20392842230471697 1.0280274260188302 0.031181927512614543
leaf_weight=130 149 132 197 109 153 171 165 127 400 115 107 122 114 3135
leaf_count=130 149 132 197 109 153 171 165 127 400 115 107 122 114 3135
internal_value=0.0156348 -0.0078976 0.0162986 -0.0112722 -0.475364 -0.760644 0.0352149 0.0137292 -0.00528815 0.0107948 0.027325 0.315034 0.597946 -0.00140118
internal_weight=5326 5177 5045 4848 433 324 4415 4250 4120 3993 3878 343 221 3535
internal_count=5326 5177 5045 4848 433 324 4415 4250 4120 3993 3878 343 221 3535
cat_boundaries=0 1
cat_threshold=24
is_linear=0
shrinkage=0.03


Tree=181
num_leaves=15
num_cat=0
split_feature=8 2 10 1 4 7 10 10 7 10 6 0 10 5
split_gain=94091.9 75667 222006 73624.7 57328.9 102626 73090.2 130048 48936.4 53266.9 46357.9 28033.5 48854.8 39936.9
threshold=396.61857457889664 27.642046242402799 11.044210919068474 9.4869167325615233 56.252795746629452 147.72143329507963 11.044210919068474 15.710006851368876 86.965031208884497 7.8183141721795044 -102.81829379207076 116.54389689431528 7.9091072365495494 -7.5740803256234459
decision_type=2 2 2 2 2 2 2 2 2 2 2 2 2 2
left_child=1 4 3 -3 5 6 8 -8 10 -10 -1 12 -12 -14
right_child=-2 2 -4 -5 -6 -7 7 -9 9 -11 11 -13 13 -15
leaf_value=-0.61812102178464068 -0.67777324297151509 0.41197603412877554 1.5204533052958291 -0.45043179778802911 -0.61542839854104181 0.89784995357007058 -0.87456791431936498 0.3819784244454425 -0.015759613347404142 0.85708444644927972 0.01487731251533937 0.39508775471697877 -0.82866728246212007 -0.029839060070100894
leaf_weight=101 171 176 106 161 130 102 209 105 126 115 3471 148 106 111
leaf_count=101 171 176 106 161 130 102 209 105 126 115 3471 148 106 111
internal_value=-0.00543149 0.0180856 0.388469 -0.00114206 -0.0173948 0.000828196 -0.0214896 -0.455564 0.0121434 0.418296 -0.0137156 0.00376387 -0.0129659 -0.439365
internal_weight=5338 5167 443 337 4724 4594 4492 314 4178 241 3937 3836 3688 217
internal_count=5338 5167 443 337 4724 4594 4492 314 4178 241 3937 3836 3688 217
is_linear=0
shrinkage=0.03


Tree=182
num_leaves=15
num_cat=1
split_feature=9 7 3 2 10 10 5 8 10 4 6 11 7 9
split_gain=56420.2 95549.6 55267.6 116267 67869.5 53229.1 45202.1 92653.4 76843 29657.2 31851.1 32200.5 20213.5 20122.6
threshold=232.5970142903351 216.26790410410629 -51.617265913064777 -32.575660938121494 14.799538580662585 11.970619158346079 30.97226105012636 195.3990202911335 7.4432131279936504 11.948936007317263 23.881974867233865 0 48.105214841095396 -145.62275452729037
decision_type=2 2 2 2 2 2 2 2 2 2 2 1 2 2
left_child=1 2 3 -1 5 6 7 13 9 -8 -11 12 -12 -4
right_child=-2 -3 4 -5 -6 -7 8 -9 -10 10 11 -13 -14 -15
leaf_value=-0.27692703421051434 0.46817059762337626 -0.87013275493852427 0.20448447128136951 1.0878859178128384 -0.63758451054613274 0.51587773349344357 -0.44526990086904589 -0.80175355833310347 0.67141636985480491 0.53561511192891909 -0.11446160358461466 -0.30235819844999046 0.37343176102354408 -0.074042867743325413
leaf_weight=101 194 112 242 108 156 151 102 146 189 105 122 194 179 3232
leaf_count=101 194 112 242 108 156 151 102 146 189 105 122 194 179 3232
internal_value=-0.0212032 -0.0405507 -0.020377 0.445807 -0.0414811 -0.0202123 -0.0392586 -0.0863886 0.151057 0.00349793 0.0858373 -0.0182871 0.172803 -0.0541093
internal_weight=5333 5139 5027 209 4818 4662 4511 3620 891 702 600 495 301 3474
internal_count=5333 5139 5027 209 4818 4662 4511 3620 891 702 600 495 301 3474
cat_boundaries=0 1
cat_threshold=7
is_linear=0
shrinkage=0.03


Tree=183
num_leaves=15
num_cat=0
split_feature=0 5 1 4 3 8 8 9 4 0 0 10 10 10
split_gain=68823.6 76679.8 121787 120142 62905.8 62770.6 112314 91035 29958.5 141952 49479.6 100383 59606.6 47757.6
threshold=195.31587299781793 -88.521540411793168 -0.84544313672292015 -56.732053336148041 -40.163406644249406 230.69418936216107 365.70435548031088 204.94427829455867 0.81573848590782061 91.358221158763925 66.697436295127275 9.5270635579311325 5.1762555449470513 7.1738767822406588
decision_type=2 2 2 2 2 2 2 2 2 2 2 2 2 2
left_child=1 2 -1 -3 -5 7 -7 8 9 13 11 -10 -12 -6
right_child=-2 3 -4 4 5 6 -8 -9 10 -11 12 -13 -14 -15
leaf_value=-0.17434678916420254 0.71968742161645338 -0.74129690440069318 1.2261565156508301 0.55088750839233391 -0.060857769977707039 -0.85710881242739778 0.27351821480006194 0.81539884235308713 0.081550908064697281 -0.97317851295276547 -0.08077872159004211 -0.83931952453820047 0.78714294506050642 0.4076409450534213
leaf_weight=102 120 181 108 187 1597 184 127 120 1856 137 115 103 170 213
leaf_count=102 120 181 108 187 1597 184 127 120 1856 137 115 103 170 213
internal_value=0.0378646 0.0207791 0.568907 -0.00338012 0.0258741 0.00348926 -0.401268 0.03355 0.00927578 -0.0766233 0.0838151 0.0291168 0.446062 -0.00378819
internal_weight=5320 5200 210 4990 4809 4622 311 4311 4191 1947 2244 1959 285 1810
internal_count=5320 5200 210 4990 4809 4622 311 4311 4191 1947 2244 1959 285 1810
is_linear=0
shrinkage=0.03


Tree=184
num_leaves=15
num_cat=0
split_feature=10 5 8 5 10 8 4 6 10 6 4 10 5 8
split_gain=105710 56443.5 92639.9 103227 81848.5 51301 34266.1 57418.8 106350 85722.5 56957.1 56085.6 57676.2 32528.4
threshold=20.328838335393979 -59.422236397031121 256.73092977836296 -88.521540411793168 13.552442845486132 125.16187398435792 30.305099713069627 97.421981723160457 8.9256297675202667 3.2070908338633073 35.999591571416694 9.6981210495202923 4.0115438504664507 106.19968773547532
decision_type=2 2 2 2 2 2 2 2 2 2 2 2 2 2
left_child=1 2 3 -1 6 -5 11 8 9 -8 -11 13 -13 -3
right_child=-2 4 -4 5 -6 -7 7 -9 -10 10 -12 12 -14 -15
leaf_value=0.60720444457136469 -0.82462380168581362 -0.0097644520166135871 -1.0105788989945994 0.048973091776881895 0.65206845447641293 -0.86696536131394208 -0.58643148647772303 -0.31835422734079299 1.1881423838738654 0.81824420043174795 0.08152733621821083 0.00097329681529138325 -0.93777069815492198 0.24055764199515794
leaf_weight=129 123 3007 108 102 193 107 101 136 101 141 259 123 103 543
leaf_count=129 123 3007 108 102 193 107 101 136 101 141 259 123 103 543
internal_value=0.0104851 0.0319774 -0.286835 -0.0331855 0.0627297 -0.438128 0.0361464 0.221652 0.346856 0.157323 0.354843 -0.000599476 -0.448469 0.0290924
internal_weight=5276 5153 446 338 4707 209 4514 738 602 501 400 3776 226 3550
internal_count=5276 5153 446 338 4707 209 4514 738 602 501 400 3776 226 3550
is_linear=0
shrinkage=0.03


Tree=185
num_leaves=15
num_cat=1
split_feature=10 10 11 1 7 7 8 9 4 4 1 4 4 10
split_gain=43681.5 52627.7 203066 28124.2 45627.9 64725.5 58139.1 56974 74108.3 57365.4 48948.9 69121.9 86998.8 101230
threshold=20.328838335393979 13.552442845486132 0 -21.872617591712846 65.020025685449625 58.104788681837924 86.406247200772526 2.9982011092979808 36.702469938796767 -28.12316757337484 -2.976814825913265 -36.072603736280819 4.3668395490127478 8.3855674083115623
decision_type=2 2 1 2 2 2 2 2 2 2 2 2 2 2
left_child=1 3 -3 -1 5 -5 -7 10 9 -9 -6 -12 -13 -14
right_child=-2 2 -4 4 7 6 -8 8 -10 -11 11 12 13 -15
leaf_value=0.43657313291899491 -0.54980931028377178 -0.59454310155659906 1.0171361811245014 -0.013299799572703374 0.40482472129166125 -0.12048411486186381 0.69008272822834393 -0.27104166462013757 0.10269775067937785 -1.0490198853864507 -0.74079234817134798 0.73813833393413442 0.27196079004730955 -0.91978973463961944
leaf_weight=112 119 100 161 3307 182 117 223 183 164 167 124 106 139 104
leaf_count=112 119 100 161 3307 182 117 223 183 164 167 124 106 139 104
internal_value=-0.00449463 0.00904461 0.416076 -0.0133118 -0.0246572 0.0277201 0.415679 -0.186911 -0.420073 -0.661077 -0.000375419 -0.161441 0.0593041 -0.254284
internal_weight=5308 5189 261 4928 4816 3647 340 1169 514 350 655 473 349 243
internal_count=5308 5189 261 4928 4816 3647 340 1169 514 350 655 473 349 243
cat_boundaries=0 1
cat_threshold=10
is_linear=0
shrinkage=0.03


Tree=186
num_leaves=15
num_cat=1
split_feature=4 10 10 10 6 5 8 8 10 8 11 10 5 6
split_gain=65912 130869 110492 43422.8 33410 35369.2 108813 75847.8 80999.2 38884 67528.8 53370.6 35610.8 36473.1
threshold=-92.068383040850918 17.696249644594385 14.458445634959268 12.402299687695846 113.30019008877123 33.730376289347859 138.54874098163933 195.3990202911335 8.2925479404415494 129.36968088889978 0 8.9256297675202667 59.010106788699439 23.881974867233865
decision_type=2 2 2 2 2 2 2 2 2 2 1 2 2 2
left_child=-1 2 3 4 5 7 12 9 -9 11 -11 -2 13 -7
right_child=1 -3 -4 -5 -6 6 -8 8 -10 10 -12 -13 -14 -15
leaf_value=-0.73122121010796493 -0.034417790317937971 0.80459401797415586 -0.89163462121095227 0.47250743914941312 -0.48142474268601365 0.58980974210053683 0.88740071163617618 0.0056149219816381286 -1.1735353370092132 0.70007233617794984 -0.09936286904213186 -0.67641175701105882 -0.3779754912668053 -0.024717906890513973
leaf_weight=108 3214 160 124 147 136 105 141 100 100 153 207 111 163 353
leaf_count=108 3214 160 124 147 136 105 141 100 100 153 207 111 163 353
internal_value=-0.0300724 -0.0141773 -0.0416357 -0.0184947 -0.0345395 -0.0204551 0.165108 -0.0571817 -0.611768 -0.0255079 0.266371 -0.0578137 -0.0103554 0.12576
internal_weight=5322 5214 5054 4930 4783 4647 762 3885 200 3685 360 3325 621 458
internal_count=5322 5214 5054 4930 4783 4647 762 3885 200 3685 360 3325 621 458
cat_boundaries=0 1
cat_threshold=12
is_linear=0
shrinkage=0.03


Tree=187
num_leaves=15
num_cat=0
split_feature=4 10 4 10 0 10 10 4 6 8 2 4 8 10
split_gain=75256.2 172977 320872 93107.5 39699 41940.9 62518.7 49558.2 67339.9 46314.3 43291.7 40137.5 50385.5 45251.9
threshold=-71.193925506606533 13.552442845486132 -17.013899087835402 17.006829569385904 2.5482848352579013 8.4527208143473782 7.5447210101211573 -16.246001882774124 -47.086294661291625 67.615681074159667 -1.0000000180025095e-35 -38.583455081140237 125.16187398435792 3.3932041506569939
decision_type=2 2 2 2 2 2 2 2 2 2 2 2 2 2
left_child=-1 4 -3 -4 5 6 7 8 -2 -10 -7 12 -6 -13
right_child=1 2 3 -5 11 10 -8 -9 9 -11 -12 13 -14 -15
leaf_value=-0.53526699168094694 -0.28402471309624649 1.9501203626394272 0.61029492992312961 -0.57646502210766459 0.14235864341751603 -0.033681438947623626 0.62303690080800334 -0.17125741075026721 0.040129414769155637 0.80359763780125859 -0.73653953444607123 -0.081440173861738602 -0.7430166508633157 0.20117795019587606
leaf_weight=197 163 110 109 109 111 149 111 1357 130 152 160 722 105 1689
leaf_count=197 163 110 109 109 111 149 111 1357 130 152 160 722 105 1689
internal_value=0.0257395 0.0480783 0.704261 0.0176568 0.00233418 -0.0907813 -0.037471 -0.081371 0.190472 0.465072 -0.409301 0.0811398 -0.301865 0.116558
internal_weight=5374 5177 328 218 4849 2222 1913 1802 445 282 309 2627 216 2411
internal_count=5374 5177 328 218 4849 2222 1913 1802 445 282 309 2627 216 2411
is_linear=0
shrinkage=0.03


Tree=188
num_leaves=15
num_cat=1
split_feature=10 11 10 8 9 6 8 2 1 6 0 8 4 5
split_gain=92941.7 274539 130804 149037 114319 54247.4 58685.3 63557.6 55122.8 52765.3 45365.9 36918.4 46849.5 29440.4
threshold=14.458445634959268 0 10.435349769147342 147.08812936166166 4.0535078370013506 -94.074219031176469 298.93496366808569 38.679637800690962 -1.4288968893522274 -64.93267371625133 10.200167620607052 83.503081616936711 31.715718194023768 59.010106788699439
decision_type=2 1 2 2 2 2 2 2 2 2 2 2 2 2
left_child=2 -2 5 -4 -5 8 7 9 -1 10 -7 -11 -13 -14
right_child=1 -3 3 4 -6 6 -8 -9 -10 11 -12 12 13 -15
leaf_value=-0.01655214311047034 -1.4533702252163792 0.24222494092940444 -0.4071444396117459 1.3740722030003008 0.16680342389131658 0.040464778528657069 0.67310906178242447 -0.68401327597908668 -0.96567179966650218 0.026559475865425161 0.78926411858023093 -0.28343220124396212 0.43085211173817511 -0.15065731162921739
leaf_weight=111 131 193 105 164 124 162 101 118 100 2694 124 879 150 146
leaf_count=111 131 193 105 164 124 162 101 118 100 2694 124 879 150 146
internal_value=-0.0181308 -0.50259 0.0143452 0.532552 0.877316 -0.0311348 -0.00794659 -0.0255786 -0.489714 -0.00528194 0.380815 -0.0347308 -0.174293 0.148476
internal_weight=5302 324 4978 393 288 4585 4374 4273 211 4155 286 3869 1175 296
internal_count=5302 324 4978 393 288 4585 4374 4273 211 4155 286 3869 1175 296
cat_boundaries=0 1
cat_threshold=6
is_linear=0
shrinkage=0.03


Tree=189
num_leaves=15
num_cat=1
split_feature=9 10 10 10 8 10 11 10 10 10 6 9 8 10
split_gain=144834 279395 135812 80209.1 91803.3 109702 130011 82617.3 73360.7 61783.1 80934.7 47149 76257.9 56187.1
threshold=-253.48241486542847 12.402299687695846 19.348675481496297 10.435349769147342 298.93496366808569 11.790190660754002 0 9.5270635579311325 8.7206653398329674 7.1124421308200434 -10.806271083299846 -119.27199807033891 100.25016515748645 4.5787378765495905
decision_type=2 2 2 2 2 2 1 2 2 2 2 2 2 2
left_child=1 -1 3 7 5 -5 -7 8 9 11 -11 -2 -13 -14
right_child=2 -3 -4 4 -6 6 -8 -9 -10 10 -12 12 13 -15
leaf_value=-0.21372234342729343 -0.31567657036885571 1.7896630316332351 -1.0180932464450598 1.3546238906610579 -0.31996536589437913 0.97967261072065004 -0.31661083323614936 -0.79175794636124164 0.63800209931580409 -0.87478762965992185 0.0021494863068653365 -0.0027741629227523001 -0.00063488860603641052 0.57570154743852897
leaf_weight=126 313 111 102 116 114 102 148 106 156 153 226 2897 245 392
leaf_count=126 313 111 102 116 114 102 148 106 156 153 226 2897 245 392
internal_value=0.0496551 0.75904 0.0150656 0.0382804 0.402727 0.630351 0.255113 -0.00150658 0.0193687 -0.00491997 -0.365252 0.0314343 0.0629813 0.35745
internal_weight=5307 237 5070 4968 480 366 250 4488 4382 4226 379 3847 3534 637
internal_count=5307 237 5070 4968 480 366 250 4488 4382 4226 379 3847 3534 637
cat_boundaries=0 1
cat_threshold=20
is_linear=0
shrinkage=0.03


Tree=190
num_leaves=15
num_cat=0
split_feature=5 7 4 8 10 8 7 10 5 10 0 7 5 9
split_gain=97597.6 87208.9 119389 83568.9 189810 57941.2 48148.8 81247.5 45990.3 63737.9 42354.3 51830.6 42780.1 44726.7
threshold=88.917106551411777 147.72143329507963 -34.729292138196733 298.93496366808569 15.137323611152238 202.46731541549741 88.400815969989267 8.0917091905427867 -32.68502338506439 7.1124421308200434 -20.264928115184009 69.007045849924978 -17.624196086565181 74.760165257927127
decision_type=2 2 2 2 2 2 2 2 2 2 2 2 2 2
left_child=1 3 -3 4 5 6 8 -8 9 -1 12 -12 -10 -14
right_child=-2 2 -4 -5 -6 -7 7 -9 10 -11 11 -13 13 -15
leaf_value=-0.087738128586819286 -0.63882380056640375 1.2967301592816201 -0.090256782414532499 -0.68167206952526305 1.215188574363979 -0.60494036685413033 -0.17957736362346866 0.76417795266603161 -0.28497040024170506 -0.8038743367688409 -0.072786070803725497 0.44666763668339099 0.39631671660942647 -0.14304464664577779
leaf_weight=503 197 102 109 147 107 132 139 180 133 135 2450 176 629 171
leaf_count=503 197 102 109 147 107 132 139 180 133 135 2450 176 629 171
internal_value=-0.000186836 0.0256183 0.608567 -0.000661779 0.0217779 -0.008245 0.0104941 0.35999 -0.0168625 -0.249339 0.0253939 -0.0364088 0.197884 0.280686
internal_weight=5310 5113 211 4902 4755 4648 4516 319 4197 638 3559 2626 933 800
internal_count=5310 5113 211 4902 4755 4648 4516 319 4197 638 3559 2626 933 800
is_linear=0
shrinkage=0.03


Tree=191
num_leaves=15
num_cat=1
split_feature=10 11 2 0 8 1 9 5 9 1 3 9 10 3
split_gain=53695.1 131849 275061 257122 113316 54273.8 46103.2 38281.9 29136.7 28844.7 45985.5 56669.1 72963.9 45863.1
threshold=10.435349769147342 0 -18.264984747454484 -67.421232792575779 178.65073150636888 16.665814082408463 -65.4999389944699 79.866679931241805 -174.40000108747748 -17.41485187857263 -19.934773592475693 -51.715524260265141 8.3855674083115623 8.5363868772824318
decision_type=2 1 2 2 2 2 2 2 2 2 2 2 2 2
left_child=5 2 -2 -3 -5 7 -4 8 -1 -10 -11 13 -13 -12
right_child=1 3 6 4 -6 -7 -8 -9 9 10 11 12 -14 -15
leaf_value=0.36192156297489275 -0.481282506891199 -1.22536344048477 1.844554157983173 -0.34922525121319681 0.80662497844510861 -0.49875496626327759 0.80155808544158935 0.55927633492385642 0.39915390243971505 -0.23793707372565687 0.51143981845033437 0.0013686186246606152 -0.76179648999440464 -0.0039213806313152105
leaf_weight=196 101 114 100 114 196 173 100 109 144 701 342 2533 108 278
leaf_count=196 101 114 100 114 196 173 100 109 144 701 342 2533 108 278
internal_value=0.0457202 0.283763 0.740343 -0.0655051 0.38394 0.00753589 1.38606 0.0284759 0.0137612 -0.0036972 -0.019307 0.0282745 -0.0325958 0.283964
internal_weight=5309 725 301 424 310 4584 200 4411 4302 4106 3962 3261 2641 620
internal_count=5309 725 301 424 310 4584 200 4411 4302 4106 3962 3261 2641 620
cat_boundaries=0 1
cat_threshold=20
is_linear=0
shrinkage=0.03


Tree=192
num_leaves=15
num_cat=1
split_feature=1 3 7 2 10 10 11 4 2 3 7 9 7 10
split_gain=92153.3 74491.7 258746 71491.1 153653 63492.6 357998 159618 66024.8 46443.1 81985.7 29503.6 57511.4 45338.5
threshold=-20.940523415541161 -51.617265913064777 122.51994680971393 -38.451588117134584 16.073873004145863 10.435349769147342 0 14.334757015441637 38.679637800690962 43.425266878033021 99.456940895054231 -82.372382277023505 69.007045849924978 6.5360820666931065
decision_type=2 2 2 2 2 2 1 2 2 2 2 2 2 2
left_child=-1 2 -2 -3 5 8 -7 -8 9 10 11 12 13 -5
right_child=1 3 -4 4 -6 6 7 -9 -10 -11 -12 -13 -14 -15
leaf_value=-0.72796877876968136 -0.46473996382060012 0.7373820844051 1.45717592574656 0.19880179426315667 -0.91064162297917239 -0.81313426988465443 0.32542001250244323 1.9549569453055209 -0.67253611749836373 0.53106318380521689 -0.83269381206583337 -0.040557899680026994 0.73774483325786155 -0.45822372205614104
leaf_weight=147 117 101 118 360 163 127 116 100 130 128 101 3388 123 117
leaf_count=147 117 101 118 360 163 127 116 100 130 128 101 3388 123 117
internal_value=-0.0118966 0.00975026 0.520394 -0.0154724 -0.0326248 -0.000236879 0.386735 1.08495 -0.0315884 -0.0102852 -0.0284856 -0.0060864 0.186037 0.0315447
internal_weight=5336 5189 235 4954 4853 4690 343 216 4347 4217 4089 3988 600 477
internal_count=5336 5189 235 4954 4853 4690 343 216 4347 4217 4089 3988 600 477
cat_boundaries=0 1
cat_threshold=3
is_linear=0
shrinkage=0.03


Tree=193
num_leaves=15
num_cat=0
split_feature=10 0 6 9 7 9 6 10 1 4 3 6 10 4
split_gain=182460 324243 52835.7 49518.8 62375.6 54088.3 35620.5 66846.8 38863.8 38578.3 22299.2 59290.2 96329.1 92549.1
threshold=14.458445634959268 47.335412450723354 -139.20038571044697 -289.45200208684395 117.2980354120014 -9.1727479864266233 -51.983141883257659 6.2009258187212968 -0.84544313672292015 -16.642071245830884 8.8864368607979518 58.06705272963822 5.4059473615665965 1.0000000180025095e-35
decision_type=2 2 2 2 2 2 2 2 2 2 2 2 2 2
left_child=2 -2 -1 -4 6 -6 7 8 -5 -9 11 12 -8 -14
right_child=1 -3 3 4 5 -7 10 9 -10 -11 -12 -13 13 -15
leaf_value=0.59112639545517798 -1.4847128920991028 0.36674369347778046 -0.62907955555789241 -0.23827986728839987 0.97088578829982053 0.0062376414672894913 0.0053055193318578848 -1.0503374895182525 0.34273407486166269 -0.22315108378728229 -0.068926286659130767 -0.44229344254634417 0.21163491763369574 1.0962769715977356
leaf_weight=126 191 142 103 244 100 100 1605 100 165 107 1604 173 372 143
leaf_count=126 191 142 103 244 100 100 1605 100 165 107 1604 173 372 143
internal_value=-0.0384343 -0.707528 0.00798808 -0.00846171 0.00640478 0.511827 -0.0170758 -0.227141 -0.00129982 -0.652746 0.0166257 0.0765105 0.120725 0.473476
internal_weight=5275 333 4942 4816 4713 200 4513 616 409 207 3897 2293 2120 515
internal_count=5275 333 4942 4816 4713 200 4513 616 409 207 3897 2293 2120 515
is_linear=0
shrinkage=0.03


Tree=194
num_leaves=15
num_cat=0
split_feature=1 10 8 8 3 8 9 5 9 5 2 9 1 10
split_gain=85126.7 175189 64488.4 120825 57303.2 49134.3 41606.3 41473.1 50203.4 40338.3 61260.5 37517.8 34714.1 30957.9
threshold=22.166946540315813 20.328838335393979 365.70435548031088 287.73006933493207 -51.617265913064777 230.69418936216107 204.94427829455867 -24.553877424763826 95.783841856612128 -45.824265797802376 -3.0152725204987099 -62.035632886561139 -6.6646580719698125 10.558322662137513
decision_type=2 2 2 2 2 2 2 2 2 2 2 2 2 2
left_child=1 2 3 4 -1 6 7 8 9 10 -6 -11 -13 -9
right_child=-2 -3 -4 -5 5 -7 -8 13 -10 11 -12 12 -14 -15
leaf_value=0.52311955155844381 0.75446662676243381 -1.172647416601921 0.56738082593076689 -0.95015855629705193 0.40794132004289196 -0.61287005340351786 0.50827571228667567 0.017056279001069496 -0.72859808111101165 -0.70410955753541526 -0.44167815723934684 -0.54515546622529487 0.086167692964371559 0.45359075116176228
leaf_weight=178 121 106 168 111 238 109 133 3320 123 123 101 103 249 143
leaf_count=178 121 106 168 111 238 109 133 3320 123 123 101 103 249 143
internal_value=-0.000855377 -0.0198273 0.00638631 -0.0138365 0.00964867 -0.0111228 0.00466391 -0.0116769 -0.187637 -0.0980443 0.149407 -0.274086 -0.108522 0.0363365
internal_weight=5326 5205 5099 4931 4820 4642 4533 4400 937 814 339 475 352 3463
internal_count=5326 5205 5099 4931 4820 4642 4533 4400 937 814 339 475 352 3463
is_linear=0
shrinkage=0.03


Tree=195
num_leaves=15
num_cat=1
split_feature=8 10 5 6 10 11 8 8 8 8 7 7 1 8
split_gain=67924.7 123025 93195.2 44647.9 55494.6 119301 55527.5 48224.4 59482.8 82011.8 76962.9 35556.2 55410.2 44851.4
threshold=349.80412339871037 17.006829569385904 -36.041389680847693 127.18409936272798 11.790190660754002 0 188.35181179805494 156.72064734577788 129.36968088889978 122.96993491110216 70.794645075866597 65.517090038319751 2.9767968272765515 99.454732648429328
decision_type=2 2 2 2 2 1 2 2 2 2 2 2 2 2
left_child=1 3 -2 4 6 -6 7 8 9 11 -10 13 -13 -1
right_child=2 -3 -4 -5 5 -7 -8 -9 10 -11 -12 12 -14 -15
leaf_value=0.0047456600056218273 -0.1937050986469469 -0.8971773091384343 0.982006326864163 0.56906405169062491 0.28891797117604556 -0.97022367864270365 0.51096332611496909 -0.45580637925458184 -0.11576562638185461 -0.77688459479039707 0.82266974392231929 0.0083328420598551903 -0.72108458835757461 0.38831369259626763
leaf_weight=3104 100 130 134 113 111 135 184 196 137 114 168 255 138 291
leaf_count=3104 100 130 134 113 111 135 184 196 137 114 168 255 138 291
internal_value=0.00327403 -0.0201894 0.492219 0.00462496 -0.00971992 -0.439595 0.0142403 -0.00762838 0.0142832 -0.0176855 0.41085 0.007148 -0.259336 0.0386668
internal_weight=5310 5076 234 4946 4833 246 4587 4403 4207 3902 305 3788 393 3395
internal_count=5310 5076 234 4946 4833 246 4587 4403 4207 3902 305 3788 393 3395
cat_boundaries=0 1
cat_threshold=20
is_linear=0
shrinkage=0.03


Tree=196
num_leaves=15
num_cat=0
split_feature=6 0 7 10 8 8 7 5 0 8 10 10 4 10
split_gain=56451.6 73935.9 89222 62397.3 35065.1 92033.2 45247 93767.5 49230.7 45545.9 72076.7 45945.4 59578.1 53082.7
threshold=122.30864716830938 -139.44091628089731 153.38056441203312 11.790190660754002 298.93496366808569 210.62015631626434 98.46314633076075 -3.6230237746388005 -75.416764017886663 158.48740261824773 10.558322662137513 6.2479174866526863 17.208305916394711 5.4477213599846737
decision_type=2 2 2 2 2 2 2 2 2 2 2 2 2 2
left_child=1 -1 4 -2 5 6 8 -8 -3 10 11 13 -13 -10
right_child=3 2 -4 -5 -6 -7 7 -9 9 -11 -12 12 -14 -15
leaf_value=-0.56016158783558712 -0.015857435778567665 0.41916779992970393 0.70416162091853285 1.005335422859376 -0.45364645815910176 0.80134401120356658 0.16488874050822572 -0.99366711231507354 0.0010816745778145904 -0.50436619944726269 0.75659390395635673 -0.45556482599088638 0.19550483547742403 0.41028186418280616
leaf_weight=184 104 259 164 101 131 124 127 110 2855 145 106 386 179 307
leaf_count=184 104 259 164 101 131 124 127 110 2855 145 106 386 179 307
internal_value=0.034477 0.014285 0.0369853 0.510626 0.0124108 0.0266448 0.00343423 -0.391297 0.0263832 -0.000177226 0.0201587 -0.00275486 -0.249484 0.0419793
internal_weight=5282 5077 4893 205 4729 4598 4474 237 4237 3978 3833 3727 565 3162
internal_count=5282 5077 4893 205 4729 4598 4474 237 4237 3978 3833 3727 565 3162
is_linear=0
shrinkage=0.03


Tree=197
num_leaves=15
num_cat=0
split_feature=4 10 7 2 7 1 9 10 1 7 7 3 5 10
split_gain=49753.2 94196.5 89386.7 118498 69035.9 44658.4 81166 174130 75912.5 71063.3 67798.9 111570 24611.3 36118.4
threshold=-46.863680968670216 11.370053730694282 199.90558382845225 38.679637800690962 91.638340227183093 7.8548096625098749 -13.148385959487809 7.6750363907532444 12.392143776337159 112.14759678770552 76.167376820591798 19.512201312616387 -61.944408405851632 6.2009258187212968
decision_type=2 2 2 2 2 2 2 2 2 2 2 2 2 2
left_child=1 4 3 5 -1 9 7 -7 -8 10 12 -12 -2 -14
right_child=2 -3 -4 -5 -6 6 8 -9 -10 -11 11 -13 13 -15
leaf_value=-0.39233428988944402 0.40677075457172229 -0.84052290775802696 0.80664588024449901 -0.69052980998584201 0.46455033773887744 0.13061879575736687 0.28038510014352047 1.5326206258690875 -0.58205644784083999 -0.67146626570950374 0.91768298521235181 -0.2130701159162724 0.011577180109248129 -0.25605561835266832
leaf_weight=166 109 168 119 200 153 267 218 105 144 128 175 131 2759 533
leaf_count=166 109 168 119 200 153 267 218 105 144 128 175 131 2759 533
internal_value=-0.00161215 -0.28761 0.0274114 0.00632004 0.0202762 0.0382648 0.250973 0.556107 -0.0691099 -0.00299328 0.021833 0.442179 -0.0171725 -0.0323988
internal_weight=5375 487 4888 4769 319 4569 734 372 362 3835 3707 306 3401 3292
internal_count=5375 487 4888 4769 319 4569 734 372 362 3835 3707 306 3401 3292
is_linear=0
shrinkage=0.03


Tree=198
num_leaves=15
num_cat=1
split_feature=11 7 1 6 9 2 1 9 0 2 0 1 1 7
split_gain=67971.5 140587 92380.1 83017 63471.9 80747.5 44894.1 41831.1 41510.7 64756.9 43814.2 42112.8 76055.4 142193
threshold=0 65.517090038319751 3.6050115541333363 -153.6426472584746 -289.45200208684395 -39.954830371319495 4.3300979064414511 222.62421898281144 93.562601669700683 -1.7255038434750321 63.335204676601357 19.118414612654345 7.8548096625098749 62.591102661309598
decision_type=1 2 2 2 2 2 2 2 2 2 2 2 2 2
left_child=1 6 -3 -2 -5 -6 -1 8 10 -10 11 12 -7 -14
right_child=3 2 -4 4 5 7 -8 -9 9 -11 -12 -13 13 -15
leaf_value=-0.13955911294453838 0.8593943943848481 -0.34402330196583208 -1.4711244769529863 -0.6169974017412142 0.80284363787020407 -0.040162783496029607 0.3668469635695219 0.49385836647596298 0.12885818299182036 -0.70816119614041451 0.3854091921752813 -0.57435459949143908 0.035098983131010425 1.1972331479655371
leaf_weight=621 101 183 100 123 114 2558 200 154 152 167 284 100 320 125
leaf_count=621 101 183 100 123 114 2558 200 154 152 167 284 100 320 125
internal_value=-0.00557864 -0.212851 -0.778908 0.0496943 0.0278105 0.0492666 -0.0132659 0.0249937 0.00423383 -0.317536 0.0353849 0.00221398 0.0232563 0.380679
internal_weight=5302 1104 283 4198 4097 3974 821 3860 3706 319 3387 3103 3003 445
internal_count=5302 1104 283 4198 4097 3974 821 3860 3706 319 3387 3103 3003 445
cat_boundaries=0 1
cat_threshold=2
is_linear=0
shrinkage=0.03


Tree=199
num_leaves=15
num_cat=1
split_feature=3 3 6 3 10 3 4 10 7 3 11 0 7 2
split_gain=139888 109632 53672.5 50327.2 50571.8 38177.7 39989.5 141742 106630 79154.8 60184.5 58743 41733.9 41632.5
threshold=-63.083427398391194 -51.617265913064777 -139.20038571044697 -39.097736500675516 17.006829569385904 -33.434885030242363 33.699513022580781 10.727301652789047 65.020025685449625 19.812018107208395 0 -1.0000000180025095e-35 38.116160679773529 18.019378238779712
decision_type=2 2 2 2 2 2 2 2 2 2 1 2 2 2
left_child=-1 -2 -3 -4 5 -5 8 -8 12 10 -10 -12 -7 -14
right_child=1 2 3 4 -6 6 7 -9 9 -11 11 -13 13 -15
leaf_value=-0.8421081451138297 0.92007006317636231 0.63583522510689661 -0.52509319039030444 0.47016834146836223 -0.57659699626963767 -0.079482433936612681 0.0014819606117904185 1.1210391103494459 -0.60620425227624564 -1.0167235587972712 -0.37656815469783289 0.55386877926933853 0.20534877829170575 -0.23267971806419202
leaf_weight=172 105 101 169 143 129 1852 590 113 164 144 105 121 1206 224
leaf_count=172 105 101 169 143 129 1852 590 113 164 144 105 121 1206 224
internal_value=-0.024665 0.00412579 -0.0166541 -0.0311933 -0.0127138 0.00408989 -0.0116643 0.194638 -0.0500797 -0.439091 -0.205725 0.118908 0.0143562 0.135595
internal_weight=5338 5166 5061 4960 4791 4662 4519 703 3816 534 390 226 3282 1430
internal_count=5338 5166 5061 4960 4791 4662 4519 703 3816 534 390 226 3282 1430
cat_boundaries=0 1
cat_threshold=10
is_linear=0
shrinkage=0.03


Tree=200
num_leaves=15
num_cat=0
split_feature=3 3 4 3 2 7 8 7 9 7 7 0 7 8
split_gain=69656.4 76722.2 71038.9 55930.4 50411.8 81698.5 50600.9 68106.2 31751.7 65735.2 55118.6 29721.4 64906 49438.7
threshold=-60.43301526327901 -50.035104639828994 82.068407584568078 55.479204157987674 33.640582800895324 135.69784245184522 256.73092977836296 93.669367588426311 -158.4055869405486 81.450828614230048 61.871757964512547 91.358221158763925 50.44219878279339 108.22971421344415
decision_type=2 2 2 2 2 2 2 2 2 2 2 2 2 2
left_child=-1 -2 3 4 5 6 7 8 10 11 -3 13 -13 -10
right_child=1 2 -4 -5 -6 -7 -8 -9 9 -11 -12 12 -14 -15
leaf_value=-0.54864476094756165 0.78090188920497894 0.097224386808102151 0.73453944780058777 -0.62674852866766062 0.48258209899067883 -0.79277206376194953 0.53426736079627946 -0.53807738601455191 -0.0078275568341016483 0.70591302934124711 -0.81121670259011758 0.10789886555501392 -0.80955362032513967 0.3221758697270713
leaf_weight=188 108 127 108 119 182 108 148 201 3123 117 101 158 111 460
leaf_count=188 108 127 108 119 182 108 148 201 3123 117 101 158 111 460
internal_value=0.00359918 0.0246971 0.00705879 -0.010245 0.0061874 -0.0134373 0.00677689 -0.0121458 0.0142609 0.0343606 -0.322375 0.012188 -0.286125 0.0353184
internal_weight=5359 5171 5063 4955 4836 4654 4546 4398 4197 3969 228 3852 269 3583
internal_count=5359 5171 5063 4955 4836 4654 4546 4398 4197 3969 228 3852 269 3583
is_linear=0
shrinkage=0.03


Tree=201
num_leaves=15
num_cat=0
split_feature=1 7 0 1 3 1 10 8 2 5 2 10 6 10
split_gain=88164.6 157834 106593 52627.5 79000.4 67839.6 132225 52063 70038.8 65545 120295 43056.4 94162.8 59090.9
threshold=18.537262326882786 174.63721761573083 9.714397591589643 12.392143776337159 9.87679005794541 7.8548096625098749 7.0463487188265645 287.73006933493207 -41.519718172213111 74.405309429470236 27.642046242402799 9.6981210495202923 -27.50368596560412 8.7206653398329674
decision_type=2 2 2 2 2 2 2 2 2 2 2 2 2 2
left_child=1 3 -2 5 -5 7 -7 8 -1 10 11 13 -13 -10
right_child=2 -3 -4 4 -6 6 -8 -9 9 -11 -12 12 -14 -15
leaf_value=0.72027972505112325 -0.077813528714383517 -0.87879029702552047 1.2103443713592172 -1.0235789355364713 0.030040706970073557 0.075096639347153271 1.2586679944592085 -0.53748197826871102 -0.016053886278777532 -0.66970901478420608 0.86086032477517926 -0.9370590278056028 0.14370698020716383 0.69074272350831456
leaf_weight=111 113 180 106 100 152 339 104 153 3296 122 134 129 147 100
leaf_count=111 113 180 106 100 152 339 104 153 3296 122 134 129 147 100
internal_value=-0.00450275 -0.0304659 0.571305 0.00251066 -0.411172 0.0258389 0.374607 -0.0118218 0.00936885 -0.0124986 0.0102679 -0.023026 -0.376536 0.00672565
internal_weight=5286 5067 219 4887 252 4635 443 4192 4039 3928 3806 3672 276 3396
internal_count=5286 5067 219 4887 252 4635 443 4192 4039 3928 3806 3672 276 3396
is_linear=0
shrinkage=0.03


Tree=202
num_leaves=15
num_cat=2
split_feature=7 9 10 11 0 9 1 7 1 3 10 9 11 0
split_gain=80964.4 152938 96552 418176 158689 32052.5 54430.6 67828.9 36183.1 46084.8 34489.1 32895 52988.8 27288.2
threshold=153.38056441203312 -145.62275452729037 11.370053730694282 0 1.2456862993136999 -119.27199807033891 9.9135537166045449 66.516233359301566 -17.957867010879514 -42.200728725015246 5.5979739449498718 -77.211741553356077 1 -85.5951461130186
decision_type=2 2 2 1 2 2 2 2 2 2 2 2 1 2
left_child=2 -2 5 -4 -5 6 7 10 -7 -10 -1 12 -11 -13
right_child=1 -3 3 4 -6 8 -8 -9 9 11 -12 13 -14 -15
leaf_value=0.0038325455104272193 1.3496659032855411 -0.083531381848246558 0.6901549602810586 -2.1238152112906628 -0.54047415726088188 0.51685183709045113 -0.74846205080764028 0.40085851495383212 -0.48291455242326187 0.80193238865870686 -0.71391172819560567 -0.29734747400499195 -0.010438137553749283 0.041246018334576563
leaf_weight=117 103 162 158 100 138 129 117 173 145 110 114 219 171 3317
leaf_count=117 103 162 158 100 138 129 117 173 145 110 114 219 171 3317
internal_value=0.00114098 0.502345 -0.0263286 -0.469858 -1.21554 0.0126883 -0.206659 -0.0354619 0.0410585 0.0243048 -0.365304 0.0447845 0.3514 0.019496
internal_weight=5273 265 5008 396 238 4612 521 404 4091 3962 231 3817 281 3536
internal_count=5273 265 5008 396 238 4612 521 404 4091 3962 231 3817 281 3536
cat_boundaries=0 1 2
cat_threshold=20 6
is_linear=0
shrinkage=0.03


Tree=203
num_leaves=15
num_cat=1
split_feature=4 10 3 4 8 11 10 2 2 10 2 5 8 8
split_gain=110017 128188 48516.7 56441 64853.4 107373 81884.6 54251.2 48973.3 48631.2 41138.2 31413.1 17985.7 45851.4
threshold=-71.193925506606533 18.334109265793188 -42.200728725015246 -34.729292138196733 230.69418936216107 0 11.5611000505543 -29.336907569919052 -10.858572318099471 5.9736461462373454 38.679637800690962 77.123404639229491 75.249252434359576 96.859295366978372
decision_type=2 2 2 2 2 1 2 2 2 2 2 2 2 2
left_child=-1 2 7 8 6 -6 10 -2 9 -4 11 12 -5 -14
right_child=1 -3 3 4 5 -7 -8 -9 -10 -11 -12 -13 13 -15
leaf_value=-0.70605827191690118 0.044330198900038455 0.88200959836203474 0.17756608154092518 0.025342512465335813 0.23084555231987083 -0.93702586749504346 0.69679660352345163 -0.86416414350975213 -0.074306408954518177 1.0301623140878913 -0.57837779109718412 0.47212681262921063 -0.28676679568375985 0.047881580383374742
leaf_weight=195 109 135 130 2299 113 154 135 117 158 111 109 107 682 783
leaf_count=195 109 135 130 2299 113 154 135 117 158 111 109 107 682 783
internal_value=-0.0245274 0.00263857 -0.022782 -0.00205049 -0.0334356 -0.477762 -0.0035174 -0.442685 0.335025 0.595653 -0.0289586 -0.0120376 -0.0270155 -0.108795
internal_weight=5337 5142 5007 4781 4382 267 4115 226 399 241 3980 3871 3764 1465
internal_count=5337 5142 5007 4781 4382 267 4115 226 399 241 3980 3871 3764 1465
cat_boundaries=0 1
cat_threshold=20
is_linear=0
shrinkage=0.03


Tree=204
num_leaves=15
num_cat=0
split_feature=2 4 10 2 10 7 0 5 8 2 9 2 9 10
split_gain=32404.7 42891.1 103020 97750.7 70209.8 33564.6 53837.2 31487.9 28237.9 64322.1 35561.5 33750.5 31393.8 43291.9
threshold=54.337700700505145 53.473122687334744 17.696249644594385 19.092818824178035 14.458445634959268 112.14759678770552 -4.9881737707337548 -80.978294491278731 133.98412833035448 -8.6730276112697275 5.4774897771439646 13.092421561114351 -119.27199807033891 5.4059473615665965
decision_type=2 2 2 2 2 2 2 2 2 2 2 2 2 2
left_child=1 2 4 -3 5 7 -7 -1 12 10 -10 -11 -9 -14
right_child=-2 3 -4 -5 -6 6 -8 8 9 11 -12 -13 13 -15
leaf_value=-0.43712194904685014 0.50813263794471475 -0.92140563423963306 0.80988832028980906 0.16618359487365791 -0.70057580805960162 -0.12039531196247447 0.81524797313799291 -0.28713828421416487 0.17756001877784727 -0.3379654479365457 0.96842150861681509 0.28783324455185755 -0.040190072120567299 0.22051188698232754
leaf_weight=134 106 131 135 152 116 100 108 335 100 166 108 129 2819 709
leaf_count=134 106 131 135 152 116 100 108 335 100 166 108 129 2819 709
internal_value=0.0121759 0.00119857 0.0219946 -0.351524 -0.00168442 0.0169839 0.380531 -0.00062654 0.0137385 0.22287 0.613786 -0.0638462 -0.0139975 0.0126767
internal_weight=5348 5242 4959 283 4824 4708 208 4500 4366 503 208 295 3863 3528
internal_count=5348 5242 4959 283 4824 4708 208 4500 4366 503 208 295 3863 3528
is_linear=0
shrinkage=0.03


Tree=205
num_leaves=15
num_cat=1
split_feature=10 11 10 1 3 6 6 6 5 4 9 6 10 6
split_gain=62609 443088 154115 38629.6 39858.7 44813.5 34844.2 42436.8 43278.7 39365.7 44785.9 56556.9 43567.1 36140.6
threshold=14.799538580662585 0 13.290757052927647 -17.41485187857263 -26.816857047102392 -11.300600148976423 -100.14984734792968 -75.973572824285228 -53.061771292904801 -32.330240069260746 -51.715524260265141 -4.3301841704000479 5.6314929894552481 -39.934735617186199
decision_type=2 1 2 2 2 2 2 2 2 2 2 2 2 2
left_child=2 -2 3 -1 5 -5 -6 -8 -9 -10 11 12 -11 -12
right_child=1 -3 -4 4 6 -7 7 8 9 10 13 -13 -14 -15
leaf_value=0.44920821585732956 -1.5886249151423171 0.55958353818798401 1.1498179998764626 -0.019345774867882332 -0.44919951212303388 -0.56783177583880229 0.62067201680991613 -0.50538791368573399 0.61558627769726659 0.27425704727847788 -0.32344717463688416 0.083863623744549864 1.0748415821248833 0.038254113740339463
leaf_weight=197 128 192 107 422 106 187 116 108 109 160 265 585 100 2582
leaf_count=197 128 192 107 422 106 187 116 108 109 160 265 585 100 2582
internal_value=0.0475415 -0.352984 0.0735997 0.0479976 0.0304122 -0.194217 0.0639165 0.0785094 0.060878 0.0782515 0.0607676 0.251176 0.610579 0.00357252
internal_weight=5364 320 5044 4937 4740 609 4131 4025 3909 3801 3692 845 260 2847
internal_count=5364 320 5044 4937 4740 609 4131 4025 3909 3801 3692 845 260 2847
cat_boundaries=0 1
cat_threshold=6
is_linear=0
shrinkage=0.03


Tree=206
num_leaves=15
num_cat=1
split_feature=8 5 10 4 10 11 7 2 10 4 10 9 9 4
split_gain=65016.3 161601 45248.1 124709 40975.3 99498.8 139130 53735.5 32066.6 35546 30508.6 29431.4 37914.6 30134.1
threshold=365.70435548031088 5.8436247940234187 14.799538580662585 -10.080741523744036 10.435349769147342 0 97.11289109769551 38.679637800690962 9.5270635579311325 -56.732053336148041 8.7206653398329674 -119.27199807033891 -89.578785568908231 18.226055678792431
decision_type=2 2 2 2 2 1 2 2 2 2 2 2 2 2
left_child=2 -2 4 -4 7 -6 -7 8 9 -1 11 13 -13 -11
right_child=1 -3 3 -5 5 6 -8 -9 -10 10 -12 12 -14 -15
leaf_value=-0.44785587063375509 -0.2143813797687662 1.3214056710329922 0.31039677916346364 -1.0804641956942422 -0.30205302550748808 -0.06474553193216738 1.4494161998480557 -0.62864585028754338 -0.52196370478187282 -0.44720832630220159 0.44780577486299949 0.4172538178457933 -0.0036687308650891169 0.12989157819449901
leaf_weight=149 135 100 101 116 143 105 102 125 102 241 128 194 3442 115
leaf_count=149 135 100 101 116 143 105 102 125 102 241 128 194 3442 115
internal_value=-0.0109377 0.466405 -0.0339694 -0.447949 -0.0145474 0.293484 0.68233 -0.0391248 -0.0208695 -0.00770493 0.009259 -0.00588644 0.0198726 -0.26233
internal_weight=5298 235 5063 217 4846 350 207 4496 4371 4269 4120 3992 3636 356
internal_count=5298 235 5063 217 4846 350 207 4496 4371 4269 4120 3992 3636 356
cat_boundaries=0 1
cat_threshold=17
is_linear=0
shrinkage=0.03


Tree=207
num_leaves=15
num_cat=0
split_feature=6 2 4 10 0 3 8 9 8 9 2 10 10 8
split_gain=51823.1 62390.1 292256 227371 205332 108644 75234.2 54550 47401.4 112828 118723 75811.3 55185.7 47088.3
threshold=-163.74528557908661 -3.0152725204987099 -25.387658400447403 8.4527208143473782 142.39150417551369 19.812018107208395 210.62015631626434 -232.94904927200471 145.89477234674567 38.076918460195863 23.462477969296014 8.2925479404415494 6.7938648232557037 99.454732648429328
decision_type=2 2 2 2 2 2 2 2 2 2 2 2 2 2
left_child=-1 4 3 -3 5 6 -2 -4 11 10 -10 12 13 -9
right_child=1 2 7 -5 -6 -7 -8 8 9 -11 -12 -13 -14 -15
leaf_value=0.63737046062428016 0.040175776987000339 -0.20040027006467184 0.60720489027038693 -2.0709870815590805 1.3392245170703301 -0.85807274571298497 0.69422045789915932 -0.044095683895311377 0.76639486261611356 -0.96480752747792464 -0.60670935208733012 0.66117174319236682 -0.57359851777553561 0.3899214287963243
leaf_weight=105 1771 125 114 104 107 103 164 1796 106 146 101 142 147 247
leaf_count=105 1771 125 114 104 107 103 164 1796 106 146 101 142 147 247
internal_value=0.00748528 -0.00650501 -0.0940717 -1.10103 0.116972 0.0465748 0.0988933 -0.008061 -0.0363402 -0.355242 0.0993413 0.0132434 -0.0315827 0.0100209
internal_weight=5278 5173 3028 229 2145 2038 1935 2799 2685 353 207 2332 2190 2043
internal_count=5278 5173 3028 229 2145 2038 1935 2799 2685 353 207 2332 2190 2043
is_linear=0
shrinkage=0.03


Tree=208
num_leaves=15
num_cat=1
split_feature=10 11 4 9 6 8 8 6 10 7 6 6 8 10
split_gain=52178.7 422748 44393.6 66266 20609.1 63173.4 48189.9 84537.8 78332.6 53531.2 29467.9 20166.3 39586 58674.7
threshold=14.458445634959268 0 72.915245213514567 -274.44170920143222 -51.983141883257659 250.56358313139998 217.30976005018235 -75.973572824285228 5.929935392669532 71.317668930615312 -62.962400107286577 106.25837390285304 148.98048617111093 9.9962857727257184
decision_type=2 1 2 2 2 2 2 2 2 2 2 2 2 2
left_child=2 -2 3 -1 6 11 7 9 10 -5 -9 12 13 -6
right_child=1 -3 -4 4 5 -7 -8 8 -10 -11 -12 -13 -14 -15
leaf_value=-0.71885123423260189 0.87893755366470627 -1.1969155531738875 0.59165230038918948 -0.032617269421325007 0.029127359522834986 0.65246283929204119 -0.66258822323754429 -0.35748120777490661 -0.98829639290234517 0.70960608855078489 0.30203375313892833 -0.35881912843518965 0.51837917167535963 -0.67143421445343943
leaf_weight=105 131 198 104 194 3501 135 118 113 108 148 111 116 132 101
leaf_count=105 131 198 104 194 3501 135 118 113 108 148 111 116 132 101
internal_value=-0.0180423 -0.378195 0.00643167 -0.00721908 0.00989183 0.0377328 -0.128916 -0.0271626 -0.362699 0.299613 -0.0317269 0.0145429 0.0270691 0.00767911
internal_weight=5315 329 4986 4882 4777 3985 792 674 332 342 224 3850 3734 3602
internal_count=5315 329 4986 4882 4777 3985 792 674 332 342 224 3850 3734 3602
cat_boundaries=0 1
cat_threshold=17
is_linear=0
shrinkage=0.03


Tree=209
num_leaves=15
num_cat=1
split_feature=9 0 5 6 8 5 4 3 11 8 9 0 4 8
split_gain=65833 223603 120426 104061 129032 68245.7 85972 79644.2 70708.8 48540.4 36325.5 69028.3 64641.5 50295
threshold=-232.94904927200471 30.651969573061262 -98.019547187485685 -91.668570477147227 178.65073150636888 74.405309429470236 41.967433617386277 31.55287880612892 0 303.90124936748151 -33.578741928503959 -85.5951461130186 -44.453145696591541 88.383332694811102
decision_type=2 2 2 2 2 2 2 2 1 2 2 2 2 2
left_child=1 -1 -2 4 -4 6 9 -7 -8 10 13 -12 -13 -5
right_child=2 -3 3 5 -6 7 8 -9 -10 -11 11 12 -14 -15
leaf_value=-0.21170694888584196 -0.87730427130654054 1.4971307475783608 -0.072255393896986098 -0.0041149081857957889 1.2913798082663008 -1.125628604585474 1.0176749060139991 -0.06555976369164207 0.039860211536288256 -0.62603440100948016 -0.51120703106849041 0.73129728175344921 0.03526976124861872 -0.410246786487241
leaf_weight=179 138 100 127 664 111 100 108 155 154 116 189 116 2593 458
leaf_count=179 138 100 127 664 111 100 108 155 154 116 189 116 2593 458
internal_value=-0.00896551 0.43139 -0.0342033 -0.0086736 0.590153 -0.0405034 -0.0123028 -0.508062 0.504405 -0.0461719 -0.0279277 0.0282739 0.0676538 -0.172057
internal_weight=5308 279 5029 4891 238 4653 4398 255 262 4136 4020 2898 2709 1122
internal_count=5308 279 5029 4891 238 4653 4398 255 262 4136 4020 2898 2709 1122
cat_boundaries=0 1
cat_threshold=6
is_linear=0
shrinkage=0.03


Tree=210
num_leaves=15
num_cat=0
split_feature=8 7 2 0 4 8 0 8 7 7 7 2 8 1
split_gain=67632.3 226802 198862 177453 153098 37374.9 85477.8 53624.1 36639.9 61100.5 46710.8 46110.1 48751.7 29853.2
threshold=230.69418936216107 117.2980354120014 -26.492681971931283 -42.730095800830107 8.0273763615073204 154.58430671534978 -40.41464780366158 171.7535373895345 98.46314633076075 71.317668930615312 65.517090038319751 3.7193455990808379 113.10240271038366 4.2451132008405397
decision_type=2 2 2 2 2 2 2 2 2 2 2 2 2 2
left_child=1 5 -2 -4 -5 8 -7 -8 9 10 -1 12 -11 -13
right_child=2 -3 3 4 -6 6 7 -9 -10 11 -12 13 -14 -15
leaf_value=0.031361082375962752 -1.2968774222326465 1.1625575412036497 -0.73064267606065991 1.1455117101877326 -0.29755095801702364 0.3785395255588716 -1.0809197848286878 -0.19535215834401687 -0.50874836709282611 -0.36978517282527423 -0.45873096602766411 1.0504679264805534 0.49869061077045185 0.29257549286972395
leaf_weight=3580 127 148 161 139 113 114 102 149 100 105 174 100 108 100
leaf_count=3580 127 148 161 139 113 114 102 149 100 105 174 100 108 100
internal_value=0.00867576 0.0448375 -0.306418 0.0216137 0.511765 0.00669697 -0.280494 -0.582851 0.0318617 0.0460222 0.00748666 0.387837 0.0731847 0.703499
internal_weight=5320 4780 540 413 252 4632 365 251 4267 4167 3754 413 213 200
internal_count=5320 4780 540 413 252 4632 365 251 4267 4167 3754 413 213 200
is_linear=0
shrinkage=0.03


Tree=211
num_leaves=15
num_cat=1
split_feature=4 8 7 1 6 6 2 7 6 3 11 7 1 0
split_gain=61657.4 58135.3 81434 242144 41144.9 41855.3 51363.3 71608.4 41747.4 102474 58158.1 48934.1 39198.9 41844.3
threshold=82.068407584568078 421.97394218920641 117.2980354120014 -1.9638425375630495 -51.983141883257659 -75.973572824285228 -22.205285031164514 63.332305925525752 56.970193826431334 7.2622609204818334 0 70.794645075866597 0.84267685010861182 11.414803579273523
decision_type=2 2 2 2 2 2 2 2 2 2 1 2 2 2
left_child=1 2 4 -4 5 6 -1 -8 -6 -10 -11 -12 13 -7
right_child=-2 -3 3 -5 8 12 7 -9 9 10 11 -13 -14 -15
leaf_value=-0.450371892052154 0.68035181772141218 -0.58572446107243503 -0.4741252779743097 1.2068266411368525 0.074185599269519273 -1.008243179798455 -0.2198286261941885 0.73994416706760713 -0.77811511257385957 -0.35834692059003787 0.0066045309624872929 0.82470748331095722 0.021784529378179644 -0.20248901884575357
leaf_weight=136 116 134 127 171 3402 126 138 125 178 164 162 101 112 112
leaf_count=136 116 134 127 171 3402 126 138 125 178 164 162 101 112 112
internal_value=0.0246284 0.00868622 0.0255717 0.498313 -0.00503256 -0.207594 0.00392061 0.246732 0.0332532 -0.194379 0.0611961 0.327486 -0.442131 -0.652519
internal_weight=5304 5188 5054 298 4756 749 399 263 4007 605 427 263 350 238
internal_count=5304 5188 5054 298 4756 749 399 263 4007 605 427 263 350 238
cat_boundaries=0 1
cat_threshold=24
is_linear=0
shrinkage=0.03


Tree=212
num_leaves=15
num_cat=1
split_feature=10 4 4 3 6 10 5 6 0 2 2 11 1 10
split_gain=90635.1 188852 222290 175390 224944 94725.9 34709.8 40854.3 41991.6 34458.1 25131.6 30890.2 67493.7 68968.2
threshold=10.435349769147342 -17.013899087835402 -54.830120183685764 1.6082862189213543 11.331190163040491 9.5270635579311325 77.123404639229491 56.970193826431334 26.137459797765516 5.7103381347529192 -3.0152725204987099 0 -7.7893818902475838 4.903456654375705
decision_type=2 2 2 2 2 2 2 2 2 2 2 1 2 2
left_child=5 2 -2 -3 -5 6 7 10 9 -9 11 12 -1 -14
right_child=1 3 -4 4 -6 -7 -8 8 -10 -11 -12 -13 13 -15
leaf_value=-0.1966127651875669 0.0030046051167524779 -0.96723753769822574 1.5886103303330283 -0.7051040961681786 0.98636118530935746 -0.83226264211057699 0.44126757295878782 -0.92906014117519409 0.081431913664402986 -0.23780493050813675 -0.064536067148199372 -0.018095512502332409 0.17643831630483678 0.93941478382457388
leaf_weight=210 146 131 165 108 169 121 136 103 163 176 2188 1003 319 155
leaf_count=210 146 131 165 108 169 121 136 103 163 176 2188 1003 319 155
internal_value=0.0122868 0.322979 0.867525 -0.102929 0.325284 -0.0371497 -0.013728 -0.0290485 -0.298955 -0.516317 0.00242853 0.0891486 0.241189 0.440189
internal_weight=5293 719 311 408 277 4574 4453 4317 442 279 3875 1687 684 474
internal_count=5293 719 311 408 277 4574 4453 4317 442 279 3875 1687 684 474
cat_boundaries=0 1
cat_threshold=12
is_linear=0
shrinkage=0.03


Tree=213
num_leaves=15
num_cat=1
split_feature=6 3 7 7 0 3 4 7 7 1 6 11 8 3
split_gain=91812.9 156605 65537.5 84901.2 65675.7 58259.2 46210.1 39010.5 63903.1 46150 47166.7 119953 76710.8 38466.3
threshold=122.30864716830938 57.684583140348614 186.11915020941245 117.2980354120014 -4.9881737707337548 30.800760142470093 -61.540646234791701 36.262664948293768 32.498344549377499 15.142883135781249 -75.973572824285228 0 158.48740261824773 -25.344589497373637
decision_type=2 2 2 2 2 2 2 2 2 2 2 1 2 2
left_child=1 2 3 6 -5 -2 -1 8 -8 10 11 -9 13 -12
right_child=5 -3 -4 4 -6 -7 7 9 -10 -11 12 -13 -14 -15
leaf_value=-0.59125360919879033 0.080265586901794778 -1.0091671204907553 -0.67007770551681511 -0.00073676150224425568 1.0135463628239101 1.0831184421796187 -0.0018776167543185479 -0.28354600594095564 -0.44404760592800424 -0.38340220226691318 -0.15732086427948053 0.89166718593415084 -0.51739329185257565 0.17094269636723861
leaf_weight=107 100 130 115 100 125 103 1291 118 371 172 381 184 178 1830
leaf_count=107 100 130 115 100 125 103 1291 118 371 172 381 184 178 1830
internal_value=0.00580778 -0.0196309 0.0082156 0.0256194 0.581905 0.616064 -0.00259756 0.0125951 -0.102646 0.0796184 0.110523 0.457599 0.0649238 0.113923
internal_weight=5305 5102 4972 4857 225 203 4632 4525 1662 2863 2691 302 2389 2211
internal_count=5305 5102 4972 4857 225 203 4632 4525 1662 2863 2691 302 2389 2211
cat_boundaries=0 1
cat_threshold=3
is_linear=0
shrinkage=0.03


Tree=214
num_leaves=15
num_cat=0
split_feature=8 9 8 5 7 4 3 2 3 8 6 6 4 7
split_gain=85291.5 196375 157190 141618 172348 110227 39961 35839.1 86954.7 44923.4 34139.2 64201.2 35383.5 34007
threshold=349.80412339871037 -32.575816255874507 287.73006933493207 92.030944766705645 117.2980354120014 -45.441717759873093 51.199590956443437 13.348880082673427 0.7717795825507614 176.52767217278526 25.011851041157545 10.48300660589438 29.710348013456759 41.744636078902708
decision_type=2 2 2 2 2 2 2 2 2 2 2 2 2 2
left_child=2 -2 3 4 6 -6 7 9 -9 -1 11 -10 13 -12
right_child=1 -3 -4 -5 5 -7 -8 8 10 -11 12 -13 -14 -15
leaf_value=-0.016106268659596648 1.3161563882166452 -0.31781020614233885 -1.0660559627108688 -0.99823335960988069 0.12666670570943667 1.4788334136895644 -0.56052835672579959 0.86486830698407213 -0.0049904360175132756 -0.52437897310024351 -0.0070686897295653009 0.84610028779506674 0.132287866366952 -0.76375745751355817
leaf_weight=3442 127 122 117 114 105 107 106 128 260 154 101 105 213 104
leaf_count=3442 127 122 117 114 105 107 106 128 260 154 101 105 213 104
internal_value=0.0032206 0.534218 -0.0239331 0.00285798 0.0285264 0.845001 -0.010743 0.00339964 0.170416 -0.0392671 0.0474166 0.255878 -0.136338 -0.408618
internal_weight=5305 249 5056 4939 4825 212 4613 4507 911 3596 783 365 418 205
internal_count=5305 249 5056 4939 4825 212 4613 4507 911 3596 783 365 418 205
is_linear=0
shrinkage=0.03


Tree=215
num_leaves=15
num_cat=0
split_feature=3 6 7 10 10 3 0 6 8 8 7 3 2 3
split_gain=78451.9 113761 58114.6 169720 158571 38520.4 30407.2 43508.7 39998.8 50343.3 28289.9 30936.1 21532.3 21481.3
threshold=-60.43301526327901 122.30864716830938 165.83090825976498 15.710006851368876 11.790190660754002 -46.273437191521872 45.841008038469219 -94.074219031176469 115.62186540310854 98.813251059735009 52.014275907733726 -5.0823213368950739 12.834273236905426 8.5363868772824318
decision_type=2 2 2 2 2 2 2 2 2 2 2 2 2 2
left_child=-1 2 3 4 5 -2 7 -7 9 10 11 -8 -13 -9
right_child=1 -3 -4 -5 -6 6 8 13 -10 -11 -12 12 -14 -15
leaf_value=-0.62013408410105297 0.54151408832324177 0.71082257860505638 -0.6551881763362325 1.0334117239670162 -0.90849201291964199 0.58382550721572446 -0.34061575167740765 0.064704568819268726 -0.51526415996551511 0.50452303650788966 -0.52536111548442965 0.28882212402898333 -0.22355180777541614 -0.090904036940599189
leaf_weight=178 104 187 118 127 171 111 198 2062 215 111 139 220 100 1289
leaf_count=178 104 187 118 127 171 111 198 2062 215 111 139 220 100 1289
internal_value=-0.0181823 0.003776 -0.0242292 -0.00755122 -0.0376858 -0.00303063 -0.0169583 0.02495 -0.163319 -0.059436 -0.160852 -0.0549426 0.126783 0.00475559
internal_weight=5330 5152 4965 4847 4720 4549 4445 3462 983 768 657 518 320 3351
internal_count=5330 5152 4965 4847 4720 4549 4445 3462 983 768 657 518 320 3351
is_linear=0
shrinkage=0.03


Tree=216
num_leaves=15
num_cat=0
split_feature=6 1 9 10 8 10 10 10 10 7 8 8 0 7
split_gain=110993 54829.4 102486 160256 59539.5 56556.4 54157.3 101600 39629.7 43616.4 24837.1 125025 29084 41570.3
threshold=-163.74528557908661 22.166946540315813 -202.5876364744658 11.5611000505543 349.80412339871037 16.073873004145863 13.084599796528236 11.044210919068474 9.2387666633134913 94.761484771681296 96.859295366978372 90.458131712965596 25.565499181148912 54.854745464805795
decision_type=2 2 2 2 2 2 2 2 2 2 2 2 2 2
left_child=-1 2 3 -2 5 6 7 8 9 10 11 -4 13 -12
right_child=1 -3 4 -5 -6 -7 -8 -9 -10 -11 12 -13 -14 -15
leaf_value=0.92284105605998279 0.046340958521417945 0.59152098994646507 0.026900730166091517 -1.3285221059322359 0.61817738073778905 -0.64497534378630217 0.66408013002292532 -0.86062276905707891 0.4329225059723491 -0.48207260272670077 -0.27321682422249405 -0.74289546005244322 0.39068512591494431 0.23327381780539472
leaf_weight=108 174 124 2931 125 131 112 101 112 187 154 233 193 301 355
leaf_count=108 174 124 2931 125 131 112 101 112 187 154 233 193 301 355
internal_value=0.0129542 -0.00754865 -0.0232157 -0.552828 0.0107847 -0.0075028 0.00950543 -0.00674856 0.0171378 -0.00251288 0.0170429 -0.0228758 0.156014 0.03136
internal_weight=5341 5233 5109 299 4810 4679 4567 4466 4354 4167 4013 3124 889 588
internal_count=5341 5233 5109 299 4810 4679 4567 4466 4354 4167 4013 3124 889 588
is_linear=0
shrinkage=0.03


Tree=217
num_leaves=15
num_cat=1
split_feature=10 9 9 4 5 10 4 10 8 10 10 10 2 11
split_gain=66391 112676 53418.6 162837 101448 98334.9 115965 72743.7 62544.6 48303 154996 29236.8 77309.2 73021.3
threshold=18.334109265793188 -289.45200208684395 204.94427829455867 6.5603900758825278 74.405309429470236 11.214591373368988 -15.075328778045252 7.6750363907532444 195.3990202911335 9.6981210495202923 8.7206653398329674 4.5970893100588457 -11.355762198437514 0
decision_type=2 2 2 2 2 2 2 2 2 2 2 2 2 1
left_child=1 -1 4 -4 5 8 -7 -6 9 10 11 -3 -13 -14
right_child=-2 2 3 -5 7 6 -8 -9 -10 -11 -12 12 13 -15
leaf_value=-0.82074802500614896 0.55877827115100009 0.035800614363946444 -0.25773012789144906 1.2794782694903288 -0.089476851799658363 1.230339209190229 -0.077189650507860405 -1.2112146938714115 -0.54474360578621805 -0.62077620233360087 1.0959906858519504 -0.47516454325697571 0.48827721791075812 -0.12028703546967244
leaf_weight=150 164 2522 136 100 102 113 119 100 198 104 104 412 204 834
leaf_count=150 164 2522 136 100 102 113 119 100 198 104 104 412 204 834
internal_value=-0.0177242 -0.0369512 -0.0120843 0.419163 -0.0340598 -0.0045414 0.584191 -0.675731 -0.0369999 -0.0117062 0.00531562 -0.0259225 -0.132788 0.00634444
internal_weight=5362 5198 5048 236 4812 4610 232 202 4378 4180 4076 3972 1450 1038
internal_count=5362 5198 5048 236 4812 4610 232 202 4378 4180 4076 3972 1450 1038
cat_boundaries=0 1
cat_threshold=2
is_linear=0
shrinkage=0.03


Tree=218
num_leaves=15
num_cat=0
split_feature=9 10 5 9 10 0 5 10 1 2 3 10 6 9
split_gain=72533.9 87679.6 63813.9 74084.3 58244.6 108706 55253.3 49688.8 26958.1 36852 47872.3 43163.2 36488.3 34265.8
threshold=258.30369056865231 19.348675481496297 102.04503770927987 -289.45200208684395 10.435349769147342 85.150825382137953 4.4820500912353607 9.3971293418906434 1.0938849986976762 7.8192663238669144 -14.273840681397127 4.3957498753227862 2.5884878006606544 147.97107390763117
decision_type=2 2 2 2 2 2 2 2 2 2 2 2 2 2
left_child=1 2 3 -1 7 6 -6 8 13 10 -10 12 -12 -5
right_child=-2 -3 -4 4 5 -7 -8 -9 9 -11 11 -13 -14 -15
leaf_value=-0.71205966394572029 -0.63580548008282978 0.79698281183838837 -0.69403384675085544 0.10240908540334456 1.00400024469314 -0.43007984838654506 0.14143032576979661 -0.60580587664911567 0.14141945658539826 0.060935645602386145 0.14451130690314223 -0.630649757935282 -0.3986107893294476 -0.36859755702920866
leaf_weight=116 152 114 110 2349 168 103 113 111 255 902 204 262 225 138
leaf_count=116 152 114 110 2349 168 103 113 111 255 902 204 262 225 138
internal_value=-0.0107233 0.00884632 -0.0104623 0.0061102 0.0247937 0.374388 0.673911 -0.00617309 0.0105397 -0.0760147 -0.205867 -0.334215 -0.142934 0.0749021
internal_weight=5322 5170 5056 4946 4830 384 281 4446 4335 1848 946 691 429 2487
internal_count=5322 5170 5056 4946 4830 384 281 4446 4335 1848 946 691 429 2487
is_linear=0
shrinkage=0.03


Tree=219
num_leaves=15
num_cat=0
split_feature=2 8 2 10 3 8 8 3 2 10 10 10 6 10
split_gain=63893.3 94577.3 303995 170405 167022 40186.2 35045.6 30986.2 30909 46512.1 44757 36207.7 29219.7 57425.5
threshold=54.337700700505145 287.73006933493207 -26.492681971931283 15.710006851368876 13.953312127975019 217.30976005018235 192.69410526124523 50.051736584383249 29.242004795569247 11.044210919068474 8.7206653398329674 9.6981210495202923 -13.034777469145858 7.1124421308200434
decision_type=2 2 2 2 2 2 2 2 2 2 2 2 2 2
left_child=1 3 -3 5 -4 6 7 8 9 10 12 -12 13 -1
right_child=-2 2 4 -5 -6 -7 -8 -9 -10 -11 11 -13 -14 -15
leaf_value=-0.087134885052858449 0.69721659064292907 -1.798438182962792 0.77831046826822659 1.0136950025229619 -0.76774381974761463 -0.53664047201075693 0.49745060705221616 -0.49044802264435083 0.36562195953629589 -0.56929160330338135 0.741725376017632 -0.019483860975929669 0.025976348549009747 -0.78155183865473821
leaf_weight=1330 100 102 132 135 103 127 107 117 174 130 114 102 2456 107
leaf_count=1330 100 102 132 135 103 127 107 117 174 130 114 102 2456 107
internal_value=-0.0183997 -0.0333699 -0.511989 0.000529963 0.0970001 -0.0302439 -0.0152495 -0.0284287 -0.0150982 -0.0315495 -0.0131956 0.397309 -0.0369318 -0.143885
internal_weight=5336 5236 337 4899 235 4764 4637 4530 4413 4239 4109 216 3893 1437
internal_count=5336 5236 337 4899 235 4764 4637 4530 4413 4239 4109 216 3893 1437
is_linear=0
shrinkage=0.03


Tree=220
num_leaves=15
num_cat=1
split_feature=3 10 7 11 10 3 4 6 2 0 0 10 10 4
split_gain=50055 36533.9 102407 189155 70223.6 37915.1 22235.5 61054.8 68796.1 55704.3 53384.9 91284.8 43462.4 30358.8
threshold=-66.522904312356488 20.328838335393979 122.51994680971393 0 13.552442845486132 55.479204157987674 1.0000000180025095e-35 34.041153088747812 -3.8070591266116929 -101.75231016813417 91.358221158763925 8.9256297675202667 7.1124421308200434 -4.5169043630540573
decision_type=2 2 2 1 2 2 2 2 2 2 2 2 2 2
left_child=-1 2 4 -4 5 6 7 10 -9 -8 11 12 13 -2
right_child=1 -3 3 -5 -6 -7 9 8 -10 -11 -12 -13 -14 -15
leaf_value=-0.53071679043473663 0.093947192218786529 0.54236168103724991 0.36144828555319042 -1.1644018935353568 0.74391625218419355 -0.52912799562319457 0.67680445286479307 0.015468353059556747 -0.97470952002668931 0.051833800675915143 -0.50248705823506623 0.74861400007442302 -0.50948256173603967 -0.24355656922997898
leaf_weight=151 1405 102 115 158 110 105 127 125 117 2078 158 147 132 279
leaf_count=151 1405 102 115 158 110 105 127 125 117 2078 158 147 132 279
internal_value=-0.00981047 0.00643644 -0.0054246 -0.559958 0.0273288 0.00890819 0.0224043 -0.0414599 -0.482936 0.0907229 0.0109411 0.0546038 -0.00536643 0.0369229
internal_weight=5309 5158 5056 273 4783 4673 4568 2363 242 2205 2121 1963 1816 1684
internal_count=5309 5158 5056 273 4783 4673 4568 2363 242 2205 2121 1963 1816 1684
cat_boundaries=0 1
cat_threshold=20
is_linear=0
shrinkage=0.03


Tree=221
num_leaves=15
num_cat=0
split_feature=10 1 7 2 9 6 6 6 10 1 10 4 4 5
split_gain=97608.1 78783.7 137532 88233 73870.5 60270.5 80952.7 41988.5 41758 35659.6 86996.8 158126 74423.8 49115.9
threshold=19.348675481496297 14.715013923564703 64.146647647944476 -46.534430623883729 232.5970142903351 -127.23796127899463 -89.372439141619552 -75.973572824285228 8.7206653398329674 -5.6849240636005449 9.8323869799418908 18.226055678792431 -39.550483290648977 32.653092655141812
decision_type=2 2 2 2 2 2 2 2 2 2 2 2 2 2
left_child=1 3 -3 -1 5 -5 -7 -8 -4 12 -11 -12 -9 -14
right_child=-2 2 8 4 -6 6 7 9 -10 10 11 -13 13 -15
leaf_value=-0.78204953807830813 0.74245180134679756 0.34774548893883112 -0.40820102926931878 0.63442000580909552 0.71451142598600947 -0.691809915561302 0.54346078880997595 0.78066600526372587 -1.2852771413033126 -0.0096783105711181466 -1.2311416245200864 0.2774482828025755 0.14397220318324414 -0.4478935018338655
leaf_weight=115 143 116 104 123 126 143 119 134 112 2964 136 104 735 142
leaf_count=115 143 116 104 123 126 143 119 134 112 2964 136 104 735 142
internal_value=-0.00435194 -0.0263889 -0.466441 0.0046896 0.0254446 0.00506115 -0.0136051 0.0103133 -0.899729 -0.00598946 -0.0550407 -0.59247 0.148477 0.0441708
internal_weight=5316 5173 332 4841 4726 4600 4477 4334 216 4215 3204 240 1011 877
internal_count=5316 5173 332 4841 4726 4600 4477 4334 216 4215 3204 240 1011 877
is_linear=0
shrinkage=0.03


Tree=222
num_leaves=15
num_cat=0
split_feature=1 3 7 10 10 2 4 1 7 10 8 4 7 3
split_gain=50148.9 74754.2 194228 112902 87046.8 30325.1 47852.1 23907.1 73917.1 55468.2 54421 45744.5 51923.3 61751.8
threshold=-20.940523415541161 -51.617265913064777 122.51994680971393 16.073873004145863 13.552442845486132 -27.968715499997408 -25.387658400447403 9.4869167325615233 77.989552048002466 10.108503846711836 181.13175529705254 -46.863680968670216 71.952044095340668 18.893081909175944
decision_type=2 2 2 2 2 2 2 2 2 2 2 2 2 2
left_child=-1 2 -2 4 5 6 -3 9 -9 11 -11 -7 -13 -14
right_child=1 3 -4 -5 -6 7 -8 8 -10 10 -12 12 13 -15
leaf_value=-0.51939410693355292 -0.29997248093364759 0.10302923858282156 1.3796747699572192 -0.73365324220714268 0.84054580024238357 -0.5295064692554019 -0.74375035946652035 0.070026846713827626 -0.64058660018828606 0.061857802606252739 0.99093976201237854 0.016850680072932011 0.93577075049990699 0.058955256587169207
leaf_weight=142 118 118 114 168 108 116 108 446 176 119 101 3180 116 173
leaf_count=142 118 118 114 168 108 116 108 446 176 119 101 3180 116 173
internal_value=0.0177383 0.0334928 0.548278 0.0082017 0.0358622 0.0154223 -0.315995 0.0330153 -0.138001 0.0612597 0.51293 0.0321924 0.0524431 0.430421
internal_weight=5303 5161 232 4929 4761 4653 226 4427 622 3805 220 3585 3469 289
internal_count=5303 5161 232 4929 4761 4653 226 4427 622 3805 220 3585 3469 289
is_linear=0
shrinkage=0.03


Tree=223
num_leaves=15
num_cat=0
split_feature=5 0 7 10 4 10 0 4 4 2 5 6 10 2
split_gain=98664.7 77875.3 250546 143529 84228.3 114095 85796.6 136494 57671.3 42505.8 70125.5 68239.2 127296 70271.6
threshold=-104.70518873882084 63.335204676601357 120.02928848738897 16.073873004145863 2.886059967338737 8.6210908984025263 91.358221158763925 -23.226116897689732 22.80875862574344 -19.661823846143175 88.917106551411777 26.720432454808563 8.9256297675202667 19.789069207355393
decision_type=2 2 2 2 2 2 2 2 2 2 2 2 2 2
left_child=-1 3 4 9 6 8 -3 -8 -6 -2 11 13 -13 -11
right_child=1 2 -4 -5 5 -7 7 -9 -10 10 -12 12 -14 -15
leaf_value=-0.73943196436666669 0.25447588293350032 0.27537678530498555 1.5997263739924683 -0.94751300532523897 0.48756539983072256 1.2293559154922311 0.23049290878122503 -1.2169433868043404 -0.40357944462980544 -0.022227439478494381 0.63614704049151871 -0.12958110243831941 -1.128366456526247 0.49745681809282843
leaf_weight=145 543 180 104 136 126 100 100 123 116 2272 128 914 122 251
leaf_count=145 543 180 104 136 126 100 100 123 116 2272 128 914 122 251
internal_value=0.0064951 0.0286106 0.28973 -0.022712 0.0880919 0.428088 -0.20382 -0.585834 0.0613408 0.00918617 -0.0275293 -0.0531141 -0.256862 0.031233
internal_weight=5360 5215 849 4366 745 342 403 223 242 4230 3687 3559 1036 2523
internal_count=5360 5215 849 4366 745 342 403 223 242 4230 3687 3559 1036 2523
is_linear=0
shrinkage=0.03


Tree=224
num_leaves=15
num_cat=0
split_feature=3 10 8 10 10 8 1 8 10 10 8 10 3 0
split_gain=105646 184019 173942 70629.5 90157.1 42273.4 88142.4 51014.6 41109.5 80091.6 40869.7 30648.1 27770 26043.4
threshold=50.051736584383249 18.334109265793188 176.52767217278526 13.552442845486132 11.044210919068474 98.813251059735009 -11.298159746225849 133.98412833035448 7.3634109834678627 9.1484618624017919 90.458131712965596 4.649195218415147 -29.955954154335725 15.807515291637538
decision_type=2 2 2 2 2 2 2 2 2 2 2 2 2 2
left_child=1 3 -2 4 5 10 7 -7 12 -10 -1 -12 -8 -6
right_child=2 -3 -4 -5 13 6 8 -9 9 -11 11 -13 -14 -15
leaf_value=-0.0048286482847231353 -0.19208243395367713 -1.1134184736547184 1.2724853664166049 0.57588447153568267 -0.91911554010290841 0.1798797736512987 -0.21872991745510406 1.0935845964453941 -0.58120408224732911 0.25911823157665026 0.028873576004254189 -0.61340091964260479 0.28204369979387106 -0.24139338709414002
leaf_weight=2986 136 124 142 183 104 104 114 119 209 183 104 173 538 110
leaf_count=2986 136 124 142 183 104 104 114 119 209 183 104 173 538 110
internal_value=0.015338 -0.0164955 0.574214 0.0133105 -0.00955648 0.0194526 0.165812 0.693471 0.0475935 -0.192224 -0.0377108 -0.379654 0.192504 -0.597082
internal_weight=5329 5051 278 4927 4744 4530 1267 223 1044 392 3263 277 652 214
internal_count=5329 5051 278 4927 4744 4530 1267 223 1044 392 3263 277 652 214
is_linear=0
shrinkage=0.03


Tree=225
num_leaves=15
num_cat=1
split_feature=9 10 8 8 11 10 10 2 0 9 3 9 3 4
split_gain=101684 180531 169816 41141.5 100900 60045.2 103343 36845.4 23863.1 20596.2 18282.2 15265.2 13872.2 49704.2
threshold=-253.48241486542847 17.006829569385904 206.15252357814907 267.54557649112297 0 11.790190660754002 10.435349769147342 38.679637800690962 106.87262449078402 177.00889528720799 -10.276372265302799 143.84680146718452 -32.096646710807285 -37.766433125607968
decision_type=2 2 2 2 1 2 2 2 2 2 2 2 2 2
left_child=2 3 -1 5 -5 6 7 8 9 11 -10 12 -2 -14
right_child=1 -3 -4 4 -6 -7 -8 -9 10 -11 -12 -13 13 -15
leaf_value=-0.25448628337759721 0.18718740839478187 -0.99346700442954894 1.3403775691274384 1.0141049039268493 -0.14364247587395876 -0.49469625743739121 0.89764727661432309 -0.51640026068076106 -0.0012387714385986327 0.37013806552357142 0.52590925093457619 -0.33293751949310302 -0.60124500150203708 0.0079516453243869203
leaf_weight=104 329 150 124 105 144 193 111 107 100 125 135 115 115 3370
leaf_count=104 329 150 124 105 144 193 111 107 100 125 135 115 115 3370
internal_value=0.0266578 -0.00162974 0.63277 0.0303748 0.398478 0.0100685 0.032731 0.00890392 0.0231797 0.0057896 0.310696 -0.00671229 0.003969 -0.0138138
internal_weight=5327 5099 228 4949 249 4700 4507 4396 4289 4054 235 3929 3814 3485
internal_count=5327 5099 228 4949 249 4700 4507 4396 4289 4054 235 3929 3814 3485
cat_boundaries=0 1
cat_threshold=17
is_linear=0
shrinkage=0.03


Tree=226
num_leaves=15
num_cat=1
split_feature=2 4 9 10 10 10 5 10 11 0 3 0 8 4
split_gain=58593.3 151323 124953 225213 114620 78983 334026 55020.9 31691.6 18005.3 28143.9 30002.9 32985.8 37190.2
threshold=27.642046242402799 56.252795746629452 78.836143735122761 9.9962857727257184 17.696249644594385 11.790190660754002 -28.857442932200403 10.435349769147342 0 128.24352830666331 36.533544231296624 91.358221158763925 133.98412833035448 -35.34006079814754
decision_type=2 2 2 2 2 2 2 2 1 2 2 2 2 2
left_child=1 4 3 8 5 7 -7 9 -2 10 11 12 -1 -14
right_child=2 -3 -4 -5 -6 6 -8 -9 -10 -11 -12 -13 13 -15
leaf_value=-0.014484872925010392 0.41571232338120617 -0.96401282987884562 -0.50523228478431692 1.6339122097451424 0.85890320108948848 -1.6183044143863594 0.44618676204352997 0.63364796483090946 -0.22038295218721032 0.32714299475153286 -0.4434188396231572 -0.37927961575959979 -0.13316446968045859 0.44209046805420749
leaf_weight=3337 107 138 115 115 129 120 147 116 140 134 123 169 144 302
leaf_count=3337 107 138 115 115 129 120 147 116 140 134 123 169 144 302
internal_value=0.0119774 -0.0194266 0.325707 0.596165 0.010164 -0.0154936 -0.5066 0.0159231 0.0682264 -0.00256296 -0.0141791 0.000265769 0.0181766 0.257511
internal_weight=5336 4859 477 362 4721 4592 267 4325 247 4209 4075 3952 3783 446
internal_count=5336 4859 477 362 4721 4592 267 4325 247 4209 4075 3952 3783 446
cat_boundaries=0 1
cat_threshold=5
is_linear=0
shrinkage=0.03


Tree=227
num_leaves=15
num_cat=1
split_feature=9 6 8 5 8 10 8 7 7 11 7 4 4 10
split_gain=68810.3 83036 54046.5 118760 66773.8 107988 60739.8 81380.7 24495.4 55663.7 33500 26898.6 51497.9 38512.3
threshold=232.5970142903351 -153.6426472584746 287.73006933493207 19.681297090198857 202.46731541549741 13.290757052927647 171.7535373895345 92.746217602815406 71.952044095340668 0 65.517090038319751 -36.072603736280819 -19.945745444739114 5.4893708983553555
decision_type=2 2 2 2 2 2 2 2 2 1 2 2 2 2
left_child=1 -1 4 -4 5 6 7 8 10 -10 11 -3 -13 -14
right_child=-2 2 3 -5 -6 -7 -8 -9 9 -11 -12 12 13 -15
leaf_value=0.7707530314457125 0.55742183219927999 0.39715308719296605 -0.99227782670283471 0.29915692046284675 0.54826958911235513 -0.89914674060755084 0.58901756546189699 -0.61267319711685475 0.66320610813520564 -0.072352621755920915 -0.4023496977984905 -0.29653804214072549 -0.013661824170015146 0.25864522532628859
leaf_weight=113 198 145 139 106 185 112 145 186 142 214 176 466 2387 571
leaf_count=113 198 145 139 106 185 112 145 186 142 214 176 466 2387 571
internal_value=0.0225937 0.000723918 -0.0182811 -0.443714 0.00464958 -0.0186382 0.00558706 -0.0154713 0.0130391 0.247292 -0.00982821 0.0105985 -0.00688021 0.0395975
internal_weight=5285 5087 4974 245 4729 4544 4432 4287 4101 356 3745 3569 3424 2958
internal_count=5285 5087 4974 245 4729 4544 4432 4287 4101 356 3745 3569 3424 2958
cat_boundaries=0 1
cat_threshold=3
is_linear=0
shrinkage=0.03


Tree=228
num_leaves=15
num_cat=1
split_feature=10 11 10 10 4 3 3 5 3 4 4 2 5 3
split_gain=123664 137109 41255.6 55985.8 38995.8 31478.1 32543.3 33368 28225.9 47072.1 48041.5 35988.2 40077.9 61430
threshold=16.073873004145863 0 13.552442845486132 11.790190660754002 -68.440021722888275 55.479204157987674 30.305279801378806 48.487438078127774 8.8864368607979518 34.398368183035288 1.7079485230842606 10.144585121552941 -61.944408405851632 -27.161552027406838
decision_type=2 1 2 2 2 2 2 2 2 2 2 2 2 2
left_child=2 -2 3 4 -1 6 8 -8 11 10 -10 12 13 -6
right_child=1 -3 -4 -5 5 -7 7 -9 9 -11 -12 -13 -14 -15
leaf_value=0.55126235793798395 0.20375911178158931 -1.1817047655296897 0.48642490767515623 -0.53452855695377688 -0.11038231421325166 -0.44795525961213828 0.024729245491325855 0.56478157065646806 -0.49034566499332694 -0.56491679984269683 0.040229753850919314 0.3390105661042746 -0.036703005980044223 0.88784610447016632
leaf_weight=107 102 147 146 166 108 129 236 174 177 184 853 304 2375 100
leaf_count=107 102 147 146 166 108 129 236 174 177 184 853 304 2375 100
internal_value=-0.0266012 -0.665969 0.0061197 -0.00911264 0.0103459 -0.00328649 0.0103923 0.261912 -0.0153295 -0.136087 -0.054785 0.0357441 -0.0011179 0.388248
internal_weight=5308 249 5059 4913 4747 4640 4511 410 4101 1214 1030 2887 2583 208
internal_count=5308 249 5059 4913 4747 4640 4511 410 4101 1214 1030 2887 2583 208
cat_boundaries=0 1
cat_threshold=17
is_linear=0
shrinkage=0.03


Tree=229
num_leaves=15
num_cat=0
split_feature=6 7 1 7 0 2 3 3 7 8 7 8 3 2
split_gain=109797 87572.8 148282 151024 44139.6 84077.2 59348.6 71164.5 81260.5 90588.6 72053.3 57455.2 47001 61144
threshold=-153.6426472584746 122.51994680971393 7.5982078906087684 153.38056441203312 -77.742866213720191 -8.6730276112697275 -42.200728725015246 -33.434885030242363 105.20001245854145 145.89477234674567 65.517090038319751 129.36968088889978 -9.2933592559668003 -21.379015154387819
decision_type=2 2 2 2 2 2 2 2 2 2 2 2 2 2
left_child=-1 4 3 -3 5 -2 -6 -8 9 11 -11 12 13 -9
right_child=1 2 -4 -5 6 -7 7 8 -10 10 -12 -13 -14 -15
leaf_value=0.88851622764729266 0.82400330406214506 -1.5513725859771912 0.44717523153163186 -0.16410718144611877 -0.51995908918492306 -0.026868909495441535 0.60653289895197926 -0.73215433649378026 0.78423553646694533 -0.017974258042298831 -0.91068490646094891 0.58001315524046482 0.043016680840144865 -0.092256879818169074
leaf_weight=111 158 124 111 155 193 275 160 154 100 146 175 138 2546 767
leaf_count=111 158 124 111 155 193 275 160 154 100 146 175 138 2546 767
internal_value=-0.00488225 -0.0256137 -0.452134 -0.813016 0.00982055 0.295203 -0.0190067 0.00527442 -0.0200642 -0.0424911 -0.517464 0.00111637 -0.0235278 -0.205969
internal_weight=5313 5202 390 279 4812 433 4379 4186 4026 3926 321 3605 3467 921
internal_count=5313 5202 390 279 4812 433 4379 4186 4026 3926 321 3605 3467 921
is_linear=0
shrinkage=0.03


Tree=230
num_leaves=15
num_cat=0
split_feature=4 10 6 3 4 4 10 1 10 9 8 7 3 9
split_gain=67099.2 99358.4 82011.9 181783 113804 46449.4 63698.2 85270.4 72383.6 38923.6 64046.6 35943 31559.2 91535
threshold=-46.863680968670216 11.790190660754002 -75.973572824285228 -21.549474858566281 -11.792566812641484 -39.550483290648977 16.073873004145863 20.779594536149954 12.612624673279329 197.70027697428296 217.30976005018235 105.20001245854145 30.305279801378806 10.213199096653101
decision_type=2 2 2 2 2 2 2 2 2 2 2 2 2 2
left_child=1 11 3 -2 -5 -4 7 8 9 10 12 -1 -7 -14
right_child=2 -3 5 4 -6 6 -8 -9 -10 -11 -12 -13 13 -15
leaf_value=-0.25088200479925449 1.3790072419813699 -0.94078462047031119 0.59862986690347852 0.66569063621131996 -0.6173813145852437 -0.029177665495755446 -0.64827255918012627 -0.81015247016367709 0.72604185602494642 0.51468456017119535 -0.65579111820653724 0.40989600606866783 0.61037484794855112 -0.25989013587124649
leaf_weight=213 116 156 100 104 127 3319 133 105 116 116 128 101 245 182
leaf_count=213 116 156 100 104 127 3319 133 105 116 116 128 101 245 182
internal_value=-0.00894151 -0.347122 0.0248881 0.46236 -0.0360685 -0.0102323 -0.0255912 -0.00443519 0.0180871 -0.00425867 -0.0210826 -0.0322476 0.00229346 0.241983
internal_weight=5261 470 4791 347 231 4444 4344 4211 4106 3990 3874 314 3746 427
internal_count=5261 470 4791 347 231 4444 4344 4211 4106 3990 3874 314 3746 427
is_linear=0
shrinkage=0.03


Tree=231
num_leaves=15
num_cat=0
split_feature=6 2 3 1 6 3 3 0 10 10 2 10 5 0
split_gain=73232.3 47485.8 108950 90973.9 83396.1 98353.8 90448.2 144536 87655.2 81597.9 69670.9 62723.6 56046.5 94768.2
threshold=-153.6426472584746 -2.3203202848674693 -27.511165438350144 7.5982078906087684 -23.653099478124062 65.181940200781739 10.31459728593302 -16.820383723168128 6.2009258187212968 11.044210919068474 3.7193455990808379 8.2122198080000874 28.996196752889194 -63.67858027563863
decision_type=2 2 2 2 2 2 2 2 2 2 2 2 2 2
left_child=-1 3 -3 12 6 9 7 -4 -8 11 -9 -6 13 -2
right_child=1 2 4 -5 5 -7 8 10 -10 -11 -12 -13 -14 -15
leaf_value=0.71995590983534885 0.64811638016540263 -0.96652716344124401 -0.92184151001878678 0.72193923660442583 0.007516180956033367 0.85413028330965479 -0.161835524940799 -0.1882671374646393 -1.3585989481406133 -0.75334651263822028 0.83810176308370288 0.63496107620577646 -0.39819750722286834 0.030437339601437928
leaf_weight=129 250 104 101 199 1918 122 106 101 112 109 125 145 202 1603
leaf_count=129 250 104 101 199 1918 122 106 101 112 109 125 145 202 1603
internal_value=0.0403616 0.0221425 -0.0571545 0.125474 -0.0205662 0.0590309 -0.350631 -0.029906 -0.809307 0.0106608 0.390873 0.054467 0.0644977 0.116804
internal_weight=5326 5197 2943 2254 2839 2294 545 327 218 2172 226 2063 2055 1853
internal_count=5326 5197 2943 2254 2839 2294 545 327 218 2172 226 2063 2055 1853
is_linear=0
shrinkage=0.03


Tree=232
num_leaves=15
num_cat=0
split_feature=1 1 8 6 5 5 4 5 8 4 8 1 4 7
split_gain=93899.1 135325 74270.2 66784.5 111121 42557.8 102619 54199.3 60772.7 31253.5 74446.2 25283.3 27847.6 69240.1
threshold=17.860100579496677 14.715013923564703 171.7535373895345 -94.074219031176469 -74.600362178007558 -74.600362178007558 -56.732053336148041 -55.448185157135249 349.80412339871037 -39.550483290648977 230.69418936216107 -16.620673583035536 44.75640276123179 82.970999569640398
decision_type=2 2 2 2 2 2 2 2 2 2 2 2 2 2
left_child=1 3 -2 4 -1 -5 -7 -8 9 -9 11 -11 13 -13
right_child=2 -3 -4 5 -6 6 7 8 -10 10 -12 12 -14 -15
leaf_value=-0.17587376396323359 0.11100051255250462 -1.0087625705059617 1.1668329439921812 0.53507618807564095 0.86741335754447124 -0.84053150125171827 -0.57192317738228993 0.40017115139367954 0.70616344119621099 -0.41576932647032661 -0.73383285544639398 0.017045747697491804 0.31501922103285324 -0.68851358600763168
leaf_weight=162 137 110 100 111 194 128 139 152 100 118 119 3367 246 120
leaf_count=162 137 110 100 111 194 128 139 152 100 118 119 3367 246 120
internal_value=0.0145263 -0.013296 0.585703 0.0107855 0.400825 -0.0202042 -0.0350935 -0.0095841 0.0102373 -0.00831402 -0.0249199 -0.00116986 0.0130114 -0.00913448
internal_weight=5303 5066 237 4956 356 4600 4489 4361 4222 4122 3970 3851 3733 3487
internal_count=5303 5066 237 4956 356 4600 4489 4361 4222 4122 3970 3851 3733 3487
is_linear=0
shrinkage=0.03


Tree=233
num_leaves=15
num_cat=0
split_feature=10 8 7 7 1 8 1 8 6 9 2 0 3 6
split_gain=58602.4 123539 200088 157674 133362 57336.5 36249.2 105147 34234.9 43284 56225 64096.7 61742.1 55766.3
threshold=21.792495212782878 256.73092977836296 117.2980354120014 112.14759678770552 -5.1339937259428003 195.3990202911335 -11.551943578755141 96.27771025639494 80.559772562100932 -23.213678488218736 -11.526141364623644 69.90282932760546 31.55287880612892 -58.52598408393488
decision_type=2 2 2 2 2 2 2 2 2 2 2 2 2 2
left_child=1 2 5 -3 -5 6 7 -1 9 -8 13 12 -12 -11
right_child=-2 3 -4 4 -6 -7 8 -9 -10 10 11 -13 -14 -15
leaf_value=-0.16396734579387359 0.68292588616672312 0.27014266077574195 0.9790181779678051 -0.091916712611108217 -1.4972761098927336 -0.61841432056643741 0.14961319682871396 0.76605257319367448 -0.35644605131178608 -0.90022727339732933 0.0060548436414524778 0.51095054317663591 -0.6221232272432996 -0.16328109885401584
leaf_weight=226 104 144 185 101 148 122 1303 197 234 113 1643 196 144 398
leaf_count=226 104 144 185 101 148 122 1303 197 234 113 1643 196 144 398
internal_value=0.01014 -0.00473196 0.0378819 -0.509108 -0.952789 -0.00221848 0.0160073 0.276851 -0.0119821 0.0101269 -0.0630548 0.00976292 -0.0477453 -0.340397
internal_weight=5258 5154 4761 393 249 4576 4454 423 4031 3797 2494 1983 1787 511
internal_count=5258 5154 4761 393 249 4576 4454 423 4031 3797 2494 1983 1787 511
is_linear=0
shrinkage=0.03


Tree=234
num_leaves=15
num_cat=0
split_feature=10 8 0 8 10 1 4 8 3 10 10 0 9 10
split_gain=50715.5 146047 104870 101357 133883 75934.5 40141.3 51634.8 36612.9 81123.9 59745.7 74459 32370.6 33274.5
threshold=18.334109265793188 421.97394218920641 -115.33337812920441 230.69418936216107 11.214591373368988 2.6499141169076759 61.155123048761155 188.35181179805494 23.224676115070405 6.7385970736025973 8.7206653398329674 12.320652144537982 -119.27199807033891 7.6750363907532444
decision_type=2 2 2 2 2 2 2 2 2 2 2 2 2 2
left_child=1 2 5 6 -5 -1 7 8 10 -10 12 -12 -4 -14
right_child=-2 -3 3 4 -6 -7 -8 -9 9 -11 11 -13 13 -15
leaf_value=0.92332312235942471 0.46917438050732013 -1.080201798853327 -0.32629945059954113 0.067857664958997199 -1.3029590849768846 -0.094105521001313849 0.52893456603837219 -0.61708962277556856 -0.036942569720690141 -0.83340654592360219 -0.17982326584339142 0.7713998524574418 0.022317775649783531 -0.48926064581430262
leaf_weight=163 162 112 285 122 123 104 103 127 451 145 115 183 2968 109
leaf_count=163 162 112 285 122 123 104 103 127 451 145 115 183 2968 109
internal_value=-0.0376774 -0.0546309 -0.0295378 -0.0626307 -0.644456 0.537931 -0.029492 -0.0437891 -0.0252753 -0.241268 0.0104589 0.410397 -0.0261026 0.00266936
internal_weight=5272 5110 4998 4731 245 267 4486 4383 4256 596 3660 298 3362 3077
internal_count=5272 5110 4998 4731 245 267 4486 4383 4256 596 3660 298 3362 3077
is_linear=0
shrinkage=0.03


Tree=235
num_leaves=15
num_cat=0
split_feature=0 2 10 10 0 9 7 10 6 8 8 10 3 9
split_gain=79272.1 102072 271871 77408.1 227964 150214 71518 98996.4 79152.9 78503.1 28318.7 49356 37970.4 35391.4
threshold=-203.63762796391902 37.328250672944698 10.108503846711836 11.370053730694282 61.280437694749956 39.493538761719357 86.965031208884497 7.6060745601542559 -23.653099478124062 192.69410526124523 129.36968088889978 8.2122198080000874 -19.934773592475693 -53.890583735401272
decision_type=2 2 2 2 2 2 2 2 2 2 2 2 2 2
left_child=-1 3 -3 6 5 -5 9 -8 -9 10 11 12 -2 -12
right_child=1 2 -4 4 -6 -7 7 8 -10 -11 13 -13 -14 -15
leaf_value=-0.78629780114215342 -0.21604168993141665 -0.35689626158215104 1.6729005823637311 -1.5345887183841271 0.4249463361671551 -0.14815987641348483 -0.10099410088676394 1.3769084945657979 0.21064378575274817 -0.75518797275565919 0.71385299075733522 -0.50773735530674458 0.049655912286214368 0.036898930441625045
leaf_weight=105 567 118 104 148 183 131 188 105 104 116 100 166 2996 192
leaf_count=105 567 118 104 148 183 131 188 105 104 116 100 166 2996 192
internal_value=-0.00718256 0.00996933 0.62512 -0.0185594 -0.384197 -0.911265 0.0194614 0.398921 0.832684 -0.017827 0.00526551 -0.017318 0.00688766 0.284693
internal_weight=5323 5218 222 4996 462 279 4534 397 209 4137 4021 3729 3563 292
internal_count=5323 5218 222 4996 462 279 4534 397 209 4137 4021 3729 3563 292
is_linear=0
shrinkage=0.03


Tree=236
num_leaves=15
num_cat=0
split_feature=6 9 10 2 10 10 0 2 0 2 0 10 2 8
split_gain=82535.1 49923.7 65749.4 141397 176136 132551 94769.9 95065.4 62568.3 56400.8 45573.9 57235.7 31440.4 28881.5
threshold=-153.6426472584746 232.5970142903351 7.1124421308200434 21.486801845175023 12.402299687695846 13.290757052927647 -34.791515122348699 -7.903296698861765 4.4609252450068455 -13.2059139785763 104.09152345056272 9.021791891785087 31.885076190940044 99.454732648429328
decision_type=2 2 2 2 2 2 2 2 2 2 2 2 2 2
left_child=-1 2 12 5 -5 6 7 -4 -8 -7 11 -10 13 -2
right_child=1 -3 3 4 -6 9 8 -9 10 -11 -12 -13 -14 -15
leaf_value=0.7329474272478872 -0.0020518116811839792 0.44504031138354211 0.83076625107332713 -0.23711402684757391 1.2415491704757395 -0.50808624018757009 -1.0834861443936825 -0.35796293710840155 -0.43068006537177345 -1.564215538704937 -0.74932409889283391 0.453933553089861 -0.40112518103099332 0.21320885546202231
leaf_weight=124 3037 189 119 184 107 102 102 106 133 100 105 112 143 678
leaf_count=124 3037 189 119 184 107 102 102 106 133 100 105 112 143 678
internal_value=-0.00223351 -0.0210764 -0.0394461 -0.235418 0.329771 -0.424133 -0.215553 0.279341 -0.462619 -1.08004 -0.25661 -0.0243426 0.0204405 0.0377009
internal_weight=5341 5217 5028 1170 291 879 677 225 452 202 350 245 3858 3715
internal_count=5341 5217 5028 1170 291 879 677 225 452 202 350 245 3858 3715
is_linear=0
shrinkage=0.03


Tree=237
num_leaves=15
num_cat=1
split_feature=3 10 11 5 10 4 9 5 10 8 8 2 4 1
split_gain=91251.4 126597 215930 58774.9 55515.7 71752.6 47361.9 55504.2 43484.4 36007.2 55230.3 92158.9 31289.6 44211.5
threshold=-69.498060028245888 13.552442845486132 0 -5.829146086846003 11.790190660754002 -34.729292138196733 -242.788107849482 84.254303678643168 7.7469300570768267 198.88213961455352 133.98412833035448 8.4506684877897431 -19.945745444739114 -13.751692486297822
decision_type=2 2 1 2 2 2 2 2 2 2 2 2 2 2
left_child=-1 4 -3 -4 5 8 -7 9 -2 10 12 -12 -8 -14
right_child=1 2 3 -5 -6 6 7 -9 -10 -11 11 -13 13 -15
leaf_value=-0.77315700428009038 0.18143200283565303 -0.38846890621996938 0.58887720420553868 1.6700004387646912 -0.53468584362326599 -0.62320224076509478 -0.2599663502612895 0.61948825622168102 0.79765711220855606 -0.45287491419693321 0.82274538623482985 -0.27425380486866524 -0.58429237143413437 0.025482102119339232
leaf_weight=115 375 121 101 107 154 102 457 117 137 154 168 106 101 2970
leaf_count=115 375 121 101 107 154 102 457 117 137 154 168 106 101 2970
internal_value=0.0278888 0.0471652 0.607614 1.14366 0.00790239 0.0268305 -0.0145959 0.00213438 0.358442 -0.01764 0.00113095 0.403645 -0.0311826 0.0035963
internal_weight=5285 5170 329 208 4841 4687 4175 4073 512 3956 3802 274 3528 3071
internal_count=5285 5170 329 208 4841 4687 4175 4073 512 3956 3802 274 3528 3071
cat_boundaries=0 1
cat_threshold=3
is_linear=0
shrinkage=0.03


Tree=238
num_leaves=15
num_cat=1
split_feature=4 10 7 8 7 7 7 11 7 10 6 6 10 4
split_gain=86780 175534 138194 81436.2 45589.7 43499.4 48097.9 44893.2 42514.4 32221.5 97371.2 52012.9 51652.2 40130.7
threshold=-54.830120183685764 13.804889914610071 199.90558382845225 287.73006933493207 94.761484771681296 117.2980354120014 92.746217602815406 0 83.936717472784622 8.4527208143473782 33.396834803418166 -30.707867833449409 5.4477213599846737 10.572078449260559
decision_type=2 2 2 2 2 2 2 1 2 2 2 2 2 2
left_child=1 4 3 5 -1 6 8 -8 9 12 11 -11 -2 -14
right_child=2 -3 -4 -5 -6 -7 7 -9 -10 10 -12 -13 13 -15
leaf_value=-0.47713020834055814 -0.022031334839475829 -1.4594622658972034 0.99021929556547206 -0.62903955692744384 0.28769479695908323 0.52555940421851899 -0.0071218056678771964 -0.80667926871968842 0.53882345319428337 -0.36120892183224956 -1.0014878476954794 0.47200236246533639 0.073133619213532536 0.50391189839861805
leaf_weight=111 3065 100 119 171 157 138 140 104 131 123 101 127 491 317
leaf_count=111 3065 100 119 171 157 138 140 104 131 123 101 127 491 317
internal_value=-0.0119567 -0.45034 0.0209654 -0.00450098 -0.0348479 0.0193217 0.00302399 -0.398298 0.0263701 0.00924213 -0.261888 0.0639367 0.0344251 0.246234
internal_weight=5395 368 5027 4908 268 4737 4599 244 4355 4224 351 250 3873 808
internal_count=5395 368 5027 4908 268 4737 4599 244 4355 4224 351 250 3873 808
cat_boundaries=0 1
cat_threshold=13
is_linear=0
shrinkage=0.03


Tree=239
num_leaves=15
num_cat=0
split_feature=10 9 10 5 8 7 5 5 4 0 10 10 3 8
split_gain=52550 79350.9 107824 60844.1 129847 63759.7 49373.8 52966.2 40607 51158.4 85714.8 55807.7 36682.6 24637
threshold=20.328838335393979 -274.44170920143222 15.710006851368876 -67.751960384237137 185.4100506046849 147.72143329507963 -45.824265797802376 -37.677839663530861 -39.550483290648977 -56.945081356666904 5.1490538727027797 7.4432131279936504 47.075342688974779 78.361960740192472
decision_type=2 2 2 2 2 2 2 2 2 2 2 2 2 2
left_child=1 -1 3 4 -3 6 -5 -8 -9 10 -10 -12 13 -11
right_child=-2 2 -4 5 -6 -7 7 8 9 12 11 -13 -14 -15
leaf_value=-0.64935549204489762 -0.61583980071813538 0.080262029435561613 0.90195444963058491 0.35697039431473238 -1.1660619185686112 0.71608795702457428 -0.5451599483919698 0.48541518923743016 0.15856390644522272 0.049917304866808461 -1.1061122893474318 -0.23530200151501188 0.48302948698401454 -0.12498429885420662
leaf_weight=160 123 186 109 310 115 104 162 135 194 2255 122 147 134 1056
leaf_count=160 123 186 109 310 115 104 162 135 194 2255 122 147 134 1056
internal_value=-0.0270059 -0.0118905 0.0096392 -0.011919 -0.418091 0.0153955 -0.00229134 -0.0295608 -0.00760704 -0.0258337 -0.318398 -0.655732 0.014294 -0.00607364
internal_weight=5312 5189 5029 4920 301 4619 4515 4205 4043 3908 463 269 3445 3311
internal_count=5312 5189 5029 4920 301 4619 4515 4205 4043 3908 463 269 3445 3311
is_linear=0
shrinkage=0.03


Tree=240
num_leaves=15
num_cat=0
split_feature=1 4 4 7 7 6 0 5 8 4 0 7 8 8
split_gain=73002.9 86593.4 93486.9 76849 71640 67753.9 43499.5 66560.3 168691 94432.6 42422 41646 36235.1 44137.4
threshold=17.275818105972451 53.473122687334744 44.75640276123179 113.45377442550522 102.46729678875856 108.96149381742397 -123.93356507137933 -98.019547187485685 210.62015631626434 -18.496505441797456 137.45382998112007 95.993893000267619 156.72064734577788 107.19948064554519
decision_type=2 2 2 2 2 2 2 2 2 2 2 2 2 2
left_child=1 2 5 -3 -2 6 -1 -8 10 -10 11 12 13 -9
right_child=4 3 -4 -5 -6 -7 7 8 9 -11 -12 -13 -14 -15
leaf_value=-0.43938462390053656 0.069951794379287294 -0.063549512277675579 0.83976050584204498 -1.0719839506410063 1.0801117681048134 -0.72112087093866784 -0.63199366147804981 -0.020932181300508633 1.4113412566027363 0.21498041976615787 -0.51796435364905524 0.53289252343385118 -0.52687427619917193 0.29204771181600619
leaf_weight=176 152 148 110 118 100 107 123 3210 111 125 126 128 103 454
leaf_count=176 152 148 110 118 100 107 123 3210 111 125 126 128 103 454
internal_value=0.00848359 -0.0168693 0.0129797 -0.533532 0.496735 -0.00827936 0.0100048 0.0290221 0.0495576 0.812173 0.0028945 0.0210271 0.00226945 0.018538
internal_weight=5291 5039 4773 266 252 4663 4556 4380 4257 236 4021 3895 3767 3664
internal_count=5291 5039 4773 266 252 4663 4556 4380 4257 236 4021 3895 3767 3664
is_linear=0
shrinkage=0.03


Tree=241
num_leaves=15
num_cat=0
split_feature=7 10 8 5 10 10 3 8 0 8 6 6 8 0
split_gain=83207 156347 61044.3 74692.2 45098.5 36306.6 31960.6 44503.5 66272.1 56883.5 53591.7 53510.1 39732 53676.3
threshold=165.83090825976498 14.458445634959268 365.70435548031088 -98.019547187485685 15.710006851368876 11.790190660754002 55.479204157987674 96.859295366978372 -45.922508400781936 93.034313158030827 -46.220314845330542 62.374621357697485 115.62186540310854 -7.1562695283817357
decision_type=2 2 2 2 2 2 2 2 2 2 2 2 2 2
left_child=2 -2 3 -1 5 6 7 9 10 -5 -9 -12 -10 -14
right_child=1 -3 -4 4 -6 -7 -8 8 12 -11 11 -13 13 -15
leaf_value=-0.74487839388065646 0.23248584521629037 -1.2847865648008883 0.66480729757285706 -0.012209884755581124 0.52781681286877602 -0.41898366210294918 -0.46949440422581462 1.0110073466291865 0.29373632963821938 -0.65291181159248712 -0.26415500466390091 0.67589450604062196 -0.59878435098177551 0.058162537680883433
leaf_weight=112 112 118 113 3079 135 177 113 121 337 120 100 100 141 427
leaf_count=112 112 118 113 3079 135 177 113 121 337 120 100 100 141 427
internal_value=-0.0212026 -0.567039 0.00460125 -0.0117405 0.00668749 -0.00931899 0.00754567 0.0207589 0.173673 -0.0382034 0.536959 0.215673 0.0403575 -0.112456
internal_weight=5305 230 5075 4962 4850 4715 4538 4425 1226 3199 321 200 905 568
internal_count=5305 230 5075 4962 4850 4715 4538 4425 1226 3199 321 200 905 568
is_linear=0
shrinkage=0.03


Tree=242
num_leaves=15
num_cat=0
split_feature=3 5 7 9 7 7 6 7 7 2 3 0 0 0
split_gain=74489.9 64419 91162.2 138840 100990 103498 76670.3 67465.2 65890 33214 49023.2 50036.2 36857.2 35536.5
threshold=77.602784565298791 95.987310474804602 147.72143329507963 -27.089886950945516 125.29378403761946 102.46729678875856 -24.183808642816377 93.669367588426311 86.965031208884497 -33.786014523247992 -19.179725471913052 73.684446135954545 121.15033290283229 -52.583375873110732
decision_type=2 2 2 2 2 2 2 2 2 2 2 2 2 2
left_child=1 2 4 -4 5 7 -7 8 9 -1 11 13 -12 -11
right_child=-2 -3 3 -5 -6 6 -8 -9 -10 10 12 -13 -14 -15
leaf_value=0.47889881045390392 -0.78688775951797896 -0.7006107999949619 1.3130783535227557 -0.18610367717775136 -0.85420486121177674 1.1858847562890305 0.051398281397017756 -0.65980316830178098 0.67080834992055316 -0.62365774751746139 -0.0080836467214557752 -0.84936877875714678 0.48518224994901199 -0.035414039759942499
leaf_weight=107 101 106 108 101 115 104 103 134 118 105 3410 101 132 478
leaf_count=107 101 106 108 101 115 104 103 134 118 105 3410 101 132 478
internal_value=-0.0178617 -0.00151218 0.0143112 0.613177 -0.012391 0.0095479 0.649764 -0.0207073 -3.09772e-05 -0.0198024 -0.0335299 -0.264096 0.0116131 -0.150089
internal_weight=5323 5222 5116 209 4907 4792 207 4585 4451 4333 4226 684 3542 583
internal_count=5323 5222 5116 209 4907 4792 207 4585 4451 4333 4226 684 3542 583
is_linear=0
shrinkage=0.03


Tree=243
num_leaves=15
num_cat=2
split_feature=0 2 11 2 7 9 9 1 7 8 11 2 5 7
split_gain=67811 78854.3 114901 54688.8 167985 106384 94763.2 73175.1 108132 57142.9 67938.8 39232.6 48385.7 37473.5
threshold=-203.63762796391902 33.640582800895324 0 1.5919155079557437 98.46314633076075 -253.48241486542847 -184.78456844760589 8.5563332817090352 122.51994680971393 129.36968088889978 1 4.3483547558566915 -1.0205534579843467 67.037237406795938
decision_type=2 2 1 2 2 2 2 2 2 2 1 2 2 2
left_child=-1 3 -3 5 11 -2 -7 8 9 -8 -11 12 -5 -13
right_child=1 2 -4 4 -6 6 7 -9 -10 10 -12 13 -14 -15
leaf_value=-0.6654833414731931 1.0097014088379708 1.2102467305453743 0.0042254028189927335 -0.74889561385416714 -0.95602691986962507 -0.7735925553895926 0.048774824273498163 0.65028093776450702 -0.73147625259207238 -0.088712984990132471 0.76606968568059897 -0.011636512582635913 0.049506411549388146 0.39180605949702596
leaf_weight=111 104 107 172 124 174 104 1918 198 135 132 212 1474 137 231
leaf_count=111 104 107 172 124 174 104 1918 198 135 132 212 1474 137 231
internal_value=0.0367873 0.0529584 0.534646 0.0247457 -0.0892218 0.111764 0.0735646 0.110355 0.0632396 0.11368 0.463966 -0.00805561 -0.343449 0.0449893
internal_weight=5333 5222 279 4943 2140 2803 2699 2595 2397 2262 344 1966 261 1705
internal_count=5333 5222 279 4943 2140 2803 2699 2595 2397 2262 344 1966 261 1705
cat_boundaries=0 1 2
cat_threshold=6 10
is_linear=0
shrinkage=0.03


Tree=244
num_leaves=15
num_cat=0
split_feature=8 1 10 4 4 7 1 1 4 0 1 0 4 10
split_gain=42724.8 130416 232636 144150 108738 131163 61224.1 27466.4 28105.5 27598.8 33365.6 38122.8 141720 52429.5
threshold=171.7535373895345 1.5509911462887114 13.084599796528236 -50.449579266003674 -13.886834766532932 120.02928848738897 9.9135537166045449 20.07711649996055 58.991846692829625 -123.93356507137933 -11.551943578755141 91.358221158763925 -5.0961907170146166 9.2387666633134913
decision_type=2 2 2 2 2 2 2 2 2 2 2 2 2 2
left_child=7 3 6 -2 -5 -6 -3 8 9 -1 -11 13 -13 -12
right_child=1 2 -4 4 5 -7 -8 -9 -10 10 11 12 -14 -15
leaf_value=-0.43746835910356963 -0.84276879965105367 0.57415484570520969 1.7660481106929291 1.0186644089967012 0.53644734469698929 -0.72310356233448814 -0.3871358170145649 -0.47271558304090755 0.47862374291636722 0.26553881391735357 -0.018036162980345015 -1.0220525139264047 0.24935833493215695 0.54293707460259932
leaf_weight=120 145 111 107 104 143 135 108 101 100 394 3328 136 165 147
leaf_count=120 145 111 107 104 143 135 108 101 100 394 3328 136 165 147
internal_value=0.0304785 0.223805 0.685769 -0.0694134 0.238148 -0.0790749 0.10389 -0.00665665 0.00511588 -0.00700901 0.00639525 -0.0212746 -0.339492 0.00718405
internal_weight=5344 853 326 527 382 278 219 4491 4390 4290 4170 3776 301 3475
internal_count=5344 853 326 527 382 278 219 4491 4390 4290 4170 3776 301 3475
is_linear=0
shrinkage=0.03


Tree=245
num_leaves=15
num_cat=0
split_feature=2 3 9 7 9 9 8 10 9 9 10 5 10 0
split_gain=78319 57331.8 79812.6 174723 71835.9 51707.9 95071.8 82818.2 33967.9 25425.4 22600.3 49244.4 88195.2 92086.4
threshold=-46.534430623883729 -51.617265913064777 -305.08123065140506 165.83090825976498 197.70027697428296 -189.90608473231052 138.54874098163933 13.290757052927647 151.43026241103371 125.17985244066976 3.9206535426799625 25.943751157285384 7.6060745601542559 -34.243200098852803
decision_type=2 2 2 2 2 2 2 2 2 2 2 2 2 2
left_child=-1 -2 -3 4 5 6 -4 8 9 10 -7 -12 13 -13
right_child=1 2 3 -5 -6 7 -8 -9 -10 -11 11 12 -14 -15
leaf_value=-0.67651573336349347 0.49751300151050093 0.75398252294613755 0.16312196702306922 -1.115558826171539 0.53350608107021869 0.044565831549982671 -1.0980876178032641 0.7557463914882846 -0.45724244231857902 0.36011466147486237 -0.19307971828393261 -0.77079277293595261 0.75604324124506761 0.16229219665560196
leaf_weight=149 190 107 100 122 200 1858 101 113 154 145 1475 117 141 371
leaf_count=149 190 107 100 122 200 1858 101 113 154 145 1475 117 141 371
internal_value=-0.0206598 -0.00058141 -0.0204484 -0.0388719 -0.00908891 -0.0339208 -0.492627 -0.0117661 -0.033842 -0.0168937 -0.0315633 -0.0986841 0.12223 -0.0724043
internal_weight=5343 5194 5004 4897 4775 4575 201 4374 4261 4107 3962 2104 629 488
internal_count=5343 5194 5004 4897 4775 4575 201 4374 4261 4107 3962 2104 629 488
is_linear=0
shrinkage=0.03


Tree=246
num_leaves=15
num_cat=2
split_feature=1 10 1 10 8 11 10 4 11 10 4 7 7 0
split_gain=78553 101854 84547.1 156949 126625 245035 106167 32691.7 76261.2 88754.7 59782.9 52434.7 49351.9 33502.6
threshold=-20.940523415541161 21.792495212782878 -12.334337877275248 7.6060745601542559 287.73006933493207 0 13.804889914610071 -19.945745444739114 1 6.2479174866526863 -15.075328778045252 90.49835519917967 38.345201944914997 -101.75231016813417
decision_type=2 2 2 2 2 1 2 2 1 2 2 2 2 2
left_child=-1 2 3 -2 6 -6 7 8 -4 -10 12 13 -9 -12
right_child=1 -3 4 -5 5 -7 -8 10 9 -11 11 -13 -14 -15
leaf_value=-0.6600946926083302 0.012119679090692035 0.89163145265112742 0.31686125965894391 1.3451850258785745 0.35871556295288931 -1.4201531431299668 0.75871417697827526 0.0087458989049206265 -0.092575206140521907 -0.79094398266921828 0.47646862582690441 -0.49289573143268445 0.88794375030720818 -0.016013037241015337
leaf_weight=153 258 105 192 105 115 142 147 109 470 244 120 193 112 2836
leaf_count=153 258 105 192 105 115 142 147 109 470 244 120 193 112 2836
internal_value=-0.0116955 0.00881747 -0.0112917 0.423443 -0.0458425 -0.680293 -0.00752612 -0.0355766 -0.194499 -0.334245 0.0075976 -0.0264926 0.473463 0.00551848
internal_weight=5301 5148 5043 363 4680 257 4423 4276 906 714 3370 3149 221 2956
internal_count=5301 5148 5043 363 4680 257 4423 4276 906 714 3370 3149 221 2956
cat_boundaries=0 1 2
cat_threshold=5 8
is_linear=0
shrinkage=0.03


Tree=247
num_leaves=15
num_cat=1
split_feature=9 6 5 6 10 10 11 5 7 5 6 7 0 7
split_gain=74838.8 134245 100260 74799 199283 156002 69288.3 64053.4 42070.7 104964 62156.4 36455.5 90152.4 49606
threshold=-253.48241486542847 -24.799616674477708 -98.019547187485685 -75.973572824285228 9.2387666633134913 17.006829569385904 0 -55.448185157135249 88.400815969989267 4.4820500912353607 97.421981723160457 65.517090038319751 -41.693154110378465 62.195503177957853
decision_type=2 2 2 2 2 2 1 2 2 2 2 2 2 2
left_child=1 -1 -2 4 6 7 -4 -5 11 -10 -11 13 -13 -9
right_child=2 -3 3 5 -6 -7 -8 8 9 10 -12 12 -14 -15
leaf_value=1.2975314665707673 -0.79159180132710205 -0.088700307435416556 -0.61723121102779133 -0.55985250064328806 1.3351946501466962 -1.1031685698683522 0.30244500584778233 0.0011886802186318276 1.0980406403863752 0.36362013118433173 -0.50426921828269955 -0.86076094303600825 0.035898184203184566 0.59222581190274171
leaf_weight=100 137 144 104 168 125 109 163 3273 101 173 115 141 302 123
leaf_count=100 137 144 104 168 125 109 163 3273 101 173 115 141 302 123
internal_value=0.0056961 0.508144 -0.0196169 0.00354929 0.395677 -0.0313722 -0.0764954 -0.00235329 0.0210678 0.314264 0.0117746 -0.00938067 -0.262196 0.0242714
internal_weight=5278 244 5034 4897 392 4505 267 4396 4228 389 288 3839 443 3396
internal_count=5278 244 5034 4897 392 4505 267 4396 4228 389 288 3839 443 3396
cat_boundaries=0 1
cat_threshold=10
is_linear=0
shrinkage=0.03


Tree=248
num_leaves=15
num_cat=0
split_feature=9 8 5 2 5 8 1 2 7 7 1 6 2 10
split_gain=68225.6 172835 77511.5 100295 79029.6 54225.9 235262 165827 126129 62617.6 41979.7 30283.3 39016.5 31017.4
threshold=-253.48241486542847 206.15252357814907 -98.019547187485685 -41.519718172213111 102.04503770927987 176.52767217278526 0.84267685010861182 -6.3867173139799363 92.746217602815406 74.59818597976998 3.4197514710026846 -87.291863867965517 -28.464228733456036 5.4477213599846737
decision_type=2 2 2 2 2 2 2 2 2 2 2 2 2 2
left_child=1 -1 -2 -4 5 8 7 -7 9 11 -11 -5 -13 -14
right_child=2 -3 3 4 -6 6 -8 -9 -10 10 -12 12 13 -15
leaf_value=-0.40220224585188058 -0.66025011909995113 1.1640354450973305 0.85238360518500911 -0.48784036207249609 -0.75885013894956621 0.568506820667535 1.1808974228325213 -0.9041137427091599 -0.80196942228381918 0.77518414512561384 0.0042356270704513943 -0.53209000658988947 -0.028996134360393458 0.18050078624982416
leaf_weight=104 147 138 116 108 112 118 166 140 167 147 107 110 2851 808
leaf_count=104 147 138 116 108 112 118 166 140 167 147 107 110 2851 808
internal_value=0.0198362 0.501691 -0.0039793 0.0168018 -0.00496766 0.0144794 0.334078 -0.234508 -0.0177515 0.0158115 0.462877 -0.0145933 0.00022252 0.017632
internal_weight=5339 242 5097 4950 4834 4722 424 258 4298 4131 254 3877 3769 3659
internal_count=5339 242 5097 4950 4834 4722 424 258 4298 4131 254 3877 3769 3659
is_linear=0
shrinkage=0.03


Tree=249
num_leaves=15
num_cat=0
split_feature=6 6 0 7 0 4 7 4 4 10 4 1 5 8
split_gain=82363.9 79536.6 90157.5 60153.6 115786 76688.5 27890.9 87381.6 97609.3 169482 114527 73915.9 141165 62394.8
threshold=-163.74528557908661 -114.35942742976975 195.31587299781793 135.69784245184522 -14.807111412280042 -53.231071714051701 65.020025685449625 38.605361073533665 -17.013899087835402 9.5270635579311325 -35.34006079814754 9.9135537166045449 59.010106788699439 154.58430671534978
decision_type=2 2 2 2 2 2 2 2 2 2 2 2 2 2
left_child=-1 -2 3 5 -5 -3 13 8 10 -10 -8 12 -9 -7
right_child=1 2 -4 4 -6 6 7 11 9 -11 -12 -13 -14 -15
leaf_value=0.82898406854542817 -0.6633963194828999 0.59313811855490606 0.86568095802656697 0.093095453820191312 -1.182696086103266 0.013418818899324251 -0.54406497214646898 1.2780203029873041 -0.10277433676877991 -1.4890586838313749 0.69432519711498031 -0.41176887575033549 -0.1768444796342116 0.6954940080857277
leaf_weight=100 148 195 101 150 100 3528 126 106 182 133 123 101 120 115
leaf_count=100 148 195 101 150 100 3528 126 106 182 133 123 101 120 115
internal_value=0.0165802 -0.0005122 0.0200656 0.00121129 -0.443082 0.0255844 -7.67803e-05 -0.149569 -0.373372 -0.715902 0.0708587 0.236066 0.530765 0.0367951
internal_weight=5328 5228 5080 4979 250 4729 4534 891 564 315 249 327 226 3643
internal_count=5328 5228 5080 4979 250 4729 4534 891 564 315 249 327 226 3643
is_linear=0
shrinkage=0.03


Tree=250
num_leaves=15
num_cat=0
split_feature=2 7 8 8 2 0 3 6 9 7 8 8 6 9
split_gain=100079 122575 157737 107675 70600.1 44862.7 39335.2 44144.2 96673.6 42885.3 45441 76004.5 37807.3 42192.1
threshold=51.055367141471599 216.26790410410629 349.80412339871037 281.78368220657461 -41.519718172213111 137.45382998112007 29.102090019082834 63.576002694486398 -33.578741928503959 102.46729678875856 159.83884847047446 133.98412833035448 78.181003861291984 58.585777940708745
decision_type=2 2 2 2 2 2 2 2 2 2 2 2 2 2
left_child=1 2 3 4 -1 6 7 9 -9 10 11 -6 13 -8
right_child=-2 -3 -4 -5 5 -7 12 8 -10 -11 -12 -13 -14 -15
leaf_value=0.71519033022509282 0.87411346954323588 -0.89797576645360544 1.0279563974440098 -0.90455446726397459 -0.0037493837578180165 -0.43178720806112242 0.29721913790702814 -1.0183796172182098 0.077403718444402317 0.53024082055585131 -0.51447698184072155 0.69334525061809282 0.66389195912159404 -0.38879255987374123
leaf_weight=121 114 120 130 104 3317 189 275 109 182 135 136 137 146 103
leaf_count=121 114 120 130 104 3317 189 275 109 182 135 136 137 146 103
internal_value=0.031803 0.0117101 0.0349025 0.006825 0.028189 0.00913875 0.0284031 -0.00375232 -0.353241 0.0244227 0.00398164 0.025822 0.270302 0.105087
internal_weight=5318 5204 5084 4954 4850 4729 4540 4016 291 3725 3590 3454 524 378
internal_count=5318 5204 5084 4954 4850 4729 4540 4016 291 3725 3590 3454 524 378
is_linear=0
shrinkage=0.03


Tree=251
num_leaves=15
num_cat=0
split_feature=4 5 1 10 8 0 9 2 10 10 8 5 2 0
split_gain=101160 73156 112751 225913 81604 140733 95697.4 134608 40177.2 61148 60412.5 72347.5 25632.6 55919.9
threshold=82.068407584568078 -116.76275864346734 14.306873951821002 7.3061048788686653 192.69410526124523 47.335412450723354 -162.49751195383274 -8.8474179406733402 9.8323869799418908 8.7206653398329674 118.70061488190716 -6.1945109700268866 17.03513111693599 -16.820383723168128
decision_type=2 2 2 2 2 2 2 2 2 2 2 2 2 2
left_child=1 -1 4 -4 8 6 -6 -8 9 12 -10 -12 -3 -14
right_child=-2 2 3 -5 5 -7 7 -9 10 -11 11 -13 13 -15
leaf_value=0.72112034303014683 0.83974355803382006 -0.014876568784210779 0.17636237615918257 -1.3895366206392645 -0.70795023756367814 1.1217658380562108 1.0536810511496009 -0.33499368862796375 0.20385915876489824 0.5886271128499172 -0.076806319275417839 -1.1945943127491989 0.17574005346023597 -0.47007982245883384
leaf_weight=105 114 3359 168 150 102 141 113 121 103 132 101 101 181 328
leaf_count=105 114 3359 168 150 102 141 113 121 103 132 101 101 181 328
internal_value=-0.00713185 -0.0272548 -0.0440436 -0.582114 -0.00712214 0.361016 0.0185785 0.351306 -0.0486545 -0.0229064 -0.374887 -0.665686 -0.0452398 -0.241466
internal_weight=5319 5205 5100 318 4782 477 336 234 4305 4000 305 202 3868 509
internal_count=5319 5205 5100 318 4782 477 336 234 4305 4000 305 202 3868 509
is_linear=0
shrinkage=0.03


Tree=252
num_leaves=15
num_cat=0
split_feature=7 6 5 10 7 10 7 10 7 6 1 10 10 8
split_gain=125030 114880 110085 87302.9 47717.3 50713 44001.1 37044.4 36271.6 30007.6 17604.2 74816.7 27672.4 57592
threshold=132.39962687480991 -69.005322287166891 64.421116339480818 14.799538580662585 117.2980354120014 9.8323869799418908 67.833491375874488 9.021791891785087 93.669367588426311 3.8023543088147971 -6.569295363485792 6.7938648232557037 5.4477213599846737 133.98412833035448
decision_type=2 2 2 2 2 2 2 2 2 2 2 2 2 2
left_child=3 -2 -3 4 5 7 -7 8 10 -8 11 -1 -12 -14
right_child=1 2 -4 -5 -6 6 9 -9 -10 -11 12 -13 13 -15
leaf_value=0.0056538874954908036 -0.27028370918371736 1.3386164883971214 0.09024452523181313 -0.73286081873028475 0.61169293744223463 0.15012771655212748 -0.23564654071273197 0.52367118228827747 -0.45288565545697362 -0.92891067548960193 -0.0023663972615148815 -0.79766455023741922 0.34723029702527441 -0.24214054509886163
leaf_weight=757 107 160 104 141 102 100 124 114 145 109 2521 111 587 191
leaf_count=757 107 160 104 141 102 100 124 114 145 109 2521 111 587 191
internal_value=0.0174007 0.541285 0.868075 -0.0224584 -0.000389939 -0.0147639 -0.366189 0.0124423 -0.00225388 -0.584844 0.0144735 -0.10499 0.0461278 0.201302
internal_weight=5373 371 264 5002 4861 4759 333 4426 4312 233 4167 868 3299 778
internal_count=5373 371 264 5002 4861 4759 333 4426 4312 233 4167 868 3299 778
is_linear=0
shrinkage=0.03


Tree=253
num_leaves=15
num_cat=0
split_feature=2 4 10 10 10 0 0 10 1 1 4 6 1 6
split_gain=52859.6 73607.8 95157.4 66775 204451 53548.4 61112.4 34889.7 87608.9 53192.6 25015.4 23893.8 17693.3 36569.4
threshold=54.337700700505145 56.252795746629452 9.6981210495202923 15.710006851368876 12.612624673279329 -139.44091628089731 -105.08651911233552 9.1484618624017919 2.0015012578070475 -1.2937280346296449 -30.971767688991154 92.419447725193649 1.0938849986976762 -14.000897932778757
decision_type=2 2 2 2 2 2 2 2 2 2 2 2 2 2
left_child=1 3 -3 4 5 -1 -7 11 9 -9 -5 12 13 -8
right_child=-2 2 -4 10 -6 6 7 8 -10 -11 -12 -13 -14 -15
leaf_value=-0.58372674000263203 0.63319076293337662 0.0079570396224113368 -1.1694303828438297 0.16221567387472499 -1.0486082022530692 0.71057212291619709 -0.081491267198640291 0.36348345345394178 0.94805554099199241 -0.52559468226773387 0.8368201657726958 -0.4293401258617987 -0.070719752693487417 0.1587540901821799
leaf_weight=120 103 136 103 100 158 107 980 122 113 102 101 108 1659 1338
leaf_count=120 103 136 103 100 158 107 980 122 113 102 101 108 1659 1338
internal_value=-0.00881744 -0.0226007 -0.52604 0.00242564 -0.0204606 0.0166575 0.0338162 0.0158743 0.30468 -0.0465247 0.52479 -0.00863718 0.00383569 0.0572698
internal_weight=5350 5247 239 5008 4807 4649 4529 4422 337 224 201 4085 3977 2318
internal_count=5350 5247 239 5008 4807 4649 4529 4422 337 224 201 4085 3977 2318
is_linear=0
shrinkage=0.03


Tree=254
num_leaves=15
num_cat=0
split_feature=10 4 7 9 2 0 9 3 8 1 8 8 1 8
split_gain=71923.5 167251 141486 62747.5 45968.1 39442.3 48066 31723.4 33919.3 61123.8 43111.9 58642.9 61708.7 24424.7
threshold=14.100845422667424 -45.441717759873093 120.02928848738897 -289.45200208684395 38.679637800690962 -112.1951782810368 -6.4870081692881998 42.300216920979175 192.69410526124523 -2.0558744249092982 129.36968088889978 141.39255334595086 -1.8529389092606672 116.44210646066126
decision_type=2 2 2 2 2 2 2 2 2 2 2 2 2 2
left_child=3 -2 -3 -1 5 6 -5 8 10 -10 13 -12 -13 -7
right_child=1 2 -4 4 -6 7 -8 -9 9 -11 11 12 -14 -15
leaf_value=-0.6928682436662561 -0.51425028917168369 0.015226554431413348 1.4667376413345337 0.85631140000169925 -0.49899487751194194 -0.0068820581857688646 -0.041652877541769918 0.4031987609884195 -0.80949773380389578 0.071005509885176551 0.86260574507511267 0.50886413841866529 -0.30886659567443175 -0.36064577744297077
leaf_weight=109 109 104 135 100 148 3484 103 161 120 153 108 146 168 175
leaf_count=109 109 104 135 100 148 3484 103 161 120 153 108 146 168 175
internal_value=0.0172745 0.42798 0.861096 -0.0122552 0.00438046 0.021193 0.420129 0.00236748 -0.0133442 -0.330957 0.00865966 0.292111 0.0753227 -0.0247385
internal_weight=5323 348 239 4975 4866 4718 203 4515 4354 273 4081 422 314 3659
internal_count=5323 348 239 4975 4866 4718 203 4515 4354 273 4081 422 314 3659
is_linear=0
shrinkage=0.03


Tree=255
num_leaves=15
num_cat=1
split_feature=0 10 2 4 10 11 7 10 10 0 8 3 4 7
split_gain=69348.4 70826.3 88694.4 66020.2 148771 119208 40653.1 64931.5 41457 46815.5 37688.5 17434.2 64901.1 62692.7
threshold=-203.63762796391902 15.710006851368876 2.4666999062020367 69.704045565716555 11.790190660754002 0 88.400815969989267 7.9091072365495494 8.2122198080000874 -26.029151333407231 123.69366182760601 -19.934773592475693 -32.330240069260746 49.484300972151892
decision_type=2 2 2 2 2 1 2 2 2 2 2 2 2 2
left_child=-1 3 -3 4 6 -6 8 -8 11 -10 -11 12 -2 -14
right_child=1 2 -4 -5 5 -7 7 -9 9 10 -12 -13 13 -15
leaf_value=-0.75112342471570037 0.19509939478729629 0.97367158389502551 -0.16678909919091633 0.63254778148967827 0.071978931541442873 -1.2481658237557858 -0.12316371159860864 0.64194581258798322 0.16804209747829954 -0.18752097577583499 -0.9815858998580983 0.024698404081188504 -0.082028576954239943 -0.87940700293779361
leaf_weight=103 279 135 102 124 105 140 182 204 101 113 104 3270 223 140
leaf_count=103 279 135 102 124 105 140 182 204 101 113 104 3270 223 140
internal_value=-0.0158456 6.51359e-05 0.49596 -0.0244567 -0.0424805 -0.747879 -0.00350485 0.287194 -0.0306468 -0.354613 -0.594563 -0.00347507 -0.145153 -0.404889
internal_weight=5325 5222 237 4985 4861 245 4616 386 4230 318 217 3912 642 363
internal_count=5325 5222 237 4985 4861 245 4616 386 4230 318 217 3912 642 363
cat_boundaries=0 1
cat_threshold=20
is_linear=0
shrinkage=0.03


Tree=256
num_leaves=15
num_cat=0
split_feature=7 6 10 4 3 10 9 5 5 6 8 10 1 7
split_gain=82637.1 217203 95781.5 132878 36938.1 86631.4 29289.5 23028.5 52151 29829.1 34934 42475.8 38942.1 43760.5
threshold=153.38056441203312 -24.799616674477708 11.790190660754002 -17.013899087835402 45.797481340479159 10.435349769147342 -25.813479998816664 -71.918057495465376 -57.688750843092485 -87.291863867965517 98.13280583314075 8.4527208143473782 3.4197514710026846 74.59818597976998
decision_type=2 2 2 2 2 2 2 2 2 2 2 2 2 2
left_child=2 -2 4 -4 5 7 -6 -1 -9 -10 -11 12 13 -12
right_child=1 -3 3 -5 6 -7 -8 8 9 10 11 -13 -14 -15
leaf_value=-0.32558356045161257 -0.52092885555365143 1.1572976981526748 0.13743763414110455 -1.0001857136277592 -0.70878118273374191 0.78696096689862205 -0.0057829422685029231 0.58276267439949103 -0.46429386740973011 -0.02712577801290306 0.2691542944662273 -0.24781526657981129 -0.0059025530394960623 0.96811117145193726
leaf_weight=167 107 166 165 194 101 123 103 135 109 3130 290 149 234 109
leaf_count=167 107 166 165 194 101 123 103 135 109 3130 290 149 234 109
internal_value=0.0056013 0.504366 -0.0225331 -0.487768 0.0143547 0.0328144 -0.370692 0.00959037 0.0238078 0.00364246 0.0178311 0.195844 0.302506 0.479099
internal_weight=5282 273 5009 359 4650 4446 204 4323 4156 4021 3912 782 633 399
internal_count=5282 273 5009 359 4650 4446 204 4323 4156 4021 3912 782 633 399
is_linear=0
shrinkage=0.03


Tree=257
num_leaves=15
num_cat=1
split_feature=2 5 3 0 2 3 3 4 3 4 11 2 7 8
split_gain=59338.9 53332.5 51052.7 32550.2 72310.5 69890.7 67991.7 44057.2 132976 33334.9 65177.9 75842.4 58941.7 38201.8
threshold=54.337700700505145 -98.019547187485685 -51.617265913064777 -95.599388843613369 -11.526141364623644 -41.151184557369824 25.145503440526578 48.695305923468915 40.185451819717024 -34.729292138196733 0 -13.672294599696214 93.669367588426311 108.22971421344415
decision_type=2 2 2 2 2 2 2 2 2 2 1 2 2 2
left_child=1 -1 -3 4 -4 -5 -6 9 -9 10 -7 -12 13 -11
right_child=-2 2 3 5 6 7 -8 8 -10 12 11 -13 -14 -15
leaf_value=-0.5313085426022025 0.68620852681387834 0.49004433263034719 0.85501052740143568 -0.75265979253639603 -0.42583606602251528 0.72962199320153487 0.54313383784077374 -1.1723278638535897 0.15398349485381252 -0.032120429154378877 0.47855935487072021 -0.62100811095100583 -0.57793899281322947 0.23185786374597525
leaf_weight=160 103 181 113 108 150 144 100 103 166 3057 103 103 150 578
leaf_count=160 103 181 113 108 150 144 100 103 166 3057 103 103 150 578
internal_value=0.00606477 -0.00865335 0.00890249 -0.00992803 0.259456 -0.0321264 -0.0322656 -0.0127915 -0.377677 0.0117998 0.28767 -0.0712244 -0.0144008 0.0103756
internal_weight=5319 5216 5056 4875 363 4512 250 4404 269 4135 350 206 3785 3635
internal_count=5319 5216 5056 4875 363 4512 250 4404 269 4135 350 206 3785 3635
cat_boundaries=0 1
cat_threshold=12
is_linear=0
shrinkage=0.03


Tree=258
num_leaves=15
num_cat=0
split_feature=9 10 4 0 9 2 1 0 9 0 0 3 0 6
split_gain=127312 127172 75610.5 56159.2 105078 59746.8 49706.3 127775 54806 27740.7 42301.4 35790.6 27534.9 25365.1
threshold=-253.48241486542847 12.173318486996434 66.57755047830949 -89.647258583111622 -50.184128392278218 -8.6730276112697275 10.42124953157373 83.160338794875017 -189.90608473231052 91.358221158763925 116.54389689431528 -10.758763334764838 16.361092277550146 -106.65092646618969
decision_type=2 2 2 2 2 2 2 2 2 2 2 2 2 2
left_child=1 -1 3 4 -2 -6 8 12 -5 13 -11 -12 -8 -10
right_child=2 -3 -4 6 5 -7 7 -9 9 10 11 -13 -14 -15
leaf_value=-0.024401181197072574 1.1182503680730687 1.336883838360126 -0.60857955011544296 -0.64744338857948336 0.52163040731102228 -0.34449701531533083 0.24021990787982941 1.1615669044426509 0.38906518348447094 -0.69868038274513344 -0.40151860569705478 0.31994010564892789 -0.26319655784085144 -0.018764906803672345
leaf_weight=117 106 120 171 123 118 153 200 102 133 125 109 119 173 3405
leaf_count=117 106 120 171 123 118 153 200 102 133 125 109 119 173 3405
internal_value=0.0260913 0.691077 -0.00650477 0.0158579 0.362617 0.0377782 -0.0140052 0.272942 -0.0485552 -0.0280123 -0.277769 -0.0273464 0.00595616 -0.00238045
internal_weight=5274 237 5037 4866 377 271 4489 475 4014 3891 353 228 373 3538
internal_count=5274 237 5037 4866 377 271 4489 475 4014 3891 353 228 373 3538
is_linear=0
shrinkage=0.03


Tree=259
num_leaves=15
num_cat=0
split_feature=2 10 4 6 6 6 3 10 10 10 10 1 2 9
split_gain=54824.1 205096 60732.1 55197.6 54572.3 39963.5 76503 56422.4 158881 102904 44613.1 41100.3 42551.3 38281
threshold=24.598614330152092 10.876266870373639 56.252795746629452 1.79090038196359 35.330256931953997 69.051906156094603 13.353686822504955 11.790190660754002 15.710006851368876 10.435349769147342 9.3971293418906434 -18.599541846267002 -29.336907569919052 -31.435981044910346
decision_type=2 2 2 2 2 2 2 2 2 2 2 2 2 2
left_child=2 3 5 -2 -5 7 -7 9 -9 10 11 -1 -13 -6
right_child=1 -3 -4 4 13 6 -8 8 -10 -11 -12 12 -14 -15
leaf_value=0.52963050645882959 -0.6353399599686913 1.1580161235209772 -0.66128321571457649 0.64848555647468165 -0.54790766797427615 -0.14942795674476397 0.76627385174719287 -0.97551063084477529 0.34154749511061483 0.89677952180037634 -0.62238528074444943 -0.47860357386960506 -0.006887385243246647 0.2031483356150634
leaf_weight=112 105 160 123 108 102 159 154 181 138 101 101 171 3509 126
leaf_count=112 105 160 123 108 102 159 154 181 138 101 101 171 3509 126
internal_value=0.00512735 0.272639 -0.0292288 -0.0671403 0.123653 -0.011033 0.310884 -0.0350601 -0.412685 -0.00394387 -0.02955 -0.0121644 -0.0300444 -0.141754
internal_weight=5350 601 4749 441 336 4626 313 4313 319 3994 3893 3792 3680 228
internal_count=5350 601 4749 441 336 4626 313 4313 319 3994 3893 3792 3680 228
is_linear=0
shrinkage=0.03


Tree=260
num_leaves=15
num_cat=1
split_feature=0 6 8 7 0 8 1 4 6 6 6 0 8 11
split_gain=75433.4 63463.1 84593.6 161384 87122.1 76618.8 105120 26523.8 21588.3 56814 32748.2 38055.5 31730.3 134128
threshold=-186.03319252677224 139.10549196192264 396.61857457889664 153.38056441203312 169.18425548561115 192.69410526124523 -1.6998890226009695 -56.732053336148041 72.06924533380824 58.06705272963822 46.504982409387452 -112.1951782810368 130.71711714365557 0
decision_type=2 2 2 2 2 2 2 2 2 2 2 2 2 1
left_child=-1 2 3 4 5 7 -7 -2 9 10 11 -9 -13 -14
right_child=1 -3 -4 -5 -6 6 -8 8 -10 -11 -12 12 13 -15
leaf_value=0.67616092813958362 -0.3894418809708603 -0.6970801097012701 -0.72975809782948975 1.0696878368854521 -0.78221617653965947 -0.23782246943347707 0.91717740545532978 -0.57678930574229781 0.21772199114391563 -0.55216953329375529 0.34787661506794387 -0.041334111744130764 1.0082709001385888 -0.27433554008603095
leaf_weight=129 169 116 135 115 122 111 171 102 317 173 206 3215 109 158
leaf_count=129 169 116 135 115 122 111 171 102 317 173 206 3215 109 158
internal_value=-0.0136353 -0.0319458 -0.0154923 0.00534405 -0.0220252 -0.000813285 0.469975 -0.0316413 -0.0166383 -0.0358856 -0.010928 -0.0324618 -0.0149104 0.293268
internal_weight=5348 5219 5103 4968 4853 4731 282 4449 4280 3963 3790 3584 3482 267
internal_count=5348 5219 5103 4968 4853 4731 282 4449 4280 3963 3790 3584 3482 267
cat_boundaries=0 1
cat_threshold=12
is_linear=0
shrinkage=0.03


Tree=261
num_leaves=15
num_cat=1
split_feature=1 7 1 3 10 6 0 0 11 0 10 10 1 10
split_gain=69076 116645 87611.4 79773.7 89909.6 165375 125159 171362 92348.7 28951.1 61574.5 38551.5 51840.7 24281.4
threshold=17.275818105972451 102.46729678875856 14.306873951821002 -66.522904312356488 9.2387666633134913 -94.074219031176469 -65.62925642266741 99.153777836002476 0 116.54389689431528 8.4527208143473782 6.8352592346925203 -0.7090693144550797 6.2479174866526863
decision_type=2 2 2 2 2 2 2 2 1 2 2 2 2 2
left_child=2 -2 3 -1 9 -6 -7 8 -8 10 11 13 -13 -5
right_child=1 -3 -4 4 5 6 7 -9 -10 -11 -12 12 -14 -15
leaf_value=-0.66904643884726922 -0.010064259999032531 1.2616287561113182 -0.7704475421674789 0.00082211126026659359 1.313900325789171 -0.56295068985845409 0.076707431259155273 -0.45828612836406513 1.2643698885645185 0.40712930811605147 -0.64296008204346278 -0.079583297577771273 0.66333915476311633 -0.3461102077749092
leaf_weight=130 158 100 114 3339 126 153 105 126 155 145 124 155 171 182
leaf_count=130 158 100 114 3339 126 153 105 126 155 145 124 155 171 182
internal_value=0.0422301 0.511524 0.0171669 0.0369784 0.0575323 0.378453 0.139827 0.425571 0.855012 0.00489133 -0.0107821 0.011209 0.318253 -0.0180402
internal_weight=5283 258 5025 4911 4781 665 539 386 260 4116 3971 3847 326 3521
internal_count=5283 258 5025 4911 4781 665 539 386 260 4116 3971 3847 326 3521
cat_boundaries=0 1
cat_threshold=18
is_linear=0
shrinkage=0.03


Tree=262
num_leaves=15
num_cat=0
split_feature=6 8 8 9 5 2 9 7 1 1 8 6 3 8
split_gain=38621.4 133534 70657.3 48734.3 77152.2 70765.2 46735.8 80765.8 109775 84165.5 75675.6 63261.7 59212.8 42817.4
threshold=122.30864716830938 443.55360002923726 326.69056479415065 -289.45200208684395 -98.019547187485685 -38.451588117134584 -138.43227223921556 65.020025685449625 -12.334337877275248 8.5563332817090352 115.62186540310854 -39.092668754057406 6.9444455607704194 110.5076840585413
decision_type=2 2 2 2 2 2 2 2 2 2 2 2 2 2
left_child=1 2 3 -1 -5 -6 12 -8 -9 10 -10 -12 13 -7
right_child=-2 -3 -4 4 5 6 7 8 9 -11 11 -13 -14 -15
leaf_value=-0.58511349004456548 0.43111784063170594 -0.97783342413976782 0.75716846457048625 -0.7390366143301913 0.72272701759407987 0.21288559827682646 0.062392914920959074 0.5663142152932974 -0.15453658151383301 0.16599147424653724 -0.32497120666771362 -1.2838236749827205 -0.057782932511153254 1.0974225484424016
leaf_weight=108 195 110 109 104 127 100 3403 107 186 152 107 172 175 100
leaf_count=108 195 110 109 104 127 100 3403 107 186 152 107 172 175 100
internal_value=0.0274332 0.0110566 0.034959 0.0171704 0.0321183 0.0509996 0.0304906 0.000998233 -0.284492 -0.438718 -0.635719 -0.940061 0.346608 0.686352
internal_weight=5255 5060 4950 4841 4733 4629 4502 4127 724 617 465 279 375 200
internal_count=5255 5060 4950 4841 4733 4629 4502 4127 724 617 465 279 375 200
is_linear=0
shrinkage=0.03


Tree=263
num_leaves=15
num_cat=0
split_feature=4 6 8 10 7 5 5 10 10 8 5 8 9 10
split_gain=72910.2 88223 64442 100715 52777.3 205152 174133 151888 40486.4 108159 52643.6 52455.7 30453.2 44791.7
threshold=-71.193925506606533 127.18409936272798 287.73006933493207 11.214591373368988 83.936717472784622 4.0115438504664507 47.019706253761278 9.2387666633134913 8.2122198080000874 141.39255334595086 -6.6504614190756017 151.12806178868914 -96.088437743618641 4.5787378765495905
decision_type=2 2 2 2 2 2 2 2 2 2 2 2 2 2
left_child=-1 2 4 -4 8 7 -7 -6 11 10 -10 12 13 -2
right_child=1 -3 3 -5 5 6 -8 -9 9 -11 -12 -13 -14 -15
leaf_value=-0.58567205130754407 0.23986924228047121 0.63926401425013557 0.15727673129651878 -1.0453148843260374 -0.012619378440148007 -1.0961930564458553 0.39220781100593555 1.4668275163143494 -0.38613502100456593 -0.99736235518249683 0.46156248320473564 0.61700379151661522 0.0053256396850373654 -0.45003891130192919
leaf_weight=189 109 177 112 126 103 120 147 148 119 129 125 108 3274 302
leaf_count=189 109 177 112 126 103 120 147 148 119 129 125 108 3274 302
internal_value=-0.0223259 -0.000339422 -0.0245897 -0.495867 0.000361863 0.282963 -0.292161 0.882501 -0.0353701 -0.329331 0.0492107 -0.00567233 -0.0255422 -0.265719
internal_weight=5288 5099 4922 238 4684 518 267 251 4166 373 244 3793 3685 411
internal_count=5288 5099 4922 238 4684 518 267 251 4166 373 244 3793 3685 411
is_linear=0
shrinkage=0.03


Tree=264
num_leaves=15
num_cat=1
split_feature=10 11 5 10 2 5 6 4 10 2 5 10 10 3
split_gain=65008.1 336746 218520 79928.8 45705.4 66203.2 49332.3 34090.3 84375.5 57612.2 66086.4 46496.7 45278.6 69566
threshold=14.458445634959268 0 -2.8673873042462956 12.402299687695846 41.667235929616261 79.866679931241805 97.421981723160457 1.0000000180025095e-35 10.558322662137513 16.180298296570758 -53.061771292904801 4.6960509284352225 3.7197029574918417 -11.511529363713393
decision_type=2 1 2 2 2 2 2 2 2 2 2 2 2 2
left_child=3 -2 -3 4 5 6 7 8 9 10 -1 -9 -12 -14
right_child=1 2 -4 -5 -6 -7 -8 11 -10 -11 12 -13 13 -15
leaf_value=0.37676513536771133 -1.396289602474994 1.3481506675642889 -0.54240048846682987 0.64700016312680009 -0.54428763429469917 0.65616441744778831 -0.62517324062575275 -0.01763530059089392 -0.87603844049814583 -0.69842045568336142 0.1073237065243234 0.27008796665118456 -0.41409534153647909 0.073282309819896196
leaf_weight=350 146 101 101 167 126 130 103 1262 101 100 761 832 575 475
leaf_count=350 146 101 101 167 126 130 103 1262 101 100 761 832 575 475
internal_value=-0.00712319 -0.397614 0.402875 0.020895 -0.00211628 0.0135799 -0.00613941 0.00953731 -0.0684605 -0.028687 0.00537917 0.0974249 -0.068071 -0.195004
internal_weight=5330 348 202 4982 4815 4689 4559 4456 2362 2261 2161 2094 1811 1050
internal_count=5330 348 202 4982 4815 4689 4559 4456 2362 2261 2161 2094 1811 1050
cat_boundaries=0 1
cat_threshold=6
is_linear=0
shrinkage=0.03


Tree=265
num_leaves=15
num_cat=0
split_feature=4 10 4 10 5 9 10 8 1 8 8 1 10 8
split_gain=93420 48519 295636 142712 49520.2 59201.4 87076.5 37876.3 42405.2 44916.9 47948.8 47392.9 37273.1 35290.8
threshold=-78.793034716256059 14.799538580662585 -7.2500192130848182 13.084599796528236 84.254303678643168 -264.18613411849537 10.435349769147342 83.503081616936711 -11.551943578755141 230.69418936216107 144.64767253422011 6.329562971113889 3.8049203576036006 95.042989002799956
decision_type=2 2 2 2 2 2 2 2 2 2 2 2 2 2
left_child=-1 3 -3 4 5 -2 7 -7 -9 10 11 12 -10 -14
right_child=1 2 -4 -5 -6 6 -8 8 9 -11 -12 -13 13 -15
leaf_value=0.75976361798305136 -0.69161666459741844 0.80813451507152645 -1.1447920889573437 1.0647324141248677 0.52506744764885815 0.044418670521214509 0.61728702691332182 0.22054824770428239 0.13907436896351319 0.36000838813185687 -0.61794852752397955 0.162285031401875 -0.68451003986386072 -0.20796558888737057
leaf_weight=143 103 107 165 107 149 2733 189 246 148 110 247 293 216 404
leaf_count=143 103 107 165 107 149 2733 189 246 148 110 247 293 216 404
internal_value=0.0290953 0.0076522 -0.375131 0.0294218 0.00437526 -0.0132527 0.00345479 -0.0242709 -0.13668 -0.199764 -0.249214 -0.158404 -0.281264 -0.382217
internal_weight=5360 5217 272 4945 4838 4689 4586 4397 1664 1418 1308 1061 768 620
internal_count=5360 5217 272 4945 4838 4689 4586 4397 1664 1418 1308 1061 768 620
is_linear=0
shrinkage=0.03


Tree=266
num_leaves=15
num_cat=0
split_feature=9 8 10 2 6 3 6 6 10 6 8 7 8 9
split_gain=87188.1 169989 114994 132957 24982.9 58247.9 32255.7 30756.4 69422.9 26644 28488.4 51283.4 68944.2 36454.4
threshold=-253.48241486542847 206.15252357814907 14.458445634959268 -2.3203202848674693 -89.372439141619552 -24.903739467319955 -75.973572824285228 -51.983141883257659 5.6314929894552481 -43.631810948558247 281.78368220657461 91.638340227183093 162.43035899132482 -179.42480977140585
decision_type=2 2 2 2 2 2 2 2 2 2 2 2 2 2
left_child=1 -1 4 -4 5 -2 -6 8 -8 -9 11 13 -13 -11
right_child=2 -3 3 -5 6 -7 7 9 -10 10 -12 12 -14 -15
leaf_value=-0.32271732666369141 0.15926747577632971 1.2502529847103616 0.087454662932906033 -1.2695878737739155 0.4809573571681976 -0.63520958743504519 0.063841956222986246 0.38920012136756632 -0.80308053948662494 0.56117528363139235 0.43863237993671095 -0.83042980501780639 0.1518941080974055 0.01348817192113282
leaf_weight=106 157 128 119 130 125 159 221 171 122 103 129 138 109 3433
leaf_count=106 157 128 119 130 125 159 221 171 122 103 129 138 109 3433
internal_value=-0.0003739 0.553687 -0.0267467 -0.642705 0.00601945 -0.247708 0.0241415 0.0101849 -0.258524 0.0333348 0.0168267 0.00132464 -0.407892 0.0309793
internal_weight=5350 234 5116 249 4867 316 4551 4426 343 4083 3912 3783 247 3536
internal_count=5350 234 5116 249 4867 316 4551 4426 343 4083 3912 3783 247 3536
is_linear=0
shrinkage=0.03


Tree=267
num_leaves=15
num_cat=0
split_feature=3 9 5 6 8 8 8 7 9 8 7 7 7 4
split_gain=45854.1 128783 85999.3 61701.5 50210.8 136013 70150.9 80703.6 49981.1 26603.6 43684.2 31418.8 64364.8 27314.7
threshold=-69.498060028245888 -305.08123065140506 102.04503770927987 106.25837390285304 287.73006933493207 210.62015631626434 159.83884847047446 90.49835519917967 -174.40000108747748 138.54874098163933 82.970999569640398 72.449597737864579 65.517090038319751 -37.179098283734952
decision_type=2 2 2 2 2 2 2 2 2 2 2 2 2 2
left_child=-1 -2 3 4 5 6 8 -8 -3 10 11 12 13 -10
right_child=1 2 -4 -5 -6 -7 7 -9 9 -11 -12 -13 -14 -15
leaf_value=-0.56231473125628573 0.8972949183391673 0.50032077993740121 -0.7867385379167704 0.54991142971762297 -0.48106440073201573 1.0281518910718814 -1.0979782219796344 0.008745272714673109 0.40473633937213727 0.30732177008229949 -0.51415737003087991 0.39053810064096628 -0.59561773088523895 -0.026187266602702333
leaf_weight=124 130 161 120 164 198 102 106 121 128 198 158 151 167 3246
leaf_count=124 130 161 120 164 198 102 106 121 128 198 158 151 167 3246
internal_value=-0.0144415 -0.000185823 -0.025165 -0.00494992 -0.0252821 -0.00438156 -0.0303824 -0.532573 -0.00210014 -0.0232665 -0.0410203 -0.0194381 -0.0379714 -0.00869153
internal_weight=5274 5150 5020 4900 4736 4538 4436 227 4209 4048 3850 3692 3541 3374
internal_count=5274 5150 5020 4900 4736 4538 4436 227 4209 4048 3850 3692 3541 3374
is_linear=0
shrinkage=0.03


Tree=268
num_leaves=15
num_cat=1
split_feature=4 7 10 10 10 5 11 10 10 4 0 4 1 0
split_gain=52960 168890 129696 90373.5 62484.3 45049.2 26172.1 23675.1 30239.7 20303.6 24321.8 22751.4 18220.2 15371.3
threshold=-50.449579266003674 199.90558382845225 11.790190660754002 14.799538580662585 11.970619158346079 82.271608913773463 0 9.8323869799418908 8.7206653398329674 35.999591571416694 31.890305292027715 30.305099713069627 2.576112723485632 -31.661101037513721
decision_type=2 2 2 2 2 2 1 2 2 2 2 2 2 2
left_child=2 3 6 4 5 7 -1 8 9 11 12 13 -11 -2
right_child=1 -3 -4 -5 -6 -7 -8 -9 -10 10 -12 -13 -14 -15
leaf_value=-0.25082190771748247 -0.1402010835745725 1.0903832942419327 -1.034073477935791 -0.67273512794043522 0.60619170823429203 0.51572326092353582 0.31486349605514613 -0.33874602134480619 0.39506775416027412 0.21419366439600951 -0.60140483203743178 0.35406716525083098 -0.28282882920164149 0.017184548380232614
leaf_weight=113 686 120 140 166 148 137 147 188 155 109 102 148 141 2819
leaf_count=113 686 120 140 166 148 137 147 188 155 109 102 148 141 2819
internal_value=-0.00383436 0.0234236 -0.331434 -0.00546787 0.0198377 -0.000816889 0.0711959 -0.0182385 -0.00297638 -0.0193269 -0.233634 0.00190493 -0.0662235 -0.0139303
internal_weight=5319 4919 400 4799 4633 4485 260 4348 4160 4005 352 3653 250 3505
internal_count=5319 4919 400 4799 4633 4485 260 4348 4160 4005 352 3653 250 3505
cat_boundaries=0 1
cat_threshold=17
is_linear=0
shrinkage=0.03


Tree=269
num_leaves=15
num_cat=0
split_feature=8 7 8 10 6 0 2 9 8 3 10 10 9 8
split_gain=77236.1 62418.5 149980 119316 54883.5 38874.2 69560.5 37449.9 34506 28319.5 91621.9 83354.7 69345.3 27733
threshold=396.61857457889664 153.38056441203312 287.73006933493207 15.710006851368876 113.30019008877123 -92.427444796427039 -1.0000000180025095e-35 65.74764773507674 68.316003443885464 8.8864368607979518 7.9876602994986579 7.9876602994986579 -82.372382277023505 80.750293067107251
decision_type=2 2 2 2 2 2 2 2 2 2 2 2 2 2
left_child=1 2 3 4 5 6 -1 9 -9 10 -7 -11 -12 -10
right_child=-2 -3 -4 -5 -6 7 -8 8 13 11 12 -13 -14 -15
leaf_value=0.80860695621311263 -0.59266247345614675 0.56276298742536657 -1.0883218409759656 0.9562895665764809 -0.59109060779861777 0.038642822786369393 -0.079975080527365211 0.041143161729170846 -0.67183035743479824 0.017644310730522958 1.1757069593517719 -0.74837175901621988 0.11639355846813747 -0.19082390696143217
leaf_weight=139 184 172 102 110 128 1955 166 425 137 1025 109 136 109 460
leaf_count=139 184 172 102 110 128 1955 166 425 137 1025 109 136 109 460
internal_value=-0.00497689 0.0170298 -0.00282525 0.0219464 -0.00146281 0.0159603 0.337799 -0.00729646 -0.165261 0.0414751 0.105219 -0.0777117 0.674386 -0.310455
internal_weight=5357 5173 5001 4899 4789 4661 305 4356 1022 3334 2173 1161 218 597
internal_count=5357 5173 5001 4899 4789 4661 305 4356 1022 3334 2173 1161 218 597
is_linear=0
shrinkage=0.03


Tree=270
num_leaves=15
num_cat=0
split_feature=5 6 9 5 10 8 10 8 8 10 10 3 5 5
split_gain=61364.4 65847.6 38992.8 69359.5 133566 155961 104709 40380.7 52347.3 32180.3 64853.5 22960.6 39307.6 44661.5
threshold=-104.70518873882084 -133.60809429456589 -289.45200208684395 74.405309429470236 13.084599796528236 202.46731541549741 9.3971293418906434 195.3990202911335 151.12806178868914 9.6981210495202923 7.9876602994986579 8.8864368607979518 11.081484787207652 28.316546092769862
decision_type=2 2 2 2 2 2 2 2 2 2 2 2 2 2
left_child=-1 -2 -3 4 7 -6 -5 8 9 10 11 12 -4 -14
right_child=1 2 3 6 5 -7 -8 -9 -10 -11 -12 -13 13 -15
leaf_value=-0.59339914073711197 0.70312147277797898 -0.46671048979867585 -0.0151776902951759 0.10443507694578789 -0.029010376954664949 1.5516492864689124 -1.0634899823757318 -0.40104439517899043 0.50283912382721907 -0.43967215893116401 0.54791552066802973 -0.10713372386088109 0.45622687277414142 -0.14233048902858386
leaf_weight=141 114 144 1906 144 112 102 120 196 190 131 190 1313 362 155
leaf_count=141 114 144 1906 144 112 102 120 196 190 131 190 1313 362 155
internal_value=0.0027656 0.0201087 0.00338066 0.0180552 0.0452541 0.760024 -0.445878 0.00919728 0.0290276 0.00565597 0.0215947 -0.0065634 0.048151 0.27748
internal_weight=5320 5179 5065 4921 4657 214 264 4443 4247 4057 3926 3736 2423 517
internal_count=5320 5179 5065 4921 4657 214 264 4443 4247 4057 3926 3736 2423 517
is_linear=0
shrinkage=0.03


Tree=271
num_leaves=15
num_cat=0
split_feature=8 3 2 5 2 10 10 3 4 6 5 3 10 5
split_gain=86039.5 96068.7 86522.1 53095.8 57147.5 120437 70042.5 119175 140970 97985.6 86442 57031.1 33704 25973.2
threshold=396.61857457889664 -51.617265913064777 -32.575660938121494 74.405309429470236 23.462477969296014 9.9962857727257184 7.3061048788686653 -21.10677030424019 -26.456014854133056 -29.874097055913158 -5.829146086846003 38.355123188700766 6.7938648232557037 -56.501103444626999
decision_type=2 2 2 2 2 2 2 2 2 2 2 2 2 2
left_child=1 2 -1 4 6 -6 12 8 -8 -9 -11 -5 13 -3
right_child=-2 3 -4 11 5 -7 7 9 -10 10 -12 -13 -14 -15
leaf_value=-0.02648086006685001 -0.66282486135080931 -0.36930186757871081 1.112399134888189 -0.88757571026460447 0.031695654596985173 1.1603830916172748 -0.42717619762053854 -1.1026086488687075 1.035593149277297 0.45742344421309394 -0.57221699892395761 0.0065188067344794593 0.49821821355819695 0.0059783937666305267
leaf_weight=113 179 165 117 124 367 101 120 185 100 101 211 123 110 3215
leaf_count=113 179 165 117 124 367 101 120 185 100 101 211 123 110 3215
internal_value=-0.0341596 -0.0110756 0.575073 -0.0395762 -0.0164614 0.29446 -0.0516655 -0.319549 0.253836 -0.573362 -0.23505 -0.459409 0.00412534 -0.0133768
internal_weight=5331 5152 230 4922 4675 468 4207 717 220 497 312 247 3490 3380
internal_count=5331 5152 230 4922 4675 468 4207 717 220 497 312 247 3490 3380
is_linear=0
shrinkage=0.03


Tree=272
num_leaves=15
num_cat=0
split_feature=9 0 10 10 5 7 7 3 5 4 3 10 5 4
split_gain=98409.4 180370 99273.9 55259.9 79308.6 87082.8 45203.4 66379.9 28581.5 20135.8 43590.3 35965 21447.6 44482.8
threshold=-232.94904927200471 26.137459797765516 16.073873004145863 13.290757052927647 79.866679931241805 82.970999569640398 103.88918440576042 -18.721830415541955 -21.13096206829805 34.902865988778494 25.969278880121212 4.6960509284352225 31.442429893812271 10.572078449260559
decision_type=2 2 2 2 2 2 2 2 2 2 2 2 2 2
left_child=1 -1 3 4 5 9 7 -7 -8 12 -11 -12 -2 -14
right_child=2 -3 -4 -5 -6 6 8 -9 -10 10 11 -13 13 -15
leaf_value=-0.036133769222141537 -0.0049243003954698205 1.4975461356558584 -0.72000081338733435 0.57026941474603154 0.6343314450442421 -0.13488908097147939 -0.41887886963491361 -1.1290259434657914 0.23254002684201949 -0.65722380199469621 -0.32967895519215124 0.42584167893443786 -0.30830163882113992 0.38553138095643041
leaf_weight=184 3393 100 170 137 151 110 117 133 107 118 105 102 102 328
leaf_count=184 3393 100 170 137 151 110 117 133 107 118 105 102 102 328
internal_value=0.00281872 0.536463 -0.0280527 -0.00264439 -0.0202725 -0.043016 -0.426893 -0.702124 -0.11107 0.00112529 -0.221921 0.0450746 0.0206163 0.217681
internal_weight=5357 284 5073 4903 4766 4615 467 243 224 4148 325 207 3823 430
internal_count=5357 284 5073 4903 4766 4615 467 243 224 4148 325 207 3823 430
is_linear=0
shrinkage=0.03


Tree=273
num_leaves=15
num_cat=1
split_feature=2 9 4 10 10 7 10 9 7 1 9 10 4 11
split_gain=86226.8 104899 70956.8 82545.5 227205 44081.8 54997.1 37789.6 59970.6 49369.5 82005.2 37467.4 81747.6 50720.6
threshold=19.789069207355393 -184.78456844760589 56.252795746629452 15.710006851368876 13.084599796528236 88.400815969989267 10.435349769147342 81.660132751933205 48.105214841095396 4.5854032404849656 -55.616471790874066 7.3061048788686653 -20.32935567502739 0
decision_type=2 2 2 2 2 2 2 2 2 2 2 2 2 1
left_child=2 -2 3 4 5 11 -7 8 -3 -10 -11 -1 -13 -14
right_child=1 7 -4 -5 -6 6 -8 -9 9 10 -12 12 13 -15
leaf_value=0.018548027597106692 1.1224738887433083 -0.21259723512304796 -0.72449102410866362 0.6636029915965912 -1.3317419689277123 0.057061946442747702 0.83717572234925763 -0.1718539606683562 0.92808901114376963 -0.39415556963840831 0.71468460948121171 -0.85923464565852592 0.43458226668337979 -0.31109654712573626
leaf_weight=3329 114 138 114 154 106 234 116 199 141 102 121 135 124 171
leaf_count=3329 114 138 114 154 106 234 116 199 141 102 121 135 124 171
internal_value=0.0350126 0.316878 -0.0168212 0.0032563 -0.0223838 0.0145449 0.331687 0.171924 0.308897 0.507005 0.212353 -0.0157858 -0.275974 0.010362
internal_weight=5298 815 4483 4369 4215 4109 350 701 502 364 223 3759 430 295
internal_count=5298 815 4483 4369 4215 4109 350 701 502 364 223 3759 430 295
cat_boundaries=0 1
cat_threshold=12
is_linear=0
shrinkage=0.03


Tree=274
num_leaves=15
num_cat=0
split_feature=10 2 10 0 8 1 2 7 5 6 6 7 8 5
split_gain=120782 153048 61069.7 32837.1 106864 53481.6 62740.2 48843 59493.8 63613.9 38809 25561 55934.6 39987.1
threshold=16.073873004145863 2.4666999062020367 14.100845422667424 -56.945081356666904 202.46731541549741 6.560159176954369 -2.1003591621395787 115.12314515861158 -67.751960384237137 -78.42081512960273 -33.382506125325754 90.49835519917967 106.19968773547532 21.394501227935432
decision_type=2 2 2 2 2 2 2 2 2 2 2 2 2 2
left_child=2 -2 3 4 5 6 10 8 -5 -10 -1 12 -11 -14
right_child=1 -3 -4 7 -6 -7 -8 -9 9 11 -12 -13 13 -15
leaf_value=0.52087829266944208 0.0067487200894611795 -1.4456337879361902 0.68178903367068311 -0.55126496587668994 -0.99943168943877814 0.45850940446195931 -0.55912268917728614 0.47881860449306057 0.54810412067336001 -0.050849810150028249 -0.21695479558861774 -0.38803468338236574 0.55871148676986238 0.0025147115252091494
leaf_weight=111 139 113 101 171 119 135 217 175 175 3109 128 154 241 217
leaf_count=111 139 113 101 171 119 135 217 175 175 3109 128 154 241 217
internal_value=-0.0467799 -0.674837 -0.0141868 -0.0297272 -0.217052 -0.0455083 -0.201361 0.00206278 -0.0195758 0.00511225 0.132878 -0.0218255 -0.00497432 0.300871
internal_weight=5305 252 5053 4952 710 591 456 4242 4067 3896 239 3721 3567 458
internal_count=5305 252 5053 4952 710 591 456 4242 4067 3896 239 3721 3567 458
is_linear=0
shrinkage=0.03


Tree=275
num_leaves=15
num_cat=0
split_feature=6 9 4 7 7 1 10 6 4 6 6 3 10 2
split_gain=56351.6 89237.8 50536.3 79702.6 68827.8 27189 83399.8 26923.9 37004.6 25036.6 58966.6 37344.1 84147.8 66318.9
threshold=127.18409936272798 -320.28667873407778 -78.793034716256059 165.83090825976498 117.2980354120014 15.142883135781249 6.7385970736025973 -127.23796127899463 -56.732053336148041 75.130397394600308 58.06705272963822 8.8864368607979518 6.5833694058985301 -3.4672138713567668
decision_type=2 2 2 2 2 2 2 2 2 2 2 2 2 2
left_child=1 -1 -3 4 5 7 -7 -4 -9 10 11 12 -10 -14
right_child=-2 2 3 -5 -6 6 -8 8 9 -11 -12 -13 13 -15
leaf_value=-0.83240526226292477 0.52407089419065311 0.61090626182094698 0.47248180175466198 -0.74413204597206561 0.64336515894999691 0.22233748261816799 -0.9006468485844763 -0.53201520709615002 0.012396733412996389 0.29804924360929791 -0.48285421864890032 -0.11275468503174109 0.7734136866950071 0.010758964881300927
leaf_weight=105 177 114 102 117 143 118 104 104 2152 255 208 1204 250 170
leaf_count=105 177 114 102 117 143 118 104 104 2152 255 208 1204 250 170
internal_value=0.012502 -0.00607601 0.0127497 -0.00229971 0.0172513 -0.00326786 -0.31989 0.013228 0.0013813 0.015689 -0.00308475 0.0245488 0.0890108 0.472149
internal_weight=5323 5146 5041 4927 4810 4667 222 4445 4343 4239 3984 3776 2572 420
internal_count=5323 5146 5041 4927 4810 4667 222 4445 4343 4239 3984 3776 2572 420
is_linear=0
shrinkage=0.03


Tree=276
num_leaves=15
num_cat=0
split_feature=10 7 4 7 7 7 8 8 7 2 6 7 5 5
split_gain=104989 218629 149843 64728.2 31654.5 43456.8 35974 32019.5 26016.1 29987.7 30032.8 34858 27166.9 25628.7
threshold=14.458445634959268 165.83090825976498 -18.496505441797456 153.38056441203312 38.116160679773529 40.695370116389903 58.225876444101132 53.06536590457582 25.750297812568572 17.743021906140342 6.7701416161343415 32.62429227187414 18.998227038391956 84.254303678643168
decision_type=2 2 2 2 2 2 2 2 2 2 2 2 2 2
left_child=3 2 -2 4 8 -6 7 -7 -1 10 -10 -12 -13 -8
right_child=1 -3 -4 -5 5 6 13 -9 9 -11 11 12 -14 -15
leaf_value=0.05779422414178649 0.8119405411865751 -1.5014746175533116 -0.68762413956102775 0.69420309066532115 0.44825598761127583 0.023614238791578396 -0.028493878411281866 0.72174160888372374 -0.087526007990268148 0.29960663452473557 -0.16141019427841838 -1.0125146598388661 -0.30354877166641059 0.38884246825320379
leaf_weight=638 108 119 112 114 229 117 2441 111 650 100 263 103 107 130
leaf_count=638 108 119 112 114 229 117 2441 111 650 100 263 103 107 130
internal_value=-0.017747 -0.520835 0.051821 0.0173129 0.00014457 0.0599284 0.0266747 0.379537 -0.096929 -0.177457 -0.222208 -0.401645 -0.681497 -0.00596689
internal_weight=5342 339 220 5003 4889 3028 2799 228 1861 1223 1123 473 210 2571
internal_count=5342 339 220 5003 4889 3028 2799 228 1861 1223 1123 473 210 2571
is_linear=0
shrinkage=0.03


Tree=277
num_leaves=15
num_cat=1
split_feature=10 2 0 8 7 1 11 1 0 5 6 2 6 10
split_gain=52038.8 226389 31594.4 74609.5 73607.1 57866 75008 51762 47953.1 53613.1 41426.6 43008.5 34552.5 34500.6
threshold=15.710006851368876 2.7882414755769758 -56.945081356666904 250.56358313139998 117.2980354120014 6.6776119396154341 0 -4.6430333442981313 -50.631070086403234 -67.751960384237137 -78.42081512960273 35.827131935095764 -51.983141883257659 3.9206535426799625
decision_type=2 2 2 2 2 2 1 2 2 2 2 2 2 2
left_child=2 -2 3 5 8 6 -1 -8 -4 -10 -11 12 13 -12
right_child=1 -3 4 -5 -6 -7 7 -9 9 10 11 -13 -14 -15
leaf_value=-0.87366959908458053 1.1848373568911523 -0.53446652113460003 0.60483038361008101 -0.91215956204646342 0.57206317624813174 0.42526927987458524 0.33657175826657676 -0.34873097317559376 -0.5178198054963381 0.44284419658401325 0.088187592951815663 -0.58554468867157683 0.021588064181636384 -0.58457661536080496
leaf_weight=102 142 118 101 101 195 152 184 193 181 169 109 109 3290 165
leaf_count=102 142 118 101 101 195 152 184 193 181 169 109 109 3290 165
internal_value=0.00785025 0.413643 -0.0138139 -0.194665 0.0172162 -0.0673815 -0.229213 -0.0138475 -0.0103396 -0.0272453 -0.00284961 -0.0245033 -0.00575433 -0.323263
internal_weight=5311 260 5051 732 4319 631 479 377 4124 4023 3842 3673 3564 274
internal_count=5311 260 5051 732 4319 631 479 377 4124 4023 3842 3673 3564 274
cat_boundaries=0 1
cat_threshold=16
is_linear=0
shrinkage=0.03


Tree=278
num_leaves=15
num_cat=0
split_feature=10 9 1 10 10 6 9 10 10 10 10 9 10 10
split_gain=78734.1 113616 48529.2 107367 84201.7 69773.4 24742.4 41140.3 68618.3 32420.8 38539.6 26798.8 54122.2 30200.2
threshold=18.334109265793188 -289.45200208684395 16.665814082408463 11.970619158346079 7.3061048788686653 -28.502434657682198 204.94427829455867 9.3971293418906434 8.0917091905427867 7.1124421308200434 7.5447210101211573 -119.27199807033891 5.1193772211465518 4.7226936775265722
decision_type=2 2 2 2 2 2 2 2 2 2 2 2 2 2
left_child=1 -1 3 6 -4 -5 7 8 9 11 -11 12 -3 -13
right_child=-2 2 4 5 -6 -7 -8 -9 -10 10 -12 13 -14 -15
leaf_value=-0.80694466260639397 0.65410260506895146 0.23459219788832048 0.2047654143050939 0.071830960434416058 -0.92286730692271268 1.0040401904559448 0.4100146664867938 -0.37858643636804945 0.52623724939475247 -0.71808286949992184 0.054721806898713116 -0.0085619849149613791 -0.58998893475702829 0.19396976739351104
leaf_weight=138 168 114 109 128 114 161 132 225 226 110 110 2541 165 886
leaf_count=138 168 114 109 128 114 161 132 225 226 110 110 2541 165 886
internal_value=0.03376 0.0123325 0.0364092 0.0568309 -0.38656 0.60737 0.0202787 0.00761739 0.0294054 -0.000459012 -0.346101 0.0209356 -0.256604 0.0442116
internal_weight=5327 5159 5021 4798 223 289 4509 4377 4152 3926 220 3706 279 3427
internal_count=5327 5159 5021 4798 223 289 4509 4377 4152 3926 220 3706 279 3427
is_linear=0
shrinkage=0.03


Tree=279
num_leaves=15
num_cat=1
split_feature=3 9 7 4 10 5 0 3 10 3 11 7 3 3
split_gain=62770 79444 76851.6 269474 68100.7 45763.7 35804.3 100181 46270.9 33490 47028.2 43687.9 23224.6 22276.1
threshold=-60.43301526327901 -320.28667873407778 122.51994680971393 -1.0000000180025095e-35 14.458445634959268 84.254303678643168 91.358221158763925 0.7717795825507614 10.727301652789047 36.533544231296624 0 90.49835519917967 29.102090019082834 9.1278382681425576
decision_type=2 2 2 2 2 2 2 2 2 2 1 2 2 2
left_child=-1 -2 4 -4 5 6 8 -8 9 11 -11 12 13 -3
right_child=1 2 3 -5 -6 -7 7 -9 -10 10 -12 -13 -14 -15
leaf_value=-0.55036536214585152 0.78251775975290094 0.017706409541822968 0.7170271218656139 -1.152334597271341 0.71638170477747909 0.55875623418331144 -0.75365209019474866 0.21123433142741097 0.50604179661485216 0.14300591588951647 -0.68188201632095025 0.58042452092792673 0.32387942736830033 -0.14974688792935834
leaf_weight=184 104 2490 100 183 110 115 195 177 148 100 133 105 165 992
leaf_count=184 104 2490 100 183 110 115 195 177 148 100 133 105 165 992
internal_value=-0.0206824 -0.000599447 -0.0183716 -0.489855 0.0108116 -0.00749862 -0.0231591 -0.301042 0.00251864 -0.0174017 -0.358713 0.00469095 -0.0134267 -0.0302922
internal_weight=5301 5117 5013 283 4730 4620 4505 372 4133 3985 233 3752 3647 3482
internal_count=5301 5117 5013 283 4730 4620 4505 372 4133 3985 233 3752 3647 3482
cat_boundaries=0 1
cat_threshold=17
is_linear=0
shrinkage=0.03


Tree=280
num_leaves=15
num_cat=0
split_feature=1 7 5 8 8 2 5 10 3 7 4 3 1 4
split_gain=108486 75539.8 67890.8 73227.9 55338.2 45455.9 115323 50921.1 67507.4 60506.4 83182 58674.5 53988.3 30233.2
threshold=17.275818105972451 103.88918440576042 102.04503770927987 349.80412339871037 274.51651020274687 25.477720787986726 16.73932438277312 9.8323869799418908 11.726346509528186 69.007045849924978 -44.453145696591541 -20.293130108174733 -2.2041003034535471 34.398368183035288
decision_type=2 2 2 2 2 2 2 2 2 2 2 2 2 2
left_child=2 -2 3 4 5 7 -7 9 11 13 -11 -9 -12 -1
right_child=1 -3 -4 -5 -6 6 -8 8 -10 10 12 -13 -14 -15
leaf_value=-0.07107357994871373 0.11393474759941455 1.1549198506248963 -0.7713864508867263 0.52724801300083779 -0.67310869267627371 1.0384943331588627 -0.11264126901514827 -0.23427167131914106 0.24474508588820432 -0.19722593833242305 0.084753582069118094 -1.0881360568040914 0.93021168281519129 -0.48310045302310994
leaf_weight=3291 150 101 110 181 124 108 228 169 103 199 116 127 162 159
leaf_count=3291 150 101 110 181 124 108 228 169 103 199 116 127 162 159
internal_value=-0.0356042 0.561018 -0.0661452 -0.0490083 -0.0718554 -0.0544568 0.276687 -0.0807555 -0.399396 -0.047448 0.265822 -0.624213 0.592623 -0.091404
internal_weight=5328 251 5077 4967 4786 4662 336 4326 399 3927 477 296 278 3450
internal_count=5328 251 5077 4967 4786 4662 336 4326 399 3927 477 296 278 3450
is_linear=0
shrinkage=0.03


Tree=281
num_leaves=15
num_cat=0
split_feature=4 10 2 0 7 1 10 4 8 8 10 0 0 10
split_gain=84775.2 174205 84123.1 59869.2 37965.3 91237.6 75357.2 71771.2 29999.1 45624.7 58437.8 44476.1 76633.8 71756.5
threshold=66.57755047830949 15.710006851368876 -46.534430623883729 47.335412450723354 88.400815969989267 -6.6646580719698125 10.876266870373639 -27.608028588923037 83.503081616936711 96.859295366978372 4.8122286832913561 26.928140471028232 -16.820383723168128 6.2009258187212968
decision_type=2 2 2 2 2 2 2 2 2 2 2 2 2 2
left_child=1 2 -1 -3 6 -6 8 -7 -4 10 -10 12 -11 -14
right_child=-2 3 4 -5 5 7 -8 -9 9 11 -12 -13 13 -15
leaf_value=-0.86230367798554264 -0.65743509406895972 0.2744913454319155 0.01433409448052783 1.2583944634461806 0.8538224410590991 0.43185572941348233 -0.81358690826569569 -0.41671326207015119 -0.044470680506229397 0.1005131794832462 -0.69325881744650275 0.22197402523287871 -0.14906991872871131 -1.1463521947480935
leaf_weight=104 184 119 2732 108 132 149 108 196 240 353 254 371 161 103
leaf_count=104 184 119 2732 108 132 149 108 196 240 353 254 371 161 103
internal_value=-0.0418271 -0.0185108 -0.0567973 0.775949 -0.0375842 0.213686 -0.065745 -0.0483884 -0.044698 -0.152888 -0.385194 -0.0340384 -0.189063 -0.565798
internal_weight=5314 5130 4903 227 4799 477 4322 345 4214 1482 494 988 617 264
internal_count=5314 5130 4903 227 4799 477 4322 345 4214 1482 494 988 617 264
is_linear=0
shrinkage=0.03


Tree=282
num_leaves=15
num_cat=0
split_feature=7 4 7 8 6 10 0 7 8 0 6 0 0 7
split_gain=78733.5 42150.3 52476.6 71811.2 63039.6 101155 69084.1 68487.8 84066.8 45289.3 34898.4 21895.2 20065.2 17794.6
threshold=199.90558382845225 -78.793034716256059 142.88643679116208 267.54557649112297 58.06705272963822 9.9962857727257184 26.137459797765516 105.20001245854145 164.49953371558493 -60.096356418318329 51.492305279737231 -123.93356507137933 137.45382998112007 47.169546826737069
decision_type=2 2 2 2 2 2 2 2 2 2 2 2 2 2
left_child=1 -1 3 4 7 6 9 8 10 -6 11 -3 13 -13
right_child=-2 2 -4 -5 5 -7 -8 -9 -10 -11 -12 12 -14 -15
leaf_value=0.52328266833509718 0.62823030866171625 -0.42011799024684088 -0.64433249473571774 0.55193345335777844 0.11380226077231687 -1.1207461357527766 0.30941974328989957 0.65490173087641601 -0.6689830107740018 -0.63391373756150493 0.52137398628325293 -0.02816170666544578 -0.39146194957398078 0.1154925368875265
leaf_weight=116 165 102 113 182 103 106 189 130 162 219 106 2400 101 1135
leaf_count=116 165 102 113 182 103 106 189 130 162 219 106 2400 101 1135
internal_value=0.00240081 -0.0187712 -0.0322372 -0.016947 -0.0398434 -0.320157 -0.135762 0.00264455 -0.0201001 -0.398514 0.00891104 -0.00697339 0.00573696 0.0181578
internal_weight=5329 5164 5048 4935 4753 617 511 4136 4006 322 3844 3738 3636 3535
internal_count=5329 5164 5048 4935 4753 617 511 4136 4006 322 3844 3738 3636 3535
is_linear=0
shrinkage=0.03


Tree=283
num_leaves=15
num_cat=0
split_feature=8 0 3 8 5 10 10 10 2 3 10 4 7 9
split_gain=88868.2 65243.5 82895.2 121677 104345 81523.1 78452.7 30358.8 31773.9 85501.2 27272.2 25649.1 31082.6 38325.5
threshold=396.61857457889664 -148.04839630599784 43.425266878033021 166.52715518402582 69.772608840870902 15.710006851368876 11.790190660754002 8.5502488550597509 5.0630353584409589 -14.873212691737768 7.9091072365495494 35.999591571416694 38.116160679773529 -1.360945927229998
decision_type=2 2 2 2 2 2 2 2 2 2 2 2 2 2
left_child=1 -1 4 -4 5 6 7 10 9 -9 11 12 -3 -14
right_child=-2 2 3 -5 -6 -7 -8 8 -10 -11 -12 -13 13 -15
leaf_value=-0.54691921838183899 -0.68490401698697001 -0.076135460615081585 -0.0054924808065969864 1.2547227011763531 -0.81540967685923182 0.7069536835584842 -0.65141525539547895 0.55529707731084621 0.66511474207229915 -0.54719334884311832 -0.47929919213448696 -0.32872236220060658 -0.046103502018599987 0.23537931340838286
leaf_weight=191 176 1798 172 105 136 132 162 131 110 105 104 202 826 904
leaf_count=191 176 1798 172 105 136 132 162 131 110 105 104 202 826 904
internal_value=-0.040832 -0.0172067 0.00457078 0.49928 -0.0261711 -0.000414937 -0.0234945 0.00233781 0.267369 0.0624783 -0.0222133 -0.00822136 0.0110066 0.101491
internal_weight=5254 5078 4887 277 4610 4474 4342 4180 346 236 3834 3730 3528 1730
internal_count=5254 5078 4887 277 4610 4474 4342 4180 346 236 3834 3730 3528 1730
is_linear=0
shrinkage=0.03


Tree=284
num_leaves=15
num_cat=0
split_feature=9 0 4 8 7 7 7 4 10 4 9 7 2 10
split_gain=65480.4 145263 181343 151077 69261.3 106652 82051.1 68645.2 65150.2 37140 28524.2 23719.7 26936.9 23892.7
threshold=-145.62275452729037 29.968171246107101 13.608337820578287 164.49953371558493 165.83090825976498 129.78179131927055 93.669367588426311 34.398368183035288 11.214591373368988 -30.971767688991154 -121.75809714173343 83.936717472784622 -30.86995956842517 8.9256297675202667
decision_type=2 2 2 2 2 2 2 2 2 2 2 2 2 2
left_child=1 2 9 -3 5 6 8 -8 10 -1 -2 12 -12 -14
right_child=4 3 -4 -5 -6 -7 7 -9 -10 -11 11 -13 13 -15
leaf_value=-0.97475806269049647 -0.4494349694397391 0.18972401796219249 0.70756365579228064 1.6988917557362999 -0.63483884756026732 0.9160843720875288 -0.79565915720314495 0.13333018491579138 0.67042086527082656 -0.21359315195862127 0.43483841419100761 0.43901268762868378 0.0018350202058258873 -0.40620269174006446
leaf_weight=100 113 134 162 102 145 104 199 105 125 137 115 105 3569 124
leaf_count=100 113 134 162 102 145 104 199 105 125 137 115 105 3569 124
internal_value=0.02766 0.311125 -0.0413707 0.884537 -0.0111842 0.00999733 -0.0131592 -0.480764 0.0221591 -0.561221 0.0004205 0.014524 0.00170015 -0.0129256
internal_weight=5339 635 399 236 4704 4559 4455 304 4151 237 4026 3913 3808 3693
internal_count=5339 635 399 236 4704 4559 4455 304 4151 237 4026 3913 3808 3693
is_linear=0
shrinkage=0.03


Tree=285
num_leaves=15
num_cat=1
split_feature=4 9 8 5 8 10 10 11 8 10 9 10 4 10
split_gain=63447 76665.9 95135.4 77416.5 143277 185687 110333 74223.5 53907.5 21607.2 74225.8 34602.2 25540.7 27679.3
threshold=82.068407584568078 -196.88121343946946 181.13175529705254 -98.019547187485685 178.65073150636888 12.612624673279329 9.8323869799418908 0 127.618250552918 7.5447210101211573 31.433328367597898 7.0463487188265645 47.188389000106206 5.4477213599846737
decision_type=2 2 2 2 2 2 2 1 2 2 2 2 2 2
left_child=1 2 -1 -3 6 7 9 -6 -8 11 -11 12 13 -5
right_child=-2 3 -4 4 5 -7 8 -9 -10 10 -12 -13 -14 -15
leaf_value=0.059319238248078721 0.67260662803726812 -0.70224268271722867 -0.91857054096001844 -0.0040188802207836239 0.5775327782748888 1.3144650390538675 -0.15927573193763864 -0.36044504808169658 -1.1109821583483463 0.65344422834075011 -0.2465926518173594 -0.51088990534174028 -0.37769354562450952 0.23136591124821926
leaf_weight=174 114 121 172 2994 115 164 106 154 107 174 142 106 133 519
leaf_count=174 114 121 172 2994 115 164 106 154 107 174 142 106 133 519
internal_value=0.00196945 -0.0140542 -0.438947 0.017195 0.0371091 0.550714 -0.0160016 0.0546577 -0.665744 0.0195679 0.253839 -0.000785102 0.015402 0.0313142
internal_weight=5295 5181 346 4835 4714 433 4281 269 213 4068 316 3752 3646 3513
internal_count=5295 5181 346 4835 4714 433 4281 269 213 4068 316 3752 3646 3513
cat_boundaries=0 1
cat_threshold=24
is_linear=0
shrinkage=0.03


Tree=286
num_leaves=15
num_cat=0
split_feature=6 3 9 3 9 2 9 0 9 2 6 3 0 4
split_gain=34558.6 126286 118590 90434.9 54919 40522.7 51519.2 181068 89620.1 59688.6 58731.2 38123.7 37301.2 37053.6
threshold=72.06924533380824 47.983294650937552 -119.27199807033891 51.199590956443437 75.89424443753596 29.912227677877734 -184.78456844760589 31.358574538381813 -145.62275452729037 16.473556089041764 -10.381263027717788 16.935095248377877 4.4609252450068455 -71.193925506606533
decision_type=2 2 2 2 2 2 2 2 2 2 2 2 2 2
left_child=3 2 -2 5 12 6 7 -1 -8 13 -11 -12 -4 -10
right_child=1 -3 4 -5 -6 -7 8 -9 9 10 11 -13 -14 -15
leaf_value=-1.0061326841440763 -0.90875437020450023 0.91795826000070613 0.89014904431394626 -0.81534532059070663 -0.31791512946824768 0.4503049224722816 0.732251558229841 0.53317030301219537 -0.50695571146091489 -0.95306139967731529 -0.54169856899628677 0.097315315085366297 0.084134511093835559 0.031322802823539407
leaf_weight=168 101 154 101 119 101 156 135 104 109 101 127 211 101 3504
leaf_count=168 101 154 101 119 101 156 135 104 109 101 127 211 101 3504
internal_value=-0.00542957 0.215722 -0.0676687 -0.0318967 0.23277 -0.00997586 -0.0270506 -0.41954 -0.000614429 -0.0267738 -0.352997 -0.151454 0.51012 0.0137291
internal_weight=5292 558 404 4734 303 4615 4459 272 4187 4052 439 338 202 3613
internal_count=5292 558 404 4734 303 4615 4459 272 4187 4052 439 338 202 3613
is_linear=0
shrinkage=0.03


Tree=287
num_leaves=15
num_cat=0
split_feature=3 9 10 9 9 10 6 6 10 10 0 1 8 9
split_gain=92096.9 206331 84831.1 112361 57226.1 53884.3 61760.3 43183.4 45037.8 64582.5 49372.9 62624.3 28690.6 21189.4
threshold=-51.617265913064777 -32.575816255874507 16.073873004145863 204.94427829455867 151.43026241103371 11.970619158346079 113.30019008877123 -110.27375704726715 7.6750363907532444 7.1124421308200434 -32.484548383629196 1.7274146968759518 126.35711073977458 -17.176264505550911
decision_type=2 2 2 2 2 2 2 2 2 2 2 2 2 2
left_child=1 -1 3 4 5 6 7 -2 9 12 -10 -12 -9 -14
right_child=2 -3 -4 -5 -6 -7 -8 8 10 -11 11 -13 13 -15
leaf_value=1.3405638873452941 -0.55616730330884456 -0.26952708312443319 -0.62557615025685376 0.77256804943084711 -0.52759625458812465 0.51086448322554112 -0.66913837120646524 -0.012173135591624192 0.74939017686843867 -0.67815638743634288 0.45478629465553572 -0.39251514828121153 0.055478127858692543 0.63219592523735924
leaf_weight=134 110 137 185 159 178 173 116 3342 140 117 166 132 123 101
leaf_count=134 110 137 185 159 178 173 116 3342 140 117 166 132 123 101
internal_value=0.0173928 0.545981 -0.0120425 0.0125639 -0.0147442 0.00657231 -0.0146237 0.00485636 0.0211416 -0.0133707 0.305165 0.0789131 0.0102763 0.33142
internal_weight=5313 271 5042 4857 4698 4520 4347 4231 4121 3683 438 298 3566 224
internal_count=5313 271 5042 4857 4698 4520 4347 4231 4121 3683 438 298 3566 224
is_linear=0
shrinkage=0.03


Tree=288
num_leaves=15
num_cat=1
split_feature=10 11 2 4 3 4 8 10 10 0 8 7 1 3
split_gain=52704 113645 62471.9 47926.1 50595.1 56326.1 41940.3 76975.7 164474 39931.1 30045.6 25434.5 36571 35841.5
threshold=15.710006851368876 0 -46.534430623883729 63.821523786626578 36.533544231296624 30.305099713069627 326.69056479415065 11.5611000505543 10.108503846711836 -2.0269577125712588 192.69410526124523 72.449597737864579 -3.9286850503698623 -18.408583635042991
decision_type=2 1 2 2 2 2 2 2 2 2 2 2 2 2
left_child=2 -2 -1 4 6 -6 7 8 10 -7 11 -4 -13 -14
right_child=1 -3 3 -5 5 9 -8 -9 -10 -11 -12 12 13 -15
leaf_value=-0.69943360684281686 1.0650818405533209 -0.13254447714666301 -0.026693447048583244 0.49105642784473502 -0.9297760945840462 -0.48857065615111162 0.54700300931930546 -0.66918558994928989 1.0705258101224899 0.30640368927141715 -0.48116948809780058 0.62343151916987694 -0.35664569886719305 0.38690266453761707
leaf_weight=108 108 158 3631 162 101 102 116 143 119 106 112 127 113 101
leaf_count=108 108 158 3631 162 101 102 116 143 119 106 112 127 113 101
internal_value=0.00479858 0.408469 -0.0172686 -0.000948885 -0.0186472 -0.383643 0.00743072 -0.0081938 0.0158303 -0.0879683 -0.0174413 -0.00318984 0.240709 -0.00411261
internal_weight=5307 266 5041 4933 4771 309 4462 4346 4203 208 4084 3972 341 214
internal_count=5307 266 5041 4933 4771 309 4462 4346 4203 208 4084 3972 341 214
cat_boundaries=0 1
cat_threshold=17
is_linear=0
shrinkage=0.03


Tree=289
num_leaves=15
num_cat=0
split_feature=6 10 0 8 9 2 0 2 2 0 10 8 10 9
split_gain=62206.9 109350 276443 168274 33140.4 25520.7 39049.4 28644.6 27718.8 23086.1 23372.6 31423 43725.7 36749.3
threshold=122.30864716830938 11.790190660754002 63.335204676601357 267.54557649112297 212.70043667195492 -30.86995956842517 142.39150417551369 38.679637800690962 29.242004795569247 101.14139741616542 9.5270635579311325 100.25016515748645 4.4418728427758447 24.263446361148237
decision_type=2 2 2 2 2 2 2 2 2 2 2 2 2 2
left_child=1 4 3 -3 5 -1 7 8 9 10 11 -7 -13 -14
right_child=-2 2 -4 -5 -6 6 -8 -9 -10 -11 -12 12 13 -15
leaf_value=0.29250350633754002 0.4910251611122271 -0.40900977135033895 0.42958381733141443 -1.8963768593857928 0.49849330229274291 -0.058856548227930398 -0.58524099527705797 -0.4818119826442317 0.40342512339756292 0.34442015561365313 -0.40676157220148701 -0.24357605112696945 0.097665612507950167 0.59009792410755812
leaf_weight=227 195 171 180 113 108 2962 100 104 138 145 132 180 375 209
leaf_count=227 195 171 180 113 108 2962 100 104 138 145 132 180 375 209
internal_value=-0.0215364 -0.0418817 -0.476085 -1.04519 0.00209082 -0.0106976 -0.0271733 -0.0126823 0.000232111 -0.0146383 -0.0289888 -0.0145526 0.155754 0.280863
internal_weight=5339 5144 464 284 4680 4572 4345 4245 4141 4003 3858 3726 764 584
internal_count=5339 5144 464 284 4680 4572 4345 4245 4141 4003 3858 3726 764 584
is_linear=0
shrinkage=0.03


Tree=290
num_leaves=15
num_cat=0
split_feature=10 10 4 8 4 0 5 3 4 10 6 9 9 0
split_gain=74340.2 123184 53847.9 46088.9 97558 57420.6 32282.1 30224 32492.6 60708.1 31575 79261 47049.3 50384.7
threshold=17.696249644594385 14.458445634959268 63.821523786626578 217.30976005018235 -17.013899087835402 147.57556711626222 -84.6881809825678 -25.344589497373637 -22.079475665909943 5.1762555449470513 -33.382506125325754 -45.459151953989803 -4.0953518204234598 -2.0269577125712588
decision_type=2 2 2 2 2 2 2 2 2 2 2 2 2 2
left_child=1 2 3 5 -5 6 -1 8 9 -8 11 -9 -13 -14
right_child=-2 -3 -4 4 -6 -7 7 10 -10 -11 -12 12 13 -15
leaf_value=0.50298669845629962 0.58240997638772507 -0.84003738139189921 0.54419828853855245 0.22657381955458192 -0.84038834736375745 0.66096496488366796 0.016330001397956428 0.73191719178958792 0.17762186422845386 -0.70090306958130422 -0.012471907595618045 -0.47159013518646581 -0.18206797225733062 0.50403843498733991
leaf_weight=107 194 143 163 137 157 116 214 181 141 200 3042 124 175 194
leaf_count=107 194 143 163 137 157 116 214 181 141 200 3042 124 175 194
internal_value=0.0208558 -0.00162962 0.0242306 0.00543181 -0.3521 0.0295516 0.0113534 -0.00210949 -0.206568 -0.338518 0.0288997 0.213077 0.0118254 0.182431
internal_weight=5288 5094 4951 4788 294 4494 4378 4271 555 414 3716 674 493 369
internal_count=5288 5094 4951 4788 294 4494 4378 4271 555 414 3716 674 493 369
is_linear=0
shrinkage=0.03


Tree=291
num_leaves=15
num_cat=0
split_feature=10 4 2 10 9 6 8 10 7 10 5 10 9 4
split_gain=85613.1 79303.6 48568.7 167800 96080.5 59494.3 115920 93444.1 81213.2 81388.5 61010.4 72312.6 60908.3 61183.8
threshold=17.006829569385904 -17.013899087835402 33.640582800895324 7.5447210101211573 -289.45200208684395 -51.983141883257659 267.54557649112297 11.5611000505543 108.49074395515009 5.4477213599846737 -53.061771292904801 5.4059473615665965 -162.49751195383274 14.623627247290118
decision_type=2 2 2 2 2 2 2 2 2 2 2 2 2 2
left_child=2 -2 4 -4 -1 7 8 10 9 -7 -6 -12 -11 -14
right_child=1 -3 3 -5 5 6 -8 -9 -10 12 11 -13 13 -15
leaf_value=-0.86332802167305578 0.011657493365438362 -1.1212778705408593 -0.50140382431256469 0.97853071156997495 0.22202893002235119 -0.036376262951405967 0.86740099830847028 -1.0401516542380507 -0.74573205408593646 0.89786789219445129 0.038967433730750366 -0.75152253213872766 -0.0066899652410667013 0.51896464765259898
leaf_weight=107 104 109 107 162 300 2733 142 100 110 117 219 187 536 307
leaf_count=107 104 109 107 162 300 2733 142 100 110 117 219 187 536 307
internal_value=-0.0169567 -0.592391 0.00805623 0.392986 -0.0140218 0.00687906 0.0549849 -0.226365 0.0224549 0.0472882 -0.0981808 -0.334438 0.28339 0.18858
internal_weight=5340 213 5127 269 4858 4751 3945 806 3803 3693 706 406 960 843
internal_count=5340 213 5127 269 4858 4751 3945 806 3803 3693 706 406 960 843
is_linear=0
shrinkage=0.03


Tree=292
num_leaves=15
num_cat=0
split_feature=2 3 8 6 6 9 10 0 7 2 3 6 9 6
split_gain=38730.5 88429.5 82358.6 124995 121398 131694 81938.2 53090.1 124696 93950 64341.2 44385 44065.6 50487.8
threshold=-7.903296698861765 -27.511165438350144 133.98412833035448 -114.35942742976975 -13.034777469145858 -1.0000000180025095e-35 8.0917091905427867 -56.945081356666904 105.20001245854145 14.563854097854346 44.385447504650024 -52.983020337992606 168.44604571877639 -52.983020337992606
decision_type=2 2 2 2 2 2 2 2 2 2 2 2 2 2
left_child=2 -2 6 -4 -5 -6 11 8 9 -3 12 -1 13 -9
right_child=1 7 3 4 5 -7 -8 10 -10 -11 -12 -13 -14 -15
leaf_value=-0.30158575435510315 -0.69652079205763973 -0.43296829490594463 -0.29159146275138481 1.2336053793088044 -0.53289650226461482 0.87303421869277953 -0.75752440000191701 0.45483451671181963 -1.1226885146543013 0.50817076619649892 0.52651521610040608 0.17856943545537737 -0.56573340169243191 -0.0068024179795787877
leaf_weight=209 161 203 150 192 106 115 107 224 111 163 225 826 105 2398
leaf_count=209 161 203 150 192 106 115 107 224 111 163 225 826 105 2398
internal_value=0.0252436 -0.0307045 0.142538 0.436033 0.700949 0.204819 -0.00468193 0.00249165 -0.287791 -0.0114593 0.0502103 0.0796524 0.00913106 0.0342139
internal_weight=5295 3590 1705 563 413 221 1142 3429 477 366 2952 1035 2727 2622
internal_count=5295 3590 1705 563 413 221 1142 3429 477 366 2952 1035 2727 2622
is_linear=0
shrinkage=0.03


Tree=293
num_leaves=15
num_cat=0
split_feature=6 3 3 6 2 8 3 7 6 3 2 3 4 9
split_gain=51163.7 146615 78890.6 50696.9 58425.4 71812 149899 62789.1 65045.7 52224.3 40277.6 35297.1 113791 49985.8
threshold=117.79692356391097 41.303477664223344 55.479204157987674 90.004166226222978 33.640582800895324 287.73006933493207 -17.011628712722761 117.2980354120014 -89.372439141619552 -26.816857047102392 -36.126799371866262 -9.2933592559668003 -20.857753396899788 127.50023066094779
decision_type=2 2 2 2 2 2 2 2 2 2 2 2 2 2
left_child=2 -2 3 4 5 7 -7 8 9 -1 -10 13 -13 -12
right_child=1 -3 -4 -5 -6 6 -8 -9 10 -11 11 12 -14 -15
leaf_value=0.014228468121600751 -0.24325473939095224 1.2297792251367461 -0.7042718652248382 -0.55485776405705478 0.57993729130477656 0.22885876744750916 -1.2638314673006534 0.56750702816247944 0.58796086446658979 -0.86161423997270115 -0.059192593777337869 0.896781831658642 0.024149536187669796 -0.69357665448419514
leaf_weight=109 130 100 140 137 147 117 110 170 101 129 1163 132 2556 114
leaf_count=109 130 100 140 137 147 117 110 170 101 129 1163 132 2556 114
internal_value=-0.0063954 0.42175 -0.0263936 -0.00598411 0.0106368 -0.00835845 -0.517277 0.0185589 -0.00438879 -0.476094 0.0243224 0.00852184 0.0701671 -0.120774
internal_weight=5355 230 5125 4985 4848 4701 227 4474 4304 238 4066 3965 2688 1277
internal_count=5355 230 5125 4985 4848 4701 227 4474 4304 238 4066 3965 2688 1277
is_linear=0
shrinkage=0.03


Tree=294
num_leaves=15
num_cat=1
split_feature=10 8 11 10 10 8 10 5 4 6 8 4 5 10
split_gain=113760 79625 32438.8 110611 59821.1 114391 58083.1 34420.8 38265.7 31569.6 25911.9 33660.2 49841.9 34307.5
threshold=18.334109265793188 396.61857457889664 0 9.2387666633134913 11.790190660754002 230.69418936216107 6.5360820666931065 -10.598022605426166 20.590287339241993 13.913427795289032 236.50682446071377 34.398368183035288 33.730376289347859 5.4477213599846737
decision_type=2 2 1 2 2 2 2 2 2 2 2 2 2 2
left_child=1 2 3 6 10 -6 7 -1 9 -9 11 13 -13 -4
right_child=-2 -3 4 -5 5 -7 -8 8 -10 -11 -12 12 -14 -15
leaf_value=0.38109804529773511 0.76750286428192083 -0.72178656779544448 -0.053373956031940541 0.88142232784040409 0.065602308666264569 -1.1782541569685325 -0.52190976064205163 0.083717668340012832 0.36886948754912924 -0.47656656819057991 0.42598806707180659 -0.76670899318401198 -0.059281342630424803 0.16287391183929831
leaf_weight=281 160 132 2255 147 152 107 140 175 142 172 109 119 300 922
leaf_count=281 160 132 2255 147 152 107 140 175 142 172 109 119 300 922
internal_value=0.00392395 -0.0212257 -0.00141018 0.144677 -0.0408915 -0.472967 0.0189499 0.122718 -0.0304192 -0.199572 -0.00960528 -0.0239535 -0.273386 0.00969767
internal_weight=5313 5153 5021 1057 3964 259 910 770 489 347 3705 3596 419 3177
internal_count=5313 5153 5021 1057 3964 259 910 770 489 347 3705 3596 419 3177
cat_boundaries=0 1
cat_threshold=4
is_linear=0
shrinkage=0.03


Tree=295
num_leaves=15
num_cat=0
split_feature=10 9 10 5 0 3 5 8 9 9 0 7 3 9
split_gain=56988.7 99631.5 195493 44041.9 70813.9 64174.8 38081.9 43321.5 36332.2 34569.7 20995.9 65766.4 45010.7 40982
threshold=17.006829569385904 -289.45200208684395 13.552442845486132 -64.577484444928317 24.359832706758642 -42.200728725015246 88.917106551411777 195.3990202911335 -166.10380037311907 -119.27199807033891 24.359832706758642 51.443768972394984 -9.7983606712044882 -45.459151953989803
decision_type=2 2 2 2 2 2 2 2 2 2 2 2 2 2
left_child=1 -1 3 4 -3 -5 7 8 -7 -10 13 -12 -13 -11
right_child=-2 2 -4 5 -6 6 -8 -9 9 10 11 12 -14 -15
leaf_value=-0.76569708555293592 -0.48010575173852538 0.75051917988870098 1.0394144043360831 -0.60660194302820092 -0.17081944347752465 0.41356562229720029 0.52263703899120717 -0.4246792679173606 -0.39342126297198005 0.35037484807494496 0.050207376317992963 -0.92394725106264408 -0.18531733254223692 0.014885545261109447
leaf_weight=129 198 167 163 147 125 188 117 200 184 382 930 104 233 2004
leaf_count=129 198 167 163 147 125 188 117 200 184 382 930 104 233 2004
internal_value=0.00662438 0.0265287 0.0487035 0.0128279 0.363514 -0.0107408 0.0107798 -0.0045953 0.0172792 -0.00316206 0.0175155 -0.0807887 -0.43332 0.0698357
internal_weight=5271 5073 4944 4781 292 4489 4342 4225 4025 3837 3653 1267 337 2386
internal_count=5271 5073 4944 4781 292 4489 4342 4225 4025 3837 3653 1267 337 2386
is_linear=0
shrinkage=0.03


Tree=296
num_leaves=15
num_cat=1
split_feature=10 8 5 2 11 2 8 6 9 3 4 10 6 8
split_gain=57406.4 72893.1 112165 169389 147999 54745.4 44905.2 54274.4 32239.6 36588.8 42887.9 44989.7 41092.3 24320.9
threshold=21.792495212782878 185.4100506046849 -35.18120089084907 -6.3867173139799363 0 -24.655027057294273 171.7535373895345 97.421981723160457 -209.96051821268455 -42.200728725015246 -34.091216673406912 10.727301652789047 -34.271139947558872 126.35711073977458
decision_type=2 2 2 2 1 2 2 2 2 2 2 2 2 2
left_child=1 6 5 -4 -5 -3 7 8 -1 -10 12 13 -11 -12
right_child=-2 2 3 4 -6 -7 -8 -9 9 10 11 -13 -14 -15
leaf_value=0.46234028838362012 0.64192071567552211 -1.3146056400082613 0.75967152599930621 0.3634286914658546 -1.0370062561685387 -0.38855616125049969 0.60011567514193687 -0.63226381487771866 -0.391405720241913 0.055876970766112206 -0.010868636115730615 -0.60396060474821034 0.74855623386362025 0.30776064677860426
leaf_weight=130 107 104 149 105 145 141 104 110 195 182 3436 101 126 220
leaf_count=130 107 104 149 105 145 141 104 110 195 182 3436 101 126 220
internal_value=-0.0153713 -0.029968 -0.326341 -0.0119552 -0.483375 -0.817792 0.0121056 -0.00278451 0.0143894 -0.000331181 0.0193433 -0.00894823 0.353874 0.0090921
internal_weight=5355 5248 644 399 250 245 4604 4500 4390 4260 4065 3757 308 3656
internal_count=5355 5248 644 399 250 245 4604 4500 4390 4260 4065 3757 308 3656
cat_boundaries=0 1
cat_threshold=20
is_linear=0
shrinkage=0.03


Tree=297
num_leaves=15
num_cat=0
split_feature=9 10 3 2 6 0 3 6 4 10 6 0 7 9
split_gain=76538.8 91147.1 44710.1 68266.9 66856.4 81544.8 65484.4 60749.4 56314.4 64663.9 54016.1 67986.8 83102.3 63588.6
threshold=-320.28667873407778 17.006829569385904 23.224676115070405 26.515521987632962 2.8808078561193207 -11.576085452598919 26.311346059647487 113.30019008877123 30.305099713069627 4.903456654375705 42.826249941175142 91.358221158763925 50.44219878279339 -42.824314259328808
decision_type=2 2 2 2 2 2 2 2 2 2 2 2 2 2
left_child=-1 2 3 10 5 -4 -6 8 -8 -10 11 -2 -13 -12
right_child=1 -3 4 -5 6 -7 7 -9 9 -11 13 12 -14 -15
leaf_value=0.69443440587000738 0.0077595533740542821 -0.68838942020648231 -0.04111210319612707 0.70797329400135922 -0.71723294247530012 -1.212889374180844 -0.27846649450433864 -0.57174928458155805 -0.036939533774195045 0.76276136940566475 -0.19540860762553555 0.15915649005174634 -0.85374135736475654 0.51671158060183131
leaf_weight=123 3254 175 102 120 104 104 147 101 164 192 158 115 177 350
leaf_count=123 3254 175 102 120 104 104 147 101 164 192 158 115 177 350
internal_value=-0.0163765 -0.0342741 -0.0104699 0.031261 -0.19932 -0.661453 -0.0575176 0.065907 0.202595 0.403416 0.00953731 -0.0321788 -0.462765 0.295729
internal_weight=5386 5263 5088 4174 914 206 708 604 503 356 4054 3546 292 508
internal_count=5386 5263 5088 4174 914 206 708 604 503 356 4054 3546 292 508
is_linear=0
shrinkage=0.03


Tree=298
num_leaves=15
num_cat=0
split_feature=6 7 3 4 9 3 10 4 0 5 6 4 7 0
split_gain=47318.1 48842.9 109869 165055 137708 38734.4 47752.1 56944.7 37270.2 47251.3 36969 30558.3 62497.1 35518.1
threshold=-153.6426472584746 110.28135648190774 55.479204157987674 -1.0000000180025095e-35 -158.4055869405486 -32.833565052493796 7.8183141721795044 -37.766433125607968 -101.75231016813417 -65.762899433468775 6.3049722029335733 -30.971767688991154 91.638340227183093 11.414803579273523
decision_type=2 2 2 2 2 2 2 2 2 2 2 2 2 2
left_child=-1 5 3 4 -3 6 7 -2 10 -10 -7 13 -13 -11
right_child=1 2 -4 -5 -6 8 -8 -9 9 11 -12 12 -14 -15
leaf_value=0.58362818124228055 0.45740266452595757 -0.84610546972534861 0.51519020712652863 -1.2538218324034935 0.51935650927679877 -0.019821631410082832 0.83818282759342433 -0.37325558622367677 -0.60458567326790402 -0.068752893093412953 0.7194918868758462 0.017625818024823877 -0.63744029401418034 0.66486107391781279
leaf_weight=125 168 100 119 148 158 112 107 118 104 103 122 3613 126 125
leaf_count=125 168 100 119 148 158 112 107 118 104 103 122 3613 126 125
internal_value=0.0290817 0.01472 -0.256942 -0.490201 -0.0217153 0.0455595 0.32682 0.113652 0.0191855 -0.00239381 0.379323 0.0148739 -0.00609057 0.344484
internal_weight=5348 5223 525 406 258 4698 393 286 4305 4071 234 3967 3739 228
internal_count=5348 5223 525 406 258 4698 393 286 4305 4071 234 3967 3739 228
is_linear=0
shrinkage=0.03


Tree=299
num_leaves=15
num_cat=1
split_feature=0 5 10 8 10 0 10 11 10 5 6 8 8 5
split_gain=58090.7 142271 167756 124256 81894.9 51245.1 139872 47218.8 46584.7 56405.4 49667.2 43882.5 30085.6 36003.7
threshold=68.393101792174988 -65.762899433468775 7.9876602994986579 164.49953371558493 16.073873004145863 24.359832706758642 8.4527208143473782 0 10.435349769147342 27.741834193423909 83.719266045480211 109.84045587997591 61.204457875990208 -1.0000000180025095e-35
decision_type=2 2 2 2 2 2 2 1 2 2 2 2 2 2
left_child=4 -2 7 -4 5 8 11 -3 10 -10 -1 12 -7 -14
right_child=1 2 3 -5 -6 6 -8 -9 9 -11 -12 -13 13 -15
leaf_value=0.041245566943275441 -0.75501875791570228 -0.35360072144675941 0.29659182695908981 1.5279227713158501 -0.69722745019197463 0.032416712386065749 -1.0746323489128276 0.24786849125758892 0.73908251533568914 -0.13761043149071769 -0.46127400850492811 0.39127135421178355 -0.59349990604682401 -0.040209492737521772
leaf_weight=2782 106 177 155 142 155 412 131 271 167 101 179 151 210 207
leaf_count=2782 106 177 155 142 155 412 131 271 167 101 179 151 210 207
internal_value=0.00194235 0.227724 0.375698 0.915902 -0.0412135 -0.0162355 -0.191029 0.00539386 0.0443099 0.415622 0.00941664 -0.0632534 -0.149721 -0.326219
internal_weight=5346 851 745 297 4495 4340 1111 448 3229 268 2961 980 829 417
internal_count=5346 851 745 297 4495 4340 1111 448 3229 268 2961 980 829 417
cat_boundaries=0 1
cat_threshold=9
is_linear=0
shrinkage=0.03


end of trees

feature_importances:
prev_rv=751
range60_bps=459
range15_bps=453
prev_oc_bps=373
ret15_bps=338
gap_bps=337
ret5_bps=304
ret60_bps=293
ret10_bps=287
ret30_bps=251
ret1_bps=223
dow=131

parameters:
[boosting: gbdt]
[objective: regression]
[metric: l2]
[tree_learner: serial]
[device_type: cpu]
[data_sample_strategy: bagging]
[data: ]
[valid: ]
[num_iterations: 300]
[learning_rate: 0.03]
[num_leaves: 15]
[num_threads: 0]
[seed: 7]
[deterministic: 0]
[force_col_wise: 0]
[force_row_wise: 0]
[histogram_pool_size: -1]
[max_depth: -1]
[min_data_in_leaf: 100]
[min_sum_hessian_in_leaf: 0.001]
[bagging_fraction: 0.8]
[pos_bagging_fraction: 1]
[neg_bagging_fraction: 1]
[bagging_freq: 1]
[bagging_seed: 17422]
[bagging_by_query: 0]
[feature_fraction: 0.8]
[feature_fraction_bynode: 1]
[feature_fraction_seed: 7040]
[extra_trees: 0]
[extra_seed: 6516]
[early_stopping_round: 0]
[early_stopping_min_delta: 0]
[first_metric_only: 0]
[max_delta_step: 0]
[lambda_l1: 0]
[lambda_l2: 10]
[linear_lambda: 0]
[min_gain_to_split: 0]
[drop_rate: 0.1]
[max_drop: 50]
[skip_drop: 0.5]
[xgboost_dart_mode: 0]
[uniform_drop: 0]
[drop_seed: 15215]
[top_rate: 0.2]
[other_rate: 0.1]
[min_data_per_group: 100]
[max_cat_threshold: 32]
[cat_l2: 10]
[cat_smooth: 10]
[max_cat_to_onehot: 4]
[top_k: 20]
[monotone_constraints: ]
[monotone_constraints_method: basic]
[monotone_penalty: 0]
[feature_contri: ]
[forcedsplits_filename: ]
[refit_decay_rate: 0.9]
[cegb_tradeoff: 1]
[cegb_penalty_split: 0]
[cegb_penalty_feature_lazy: ]
[cegb_penalty_feature_coupled: ]
[path_smooth: 0]
[interaction_constraints: ]
[verbosity: -1]
[saved_feature_importance_type: 0]
[use_quantized_grad: 0]
[num_grad_quant_bins: 4]
[quant_train_renew_leaf: 0]
[stochastic_rounding: 1]
[linear_tree: 0]
[max_bin: 255]
[max_bin_by_feature: ]
[min_data_in_bin: 3]
[bin_construct_sample_cnt: 200000]
[data_random_seed: 61]
[is_enable_sparse: 1]
[enable_bundle: 1]
[use_missing: 1]
[zero_as_missing: 0]
[feature_pre_filter: 1]
[pre_partition: 0]
[two_round: 0]
[header: 0]
[label_column: ]
[weight_column: ]
[group_column: ]
[ignore_column: ]
[categorical_feature: 11]
[forcedbins_filename: ]
[precise_float_parser: 0]
[parser_config_file: ]
[objective_seed: 15521]
[num_class: 1]
[is_unbalance: 0]
[scale_pos_weight: 1]
[sigmoid: 1]
[boost_from_average: 1]
[reg_sqrt: 0]
[alpha: 0.9]
[fair_c: 1]
[poisson_max_delta_step: 0.7]
[tweedie_variance_power: 1.5]
[lambdarank_truncation_level: 30]
[lambdarank_norm: 1]
[label_gain: ]
[lambdarank_position_bias_regularization: 0]
[eval_at: ]
[multi_error_top_k: 1]
[auc_mu_weights: ]
[num_machines: 1]
[local_listen_port: 12400]
[time_out: 120]
[machine_list_filename: ]
[machines: ]
[gpu_platform_id: -1]
[gpu_device_id: -1]
[gpu_device_id_list: ]
[gpu_use_dp: 0]
[num_gpu: 1]

end of parameters

pandas_categorical:[]
