tree
version=v4
num_class=1
num_tree_per_iteration=1
label_index=0
max_feature_idx=9
objective=regression
feature_names=mom_12_2 ret_1m on_1m on_12m vol_3m rng_3m fh_3m dvol dvol_chg lprice
feature_infos=[-0.97752808988764039:1] [-0.97752808988764039:1] [-0.97752808988764039:1] [-0.97752808988764039:1] [-0.97752808988764039:1] [-0.97752808988764039:1] [-0.97752808988764039:1] [-0.97752808988764039:1] [-0.97752808988764039:1] [-0.97752808988764039:1]
tree_sizes=1479 1522 1527 1518 1516 1528 1523 1519 1520 1520 1517 1515 1522 1514 1522 1528 1519 1523 1519 1521 1523 1517 1520 1525 1521 1510 1517 1517 1519 1527 1520 1517 1512 1527 1511 1517 1516 1523 1517 1525 1517 1519 1525 1519 1512 1531 1518 1521 1531 1521 1513 1530 1527 1527 1519 1516 1515 1517 1506 1529 1515 1535 1522 1536 1517 1525 1521 1512 1523 1524 1529 1530 1511 1505 1519 1527 1515 1530 1515 1513 1514 1519 1518 1518 1527 1519 1512 1517 1531 1523 1535 1514 1527 1523 1509 1524 1525 1518 1535 1521 1524 1516 1521 1510 1524 1529 1516 1529 1517 1510 1519 1530 1516 1516 1517 1522 1500 1517 1505 1526 1519 1531 1521 1527 1520 1532 1528 1525 1520 1517 1511 1507 1513 1525 1514 1524 1524 1506 1516 1523 1531 1511 1529 1534 1536 1531 1506 1522 1522 1526 1505 1524 1515 1526 1514 1499 1523 1520 1515 1526 1514 1508 1514 1522 1524 1513 1507 1524 1505 1528 1530 1535 1520 1526 1529 1522 1521 1527 1520 1515 1515 1517 1514 1537 1512 1526 1527 1528 1517 1507 1514 1529 1514 1522 1511 1504 1522 1507 1500 1515 1507 1522 1525 1526 1520 1513 1509 1525 1521 1525 1520 1509 1528 1527 1532 1511 1525 1528 1521 1505 1507 1515 1534 1513 1510 1532 1512 1517 1504 1520 1508 1518 1525 1520 1527 1511 1545 1530 1510 1532 1508 1511 1525 1520 1512 1512 1506 1514 1517 1520 1523 1514 1518 1513 1507 1520 1534 1528 1520 1513 1506 1530 1518 1521 1520 1530 1515 1508 1515 1512 1526 1508 1501 1514 1516 1529 1496 1527 1515 1521 1522 1519 1527 1518 1517 1515 1531 1522 1519 1518 1535 1532 1509 1513 1521 1528 1519 1543 1520 1511

Tree=0
num_leaves=15
num_cat=0
split_feature=4 0 0 1 2 5 7 2 2 1 9 1 1 2
split_gain=80.2727 21.007 20.9087 17.8306 13.1331 11.4226 8.71348 8.25529 8.17456 6.95623 6.47061 5.40737 4.8246 8.58103
threshold=0.30816714150047492 0.61781229345670863 0.015628815628815577 -0.16172624237140362 0.079682539682539702 0.57223113964687011 0.80746061167747929 -0.032795698924731158 -0.06580086580086579 -0.4752049180327868 0.61781229345670863 -0.17573529411764707 -0.83584100606332801 -0.63911657559198531
decision_type=2 2 2 2 2 2 2 2 2 2 2 2 2 2
left_child=2 6 3 8 -5 -3 12 11 -1 -9 -11 -4 -2 -14
right_child=1 5 7 4 -6 -7 -8 9 -10 10 -12 -13 13 -15
leaf_value=0.013338308018789557 0.019216469211264776 0.017677440414478142 0.015371235765742081 0.0092233546145795917 0.013090469568965778 0.022910799665862208 0.020909061801205019 0.020247752922986403 0.017299920761566306 0.01473295339909989 0.018145143932176217 0.012638266942094887 0.012789488191895907 0.016876538271039066
leaf_weight=1332 532 590 1292 1607 1582 1083 470 349 711 1651 706 1304 554 2567
leaf_count=1332 532 590 1292 1607 1582 1083 470 349 711 1651 706 1304 554 2567
internal_value=0.0154306 0.0182633 0.0138707 0.0125271 0.0111287 0.0210901 0.0171052 0.0151993 0.0147199 0.016357 0.0157626 0.0139933 0.0166019 0.0161452
internal_weight=16330 5796 10534 5232 3189 1673 4123 5302 2043 2706 2357 2596 3653 3121
internal_count=16330 5796 10534 5232 3189 1673 4123 5302 2043 2706 2357 2596 3653 3121
is_linear=0
shrinkage=1


Tree=1
num_leaves=15
num_cat=0
split_feature=3 5 3 5 0 9 3 5 6 8 0 3 8 3
split_gain=163.914 27.0299 21.5238 10.7878 9.08836 9.20508 6.34682 5.83488 5.87418 4.44643 3.87652 3.75657 3.63042 3.56145
threshold=0.21261798310978644 0.43951219512195122 -0.43308457711442783 0.24357284113381675 0.62583333333333346 -0.90143695608176466 0.43263412666397744 0.61152570480928703 -0.15438786565547127 0.22623655913978494 0.048199767711962889 -0.83584100606332801 0.60232558139534897 0.59508740204942756
decision_type=2 2 2 2 2 2 2 2 2 2 2 2 2 2
left_child=2 6 3 12 5 -3 9 8 -4 -2 -10 -5 -1 -6
right_child=1 4 7 11 13 -7 -8 -9 10 -11 -12 -13 -14 -15
leaf_value=-0.0054006803727412811 -0.00093394422156817302 0.010536663076618148 -0.00017524333879036802 -0.0037420843656383982 0.0042627591397013413 0.0035236523786858448 0.0029697112755317666 0.0014282897416892093 -0.0034988279289876489 0.0025257504652184308 -0.0012737888236840941 -0.0005004688853008359 -0.002540870514089529 0.0088286841824460945
leaf_weight=2624 846 187 1765 511 219 1371 2416 678 1401 539 1444 851 503 932
leaf_count=2624 846 187 1765 511 219 1371 2416 678 1401 539 1444 851 503 932
internal_value=-2.07321e-08 0.00368503 -0.00245496 -0.00398075 0.00597083 0.00442722 0.00204453 -0.00115465 -0.00153679 0.000420918 -0.00237791 -0.00173508 -0.00495023 0.00800413
internal_weight=16287 6510 9777 4489 2709 1558 3801 5288 4610 1385 2845 1362 3127 1151
internal_count=16287 6510 9777 4489 2709 1558 3801 5288 4610 1385 2845 1362 3127 1151
is_linear=0
shrinkage=0.03


Tree=2
num_leaves=15
num_cat=0
split_feature=3 4 1 3 1 2 3 3 9 1 2 8 6 6
split_gain=151.747 23.4545 22.6945 18.1927 7.19505 6.73212 5.9792 5.64639 5.60758 5.53248 5.01765 4.89633 4.99812 3.71532
threshold=0.21261798310978644 0.51765683423348574 -0.30320054477357838 -0.41101055806938153 -0.90143695608176466 -0.38688172043010749 0.75411605937921733 -0.72264957264957252 -0.87420886075949356 0.29073091057574524 0.65669642857142874 -0.77388922702373697 -0.93984622342831292 -0.084541556054727393
decision_type=2 2 2 2 2 2 2 2 2 2 2 2 2 2
left_child=2 6 4 5 -1 -4 9 -6 -3 -2 13 -10 -13 -5
right_child=1 8 3 10 7 -7 -8 -9 11 -11 -12 12 -14 -15
leaf_value=0.0034531824799363896 0.0025487055503701649 0.010226393506557751 -0.0070579223480807972 -0.00088037275935534784 -0.0032034452326902239 -0.0040097707782886264 0.004396574608396913 -0.00012427692551634543 0.0018475871781217996 1.6508215833915351e-05 0.0006556735871875403 -0.0003219413848026939 0.0063932385533920326 -0.0031788335912369234
leaf_weight=386 2097 250 1062 956 692 1853 879 2270 311 1230 567 105 1685 1922
leaf_count=386 2097 250 1062 956 692 1853 879 2270 311 1230 567 105 1685 1922
internal_value=3.29323e-05 0.00355575 -0.00234767 -0.00339873 -0.000346846 -0.00514061 0.00220568 -0.000852009 0.00595148 0.0016154 -0.00191422 0.00539677 0.00599973 -0.00242103
internal_weight=16265 6557 9708 6360 3348 2915 4206 2962 2351 3327 3445 2101 1790 2878
internal_count=16265 6557 9708 6360 3348 2915 4206 2962 2351 3327 3445 2101 1790 2878
is_linear=0
shrinkage=0.03


Tree=3
num_leaves=15
num_cat=0
split_feature=3 1 4 3 5 0 1 0 3 3 7 5 9 4
split_gain=147.314 27.1284 25.0205 23.7495 7.72295 7.61506 6.6864 6.78171 6.40722 5.36406 5.20414 5.11273 4.54728 4.54313
threshold=0.37771377935312361 -0.36489262371615311 0.50280898876404501 -0.43308457711442783 0.61152570480928703 0.83584100606332823 -0.48255578093306278 0.44676113360323894 -0.11378020713463753 -0.051956815114709891 0.90786914235190108 0.64232409381663125 -0.89309523809523805 0.53456514813634926
decision_type=2 2 2 2 2 2 2 2 2 2 2 2 2 2
left_child=1 4 6 11 8 12 -2 -8 13 -5 -9 -3 -4 -1
right_child=2 3 5 9 -6 -7 7 10 -10 -11 -12 -13 -14 -15
leaf_value=-0.0018649534201745414 0.0052255877273942441 -0.0054325826575512704 0.0099999265965332439 -0.0026248133559341174 0.0034235017759484906 0.0094270617040430205 0.0003751039263723534 0.0027716781861076064 0.0017060668208813737 -0.00060202298522336981 0.0094630332190360194 -0.0014017636549330209 0.0047895642245464479 0.0025749418492421131
leaf_weight=1659 621 2601 174 2217 594 660 1391 893 935 2526 112 327 1321 228
leaf_count=1659 621 2601 174 2217 594 660 1391 893 935 2526 112 327 1321 228
internal_value=7.14494e-05 -0.00187878 0.00424763 -0.00286799 0.0003445 0.00671179 0.00247115 0.0017385 -0.000313396 -0.00155106 0.00360327 -0.00498872 0.0054584 -0.00131775
internal_weight=16259 11087 5172 7671 3416 2155 3017 2396 2822 4743 1005 2928 1495 1887
internal_count=16259 11087 5172 7671 3416 2155 3017 2396 2822 4743 1005 2928 1495 1887
is_linear=0
shrinkage=0.03


Tree=4
num_leaves=15
num_cat=0
split_feature=3 1 5 3 1 9 2 3 5 1 2 9 8 3
split_gain=130.353 25.3877 22.5404 15.0719 7.92214 7.78933 6.34829 6.08893 5.8892 5.80398 4.9867 5.46959 4.97008 4.67851
threshold=0.2022727272727273 -0.30320054477357838 0.39305778491171756 -0.4752049180327868 -0.90143695608176466 -0.85940202619224104 -0.32230727173318752 0.77096018735363003 -0.40413533834586463 -0.26453684922244752 0.37011669203450032 0.041960093896713631 0.18052538020936207 0.62583333333333346
decision_type=2 2 2 2 2 2 2 2 2 2 2 2 2 2
left_child=1 4 7 6 -1 -4 -3 9 -8 -2 -11 -12 -7 -14
right_child=2 3 5 -5 -6 12 8 -9 -10 10 11 -13 13 -15
leaf_value=0.0036523368717712346 0.0029331639702799236 -0.0069653020128826832 0.0094904898431341714 -0.0022063492250279752 -0.00075585923679185219 0.0032212910311141649 -0.0062065278662351477 0.0042168627222743203 -0.0023717335266345697 -0.0012361988370859609 -0.0010548427251637579 0.0034627776082219244 0.0032150991176957888 0.0072348593925748092
leaf_weight=409 966 1074 324 3745 2943 1335 600 643 935 1116 394 597 418 817
leaf_count=409 966 1074 324 3745 2943 1335 600 643 935 1116 394 597 418 817
internal_value=-0.000110395 -0.00232238 0.00313624 -0.00343534 -0.000208722 0.00511768 -0.00518429 0.00158351 -0.00390115 0.00102062 0.000134053 0.00167408 0.00453175 0.00591108
internal_weight=16316 9706 6610 6354 3352 2894 2609 3716 1535 3073 2107 991 2570 1235
internal_count=16316 9706 6610 6354 3352 2894 2609 3716 1535 3073 2107 991 2570 1235
is_linear=0
shrinkage=0.03


Tree=5
num_leaves=15
num_cat=0
split_feature=4 0 6 0 9 0 5 4 1 7 1 0 6 5
split_gain=59.217 20.4971 16.7828 10.8027 9.0937 8.0401 7.67849 6.86238 5.2679 5.05646 4.09623 5.3271 3.82314 4.58941
threshold=0.27518115942028981 0.61781229345670863 -0.016133229247983379 0.26713615023474185 -0.96521476104053228 0.61152570480928703 0.57223113964687011 -0.14729990356798459 -0.48255578093306278 0.78516483516483537 0.14784456587735276 -0.605448480355819 -0.32958801498127338 0.54884143571104049
decision_type=2 2 2 2 2 2 2 2 2 2 2 2 2 2
left_child=2 4 5 7 -2 8 -3 10 -1 12 -4 -12 -6 -14
right_child=1 6 3 -5 9 -7 -8 -9 -10 -11 11 -13 13 -15
leaf_value=0.0011310017106372517 0.0083732324797491705 0.0023661933686402858 -0.0030899812337661977 -0.00087892551285910579 0.0016020956355538899 0.0032453177355543012 0.0065800465403434497 -0.0015352327914072846 -0.0012658884808770174 0.003697749667916252 -0.0098884797457036919 -0.0046630182179555335 -0.0016606277308281279 0.0011919952158802331
leaf_weight=1160 143 628 1149 2205 1630 561 1088 1066 2797 507 216 1074 1090 933
leaf_count=1160 143 628 1149 2205 1630 561 1088 1066 2797 507 216 1074 1090 933
internal_value=-6.11654e-05 0.00229759 -0.00145014 -0.00252964 0.00118656 -8.32598e-05 0.00506056 -0.00356265 -0.000562157 0.000920032 -0.00443887 -0.00560731 0.00052547 -0.000345617
internal_weight=16247 6019 10228 5710 4303 4518 1716 3505 3957 4160 2439 1290 3653 2023
internal_count=16247 6019 10228 5710 4303 4518 1716 3505 3957 4160 2439 1290 3653 2023
is_linear=0
shrinkage=0.03


Tree=6
num_leaves=15
num_cat=0
split_feature=3 4 3 4 0 0 3 6 5 9 6 0 6 9
split_gain=141.269 20.6047 16.7505 10.0959 10.0082 6.90321 6.89086 6.61465 5.17827 5.02294 4.84573 3.8033 4.79682 3.67064
threshold=0.21913109756097562 0.57223113964687011 -0.41897974493623397 0.1564382530120482 0.26713615023474185 0.58102025506376598 -0.72264957264957252 -0.72264957264957252 0.55863254392666173 -0.93984622342831292 0.89237451737451745 -0.051956815114709891 -0.14729990356798459 -0.86754385964912273
decision_type=2 2 2 2 2 2 2 2 2 2 2 2 2 2
left_child=2 4 3 6 7 9 -1 -2 11 -3 -7 12 -4 -9
right_child=1 5 8 -5 -6 10 -8 13 -10 -11 -12 -13 -14 -15
leaf_value=-0.0063229398410032788 0.0043267949778915743 0.010256485615513827 -0.00080554624001159337 -0.0016809668540950374 0.0037126497581780084 0.0084376652690963672 -0.0033525907467725851 0.0046044920065573276 0.001214071466889793 0.0034922564521760462 0.0014665101160821706 -0.00063519242095299135 -0.0036807273546779337 -0.00033906838349770287
leaf_weight=1250 389 104 954 1647 2146 883 1709 137 744 1019 105 2322 1163 1671
leaf_count=1250 389 104 954 1647 2146 883 1709 137 744 1019 105 2322 1163 1671
internal_value=7.92082e-06 0.0034505 -0.00226301 -0.00357785 0.00225999 0.00587754 -0.00462446 0.000830665 -0.00108991 0.00420368 0.00771892 -0.00147793 -0.00239494 5.87934e-05
internal_weight=16243 6454 9789 4606 4343 2111 2959 2197 5183 1123 988 4439 2117 1808
internal_count=16243 6454 9789 4606 4343 2111 2959 2197 5183 1123 988 4439 2117 1808
is_linear=0
shrinkage=0.03


Tree=7
num_leaves=15
num_cat=0
split_feature=4 0 6 0 2 7 6 5 5 2 4 0 6 7
split_gain=60.0134 18.4345 19.487 17.5453 10.4566 6.96463 6.33366 5.78019 4.88703 4.66441 4.35178 4.28767 4.20662 4.01771
threshold=0.28330047873838354 0.61152570480928703 0.39305778491171756 0.44676113360323894 0.63356807511737101 0.96396103896103902 -0.077787381158167621 0.58102025506376598 0.61152570480928703 -0.11884584342211461 0.43951219512195122 1.0000000180025095e-35 -0.019237883832778409 -0.15438786565547127
decision_type=2 2 2 2 2 2 2 2 2 2 2 2 2 2
left_child=1 2 9 5 7 6 -2 10 -8 -1 -5 -4 -3 -6
right_child=3 12 11 4 13 -7 8 -9 -10 -11 -12 -13 -14 -15
leaf_value=-0.0019295765703017688 0.0020814535989421594 0.0035541771096406411 -0.0052155068563535904 0.0038880232926099922 0.0023411802723157134 0.008539641900729816 -0.0018463799241148172 0.0047977090404748993 0.0014031673840711515 -0.00025026826606480332 -0.0011354418486075172 -0.0027625025861499975 0.00037830099806905615 0.0085505349398436424
leaf_weight=2605 2056 600 1381 250 122 103 926 757 741 3464 377 1277 983 594
leaf_count=2605 2056 600 1381 250 122 103 926 757 741 3464 377 1277 983 594
internal_value=8.24923e-06 -0.00137419 -0.00191432 0.00241167 0.00460894 0.00119678 0.000971297 0.00304972 -0.000402166 -0.000973067 0.000897127 -0.00405177 0.0015968 0.00753934
internal_weight=16236 10310 8727 5926 2100 3826 3723 1384 1667 6069 627 2658 1583 716
internal_count=16236 10310 8727 5926 2100 3826 3723 1384 1667 6069 627 2658 1583 716
is_linear=0
shrinkage=0.03


Tree=8
num_leaves=15
num_cat=0
split_feature=3 3 0 4 4 7 0 7 8 2 5 5 5 0
split_gain=125.062 21.4748 12.2206 10.5957 7.22142 5.95815 4.75254 4.10402 3.19651 4.37739 3.04489 2.95567 2.77835 2.64513
threshold=0.37771377935312361 -0.41897974493623397 0.83584100606332823 0.41004623791509048 0.30816714150047492 0.89851963098047638 0.41004623791509048 0.94160272804774092 0.61152570480928703 -0.36489262371615311 0.60232558139534897 0.55863254392666173 -0.41101055806938153 0.61152570480928703
decision_type=2 2 2 2 2 2 2 2 2 2 2 2 2 2
left_child=1 3 4 8 13 10 11 -4 9 -1 -6 -3 -11 -2
right_child=2 6 7 -5 5 -7 -8 -9 -10 12 -12 -13 -14 -15
leaf_value=-0.0058269984809808748 0.0012615521174491452 -0.0015153118569912727 0.0059175594984646725 -0.0008779994099334706 0.0023723503284029733 0.0094113667528193008 0.00065989534198995054 0.011828752185496753 -0.0019502288309529272 -0.0047460591613333186 0.0048771650819237301 0.00058688204235929115 -0.0021942081686188346 0.0039466517951077199
leaf_weight=1412 1654 4126 879 1129 814 184 1630 127 499 787 1029 699 803 409
leaf_count=1412 1654 4126 879 1129 814 184 1630 127 499 787 1029 699 803 409
internal_value=-6.99207e-05 -0.00185797 0.00381553 -0.00341491 0.00307338 0.00434364 -0.000737665 0.00677288 -0.00422819 -0.0045991 0.00378963 -0.00121018 -0.00347906 0.00181036
internal_weight=16181 11085 5096 4630 4090 2027 6455 1006 3501 3002 1843 4825 1590 2063
internal_count=16181 11085 5096 4630 4090 2027 6455 1006 3501 3002 1843 4825 1590 2063
is_linear=0
shrinkage=0.03


Tree=9
num_leaves=15
num_cat=0
split_feature=3 1 3 5 1 3 4 3 3 5 7 6 3 7
split_gain=106.293 23.2657 19.5514 9.5462 7.20887 7.09142 5.36689 5.29314 5.028 4.36639 4.02674 3.52908 4.0428 3.35987
threshold=0.43263412666397744 -0.36489262371615311 -0.22623655913978494 0.54884143571104049 -0.90143695608176466 -0.11378020713463753 0.38548951048951058 0.96396103896103902 -0.70473174366616986 -0.34351679104477606 0.90786914235190108 -0.35100035100035093 0.18052538020936207 -0.4752049180327868
decision_type=2 2 2 2 2 2 2 2 2 2 2 2 2 2
left_child=1 4 6 10 -1 9 8 -5 -3 13 -2 12 -4 -6
right_child=3 2 11 7 5 -7 -8 -9 -10 -11 -12 -13 -14 -15
leaf_value=0.0040783917110881526 0.0023588488596701178 -0.0060758475778596938 -0.00086302536453365826 0.0046941096430420728 -0.0060756771099579887 0.0019365092234453394 -0.0016031650574362944 0.0088639353427215142 -0.0035141812398333007 6.3240455550000592e-05 0.0065196054786155911 -0.0013322014361809064 0.0031320321517540428 -0.0015662436873762273
leaf_weight=445 2553 1041 545 1627 199 1119 822 344 2258 1238 223 2914 378 555
leaf_count=445 2553 1041 545 1627 199 1119 822 344 2258 1238 223 2914 378 555
internal_value=9.24489e-05 -0.001465 -0.00236556 0.00386523 0.000551365 3.54049e-05 -0.00379804 0.00546294 -0.00433843 -0.00103687 0.00271529 -0.000821187 0.00078912 -0.00282035
internal_weight=16261 11514 7958 4747 3556 3111 4121 1971 3299 1992 2776 3837 923 754
internal_count=16261 11514 7958 4747 3556 3111 4121 1971 3299 1992 2776 3837 923 754
is_linear=0
shrinkage=0.03


Tree=10
num_leaves=15
num_cat=0
split_feature=3 1 4 3 1 1 0 2 2 7 2 7 3 3
split_gain=97.7578 18.0411 15.1535 12.2397 7.85696 7.54689 7.05174 6.95603 4.71024 4.35371 4.28418 4.22113 4.35788 4.11751
threshold=0.21913109756097562 -0.30320054477357838 0.55863254392666173 -0.52875082617316582 -0.90143695608176466 -0.48255578093306278 0.3371212121212121 -0.38688172043010749 0.1895313034553541 0.94904251866277189 -0.6211556383970176 -0.27165775401069514 0.93239382974671503 -0.72264957264957252
decision_type=2 2 2 2 2 2 2 2 2 2 2 2 2 2
left_child=1 4 5 7 -1 10 8 -3 -7 -8 -2 -4 -13 -6
right_child=2 3 11 -5 13 6 9 -9 -10 -11 -12 12 -14 -15
leaf_value=0.0037960050670488269 -0.0001766485656012914 -0.0066947381353992322 0.0024527000217985742 -0.0018753401851735985 -0.0026702545879650039 -0.0019166205513049097 0.0021714535581000781 -0.0032629240782502521 0.0011412408511112619 0.0084101306574249808 0.0052723845544323088 0.0046690604940251993 0.0083728965866469943 -5.5347329242889432e-05
leaf_weight=390 158 892 525 4062 703 755 1477 1397 1103 100 703 1249 399 2261
leaf_count=390 158 892 525 4062 703 755 1477 1397 1103 100 703 1249 399 2261
internal_value=-2.932e-05 -0.0019328 0.00282492 -0.00287156 -0.000151957 0.00178532 0.00114893 -0.00462357 -0.000104932 0.00261756 0.0042819 0.0048626 0.00561089 -0.000682443
internal_weight=16174 9705 6469 6351 3354 4296 3435 2289 1858 1577 861 2173 1648 2964
internal_count=16174 9705 6469 6351 3354 4296 3435 2289 1858 1577 861 2173 1648 2964
is_linear=0
shrinkage=0.03


Tree=11
num_leaves=15
num_cat=0
split_feature=3 4 1 3 3 3 7 4 8 1 4 9 6 7
split_gain=83.2 16.9589 15.0461 11.1772 8.70461 6.36499 6.40561 5.60021 5.22167 4.61997 4.36278 3.49165 4.23235 3.48785
threshold=0.2022727272727273 0.77096018735363003 -0.17573529411764707 -0.70473174366616986 0.77096018735363003 -0.11378020713463753 -0.30320054477357838 -0.1977011494252873 -0.90733452593917707 -0.46495250573206681 0.27518115942028981 -0.85940202619224104 -0.90143695608176466 -0.27165775401069514
decision_type=2 2 2 2 2 2 2 2 2 2 2 2 2 2
left_child=2 4 5 7 9 6 -1 -4 -3 -2 -11 -10 -13 -6
right_child=1 8 3 -5 13 -7 -8 -9 11 10 -12 12 -14 -15
leaf_value=-0.0028947459595195157 0.0029621576262327041 -0.00079661789375382497 -0.0075287577100851049 -0.0020779672888126474 0.001646136319101399 0.0016810053254708432 -2.8626806361927198e-05 -0.0033716013651529353 0.010601559528661299 -0.00015559377143529467 0.0023079270128742412 0.00059803380587156976 0.0062697413209187218 0.0050583826005218798
leaf_weight=1093 947 101 559 4430 409 998 1930 661 147 2182 909 139 887 863
leaf_count=1093 947 101 559 4430 409 998 1930 661 147 2182 909 139 887 863
internal_value=-1.94822e-05 0.00257954 -0.00178973 -0.00278664 0.00182714 -0.000385509 -0.00107103 -0.00532212 0.00567686 0.00114 0.000573984 0.00623627 0.00551454 0.0039826
internal_weight=16255 6584 9671 5650 5310 4021 3023 1220 1274 4038 3091 1173 1026 1272
internal_count=16255 6584 9671 5650 5310 4021 3023 1220 1274 4038 3091 1173 1026 1272
is_linear=0
shrinkage=0.03


Tree=12
num_leaves=15
num_cat=0
split_feature=3 1 5 3 5 5 1 2 9 9 7 2 8 1
split_gain=89.9187 18.7122 12.6506 9.76181 6.02143 6.00495 5.20556 5.01981 6.60057 4.75499 3.94162 3.8238 3.58648 3.56548
threshold=0.2022727272727273 -0.3797960174842156 0.39305778491171756 -0.22623655913978494 0.1564382530120482 0.61152570480928703 -0.36489262371615311 0.2022727272727273 0.032795698924731227 -0.85940202619224104 0.41795166858458005 -0.63019943019943014 -0.93495505023796921 -0.86949116457313169
decision_type=2 2 2 2 2 2 2 2 2 2 2 2 2 2
left_child=1 5 6 4 11 13 -2 -8 -9 10 -4 -3 -11 -1
right_child=2 3 9 -5 -6 -7 7 8 -10 12 -12 -13 -14 -15
leaf_value=0.0023099882726643163 0.0035026401612421481 -0.0066426615155036634 0.0045694694091688911 -0.0012086399847356408 -0.0017709436861170155 0.0030496492262425136 -0.00063862017535927995 -0.00049699527808675498 0.0034240242496280399 -0.0016046021896851273 0.011502865817775572 -0.0037726909364802388 0.0039779944523569213 -0.00093002099471451599
leaf_weight=349 921 527 202 2533 1209 529 1123 614 1022 103 133 2433 2463 2057
leaf_count=349 921 527 202 2533 1209 529 1123 614 1022 103 133 2433 2463 2057
internal_value=3.48358e-05 -0.00181045 0.00273566 -0.00268417 -0.00357563 0.000186993 0.00156121 0.000902821 0.00195836 0.00421501 0.00757576 -0.00430431 0.00374855 -0.000452429
internal_weight=16218 9637 6581 6702 4169 2935 3680 2759 1636 2901 335 2960 2566 2406
internal_count=16218 9637 6581 6702 4169 2935 3680 2759 1636 2901 335 2960 2566 2406
is_linear=0
shrinkage=0.03


Tree=13
num_leaves=15
num_cat=0
split_feature=3 3 4 4 5 6 0 7 2 2 3 6 3 0
split_gain=90.6859 12.6619 11.809 8.61878 6.7851 6.93314 6.58393 6.06833 4.01627 3.9954 3.7557 3.70833 3.56387 3.55082
threshold=0.21913109756097562 -0.72264957264957252 0.31467710371819962 0.13867521367521365 0.55863254392666173 0.2022727272727273 0.26713615023474185 0.92749178532311072 0.83584100606332823 -0.64631422189128795 0.77096018735363003 -0.16172624237140362 0.58102025506376598 0.038218111002921169
decision_type=2 2 2 2 2 2 2 2 2 2 2 2 2 2
left_child=1 3 6 -1 5 -3 11 8 -4 -6 -8 -2 -10 -7
right_child=2 4 7 -5 9 13 10 -9 12 -11 -12 -13 -14 -15
leaf_value=-0.0055348183534418699 0.0014903049852413636 -0.00075551177363458581 0.0029308456503844911 -0.0016848568475055046 -0.0022288560651412062 -0.0037823749281013833 0.0020691585937239951 0.0080083063165305775 0.0013988849500642169 0.0020383468468825219 0.0056225372883718042 -0.0012666729967531864 0.0067780670041346714 -0.0016822707561695651
leaf_weight=1213 920 3712 2189 936 254 1423 1267 308 148 782 339 822 518 1525
leaf_count=1213 920 3712 2189 936 254 1423 1267 308 148 782 339 822 518 1525
internal_value=-2.58671e-05 -0.00184185 0.00271862 -0.00387353 -0.00127024 -0.00162136 0.00147013 0.00403133 0.00357584 0.000980834 0.00284937 0.000189561 0.00562107 -0.00270535
internal_weight=16356 9845 6511 2149 7696 6660 3348 3163 2855 1036 1606 1742 666 2948
internal_count=16356 9845 6511 2149 7696 6660 3348 3163 2855 1036 1606 1742 666 2948
is_linear=0
shrinkage=0.03


Tree=14
num_leaves=15
num_cat=0
split_feature=3 0 4 3 4 9 3 5 0 3 0 3 9 8
split_gain=84.2969 15.8617 9.41768 9.04126 8.77939 5.86943 5.51111 4.00029 3.83129 3.92147 3.75925 3.31409 4.54661 2.70622
threshold=0.2022727272727273 0.68651074887786456 -0.1977011494252873 -0.26453684922244752 0.31467710371819962 -0.90143695608176466 0.77096018735363003 0.61152570480928703 -0.73969508752117441 -0.45914149443561203 -0.66479400749063666 -0.72264957264957252 -0.20662287903667212 -0.90733452593917707
decision_type=2 2 2 2 2 2 2 2 2 2 2 2 2 2
left_child=2 4 3 11 -2 -6 -3 8 9 -4 -10 12 -1 -7
right_child=1 6 7 -5 5 13 -8 -9 10 -11 -12 -13 -14 -15
leaf_value=-0.0025063404192300865 0.0005514533542758112 0.0031600558778639202 -0.005441311514005065 -0.0011264007364444103 0.0079108620895413859 -0.0012098388189783777 0.0064534179496155038 0.00067557312592705649 0.0028802237578416626 -0.00050982254037866364 -0.0012088784061487015 -0.0031153956027723511 -0.0070386783607456283 0.0029461853686237054
leaf_weight=333 2734 909 366 1816 203 149 992 1119 207 240 3107 1894 553 1621
leaf_count=333 2734 909 366 1816 203 149 992 1119 207 240 3107 1894 553 1621
internal_value=-1.12731e-05 0.00259617 -0.00180038 -0.00278137 0.00165594 0.00317593 0.00490341 -0.000901908 -0.00135279 -0.00352823 -0.000945567 -0.00385454 -0.0053822 0.0025915
internal_weight=16243 6608 9635 4596 4707 1973 1901 5039 3920 606 3314 2780 886 1770
internal_count=16243 6608 9635 4596 4707 1973 1901 5039 3920 606 3314 2780 886 1770
is_linear=0
shrinkage=0.03


Tree=15
num_leaves=15
num_cat=0
split_feature=3 0 1 3 0 8 5 1 2 2 2 2 1 3
split_gain=81.3042 15.3756 11.6695 10.4087 6.27691 4.65903 4.68036 4.33295 4.07171 3.79961 3.71901 3.63484 3.50797 3.37296
threshold=0.2022727272727273 0.6777901371894699 -0.30320054477357838 -0.70473174366616986 -0.90733452593917707 -0.93495505023796921 0.31467710371819962 -0.90143695608176466 0.88303693570451447 -0.6211556383970176 -0.52875082617316582 -0.29679679679679671 0.35434243176178665 -0.18245838668373873
decision_type=2 2 2 2 2 2 2 2 2 2 2 2 2 2
left_child=2 4 7 10 -2 -6 9 -1 -3 -7 -4 -9 -11 -5
right_child=1 8 3 13 5 6 -8 11 -10 12 -12 -13 -14 -15
leaf_value=0.0026467767217782912 0.0068791329724463956 0.0042598506172417776 -0.0070667357932801215 -0.0024946748306908673 -0.0036131281110475645 -0.0031348670516025473 0.0028369476609481754 -0.0015505339594072659 0.0082367922507611824 0.0020032005917541133 -0.0036273894509172683 0.00058109952550722201 -0.00039824869989261183 -0.00091038714275569889
leaf_weight=395 191 1641 437 2817 149 193 1718 1716 280 1520 922 1228 848 2144
leaf_count=395 191 1641 437 2817 149 193 1718 1716 280 1520 922 1228 848 2144
internal_value=4.81902e-05 0.00262885 -0.00170006 -0.00245703 0.00168444 0.00144538 0.00162953 -0.000264221 0.00487917 0.000811677 -0.00477689 -0.000662431 0.00114516 -0.0018132
internal_weight=16199 6540 9659 6320 4619 4428 4279 3339 1921 2561 1359 2944 2368 4961
internal_count=16199 6540 9659 6320 4619 4428 4279 3339 1921 2561 1359 2944 2368 4961
is_linear=0
shrinkage=0.03


Tree=16
num_leaves=15
num_cat=0
split_feature=4 0 6 0 9 1 9 1 7 0 4 6 1 0
split_gain=37.155 14.8435 12.9265 10.385 7.91504 6.63332 5.48979 5.17178 4.05384 5.06477 2.89371 3.57164 3.35178 3.31624
threshold=0.27518115942028981 0.82807881773399028 -0.016133229247983379 0.11237373737373736 -0.94904251866277167 -0.48255578093306278 0.61152570480928703 0.088421444527177942 0.96396103896103902 0.44676113360323894 -0.18245838668373873 0.6777901371894699 0.34514106583072107 0.54076207354895889
decision_type=2 2 2 2 2 2 2 2 2 2 2 2 2 2
left_child=2 4 5 7 -2 -1 -7 -4 9 -6 11 -5 -12 -14
right_child=1 -3 3 10 8 6 -8 -9 -10 -11 12 -13 13 -15
leaf_value=0.0018344485177246446 0.0070868097504420318 0.0051846418578187052 -0.0018780133397411009 -0.00057441103535536332 0.00024549585670997844 -0.001279307657988667 0.001863349472619443 -0.004443272038564405 0.0058089301357008259 0.002584467499630838 0.0020980931638314689 -0.0034483637029407745 -0.0042964348667659438 0.0012876641747410073
leaf_weight=1332 186 985 1281 1304 3669 2593 610 1639 139 1069 544 548 185 181
leaf_count=1332 186 985 1281 1304 3669 2593 610 1639 139 1069 544 548 185 181
internal_value=-2.87434e-05 0.00183313 -0.0011316 -0.00208362 0.00117216 6.31614e-05 -0.000676863 -0.00332815 0.000932546 0.000777553 -0.000760635 -0.00143876 0.00062009 -0.0015741
internal_weight=16265 6048 10217 5682 5063 4535 3203 2920 4877 4738 2762 1852 910 366
internal_count=16265 6048 10217 5682 5063 4535 3203 2920 4877 4738 2762 1852 910 366
is_linear=0
shrinkage=0.03


Tree=17
num_leaves=15
num_cat=0
split_feature=4 0 1 0 9 5 6 0 1 9 7 7 9 6
split_gain=33.6676 12.2606 11.0937 9.58917 6.44793 5.78711 4.92617 5.66743 4.6763 4.52242 4.17483 3.47205 4.74641 3.44728
threshold=0.25317269076305232 0.44676113360323894 -0.17573529411764707 0.51765683423348574 -0.93495505023796921 0.58102025506376598 -0.16172624237140362 -0.26453684922244752 -0.77388922702373697 -0.047065337763012187 0.89851963098047638 -0.30320054477357838 0.44151846785225718 -0.41897974493623397
decision_type=2 2 2 2 2 2 2 2 2 2 2 2 2 2
left_child=2 4 8 6 -2 10 -4 -8 -1 -5 -3 12 13 -10
right_child=1 5 3 9 -6 -7 7 -9 11 -11 -12 -13 -14 -15
leaf_value=0.0025595216825156685 0.005549065871044802 0.000900349525364191 -0.0010068071378277667 -0.0027516371610086161 0.00041420292448503433 0.004833800117389743 -0.0046235246473028922 -0.0021214926494940961 7.9398048169250734e-05 0.0013987435922352966 0.0067635005726442319 0.0004930190200125922 0.0019970524455216513 -0.0037883494795658214
leaf_weight=614 224 819 1480 299 3749 1258 1327 2178 306 996 117 1967 258 631
leaf_count=614 224 819 1480 299 3749 1258 1327 2178 306 996 117 1967 258 631
internal_value=-2.91289e-05 0.00171444 -0.00109904 -0.00187071 0.000716914 0.00350935 -0.00246719 -0.00307923 0.000185898 0.000426728 0.00169699 -0.000281631 -0.00155023 -0.00253774
internal_weight=16223 6167 10056 6280 3973 2194 4985 3505 3776 1295 936 3162 1195 937
internal_count=16223 6167 10056 6280 3973 2194 4985 3505 3776 1295 936 3162 1195 937
is_linear=0
shrinkage=0.03


Tree=18
num_leaves=15
num_cat=0
split_feature=3 3 4 0 6 7 4 9 6 8 9 9 7 3
split_gain=74.3708 11.5796 10.3699 5.03359 5.45768 4.63422 4.36884 3.80208 4.61132 3.71395 3.65844 3.65628 3.33637 3.12623
threshold=0.18052538020936207 -0.41897974493623397 0.57223113964687011 0.26713615023474185 -0.72264957264957252 0.90342013214146921 0.41004623791509048 -0.85940202619224104 -0.90143695608176466 0.85524707525755206 -0.86754385964912273 -0.88388945062352542 0.34514106583072107 -0.8088714938030005
decision_type=2 2 2 2 2 2 2 2 2 2 2 2 2 2
left_child=1 6 3 4 -2 -5 13 -4 12 -10 -6 -8 -9 -1
right_child=2 -3 7 5 10 -7 11 8 9 -11 -12 -13 -14 -15
leaf_value=-0.0048357600483188816 0.0036358062201902138 -0.00071151635596343162 0.0075415852438958202 0.002125181560307633 0.0045068958582645605 0.006790423638079056 0.0038371079898842403 0.0028787373230912752 0.0033752138230854199 0.0069452653726076209 -0.00044408573693283256 -0.0017323983720207833 -0.0042845545013787574 -0.0027721819654859103
leaf_weight=924 425 4872 251 2049 135 205 109 114 1372 334 1815 1005 101 2583
leaf_count=924 425 4872 251 2049 135 205 109 114 1372 334 1815 1005 101 2583
internal_value=-1.94125e-05 -0.00173422 0.00237318 0.00156506 0.000597325 0.0025776 -0.0028086 0.00408041 0.00359145 0.00411056 -8.00799e-05 -0.00115816 -0.000527209 -0.00332808
internal_weight=16294 9493 6801 4629 2375 2254 4621 2172 1921 1706 1950 1114 215 3507
internal_count=16294 9493 6801 4629 2375 2254 4621 2172 1921 1706 1950 1114 215 3507
is_linear=0
shrinkage=0.03


Tree=19
num_leaves=15
num_cat=0
split_feature=3 1 3 3 1 2 1 0 4 7 9 2 0 2
split_gain=69.4074 13.4145 8.83469 8.30523 8.11397 6.36714 5.11701 4.95007 4.91566 4.76109 4.22936 3.84488 3.79534 3.64099
threshold=0.21913109756097562 -0.16172624237140362 0.86402157164869031 -0.43308457711442783 -0.93984622342831292 -0.52056338028169002 -0.90143695608176466 0.41795166858458005 0.41004623791509048 -0.14729990356798459 -0.87420886075949356 0.65669642857142874 -0.15438786565547127 0.28330047873838354
decision_type=2 2 2 2 2 2 2 2 2 2 2 2 2 2
left_child=1 6 4 5 -2 -3 -1 -6 -7 -4 -11 12 -5 -10
right_child=2 3 9 11 7 8 -8 -9 13 10 -12 -13 -14 -15
leaf_value=0.0029743151461633925 0.0098577600572856937 -0.0062968841915974367 0.0015499915066310528 -0.0033514299696389819 0.00092191358763464408 -0.0037133656011179863 -0.00063592824361386163 0.0028233343103930297 0.0028644488415179342 0.01140078845508067 0.0049411727314543873 0.00074836310413737412 -0.0010202626624459595 -0.0026476505354782734
leaf_weight=380 102 683 334 1076 3126 1417 3756 2041 198 103 801 553 1524 214
leaf_count=380 102 683 334 1076 3126 1417 3756 2041 198 103 801 553 1524 214
internal_value=-3.90281e-06 -0.00159803 0.00239598 -0.00254509 0.00185373 -0.00383029 -0.000297859 0.00167699 -0.00287996 0.00467049 0.00579385 -0.0015123 -0.00199415 6.47308e-06
internal_weight=16308 9801 6507 5665 5269 2512 4136 5167 1829 1238 904 3153 2600 412
internal_count=16308 9801 6507 5665 5269 2512 4136 5167 1829 1238 904 3153 2600 412
is_linear=0
shrinkage=0.03


Tree=20
num_leaves=15
num_cat=0
split_feature=5 6 0 2 0 1 2 0 6 1 7 4 7 0
split_gain=31.2103 13.5623 10.5225 10.0259 7.16861 5.81972 9.03586 4.96223 4.84454 4.14066 3.3764 3.6345 3.24343 3.04863
threshold=0.60232558139534897 -0.15438786565547127 0.82807881773399028 0.88303693570451447 0.6777901371894699 -0.21261798310978638 -0.6211556383970176 0.015628815628815577 -0.73969508752117441 -0.94904251866277167 -0.32958801498127338 -0.25760368663594463 0.86402157164869031 -0.72264957264957252
decision_type=2 2 2 2 2 2 2 2 2 2 2 2 2 2
left_child=1 8 5 4 9 10 -7 -8 13 -2 11 -3 -10 -1
right_child=3 2 -4 -5 -6 6 7 -9 12 -11 -12 -13 -14 -15
leaf_value=-0.0010368867345366326 0.0062964307343042107 -0.004206923936789903 0.0026216058818833978 0.0063221157563343039 0.0043150849851426613 -0.0053171243309395634 -0.0026887884154871595 -0.00068919274013154333 -0.00010188902878107301 0.00061220631743379064 0.00051419733702585469 7.2985106958076354e-05 0.0036802032314153621 0.0029811324802312624
leaf_weight=200 113 339 544 550 792 717 2257 2220 3688 1917 1401 365 206 978
leaf_count=200 113 339 544 550 792 717 2257 2220 3688 1917 1401 365 206 978
internal_value=8.22323e-05 -0.000589178 -0.00137029 0.00264792 0.00191203 -0.00167099 -0.00220944 -0.001701 0.000618999 0.000957933 -0.00033821 -0.00201799 0.000107105 0.00229597
internal_weight=16287 12915 7843 3372 2822 7299 5194 4477 5072 2030 2105 704 3894 1178
internal_count=16287 12915 7843 3372 2822 7299 5194 4477 5072 2030 2105 704 3894 1178
is_linear=0
shrinkage=0.03


Tree=21
num_leaves=15
num_cat=0
split_feature=3 1 4 3 4 1 1 0 1 9 7 3 0 6
split_gain=66.0212 10.8694 8.65285 7.07665 5.33683 5.28182 4.70596 4.85169 4.83141 4.55984 4.21973 3.24618 2.87533 2.61706
threshold=0.21261798310978644 -0.22623655913978494 0.56574122577265595 -0.8088714938030005 -0.16903096903096895 -0.90143695608176466 -0.48255578093306278 0.68651074887786456 -0.051956815114709891 -0.93984622342831292 0.94160272804774092 -0.6211556383970176 0.073622402890695673 -0.25760368663594463
decision_type=2 2 2 2 2 2 2 2 2 2 2 2 2 2
left_child=1 5 6 4 -3 12 -2 -8 -9 -4 -11 -7 -1 -13
right_child=2 3 9 -5 -6 11 7 8 -10 10 -12 13 -14 -15
leaf_value=0.004607369790903486 0.0034827263435321591 -0.0077580102011134749 0.009345600623081424 -0.0019328711610751077 -0.0027807638226713268 -0.0020355563539907204 0.00046423948953477711 -0.0008205423696558057 0.0045402591797723416 0.0030899391831896734 0.008120962884387321 0.0010468817588295692 -0.00090026213470991931 -0.00097152380432851933
leaf_weight=273 912 342 124 5152 473 1069 2712 201 570 1851 159 1062 118 1245
leaf_count=273 912 342 124 5152 473 1069 2712 201 570 1851 159 1062 118 1245
internal_value=9.46056e-06 -0.00155543 0.00234135 -0.00235091 -0.0049381 -0.000292486 0.00157434 0.0010661 0.00315008 0.00390631 0.00352615 -0.00067731 0.00296422 -4.18667e-05
internal_weight=16263 9734 6529 5967 815 3767 4395 3483 771 2134 2010 3376 391 2307
internal_count=16263 9734 6529 5967 815 3767 4395 3483 771 2134 2010 3376 391 2307
is_linear=0
shrinkage=0.03


Tree=22
num_leaves=15
num_cat=0
split_feature=3 1 3 0 9 4 3 1 2 1 2 1 2 1
split_gain=53.7465 10.9734 9.00297 7.31031 8.54518 5.45225 4.99259 3.98222 3.73601 3.562 3.13342 3.11422 2.91654 4.35267
threshold=0.34514106583072107 -0.70473174366616986 -0.11378020713463753 0.69321266968325801 -0.89309523809523805 -0.24852941176470586 -0.1977011494252873 0.12158167036215818 -0.051956815114709891 -0.2331050228310502 0.29847345636819328 0.37011669203450032 -0.58863819500402892 -0.53752345215759834
decision_type=2 2 2 2 2 2 2 2 2 2 2 2 2 2
left_child=1 6 5 4 -2 8 -1 -4 11 -10 -5 -3 13 -6
right_child=3 2 7 10 12 -7 -8 -9 9 -11 -12 -13 -14 -15
leaf_value=-4.9453950623491799e-05 0.0065903002701631205 -0.0033540057659775676 0.00077575118870824703 0.0025387402250400689 0.0020387812531312785 -0.0013792857493287894 0.0036556070745046737 -0.0013076500855555377 0.0016661269563557836 -0.0026149139444618312 0.00521507587870084 -0.0064800359480364543 0.0015863356367546812 -0.0044821239286853424
leaf_weight=933 289 1397 1584 716 174 3121 494 1704 208 923 970 377 3127 176
leaf_count=933 289 1397 1584 716 174 3121 494 1704 208 923 970 377 3127 176
internal_value=3.77287e-05 -0.00119346 -0.00156871 0.00246104 0.0017183 -0.00225678 0.00124968 -0.000304659 -0.00319155 -0.00181989 0.00410018 -0.00405093 0.00129561 -0.00127372
internal_weight=16193 10741 9314 5452 3766 6026 1427 3288 2905 1131 1686 1774 3477 350
internal_count=16193 10741 9314 5452 3766 6026 1427 3288 2905 1131 1686 1774 3477 350
is_linear=0
shrinkage=0.03


Tree=23
num_leaves=15
num_cat=0
split_feature=3 1 3 0 4 4 3 1 3 1 2 9 2 1
split_gain=48.7338 14.124 8.7172 7.72292 5.01056 4.69262 4.47135 3.81703 5.37738 3.72691 4.96214 3.35051 3.20269 4.06194
threshold=0.37771377935312361 -0.70473174366616986 -0.43308457711442783 0.83584100606332823 -0.15438786565547127 0.073622402890695673 -0.1977011494252873 -0.019237883832778409 -0.79887640449438191 0.1564382530120482 0.65669642857142874 -0.89309523809523805 -0.35100035100035093 0.57223113964687011
decision_type=2 2 2 2 2 2 2 2 2 2 2 2 2 2
left_child=1 6 4 5 7 -2 -1 -3 -9 -4 -11 -7 -6 -14
right_child=3 2 9 -5 12 11 -8 8 -10 10 -12 -13 13 -15
leaf_value=0.00044251848098338082 0.00058150113463196671 -0.0021021558361503088 4.0681507936268289e-06 0.0048107697401663123 -0.0028934982408931713 0.0058447619177053097 0.0038831837752825644 -0.008246780987081136 -0.0034674544268145512 -0.002170052360160222 0.00091144189029930469 0.0022917776754446876 0.0010756035108196629 -0.0027686500427445047
leaf_weight=950 1545 881 2993 1020 759 263 522 292 825 2205 591 2333 664 381
leaf_count=950 1545 881 2993 1020 759 263 522 292 825 2205 591 2333 664 381
internal_value=7.55835e-05 -0.00104737 -0.00146737 0.0024801 -0.00258173 0.00189581 0.00168062 -0.00361498 -0.00477893 -0.000732311 -0.00151778 0.00267278 -0.00142375 -0.000338944
internal_weight=16224 11063 9591 5161 3802 4141 1472 1998 1117 5789 2796 2596 1804 1045
internal_count=16224 11063 9591 5161 3802 4141 1472 1998 1117 5789 2796 2596 1804 1045
is_linear=0
shrinkage=0.03


Tree=24
num_leaves=15
num_cat=0
split_feature=3 1 3 0 3 9 5 2 5 1 8 8 9 4
split_gain=60.2886 10.9533 6.80608 6.74921 6.14608 5.22052 4.28366 3.89342 3.14477 3.03693 3.46555 3.39063 3.17065 2.92684
threshold=0.30816714150047492 -0.29679679679679671 -0.4752049180327868 0.69321266968325801 -0.11378020713463753 -0.89309523809523805 -0.26453684922244752 -0.52875082617316582 0.55863254392666173 -0.34351679104477606 0.66249413237365062 0.89237451737451745 -0.3965259059598682 0.82807881773399028
decision_type=2 2 2 2 2 2 2 2 2 2 2 2 2 2
left_child=1 4 6 5 13 -2 -3 -8 -6 10 -7 12 -11 -1
right_child=3 2 -4 -5 8 9 7 -9 -10 11 -12 -13 -14 -15
leaf_value=-0.0011641861459792372 0.0054911988965137461 -0.0046039757235181297 -0.0013505502019856691 0.0040258699252111877 0.0010012902010431966 0.0034258890881580868 -0.0046282842926425151 -0.0011191018384275053 0.0050313960243312814 -0.001302219127742433 -0.0010629196222575884 0.0053636295277416906 0.0012085982241206846 0.0024500243161800759
leaf_weight=2370 303 1213 4261 1686 877 970 394 996 210 587 179 133 1872 211
leaf_count=2370 303 1213 4261 1686 877 970 394 996 210 587 179 133 1872 211
internal_value=-4.0653e-05 -0.00138766 -0.00209405 0.00243332 -6.36912e-05 0.00176107 -0.0033013 -0.00213975 0.00181864 0.00144512 0.00272345 0.00087016 0.000606382 -0.000860404
internal_weight=16262 10532 6864 5730 3668 4044 2603 1390 1087 3741 1149 2592 2459 2581
internal_count=16262 10532 6864 5730 3668 4044 2603 1390 1087 3741 1149 2592 2459 2581
is_linear=0
shrinkage=0.03


Tree=25
num_leaves=15
num_cat=0
split_feature=3 3 7 6 5 4 3 2 4 7 6 0 7 6
split_gain=49.5634 9.78535 7.44818 6.4796 5.91319 4.90996 3.20355 3.82324 3.51327 2.91393 2.87572 2.82584 5.91776 3.33358
threshold=0.21913109756097562 -0.43308457711442783 0.89851963098047638 -0.57052441229656403 0.6777901371894699 0.50280898876404501 0.52586975914362188 -0.61242176215695709 0.43263412666397744 0.4709263015551049 -0.3965259059598682 0.51053093462044774 -0.040547945205479489 0.015628815628815577
decision_type=2 2 2 2 2 2 2 2 2 2 2 2 2 2
left_child=1 3 5 -1 -5 6 7 -2 -8 -6 -9 -3 -13 -14
right_child=2 11 -4 4 9 -7 8 10 -10 -11 -12 12 13 -15
leaf_value=0.00058617072165883979 -0.0038390401886772454 -0.00079854379358106564 0.0052407480785305691 -0.0031938204483764492 -0.0011370133772546139 0.0028614976934078526 0.0023330982926718035 0.0024647561909383539 -0.00206341323740475 0.0042879867405795002 -0.00019364916644984604 0.0035768143665795022 0.0020587834109759701 -0.002862475048005581
leaf_weight=575 182 4303 584 3539 250 2113 1719 519 173 126 1186 428 183 340
leaf_count=575 182 4303 584 3539 250 2113 1719 519 173 126 1186 428 183 340
internal_value=-4.29436e-07 -0.0013519 0.00203198 -0.00237876 -0.00281461 0.0017056 0.00105344 0.000176677 0.00192236 0.000744929 0.00062522 -0.000471504 0.00100117 -0.00113419
internal_weight=16220 9744 6476 4490 3915 5892 3779 1887 1892 376 1705 5254 951 523
internal_count=16220 9744 6476 4490 3915 5892 3779 1887 1892 376 1705 5254 951 523
is_linear=0
shrinkage=0.03


Tree=26
num_leaves=15
num_cat=0
split_feature=3 1 3 0 9 9 2 2 2 1 4 7 1 3
split_gain=44.4977 11.7951 8.72529 8.68678 6.47087 4.76381 4.13082 4.09337 3.51911 3.01347 2.70854 2.57621 2.51488 2.67117
threshold=0.37771377935312361 -0.31198770491803274 -0.70473174366616986 0.83584100606332823 -0.89309523809523805 -0.52056338028169002 -0.61242176215695709 0.34514106583072107 0.88303693570451447 -0.90143695608176466 0.56574122577265595 0.61781229345670863 0.27518115942028981 -0.16172624237140362
decision_type=2 2 2 2 2 2 2 2 2 2 2 2 2 2
left_child=1 7 -3 4 11 -6 12 9 -5 -1 -7 -2 13 -4
right_child=3 2 6 8 5 10 -8 -9 -10 -11 -12 -13 -14 -15
leaf_value=0.0023839197491710312 0.0036119396773045837 -0.0038550799538031089 -0.0036010875632206175 0.0039181050185799673 -0.00078424346321367033 0.0013566143838368914 -0.00091094296171867451 0.0029001972788919592 0.0085512970678810595 -0.00036203026628561856 0.0033234138770478769 0.0094991975837158335 -0.0054368222521452032 0.0013206753742443468
leaf_weight=401 213 1365 252 816 723 2316 5294 488 186 2871 872 106 293 153
leaf_count=401 213 1365 252 816 723 2316 5294 488 186 2871 872 106 293 153
internal_value=7.36473e-05 -0.000999988 -0.00169783 0.00235247 0.00174982 0.00140573 -0.0012008 0.000366334 0.00485416 -1.92621e-05 0.00190329 0.00579748 -0.00335533 -0.00175473
internal_weight=16349 11117 7357 5232 4230 3911 5992 3760 1002 3272 3188 319 698 405
internal_count=16349 11117 7357 5232 4230 3911 5992 3760 1002 3272 3188 319 698 405
is_linear=0
shrinkage=0.03


Tree=27
num_leaves=15
num_cat=0
split_feature=3 0 4 3 0 3 7 9 7 3 0 2 4 0
split_gain=46.6166 7.29666 6.17361 7.33477 5.47964 4.65337 3.5828 3.14622 2.91489 3.00444 2.42101 2.40998 2.9179 2.74528
threshold=0.21261798310978644 0.68651074887786456 0.13867521367521365 -0.72264957264957252 -0.66479400749063666 0.61152570480928703 -0.14729990356798459 0.23660287081339718 0.89851963098047638 -0.91836356904850047 0.46305060065526032 -0.605448480355819 0.89851963098047638 0.11237373737373736
decision_type=2 2 2 2 2 2 2 2 2 2 2 2 2 2
left_child=2 4 3 -1 7 -3 -7 -2 9 -4 -11 -6 13 -13
right_child=1 5 8 -5 11 6 -8 -9 -10 10 -12 12 -14 -15
leaf_value=-0.0039079997109009862 0.0045067312480658638 0.0012711207418599913 -0.0031978693473776625 -0.0013226154435858244 -0.0013064191474339492 0.0014560920591498922 0.0053814868767128859 -0.00059527620865517988 0.0036240631105777408 -0.00054330490097762409 0.001665773906896293 9.5034661583695134e-05 0.0053095891734916871 0.0018031982213470186
leaf_weight=1216 641 560 308 5202 392 274 1022 128 158 2345 541 1660 136 1721
leaf_count=1216 641 560 308 5202 392 274 1022 128 158 2345 541 1660 136 1721
internal_value=3.79527e-05 0.00199779 -0.00127346 -0.00181778 0.0013613 0.00358615 0.00456908 0.00366076 -0.000228947 -0.000430263 -0.000124876 0.000900756 0.00114977 0.000967279
internal_weight=16304 6534 9770 6418 4678 1856 1296 769 3352 3194 2886 3909 3517 3381
internal_count=16304 6534 9770 6418 4678 1856 1296 769 3352 3194 2886 3909 3517 3381
is_linear=0
shrinkage=0.03


Tree=28
num_leaves=15
num_cat=0
split_feature=3 1 1 3 0 0 2 3 6 3 2 2 8 1
split_gain=35.3451 9.43162 6.14339 5.98302 5.86774 5.54499 4.68319 4.5289 4.43088 3.71687 3.33885 3.28358 4.20389 3.14767
threshold=0.21913109756097562 -0.28989813242784374 -0.6955588929414287 -0.6795061728395061 0.34514106583072107 -0.91836356904850047 0.34514106583072107 -0.73969508752117441 -0.32958801498127338 0.96850198412698418 -0.7900856793145653 -0.37284167398302598 -0.6557112068965516 -0.71256454388984503
decision_type=2 2 2 2 2 2 2 2 2 2 2 2 2 2
left_child=1 6 -2 11 5 -4 7 -1 -7 -6 -5 -3 -13 -9
right_child=2 3 4 10 9 8 -8 13 -10 -11 -12 12 -14 -15
leaf_value=-0.0022645600483158558 0.0039238019941906744 -0.0050452377396975672 0.0062700623808094585 -0.0049029094439905462 0.0019999950477847033 0.0015043521840779409 0.0030508535360175759 0.001877459998778318 -0.00094220807479913199 0.0059136189121684274 -0.0010849283672507287 0.0017459972643017845 -0.0032526791108669134 -0.00043547560073889358
leaf_weight=747 989 642 128 207 2456 1154 432 827 1548 234 4593 186 694 1434
leaf_count=747 989 642 128 207 2456 1154 432 827 1548 234 4593 186 694 1434
internal_value=4.45276e-05 -0.00109683 0.00175536 -0.0017838 0.00136045 0.000404357 0.000167192 -0.000255687 0.00010439 0.00236108 -0.00125943 -0.00341852 -0.00218839 0.000415063
internal_weight=16271 9762 6509 6322 5520 2830 3440 3008 2702 2690 4800 1522 880 2261
internal_count=16271 9762 6509 6322 5520 2830 3440 3008 2702 2690 4800 1522 880 2261
is_linear=0
shrinkage=0.03


Tree=29
num_leaves=15
num_cat=0
split_feature=3 4 4 6 7 3 2 4 7 0 6 4 2 9
split_gain=40.5725 11.2275 4.29653 4.10753 4.66728 3.57487 3.10685 3.27316 3.07374 2.90955 3.35951 3.16139 2.63537 2.56126
threshold=-0.093541666666666676 0.57223113964687011 -0.099295774647887289 -0.71256454388984503 0.90342013214146921 -0.63019943019943014 -0.63911657559198531 0.92749178532311072 0.16436803325146424 0.11237373737373736 -0.29679679679679671 -0.22623655913978494 -0.84344362745098034 0.89237451737451745
decision_type=2 2 2 2 2 2 2 2 2 2 2 2 2 2
left_child=2 3 5 -2 9 -1 8 -8 -4 10 -5 -12 -10 -6
right_child=1 -3 6 4 13 -7 7 -9 12 -11 11 -13 -14 -15
leaf_value=-0.0035670458614137988 0.0025579355487612512 0.00301704077348257 -0.0036960642912352167 0.0009538566906936467 0.001641459112317534 -0.0016669306516806344 -0.0005592385029402065 0.0043738035213755208 0.0016441472433507442 0.00078530738920955712 -0.0027289823019238588 -0.00010631725894913911 -0.0027866452645543402 0.0069499951942513377
leaf_weight=1417 881 2513 579 815 230 2476 2233 118 250 2906 801 846 216 125
leaf_count=1417 881 2513 579 815 230 2476 2233 118 250 2906 801 846 216 125
internal_value=-1.90049e-05 0.00131434 -0.00168625 0.000662836 0.000367151 -0.00236591 -0.000902469 -0.000294166 -0.00225525 0.000143673 -0.000613787 -0.00139059 -0.000425007 0.00364986
internal_weight=16406 9117 7289 6604 5723 3893 3396 2351 1045 5368 2462 1647 466 355
internal_count=16406 9117 7289 6604 5723 3893 3396 2351 1045 5368 2462 1647 466 355
is_linear=0
shrinkage=0.03


Tree=30
num_leaves=15
num_cat=0
split_feature=3 1 3 0 5 9 7 9 3 1 1 7 0 3
split_gain=40.0491 10.1028 5.8559 5.35353 5.02654 4.88497 4.40011 4.31202 3.24382 3.17495 6.12808 3.08718 2.947 2.86192
threshold=0.37771377935312361 -0.29679679679679671 -0.43308457711442783 0.69321266968325801 0.12158167036215818 -0.89309523809523805 -0.30320054477357838 -0.77388922702373697 -0.605448480355819 -0.051956815114709891 -0.45129664769133454 -0.90143695608176466 0.13867521367521365 0.77096018735363003
decision_type=2 2 2 2 2 2 2 2 2 2 2 2 2 2
left_child=1 6 4 5 -3 -2 8 -7 -1 10 -5 -9 -4 -11
right_child=3 2 12 9 -6 7 -8 11 -10 13 -12 -13 -14 -15
leaf_value=-0.0032369845711254794 0.0052803452543344993 -0.0036110629236591374 -0.0015947502596418163 0.0042675904124262641 -0.00089404024668174515 -0.0025864674815001998 0.00099212084795325794 0.0059251276075678021 -8.1697067916520417e-05 0.0026527192472760391 -0.0014023646066569663 0.0013144846294054278 -3.1263241974707295e-05 0.0062244735494973733
leaf_weight=433 282 1863 2687 437 923 239 2529 128 869 359 272 2921 1816 535
leaf_count=433 282 1863 2687 437 923 239 2529 128 869 359 272 2921 1816 535
internal_value=3.12213e-05 -0.000983162 -0.001638 0.00220945 -0.00271733 0.00155538 0.000263785 0.00122086 -0.00114771 0.00364745 0.00210312 0.00152678 -0.000965683 0.00483539
internal_weight=16293 11120 7289 5173 2786 3570 3831 3288 1302 1603 709 3049 4503 894
internal_count=16293 11120 7289 5173 2786 3570 3831 3288 1302 1603 709 3049 4503 894
is_linear=0
shrinkage=0.03


Tree=31
num_leaves=15
num_cat=0
split_feature=5 1 2 9 9 1 8 1 4 8 2 8 1 1
split_gain=17.5093 9.78382 8.80575 5.8634 5.2679 4.72358 3.83168 3.79431 3.71742 3.67565 3.474 3.42787 3.37389 2.75535
threshold=0.55863254392666173 0.22623655913978494 -0.06580086580086579 0.61781229345670863 -0.93984622342831292 -0.86949116457313169 0.72524509803921589 -0.28165064102564097 -0.31198770491803274 0.62583333333333346 0.17287356321839079 0.96850198412698418 -0.90143695608176466 0.92749178532311072
decision_type=2 2 2 2 2 2 2 2 2 2 2 2 2 2
left_child=1 2 5 10 -2 -1 -6 12 -7 -5 -3 -9 -8 -12
right_child=4 3 -4 9 6 8 7 11 -10 -11 13 -13 -14 -15
leaf_value=0.0025356806249117419 0.0066043525594918417 -0.0030825091741417286 0.0013590391082306972 -0.00066144522874567809 0.0010323376166717956 -0.0019807386738468205 0.0051001859949402779 0.006347979453556394 -0.00015123453879880552 0.0032345884107935212 -0.00084676599726382336 0.0001049274710769003 -0.0012473729705630705 -0.0044156008072366764
leaf_weight=362 189 1757 3237 810 2751 1855 102 376 2158 287 1779 100 222 210
leaf_count=362 189 1757 3237 810 2751 1855 102 376 2158 287 1779 100 222 210
internal_value=4.48972e-05 -0.000495843 0.000175035 -0.00154849 0.0018422 -0.000702094 0.0015709 0.00338727 -0.00099974 0.000377857 -0.00211211 0.00506556 0.000843803 -0.00124377
internal_weight=16195 12455 7612 4843 3740 4375 3551 800 4013 1097 3746 476 324 1989
internal_count=16195 12455 7612 4843 3740 4375 3551 800 4013 1097 3746 476 324 1989
is_linear=0
shrinkage=0.03


Tree=32
num_leaves=15
num_cat=0
split_feature=3 1 7 4 3 1 9 5 0 1 1 7 1 7
split_gain=36.5889 8.981 6.7592 5.30629 3.74352 3.68732 4.56945 3.60183 3.5952 3.31197 3.10036 3.0695 3.01845 3.51561
threshold=0.2022727272727273 -0.71256454388984503 0.92749178532311072 0.53456514813634926 -0.72264957264957252 -0.35100035100035093 0.032795698924731227 -0.41897974493623397 0.06472559698366144 -1.0000000180025095e-35 -0.38688172043010749 -0.67242921013412815 0.14784456587735276 0.073622402890695673
decision_type=2 2 2 2 2 2 2 2 2 2 2 2 2 2
left_child=1 -1 3 5 7 -2 11 9 -8 -3 -9 -7 13 -12
right_child=2 4 -4 -5 -6 6 8 10 -10 -11 12 -13 -14 -15
leaf_value=0.001157232503969649 0.0022695762886811256 -0.0022531191989927008 0.0050548273279259013 0.0026616979583008807 -0.0012097221134655012 0.0019228608218728074 -0.00081125013491520196 0.0011073291654374157 0.002121377036642536 -0.0067967183671300774 -0.0072323537416060998 -0.0018934824552897299 -0.0012329774922310102 -0.00065808361365703779
leaf_weight=1277 1107 293 495 2089 6628 226 537 257 1213 306 199 981 555 116
leaf_count=1277 1107 293 495 2089 6628 226 537 257 1213 306 199 981 555 116
internal_value=2.21387e-06 -0.001179 0.00171264 0.001436 -0.00153707 0.000800972 0.000245381 -0.0027799 0.00122198 -0.00464771 -0.00175502 -0.00116898 -0.00260354 -0.00490609
internal_weight=16279 9631 6648 6153 8354 4064 2957 1726 1750 599 1127 1207 870 315
internal_count=16279 9631 6648 6153 8354 4064 2957 1726 1750 599 1127 1207 870 315
is_linear=0
shrinkage=0.03


Tree=33
num_leaves=15
num_cat=0
split_feature=3 1 3 0 2 2 4 1 4 5 8 8 0 1
split_gain=36.779 10.9909 8.22859 5.39661 4.51688 4.40557 3.87752 3.74198 3.5932 3.53675 3.0191 3.36605 2.99002 2.92666
threshold=0.37771377935312361 0.22623655913978494 -0.11378020713463753 0.69321266968325801 -0.059532246633593182 0.17287356321839079 -0.11884584342211461 -0.90143695608176466 0.38548951048951058 0.81438415159345401 -0.93495505023796921 -0.64631422189128795 -0.605448480355819 0.74625530963559139
decision_type=2 2 2 2 2 2 2 2 2 2 2 2 2 2
left_child=1 2 4 6 7 8 13 -1 12 -7 -8 -12 -3 -2
right_child=3 5 -4 -5 -6 9 10 -9 -10 -11 11 -13 -14 -15
leaf_value=0.0016918459332858522 0.00051015466521112964 -0.0066290037675833663 0.001206708515756743 0.0035452597367722793 0.00046700512984572439 -0.0015264688023696302 -0.0023539670723998411 -0.0019070950678021356 -0.0006124036005249906 0.0028243791612405926 0.004473608939721649 0.0017316884496115605 -0.0031278441576444217 -0.004391649938898342
leaf_weight=278 998 262 2392 1609 1379 1818 122 2886 431 176 516 1854 1502 113
leaf_count=278 998 262 2392 1609 1379 1818 122 2886 431 176 516 1854 1502 113
internal_value=2.61886e-05 -0.000948089 -0.000214329 0.00210343 -0.000963546 -0.00215945 0.00145152 -0.00158655 -0.00308502 -0.00113026 0.00210642 0.00234495 -0.00368229 -2.31374e-05
internal_weight=16336 11124 6935 5212 4543 4189 3603 3164 2195 1994 2492 2370 1764 1111
internal_count=16336 11124 6935 5212 4543 4189 3603 3164 2195 1994 2492 2370 1764 1111
is_linear=0
shrinkage=0.03


Tree=34
num_leaves=15
num_cat=0
split_feature=3 3 0 4 4 9 7 4 2 7 8 2 9 2
split_gain=28.51 6.62014 5.21456 4.52093 4.1447 3.84423 3.67219 3.54019 2.85703 2.98701 2.39152 2.66229 2.33698 2.33168
threshold=0.30816714150047492 -0.43308457711442783 0.6777901371894699 0.41004623791509048 0.63356807511737101 -0.89309523809523805 0.41795166858458005 -0.49712643678160912 0.25824574121058358 -0.13938769502502205 0.60232558139534897 -0.6211556383970176 0.49274752995585464 0.54076207354895889
decision_type=2 2 2 2 2 2 2 2 2 2 2 2 2 2
left_child=1 3 5 10 -3 6 -2 -4 -9 -10 11 -1 -6 -5
right_child=2 4 7 13 12 -7 -8 8 9 -11 -12 -13 -14 -15
leaf_value=-0.0041798061675613323 0.0015355761543543514 -0.0005567045675282697 -0.00086003078942975162 0.00047931611089835655 0.0028159163670283837 0.00081181218167583277 0.0083080969892081712 0.0019249779827255704 0.00085392063106881091 0.0053191153755220251 -0.00037834506039223167 -0.0021046068544118704 -0.0015836805022881105 -0.0030877473851200193
leaf_weight=773 186 5391 185 931 531 3730 114 661 168 774 481 2125 129 190
leaf_count=773 186 5391 185 931 531 3730 114 661 168 774 481 2125 129 190
internal_value=-5.12452e-07 -0.000930015 0.00168385 -0.00180009 -0.000281056 0.00108103 0.00429412 0.003029 0.00348037 0.00454011 -0.00234638 -0.00267061 0.00194519 -0.000147226
internal_weight=16369 10551 5818 4500 6051 4030 300 1788 1603 942 3379 2898 660 1121
internal_count=16369 10551 5818 4500 6051 4030 300 1788 1603 942 3379 2898 660 1121
is_linear=0
shrinkage=0.03


Tree=35
num_leaves=15
num_cat=0
split_feature=3 2 1 1 0 5 5 1 1 8 3 3 7 9
split_gain=26.9909 8.59297 7.983 6.51154 5.46955 4.7254 3.5942 4.08625 3.83956 3.54233 3.46681 3.05542 2.91469 2.88041
threshold=-0.11378020713463753 0.82807881773399028 -0.30320054477357838 -0.48255578093306278 0.41795166858458005 0.58939234281700037 0.77096018735363003 0.82807881773399028 0.66249413237365062 -0.92814113597246117 0.43263412666397744 -0.70473174366616986 -0.28165064102564097 0.44963768115942032
decision_type=2 2 2 2 2 2 2 2 2 2 2 2 2 2
left_child=2 3 12 9 6 -3 7 10 -8 -2 -5 -4 13 -1
right_child=1 5 11 4 -6 -7 8 -9 -10 -11 -12 -13 -14 -15
leaf_value=-0.0020504835874557898 -0.0028862673677504062 0.0015274686780348591 -0.003283986314205387 -0.0006033729234329445 0.0013972953534408944 0.0052244551645320211 -0.0054691640327305157 -0.0034944354251628838 0.0013968367513946512 0.0024629016897413421 0.0015166273824199718 -0.0015982881109096808 0.00072965642703902249 0.0031372194097855606
leaf_weight=763 110 638 1413 1995 2157 620 233 298 100 1941 1052 3175 1631 101
leaf_count=763 110 638 1413 1995 2157 620 233 298 100 1941 1052 3175 1631 101
internal_value=7.0261e-06 0.00108337 -0.00138208 0.000713774 0.000201402 0.00337635 -0.000501829 -0.000201309 -0.00342669 0.0021634 0.00013114 -0.00212346 -1.5739e-05 -0.00141509
internal_weight=16227 9144 7083 7886 5835 1258 3678 3345 333 2051 3047 4588 2495 864
internal_count=16227 9144 7083 7886 5835 1258 3678 3345 333 2051 3047 4588 2495 864
is_linear=0
shrinkage=0.03


Tree=36
num_leaves=15
num_cat=0
split_feature=3 5 1 1 9 3 6 4 4 3 8 3 5 1
split_gain=28.6014 7.12507 6.14569 3.98435 4.41513 3.11005 3.0466 3.14428 2.95319 3.00446 2.61543 2.51937 2.16298 2.02049
threshold=-1.0000000180025095e-35 0.55863254392666173 -0.77388922702373697 0.35434243176178665 0.74050024050024055 0.93239382974671503 -0.67242921013412815 0.86949116457313191 -0.099295774647887289 -0.63019943019943014 -0.90733452593917707 0.31467710371819962 0.64888572783309639 -0.35100035100035093
decision_type=2 2 2 2 2 2 2 2 2 2 2 2 2 2
left_child=2 3 -1 10 11 12 -7 -8 9 -4 -2 -5 -3 -14
right_child=1 5 8 4 -6 6 7 -9 -10 -11 -12 -13 13 -15
leaf_value=0.00107336213453948 -0.0028973877274288532 0.0039219635078916321 -0.0033200165841542882 -0.0026735219122425544 0.0022535049530487297 0.0012783256167448449 0.0031758845025407416 0.0094647110090151712 -0.00090860196824259763 -0.0015630263963703798 0.0013374746888685396 -0.00023260865210544685 0.002815145708445925 0.00065126860073241616
leaf_weight=853 127 414 1320 614 416 162 158 149 3077 2688 3634 981 630 1009
leaf_count=853 127 414 1320 614 416 162 158 149 3077 2688 3634 981 630 1009
internal_value=-3.61185e-05 0.00119516 -0.0013225 0.000611902 -0.000464522 0.00252234 0.00471463 0.0064304 -0.00161205 -0.0021485 0.00118717 -0.00118305 0.00200109 0.00149505
internal_weight=16232 8294 7938 5772 2011 2522 469 307 7085 4008 3761 1595 2053 1639
internal_count=16232 8294 7938 5772 2011 2522 469 307 7085 4008 3761 1595 2053 1639
is_linear=0
shrinkage=0.03


Tree=37
num_leaves=15
num_cat=0
split_feature=3 3 8 4 5 7 3 9 6 9 2 6 2 4
split_gain=21.7653 7.5609 3.9445 3.65696 3.36592 3.20297 3.06292 3.06349 3.53305 2.66841 4.32881 2.47139 2.43446 2.3664
threshold=-0.11378020713463753 0.75411605937921733 -0.90143695608176466 0.28330047873838354 0.70209762000806786 -0.35538545653362491 -0.73969508752117441 -0.7900856793145653 -0.016133229247983379 0.37884436160298235 -0.53752345215759834 -0.32958801498127338 0.22623655913978494 -0.91836356904850047
decision_type=2 2 2 2 2 2 2 2 2 2 2 2 2 2
left_child=4 2 -2 -4 6 -3 -1 11 -9 -5 -11 -8 -7 -10
right_child=1 5 3 9 -6 12 7 8 13 10 -12 -13 -14 -15
leaf_value=-0.0025445901906744261 -0.0029435385918757436 0.000370195139338812 0.00015778855551511049 0.0023721575308277699 0.00073862977246004784 0.0014210912037708092 -0.0072983746235535116 0.00020935234720628632 -0.0049584672636385158 -0.0044326902889470395 0.0012606641850770755 -0.0018958712029598244 0.0039438387308343261 -0.0012864569937985648
leaf_weight=1692 277 478 4553 1485 694 516 108 1754 161 138 630 246 1130 2405
leaf_count=1692 277 478 4553 1485 694 516 108 1754 161 138 630 246 1130 2405
internal_value=1.55827e-05 0.000976075 0.000503645 0.000648056 -0.00123661 0.00254176 -0.00145277 -0.00105293 -0.000828036 0.00163374 0.000193814 -0.00369932 0.00316635 -0.00153521
internal_weight=16267 9207 7083 6806 7060 2124 6366 4674 4320 2253 768 354 1646 2566
internal_count=16267 9207 7083 6806 7060 2124 6366 4674 4320 2253 768 354 1646 2566
is_linear=0
shrinkage=0.03


Tree=38
num_leaves=15
num_cat=0
split_feature=3 2 4 0 8 8 7 9 9 3 7 7 4 3
split_gain=24.3175 5.78517 3.99694 3.8595 3.59142 3.10205 3.31954 3.57949 4.43857 3.01311 2.88855 2.8003 2.48538 2.46693
threshold=0.43263412666397744 -0.59537185660781156 -0.10741758241758236 0.48683298683298687 0.90786914235190108 -0.93495505023796921 -0.90143695608176466 -0.85940202619224104 -0.63275862068965505 -0.1977011494252873 0.29847345636819328 0.37771377935312361 0.59508740204942756 0.90342013214146921
decision_type=2 2 2 2 2 2 2 2 2 2 2 2 2 2
left_child=1 -1 9 4 -4 -2 -7 13 10 -3 -9 12 -5 -8
right_child=5 2 3 11 -6 6 7 8 -10 -11 -12 -13 -14 -15
leaf_value=-0.0019703519264415116 -0.0023237620298721777 -0.0016981330490498168 4.1744357503853844e-05 0.0022492844843633336 -0.0052248762103859793 0.0064440636726794762 0.0025911009855195881 -0.0035480844024367584 0.0018487779945178945 -0.00019036719082585261 0.0015186377932497469 -0.00016827329755852036 0.0072308218598200547 0.0077769291218607976
leaf_weight=2688 151 2464 3152 395 111 134 240 233 3682 2309 166 296 114 131
leaf_count=2688 151 2464 3152 395 111 134 240 233 3682 2309 166 296 114 131
internal_value=-1.06814e-05 -0.000754205 -0.000382642 0.000307964 -0.000152831 0.0017967 0.00193713 0.00178734 0.00152305 -0.000970655 -0.00145453 0.00215471 0.00348282 0.00457827
internal_weight=16266 11529 8841 4068 3263 4737 4586 4452 4081 4773 399 805 509 371
internal_count=16266 11529 8841 4068 3263 4737 4586 4452 4081 4773 399 805 509 371
is_linear=0
shrinkage=0.03


Tree=39
num_leaves=15
num_cat=0
split_feature=4 0 6 1 2 9 2 7 6 6 7 1 2 6
split_gain=12.8712 7.73141 6.52931 5.73238 5.58823 3.93049 3.83857 3.4757 3.42954 3.30677 3.26321 3.25185 2.97851 2.92466
threshold=-0.059532246633593182 0.34514106583072107 0.30816714150047492 0.56574122577265595 0.73152530032763019 -0.85940202619224104 0.25317269076305232 -0.63019943019943014 0.1564382530120482 -0.86159003831417613 -0.85129906025428403 0.3228287841191067 -0.70473174366616986 0.94904251866277189
decision_type=2 2 2 2 2 2 2 2 2 2 2 2 2 2
left_child=3 2 5 6 11 9 8 10 -1 -2 -4 12 -3 -9
right_child=1 4 7 -5 -6 -7 -8 13 -10 -11 -12 -13 -14 -15
leaf_value=-0.00022916475902166826 0.0076465901859929068 -0.00045602966962061118 -0.0023975296657505057 -0.0027200117062404958 0.0041759186975326911 0.00041572660225936157 0.00069058466906671387 -0.0025599780341730815 -0.0018809255525415658 0.0017660674826286643 0.0035406156391793982 -0.00038630951282047949 0.0025972781765407254 0.0015769967100886483
leaf_weight=2412 112 362 126 1337 744 3376 1624 1271 2126 324 208 778 1339 168
leaf_count=2412 112 362 126 1337 744 3376 1624 1271 2126 324 208 778 1339 168
internal_value=-3.38453e-05 0.000743466 6.74825e-05 -0.000946615 0.00191102 0.000766719 -0.000558049 -0.00143176 -0.00100543 0.00341424 0.0012959 0.00121723 0.00194862 -0.00206945
internal_weight=16307 8808 5585 7499 3223 3812 6162 1773 4538 436 334 2479 1701 1439
internal_count=16307 8808 5585 7499 3223 3812 6162 1773 4538 436 334 2479 1701 1439
is_linear=0
shrinkage=0.03


Tree=40
num_leaves=15
num_cat=0
split_feature=3 1 3 5 4 7 9 9 7 7 1 1 3 8
split_gain=19.4398 9.31297 4.08594 3.01379 2.98704 2.75362 2.50258 5.32275 3.01137 2.18344 2.07897 1.9859 2.87896 1.85365
threshold=0.43263412666397744 -0.29679679679679671 -0.70473174366616986 0.80123456790123471 -0.76393188854489147 0.94904251866277189 -0.89309523809523805 -0.63275862068965505 0.32958801498127338 0.61781229345670863 -0.099295774647887289 -0.90143695608176466 -0.8767331433998099 -0.36489262371615311
decision_type=2 2 2 2 2 2 2 2 2 2 2 2 2 2
left_child=1 4 3 13 -1 6 9 8 -8 10 -2 -6 -13 -3
right_child=5 2 -4 -5 11 -7 7 -9 -10 -11 -12 12 -14 -15
leaf_value=-0.0017793862568295943 -0.00074993595427040713 -0.0016276842405620428 -0.00087426510398913202 0.0016963652168950911 0.0027226451625067152 0.0043429036857139496 -0.0034211658575619528 0.0016861420358462774 0.0013329293415719184 0.007432672008707196 0.0048882097672903902 -0.0022967114169745052 0.00088300585921172539 -0.0040603190301755762
leaf_weight=419 111 480 6228 122 446 322 304 3587 187 103 110 272 2842 753
leaf_count=419 111 480 6228 122 446 322 304 3587 187 103 110 272 2842 753
internal_value=7.69801e-05 -0.000585595 -0.00120181 -0.00268987 0.000588827 0.00169645 0.00149346 0.00128508 -0.00162008 0.00399921 0.00214651 0.000871761 0.000598803 -0.00313402
internal_weight=16286 11562 7583 1355 3979 4724 4402 4078 491 324 221 3560 3114 1233
internal_count=16286 11562 7583 1355 3979 4724 4402 4078 491 324 221 3560 3114 1233
is_linear=0
shrinkage=0.03


Tree=41
num_leaves=15
num_cat=0
split_feature=3 9 1 0 9 1 2 3 0 4 4 0 0 8
split_gain=20.119 7.32887 7.10138 5.61004 4.26272 4.01565 3.64981 3.5513 3.21104 3.97214 3.02575 2.97857 2.80608 2.99601
threshold=0.21913109756097562 -0.85940202619224104 -0.22623655913978494 0.6777901371894699 -0.5070478459400436 -0.90143695608176466 -0.040547945205479489 -0.70473174366616986 -0.26453684922244752 -0.26453684922244752 0.77913279132791335 -0.73969508752117441 0.51765683423348574 0.69321266968325801
decision_type=2 2 2 2 2 2 2 2 2 2 2 2 2 2
left_child=2 10 5 4 11 -1 8 -4 -7 -10 -2 -3 -9 -14
right_child=1 3 7 -5 -6 6 -8 12 9 -11 -12 -13 13 -15
leaf_value=0.0030191989177220254 0.0029191871736970044 0.0018714804717147066 -0.002902512777673151 0.0023897842259659268 0.00084720789026449005 -0.0020722922421101131 0.0013440614067808244 -0.0014607037388009493 -0.0015726114019743425 0.0016616532377967709 0.007958826435711221 -0.0025286924306561313 -0.00051125987165545812 0.0038028326268218695
leaf_weight=382 323 169 1299 1777 3346 1033 980 3923 635 717 168 627 624 178
leaf_count=382 323 169 1299 1777 3346 1033 980 3923 635 717 168 627 624 178
internal_value=-2.34919e-05 0.00128143 -0.000879983 0.00098465 0.000377516 0.000145444 -0.000188768 -0.00151699 -0.000821592 0.000142208 0.00476798 -0.00158286 -0.00113076 0.000481273
internal_weight=16181 6410 9771 5919 4142 3747 3365 6024 2385 1352 491 796 4725 802
internal_count=16181 6410 9771 5919 4142 3747 3365 6024 2385 1352 491 796 4725 802
is_linear=0
shrinkage=0.03


Tree=42
num_leaves=15
num_cat=0
split_feature=3 1 2 3 2 4 1 6 8 8 3 5 1 5
split_gain=17.0656 6.86113 4.7693 4.29351 3.80938 3.44664 3.00315 5.20431 2.62647 2.78193 2.9487 2.59937 3.384 2.81643
threshold=0.37771377935312361 0.35434243176178665 -0.6211556383970176 -0.11378020713463753 0.82070417145044017 0.64888572783309639 -0.49712643678160912 -0.90733452593917707 -0.82554347826086938 0.23395061728395064 -0.58863819500402892 0.86949116457313191 0.58102025506376598 0.40279123861213423
decision_type=2 2 2 2 2 2 2 2 2 2 2 2 2 2
left_child=1 3 -3 -1 6 8 7 -2 -4 -10 -11 13 -13 -8
right_child=4 2 5 -5 -6 -7 11 -9 9 10 -12 12 -14 -15
leaf_value=-0.00060975051963414013 -0.0026445897075022201 -0.0047875183495354572 0.0023139534325299547 0.00088249262175470666 0.0031176091058518511 0.0012398566399654484 0.00015127861154790395 0.0031044441175908737 -0.0027389544258152251 -0.0036441355585062648 0.00012297671802580853 -0.0052660425982556007 0.0016432934131311334 0.0021985423690301766
leaf_weight=5007 156 390 132 2643 1024 411 1828 1041 1483 231 832 139 105 895
leaf_count=5007 156 390 132 2643 1024 411 1828 1041 1483 231 832 139 105 895
internal_value=6.57307e-05 -0.000596666 -0.00169917 -9.37161e-05 0.00148508 -0.00129506 0.00107711 0.00233949 -0.00168726 -0.00190295 -0.000721985 0.000561663 -0.00234512 0.000829759
internal_weight=16317 11129 3479 7650 5188 3089 4164 1197 2678 2546 1063 2967 244 2723
internal_count=16317 11129 3479 7650 5188 3089 4164 1197 2678 2546 1063 2967 244 2723
is_linear=0
shrinkage=0.03


Tree=43
num_leaves=15
num_cat=0
split_feature=3 1 2 0 0 8 7 2 7 2 4 1 8 2
split_gain=19.4456 4.78164 5.70958 3.79099 3.88309 4.69402 3.61192 3.54876 3.40299 3.79317 3.1207 3.01844 2.78228 2.74162
threshold=0.21913109756097562 -0.30320054477357838 -0.6211556383970176 0.83584100606332823 -0.90733452593917707 -0.93495505023796921 -0.30320054477357838 0.83584100606332823 -0.66479400749063666 -0.051956815114709891 0.92749178532311072 -0.28989813242784374 0.89237451737451745 -0.61242176215695709
decision_type=2 2 2 2 2 2 2 2 2 2 2 2 2 2
left_child=1 6 -3 4 -2 -6 8 -5 9 -1 -4 13 -13 -7
right_child=3 2 10 7 5 11 -8 -9 -10 -11 -12 12 -14 -15
leaf_value=-0.0012583450888023647 0.0048468799699733466 -0.0035287114027716189 -0.0011331753793785905 0.001788087098993919 -0.0043397420179098842 -0.00059788730943744828 0.000703396939744424 0.0057490053446624763 -0.002861536391339692 0.0041299839885409412 0.003829238032444547 0.00010068111541967341 0.0035396385081891903 0.0024696520503194636
leaf_weight=377 201 963 5310 851 152 320 2193 265 618 159 107 3159 217 1361
leaf_count=377 201 963 5310 851 152 320 2193 265 618 159 107 3159 217 1361
internal_value=-7.98784e-05 -0.000929484 -0.00141063 0.00118594 0.000854391 0.000691341 -1.0865e-05 0.00277133 -0.00136259 0.000386424 -0.00102828 0.000850828 0.000331529 0.00188562
internal_weight=16253 9727 6380 6526 5410 5209 3347 1116 1154 536 5417 5057 3376 1681
internal_count=16253 9727 6380 6526 5410 5209 3347 1116 1154 536 5417 5057 3376 1681
is_linear=0
shrinkage=0.03


Tree=44
num_leaves=15
num_cat=0
split_feature=3 5 1 1 1 5 9 4 2 0 1 1 2 2
split_gain=17.8879 5.53081 7.38451 4.88421 4.16294 3.81971 3.37456 3.3577 2.95369 3.54467 3.14698 2.99978 2.94934 2.53729
threshold=-0.11378020713463753 0.61152570480928703 0.31467710371819962 0.82807881773399028 -0.29679679679679671 0.77913279132791335 0.62583333333333346 0.82070417145044017 -0.49055258467023172 -0.44224170796797557 -0.29679679679679671 -0.58044603743528456 -0.6211556383970176 -0.059532246633593182
decision_type=2 2 2 2 2 2 2 2 2 2 2 2 2 2
left_child=4 2 -2 5 7 -3 -4 13 11 10 -10 -7 -6 -1
right_child=1 3 6 -5 12 8 -8 -9 9 -11 -12 -13 -14 -15
leaf_value=-0.0010391476569091215 0.0011879206509862938 0.0029668239782896879 -0.0015293500541070275 0.0048753891757373005 -0.0033007801171776032 0.0001928131622290867 0.00098251628919902791 0.0033477106367548306 0.0015851634378103833 0.002398208436090499 -0.0049055705412471892 -0.0062903991013088011 -0.0013072526560222279 0.00128452838564644
leaf_weight=1775 4309 826 1815 458 813 153 646 215 123 585 129 100 3741 545
leaf_count=1775 4309 826 1815 458 813 153 646 215 123 585 129 100 3741 545
internal_value=2.0093e-06 0.000878459 0.000440132 0.00212136 -0.00112816 0.00144114 -0.00086869 -0.000152743 0.000268519 0.00112856 -0.00179789 -0.00251147 -0.0016696 -0.000490114
internal_weight=16233 9144 6770 2374 7089 1916 2461 2535 1090 837 252 253 4554 2320
internal_count=16233 9144 6770 2374 7089 1916 2461 2535 1090 837 252 253 4554 2320
is_linear=0
shrinkage=0.03


Tree=45
num_leaves=15
num_cat=0
split_feature=3 1 1 3 9 6 6 9 6 9 9 6 0 8
split_gain=14.9002 6.63583 4.06545 5.06511 3.99872 3.34502 3.23282 3.22557 5.40615 4.06492 5.34653 2.88855 2.75382 2.63542
threshold=0.41004623791509048 0.21261798310978644 -0.90143695608176466 -0.73969508752117441 -0.89309523809523805 0.93700396825396837 0.56574122577265595 0.62583333333333346 -0.78247535596933171 0.3723210214318286 -0.06580086580086579 -0.74625530963559117 -0.90143695608176466 -0.8767331433998099
decision_type=2 2 2 2 2 2 2 2 2 2 2 2 2 2
left_child=1 2 -1 -4 -2 6 13 9 -9 10 -6 -5 -13 -3
right_child=4 5 3 11 7 -7 -8 8 -10 -11 -12 12 -14 -15
leaf_value=0.0026456648313716836 0.0043795680144761238 0.0031891882819649964 -0.0021160980631128386 0.0021197562815327927 6.040802118418543e-05 0.0013772752369194629 -0.0031149723311556226 -0.0027484820652644818 0.0029733741043914122 -0.0016279272844135831 0.0028811410841304268 -0.0047986377831301195 -6.0021580017781065e-05 -0.0014641653770847449
leaf_weight=433 335 105 1157 542 1759 303 1258 162 1173 632 912 103 4767 2682
leaf_count=433 335 105 1157 542 1759 303 1258 162 1173 632 912 103 4767 2682
internal_value=-0.000108733 -0.000708609 -0.000136383 -0.000323507 0.00125905 -0.00162769 -0.00185563 0.00102472 0.00226376 0.000518607 0.00103069 6.29171e-05 -0.000169871 -0.00127808
internal_weight=16323 11350 7002 6569 4973 4348 4045 4638 1335 3303 2671 5412 4870 2787
internal_count=16323 11350 7002 6569 4973 4348 4045 4638 1335 3303 2671 5412 4870 2787
is_linear=0
shrinkage=0.03


Tree=46
num_leaves=15
num_cat=0
split_feature=3 3 1 6 1 2 1 7 6 1 2 3 9 7
split_gain=16.1828 4.77983 5.11326 5.43982 3.69709 3.54885 3.45938 3.28241 2.92349 2.57557 2.29382 3.66421 2.20807 2.92091
threshold=-0.11378020713463753 0.77096018735363003 -0.6955588929414287 -0.89403508771929807 0.13867521367521365 -0.605448480355819 -0.49712643678160912 -0.14729990356798459 -0.83584100606332801 -0.41101055806938153 -0.63911657559198531 -0.88433667781493852 -0.47434210526315784 0.58102025506376598
decision_type=2 2 2 2 2 2 2 2 2 2 2 2 2 2
left_child=6 2 8 -4 9 -5 -1 -6 -2 -3 11 -8 13 -12
right_child=1 4 3 5 7 -7 10 -9 -10 -11 12 -13 -14 -15
leaf_value=0.00014122761950312443 -0.00058120272507432009 0.0021377497935087309 0.0047384921479330681 -0.0021649838787953144 0.00084017808560299899 0.00030194578662740462 -0.0064882274326136238 0.0046097697837627167 0.0034684732137721295 -0.00096461797790605732 0.00073025523108189111 -0.0017749299485715405 -0.0014750973660069312 -0.0034156412670291593
leaf_weight=1805 201 587 223 570 302 5508 177 696 737 396 948 793 3239 172
leaf_count=1805 201 587 223 570 302 5508 177 696 737 396 948 793 3239 172
internal_value=7.86588e-05 0.000908349 0.000549432 0.00023998 0.00221056 6.74189e-05 -0.000993406 0.00348872 0.00260371 0.000890838 -0.00137727 -0.00269242 -0.00107912 6.89715e-05
internal_weight=16354 9220 7239 6301 1981 6078 7134 998 938 983 5329 970 4359 1120
internal_count=16354 9220 7239 6301 1981 6078 7134 998 938 983 5329 970 4359 1120
is_linear=0
shrinkage=0.03


Tree=47
num_leaves=15
num_cat=0
split_feature=3 4 4 3 7 8 0 0 5 2 9 7 0 2
split_gain=17.9755 4.62769 4.47157 4.30978 3.30141 3.21811 3.19078 2.62205 2.85666 2.53531 2.70635 2.28254 2.27575 2.24854
threshold=0.41004623791509048 0.96396103896103902 -0.016133229247983379 -0.59537185660781156 0.77096018735363003 -0.93495505023796921 0.48683298683298687 0.11237373737373736 0.61781229345670863 -0.61242176215695709 0.57223113964687011 0.1895313034553541 -0.059532246633593182 0.88303693570451447
decision_type=2 2 2 2 2 2 2 2 2 2 2 2 2 2
left_child=1 3 6 4 -1 -4 -2 8 -5 10 -7 -10 -6 -9
right_child=2 -3 5 7 12 9 -8 13 11 -11 -12 -13 -14 -15
leaf_value=-0.001972626542574526 -0.00092483014842141152 0.0039024672533075015 -0.0022128193813147922 -0.0010926805467132454 0.0038326160675617601 0.0015890591975400504 0.0019074532407345637 0.00012951282907882553 -0.00059180894739855119 0.0025822036531728981 -0.004009053639934531 0.0031765989595506756 -0.0017530688569930039 0.0044710418985640576
leaf_weight=2833 936 188 141 4154 149 244 566 3304 306 2964 102 260 104 101
leaf_count=2833 936 188 141 4154 149 244 566 3304 306 2964 102 260 104 101
internal_value=8.80305e-06 -0.000646833 0.00151597 -0.000726531 -0.00167915 0.0021092 0.000148018 -0.000363093 -0.000820138 0.00229942 -0.000127508 0.00116436 0.00155717 0.000271008
internal_weight=16352 11399 4953 11211 3086 3451 1502 8125 4720 3310 346 566 253 3405
internal_count=16352 11399 4953 11211 3086 3451 1502 8125 4720 3310 346 566 253 3405
is_linear=0
shrinkage=0.03


Tree=48
num_leaves=15
num_cat=0
split_feature=3 0 1 4 2 1 8 8 8 0 1 6 5 6
split_gain=12.4431 8.58124 6.24696 3.62553 3.13266 3.10173 3.24268 3.35516 2.94102 4.05079 3.04858 3.06571 2.93955 2.90802
threshold=0.40279123861213423 -0.96799795186891957 0.21261798310978644 0.29073091057574524 -0.94904251866277167 -0.90143695608176466 -0.90143695608176466 -0.86949116457313169 -0.93495505023796921 -0.75411605937921722 -0.93495505023796921 -0.88433667781493852 0.96396103896103902 0.93700396825396837
decision_type=2 2 2 2 2 2 2 2 2 2 2 2 2 2
left_child=1 -1 4 -4 -3 -6 -7 -8 -2 -10 -11 -12 -13 -5
right_child=8 2 3 13 5 6 7 -9 9 10 11 12 -14 -15
leaf_value=0.0077425511528712672 -0.0025320130543162425 -0.0036709457264119264 -0.0020749000179001451 -0.00064910570489693268 0.0027701697849059114 -0.003467840524027124 0.0048629401703337424 -8.386237248020608e-05 0.0042608727778673102 0.0057616172074021078 -0.0019632313225493333 0.0010243002003249039 0.0051250901853411709 0.003997945315918348
leaf_weight=101 170 202 3107 1041 343 240 116 5965 395 114 288 3812 155 127
leaf_count=101 170 202 3107 1041 343 240 116 5965 395 114 288 3812 155 127
internal_value=-8.55095e-06 -0.000559741 -0.000641883 -0.00154071 -8.08141e-05 3.33477e-05 -0.000119303 1.83308e-05 0.00124592 0.00138575 0.00111667 0.000979009 0.00119701 -0.000114169
internal_weight=16176 11242 11141 4275 6866 6664 6321 6081 4934 4764 4369 4255 3967 1168
internal_count=16176 11242 11141 4275 6866 6664 6321 6081 4934 4764 4369 4255 3967 1168
is_linear=0
shrinkage=0.03


Tree=49
num_leaves=15
num_cat=0
split_feature=2 1 2 5 7 8 5 5 1 2 9 1 2 9
split_gain=8.56495 7.45003 4.85078 6.7983 3.35503 3.03498 3.10527 2.42266 3.51025 3.00014 2.66462 2.38816 2.84029 2.12
threshold=0.24357284113381675 -0.17573529411764707 -0.6211556383970176 0.39305778491171756 0.90342013214146921 -0.90143695608176466 -0.91836356904850047 0.68651074887786456 0.84712755598831568 0.80123456790123471 0.20530382859149979 -0.92814113597246117 -0.6211556383970176 -0.64785373608903007
decision_type=2 2 2 2 2 2 2 2 2 2 2 2 2 2
left_child=1 5 -3 -4 7 -1 -7 8 -2 -10 -11 -8 13 -13
right_child=4 2 3 -5 -6 6 11 -9 9 10 -12 12 -14 -15
leaf_value=-0.0030038300446649808 0.00058906911207211548 -0.0032719626717012916 -0.0015737993500880194 0.0014595087712894401 0.0031894309915876458 -0.0035978698189171941 0.0028584273001254815 0.0017771395163340665 -0.003933575036212637 0.0031091127400317332 -0.0028413904645542679 -0.0027516299574676063 0.00093541070985402139 -8.3744879968866901e-05
leaf_weight=239 4016 1008 3219 829 479 159 359 1227 298 141 113 338 2609 1170
leaf_count=239 4016 1008 3219 829 479 159 359 1227 298 141 113 338 2609 1170
internal_value=-6.52472e-05 -0.00061327 -0.0014189 -0.000950535 0.000801717 0.000223632 0.000396162 0.0005992 0.000279606 -0.00194227 0.000454489 0.000545745 0.000337643 -0.000695907
internal_weight=16204 9930 5056 4048 6274 4874 4635 5795 4568 552 254 4476 4117 1508
internal_count=16204 9930 5056 4048 6274 4874 4635 5795 4568 552 254 4476 4117 1508
is_linear=0
shrinkage=0.03


Tree=50
num_leaves=15
num_cat=0
split_feature=3 7 9 1 4 9 1 5 5 9 0 1 4 5
split_gain=12.8985 5.65051 4.27069 4.24204 3.26016 5.45677 3.39616 3.29375 3.23537 3.79323 2.30928 2.49009 2.47484 2.4473
threshold=-0.093541666666666676 0.94904251866277189 -0.87420886075949356 -0.29679679679679671 0.55863254392666173 -0.16912242686890569 0.86949116457313191 0.43263412666397744 0.55863254392666173 0.27005577005577003 0.12158167036215818 0.35434243176178665 0.42444997924449984 0.46305060065526032
decision_type=2 2 2 2 2 2 2 2 2 2 2 2 2 2
left_child=3 2 -2 -1 6 -6 10 -7 -9 -10 11 -4 -12 -14
right_child=1 -3 4 -5 5 7 -8 8 9 -11 12 -13 13 -15
leaf_value=-3.592713627763296e-05 0.0031385002186719814 0.0040372297920192876 0.0001417616341588704 -0.0015453675578387331 -0.00039757414447928638 0.0064700113081367109 -0.0028381099921776965 -0.002793310806968105 0.0053295941542915223 0.0012635963546786468 0.001031096532988823 -0.0018377917352530191 -0.0044893602205004976 0.00073152821053351668
leaf_weight=2611 517 422 1840 4670 923 166 349 106 294 673 2699 819 144 165
leaf_count=2611 517 422 1840 4670 923 166 349 106 294 673 2699 819 144 165
internal_value=-6.40952e-05 0.0006875 0.000520474 -0.00100487 0.000351336 0.0013476 -8.33975e-06 0.00264046 0.00199373 0.00254169 0.000170623 -0.000472563 0.000738866 -0.00176597
internal_weight=16398 9117 8695 7281 8178 2162 6016 1239 1073 967 5667 2659 3008 309
internal_count=16398 9117 8695 7281 8178 2162 6016 1239 1073 967 5667 2659 3008 309
is_linear=0
shrinkage=0.03


Tree=51
num_leaves=15
num_cat=0
split_feature=3 0 3 0 8 2 2 8 5 2 4 5 2 5
split_gain=13.8824 4.4604 3.50063 3.47088 2.92564 2.73795 2.67926 2.80902 2.96981 2.4508 2.81084 2.45424 2.58811 2.36383
threshold=0.58102025506376598 -0.96799795186891957 -0.43308457711442783 -0.016133229247983379 0.49274752995585464 0.80746061167747929 0.12922201138519931 -0.90143695608176466 0.52586975914362188 -0.36489262371615311 0.82070417145044017 -0.41101055806938153 0.54076207354895889 0.80123456790123471
decision_type=2 2 2 2 2 2 2 2 2 2 2 2 2 2
left_child=1 -1 4 6 9 -2 7 -4 -9 10 -3 -11 -13 -10
right_child=5 2 3 -5 -6 -7 -8 8 13 11 -12 12 -14 -15
leaf_value=0.0053925660074335231 0.0011774222868497829 -0.0028054355703596673 -0.0056442568846475734 0.00043530234862039838 0.00023169274217241806 0.0031286875785992698 5.7937578238022783e-05 -0.0017367277026240147 0.0031889135886877442 -0.0022223897952428884 0.0020217859931290147 0.0008489262497932557 -0.0024887068075168245 -0.0017818787195523021
leaf_weight=106 2659 1498 129 4306 994 857 1808 1677 213 705 110 843 267 132
leaf_count=106 2659 1498 129 4306 994 857 1808 1677 213 705 110 843 267 132
internal_value=-6.2017e-06 -0.000465408 -0.000518581 -0.000153742 -0.00119937 0.00166055 -0.000793898 -0.00150685 -0.00121642 -0.0016144 -0.00246476 -0.000851642 3.10378e-05 0.00129043
internal_weight=16304 12788 12682 8265 4417 3516 3959 2151 2022 3423 1608 1815 1110 345
internal_count=16304 12788 12682 8265 4417 3516 3959 2151 2022 3423 1608 1815 1110 345
is_linear=0
shrinkage=0.03


Tree=52
num_leaves=15
num_cat=0
split_feature=3 3 5 7 7 6 0 4 6 4 0 9 7 7
split_gain=13.4067 5.15143 2.99114 3.69002 2.87153 2.90753 2.85826 2.74093 2.73768 2.45992 2.39254 2.35724 2.04436 2.11829
threshold=-0.11378020713463753 0.77096018735363003 0.16436803325146424 0.1564382530120482 -0.54487917146144982 -0.11378020713463753 -0.78247535596933171 0.96693989071038255 -0.016133229247983379 -0.94904251866277167 -0.72264957264957252 -0.79887640449438191 0.92749178532311072 0.42444997924449984
decision_type=2 2 2 2 2 2 2 2 2 2 2 2 2 2
left_child=2 6 8 4 5 -4 -2 -3 11 -10 -6 -1 13 -8
right_child=1 7 3 -5 10 -7 12 -9 9 -11 -12 -13 -14 -15
leaf_value=-0.0040825896846648424 0.0024516676657631597 0.0024323494386861498 -0.0018967881736392943 0.0012906013752176412 -0.004505163367234462 0.0025736991877478182 0.00042064339176315957 -0.001393493863583971 -0.0062205384206421421 -0.0017664860635600045 -0.0010179154747398114 -0.00011119497700787493 0.0027840492653414465 -0.00082178591925741184
leaf_weight=137 541 1842 226 984 271 285 4693 179 108 2962 501 1591 255 1665
leaf_count=137 541 1842 226 984 271 285 4693 179 108 2962 501 1591 255 1665
internal_value=-1.35726e-06 0.000754685 -0.000982874 -8.41672e-05 -0.00114038 0.000598079 0.000375549 0.0020883 -0.00140644 -0.00194286 -0.00228402 -0.000447735 0.00020226 9.45029e-05
internal_weight=16240 9175 7065 2267 1283 511 7154 2021 4798 3070 772 1728 6613 6358
internal_count=16240 9175 7065 2267 1283 511 7154 2021 4798 3070 772 1728 6613 6358
is_linear=0
shrinkage=0.03


Tree=53
num_leaves=15
num_cat=0
split_feature=3 0 1 0 8 9 9 7 2 9 1 3 2 0
split_gain=11.7931 5.67885 5.51079 4.13988 3.69474 3.17737 3.58634 3.39112 3.0039 3.48289 2.887 2.82769 2.62342 2.55095
threshold=0.40279123861213423 -0.96799795186891957 0.22623655913978494 0.83584100606332823 -0.93495505023796921 -0.89309523809523805 -0.63275862068965505 0.43951219512195122 0.25824574121058358 -0.66479400749063666 -0.49055258467023172 -0.11378020713463753 0.52586975914362188 -0.58863819500402892
decision_type=2 2 2 2 2 2 2 2 2 2 2 2 2 2
left_child=1 -1 8 4 -2 -6 -7 13 10 12 -3 -12 -10 -8
right_child=3 2 -4 -5 5 6 7 -9 9 -11 11 -13 -14 -15
leaf_value=0.0061097079619117402 -0.0035319504517604384 0.00042876845174989861 -0.0014461116388675933 0.002947272934222219 0.0039573526612854872 -0.0017716263495663191 0.0042876585325565949 -0.00038341960119602712 0.0076266368516815543 0.0004626383150821235 -0.0015794703946108808 0.00030602267957398127 0.0013749118382111191 0.0013188958106586817
leaf_weight=105 161 2270 4222 993 288 443 297 973 108 1186 2181 1059 135 1871
leaf_count=105 161 2270 4222 993 288 443 297 973 108 1186 2181 1059 135 1871
internal_value=1.40199e-05 -0.000525062 -0.000592893 0.00122104 0.000789768 0.000978103 0.000728354 0.00108545 -7.24232e-05 0.00114845 -0.00039056 -0.000964148 0.00434508 0.00174341
internal_weight=16292 11266 11161 5026 4033 3872 3584 3141 6939 1429 5510 3240 243 2168
internal_count=16292 11266 11161 5026 4033 3872 3584 3141 6939 1429 5510 3240 243 2168
is_linear=0
shrinkage=0.03


Tree=54
num_leaves=15
num_cat=0
split_feature=3 0 4 6 7 2 8 8 8 2 5 6 0 0
split_gain=13.5094 3.9662 3.04036 3.31096 4.90902 2.87518 2.85933 2.70381 2.3869 2.06947 1.89866 2.92234 2.25085 3.23282
threshold=-0.11378020713463753 0.43951219512195122 -0.059532246633593182 0.24357284113381675 0.80123456790123471 0.86402157164869031 0.43951219512195122 -0.53752345215759834 -0.032795698924731158 0.87577160493827166 0.1564382530120482 0.50280898876404501 -0.73969508752117441 -0.94904251866277167
decision_type=2 2 2 2 2 2 2 2 2 2 2 2 2 2
left_child=10 2 -2 4 6 8 7 -4 -5 -3 11 -1 13 -12
right_child=1 9 3 5 -6 -7 -8 -9 -10 -11 12 -13 -14 -15
leaf_value=-0.00077843756852324876 -0.00048776777982793325 0.0013109648410711031 0.00020727841448255221 0.00019525234610489104 0.0055811087621658014 0.0037946071471048502 -0.0012156258237572568 0.0026705361704196925 -0.0030183785939248268 0.0036295211452259859 0.0025871205154055755 -0.0023685314795033221 0.0003520011011872643 -0.0025980159630384389
leaf_weight=3194 2503 3146 713 481 231 109 398 912 355 385 124 1545 1645 581
leaf_count=3194 2503 3146 713 481 231 109 398 912 355 385 124 1545 1645 581
internal_value=2.87057e-05 0.000784615 0.000294315 0.000905855 0.00152878 -0.000580399 0.00104089 0.00159761 -0.00118894 0.0015733 -0.000955539 -0.00130073 -0.000256861 -0.00166259
internal_weight=16322 9233 5702 3199 2254 945 2023 1625 836 3531 7089 4739 2350 705
internal_count=16322 9233 5702 3199 2254 945 2023 1625 836 3531 7089 4739 2350 705
is_linear=0
shrinkage=0.03


Tree=55
num_leaves=15
num_cat=0
split_feature=3 9 2 3 4 6 9 7 5 7 3 5 3 5
split_gain=11.7389 5.69579 3.26097 3.10086 2.64319 2.82282 3.30143 4.22752 2.68017 2.32012 2.20093 1.98848 1.91891 2.38415
threshold=-0.11378020713463753 -0.85940202619224104 -0.605448480355819 0.87577160493827166 -0.059532246633593182 0.23395061728395064 0.81438415159345401 0.74625530963559139 0.61152570480928703 0.54884143571104049 0.85524707525755206 -0.047065337763012187 -0.73969508752117441 -0.52875082617316582
decision_type=2 2 2 2 2 2 2 2 2 2 2 2 2 2
left_child=12 3 10 -2 -4 -6 8 -8 11 -10 -3 -7 13 -1
right_child=1 2 4 -5 5 6 7 -9 9 -11 -12 -13 -14 -15
leaf_value=-0.0035464319397996349 0.0020349941491726244 -0.0015946236287874063 -8.4274680941242041e-07 0.0068610788546125748 0.0016558460614123638 0.0014991460258856281 -0.00013130707700144162 0.0075503787776370615 0.0028223535618989875 -0.0015802496374451688 0.0026980738625785364 -0.002505075882788292 -0.00067183897325346698 -0.0011591570776252088
leaf_weight=499 438 944 3207 163 2970 130 155 100 275 165 112 591 5153 1520
leaf_count=499 438 944 3207 163 2970 130 155 100 275 165 112 591 5153 1520
internal_value=-7.10849e-05 0.000634912 0.000436614 0.00343477 0.00065405 0.00113181 2.87748e-05 0.00305236 -0.000655716 0.00117295 -0.0011183 -0.00177246 -0.000981252 -0.00176375
internal_weight=16422 9250 8649 601 7593 4386 1416 255 1161 440 1056 721 7172 2019
internal_count=16422 9250 8649 601 7593 4386 1416 255 1161 440 1056 721 7172 2019
is_linear=0
shrinkage=0.03


Tree=56
num_leaves=15
num_cat=0
split_feature=3 2 1 1 0 0 5 3 1 0 5 7 0 2
split_gain=12.0637 3.80621 3.83524 3.7271 2.86269 2.82249 2.59555 3.35277 2.53558 2.91767 2.28494 2.19455 3.28621 2.1079
threshold=-0.11378020713463753 0.83584100606332823 -0.6955588929414287 -0.38688172043010749 -0.73969508752117441 -0.45914149443561203 0.77913279132791335 0.87577160493827166 0.86949116457313191 0.46305060065526032 0.1895313034553541 -0.29679679679679671 0.6777901371894699 0.26713615023474185
decision_type=2 2 2 2 2 2 2 2 2 2 2 2 2 2
left_child=3 2 -2 11 -3 -6 8 -8 -4 10 -10 -1 -13 -5
right_child=1 4 6 13 5 -7 7 -9 9 -11 -12 12 -14 -15
leaf_value=-0.0011469780698957323 0.0020706462178901684 0.0055693434251169001 0.00061933679365803985 -0.001718509834736706 -0.0024317419173807571 0.0022590543305144881 -0.0026526605272165142 0.0019406658571510726 -0.0066782892814278598 0.0019146267585456371 -0.00079395035953195973 0.0012472508104538974 -0.0038970918267522557 -0.00033575258122373324
leaf_weight=755 1246 198 5697 3463 124 894 525 187 115 110 119 1359 112 1397
leaf_count=755 1246 198 5697 3463 124 894 525 187 115 110 119 1359 112 1397
internal_value=7.23158e-05 0.000787613 0.000548255 -0.000857692 0.00234482 0.00166958 0.000264711 -0.0014361 0.000467213 -0.00199845 -0.00384101 0.000158588 0.000831898 -0.00132254
internal_weight=16301 9215 7999 7086 1216 1018 6753 712 6041 344 234 2226 1471 4860
internal_count=16301 9215 7999 7086 1216 1018 6753 712 6041 344 234 2226 1471 4860
is_linear=0
shrinkage=0.03


Tree=57
num_leaves=15
num_cat=0
split_feature=3 7 3 0 0 7 3 8 4 5 0 3 0 7
split_gain=10.5007 4.6312 3.40486 3.36625 3.46616 3.03695 2.66625 2.51275 2.81864 2.33045 3.56758 2.29929 2.26677 2.24569
threshold=-0.093541666666666676 0.89851963098047638 -0.8088714938030005 -0.94904251866277167 0.58939234281700037 0.83584100606332823 0.96396103896103902 -0.93495505023796921 0.25824574121058358 0.77096018735363003 -0.48255578093306278 0.96693989071038255 -0.5070478459400436 0.72524509803921589
decision_type=2 2 2 2 2 2 2 2 2 2 2 2 2 2
left_child=2 3 13 -2 6 -6 7 -5 -9 10 -10 -3 -11 -1
right_child=1 11 -4 4 5 -7 -8 8 9 12 -12 -13 -14 -15
leaf_value=-0.0025510160893684043 0.0052432313192198546 0.0020954910454478921 -0.00053954895048179466 -0.0033619856758073702 0.0016453855105284354 -0.0029750588087596162 -0.0045151803377691813 -0.0002993251374882136 0.0035428054097206576 -0.0029264086055704147 0.0005755086106993887 0.0064469187254724385 0.0011885534645038284 0.0014168200210017494
leaf_weight=1298 121 553 5864 173 2175 127 105 3568 560 218 1026 133 247 136
leaf_count=1298 121 553 5864 173 2175 127 105 3568 560 218 1026 133 247 136
internal_value=-1.68369e-05 0.000668202 -0.000861957 0.000470929 0.000394198 0.00137871 8.19174e-06 9.78343e-05 0.00021014 0.00109358 0.00163886 0.00301964 -0.000761606 -0.0021675
internal_weight=16304 9006 7298 8320 8199 2302 5897 5792 5619 2051 1586 686 465 1434
internal_count=16304 9006 7298 8320 8199 2302 5897 5792 5619 2051 1586 686 465 1434
is_linear=0
shrinkage=0.03


Tree=58
num_leaves=15
num_cat=0
split_feature=3 7 4 4 2 4 4 8 7 7 2 0 0 2
split_gain=7.60444 4.02981 3.47192 3.26147 2.68358 2.66663 2.45205 1.93508 1.91943 3.13513 2.25979 1.89527 3.80377 1.76528
threshold=-0.1977011494252873 0.92749178532311072 0.41795166858458005 0.47885646217986894 0.83584100606332823 0.56574122577265595 0.23395061728395064 -0.93495505023796921 -0.6795061728395061 -0.40413533834586463 0.29847345636819328 -0.73105625717566014 -0.49712643678160912 -0.32958801498127338
decision_type=2 2 2 2 2 2 2 2 2 2 2 2 2 2
left_child=2 4 -1 -4 7 -5 -3 -2 -7 -10 13 -6 -13 -11
right_child=1 6 3 5 11 8 -8 -9 9 10 -12 12 -14 -15
leaf_value=-0.0011751875260948327 -0.0024585027211728307 0.00043473659646614185 0.0044479205642254599 -0.0029071974022890105 0.0044515125100465062 0.0036907866331211364 0.0045289516628492328 0.00027046439279688155 -0.004087726510656268 0.00076945460646444164 -0.0016022111152673342 -0.0039652916640043265 0.0018634493555223033 0.0044998181079115183
leaf_weight=4948 231 214 156 226 185 146 342 7932 128 412 238 105 831 151
leaf_count=4948 231 214 156 226 185 146 342 7932 128 412 238 105 831 151
internal_value=7.10326e-06 0.000530589 -0.000796701 0.000487897 0.000380323 -1.72463e-05 0.00298864 0.000190325 0.00061151 9.34249e-05 0.000803739 0.00174995 0.00117458 0.00183103
internal_weight=16245 9840 6405 1457 9284 1301 556 8163 1075 929 801 1121 936 563
internal_count=16245 9840 6405 1457 9284 1301 556 8163 1075 929 801 1121 936 563
is_linear=0
shrinkage=0.03


Tree=59
num_leaves=15
num_cat=0
split_feature=3 3 9 1 7 9 8 6 6 9 9 1 9 0
split_gain=10.9359 3.41242 3.01511 2.93204 3.19898 6.73415 2.55634 3.32423 2.71639 2.55034 3.15423 5.48971 4.47913 2.75646
threshold=0.18052538020936207 -0.72264957264957252 -0.85940202619224104 -0.71256454388984503 -0.48255578093306278 0.42482876712328771 -0.3797960174842156 -0.38688172043010749 -0.94904251866277167 0.62583333333333346 0.32449982449982456 -0.24852941176470586 0.032795698924731227 0.06472559698366144
decision_type=2 2 2 2 2 2 2 2 2 2 2 2 2 2
left_child=1 -1 -2 -3 5 -5 7 -4 -8 10 11 -10 -13 -14
right_child=2 3 6 4 -6 -7 8 -9 9 -11 -12 12 13 -15
leaf_value=-0.0017640005587437808 0.0030896211632845489 0.0012112698408466333 0.0012730515994381667 -0.00056233706485901518 -0.0010366937298789145 0.0037848939088802242 -0.0033679678540707364 -0.0013658075286750772 0.0031989931701868353 0.0022599410940178201 -0.00098181351522940732 -0.00093854883058048458 -0.0009744106261321986 0.0040985401398117797
leaf_weight=2141 498 880 718 1359 4674 409 112 1039 820 1354 752 1032 132 317
leaf_count=2141 498 880 718 1359 4674 409 112 1039 820 1354 752 1032 132 317
internal_value=-5.47807e-05 -0.000713204 0.000864705 -0.000403957 -0.000626138 0.00045896 0.000683523 -0.000286333 0.00106041 0.00118032 0.000695694 0.0012458 0.00015016 0.00261842
internal_weight=16237 9463 6774 7322 6442 1768 6276 1757 4519 4407 3053 2301 1481 449
internal_count=16237 9463 6774 7322 6442 1768 6276 1757 4519 4407 3053 2301 1481 449
is_linear=0
shrinkage=0.03


Tree=60
num_leaves=15
num_cat=0
split_feature=3 0 6 0 4 1 5 3 1 0 3 5 0 4
split_gain=10.6576 3.88612 2.97685 3.53596 3.62531 2.47105 2.34096 3.25573 2.31084 2.64052 2.87875 2.69635 2.03119 1.9929
threshold=-0.093541666666666676 0.68651074887786456 0.48683298683298687 0.83584100606332823 -0.66479400749063666 0.56574122577265595 0.78516483516483537 -0.86949116457313169 -0.6955588929414287 0.53456514813634926 0.73152530032763019 0.70209762000806786 -0.91836356904850047 -0.54487917146144982
decision_type=2 2 2 2 2 2 2 2 2 2 2 2 2 2
left_child=2 8 -1 4 5 -4 7 -6 9 10 11 -2 -10 -3
right_child=1 13 3 -5 6 -7 -8 -9 12 -11 -12 -13 -14 -15
leaf_value=-0.00030164007451362915 0.0022130691952436899 -0.00057757533679919681 -0.0053962221580513871 0.0035836482550139011 -0.0044204570274505705 -0.0003006042360192946 0.0018238660704810172 -0.00097842060868785601 0.0035104272083143692 -0.0024410327131374047 -0.00079197392154198418 0.0068381558492546903 0.00014430709114342542 0.0022458237739202093
leaf_weight=4810 461 251 350 105 292 114 194 1423 156 105 185 149 5798 1897
leaf_count=4810 461 251 350 105 292 114 194 1423 156 105 185 149 5798 1897
internal_value=0.000114153 0.000804192 -0.000738104 -0.0015807 -0.00182329 -0.00417704 -0.00123241 -0.0015867 0.000453866 0.00186205 0.00245365 0.00343487 0.000238241 0.00191475
internal_weight=16290 9002 7288 2478 2373 464 1909 1715 6854 900 795 610 5954 2148
internal_count=16290 9002 7288 2478 2373 464 1909 1715 6854 900 795 610 5954 2148
is_linear=0
shrinkage=0.03


Tree=61
num_leaves=15
num_cat=0
split_feature=3 1 1 3 1 4 9 1 1 0 9 2 4 2
split_gain=7.33976 6.9738 4.42553 3.46961 3.25245 3.59438 3.22136 3.13543 2.88411 2.62128 2.71529 2.50474 3.35584 3.613
threshold=0.69321266968325801 -0.17573529411764707 0.13867521367521365 -0.8088714938030005 0.97315315315315332 0.86402157164869031 -0.06580086580086579 0.66249413237365062 0.49274752995585464 0.51765683423348574 0.28790341304852568 -0.61242176215695709 0.81438415159345401 -0.94904251866277167
decision_type=2 2 2 2 2 2 2 2 2 2 2 2 2 2
left_child=1 11 -2 -3 5 6 8 -7 -5 -8 -11 12 13 -1
right_child=2 3 -4 4 -6 7 9 -9 -10 10 -12 -13 -14 -15
leaf_value=-0.0051828502857597996 0.00031018727841313523 -0.0026753351790694243 0.0027681797051855909 -0.0006010272457853366 -0.0048740555034920332 -0.00059739498333035671 -0.00050639378530394465 0.0061597426662014588 -0.0025417806038002216 0.0040202483446876063 0.00039224109699183751 0.0010358940454265077 0.0030192377163744451 -0.00034353106072926114
leaf_weight=144 1353 773 1281 1755 145 111 3034 125 1134 232 809 3795 226 1431
leaf_count=144 1353 773 1281 1755 145 111 3034 125 1134 232 809 3795 226 1431
internal_value=6.42207e-05 -0.000214659 0.00151154 -0.000775949 -0.000572689 -0.000479424 -0.000604521 0.00308651 -0.00136896 -6.05427e-05 0.00123135 0.000599524 -0.000320622 -0.000815891
internal_weight=16348 13714 2634 8118 7345 7200 6964 236 2889 4075 1041 5596 1801 1575
internal_count=16348 13714 2634 8118 7345 7200 6964 236 2889 4075 1041 5596 1801 1575
is_linear=0
shrinkage=0.03


Tree=62
num_leaves=15
num_cat=0
split_feature=3 1 7 2 2 3 2 1 1 9 0 9 2 7
split_gain=9.06463 5.14741 3.95846 2.34119 2.29818 3.10488 2.46393 2.39519 2.34478 2.28637 2.50088 4.12076 3.25396 3.20017
threshold=0.37771377935312361 0.22623655913978494 0.97315315315315332 -0.7900856793145653 0.28330047873838354 -0.73969508752117441 0.46305060065526032 -0.71256454388984503 -0.58044603743528456 -0.90143695608176466 0.71852992957746487 -0.52875082617316582 0.82807881773399028 0.60232558139534897
decision_type=2 2 2 2 2 2 2 2 2 2 2 2 2 2
left_child=1 4 9 -3 5 -1 8 -7 -6 -2 11 -11 -12 -14
right_child=2 3 -4 -5 6 7 -8 -9 -10 10 12 -13 13 -15
leaf_value=-0.0015974023858285008 0.0032215749898156071 -0.0044227144314656743 0.0050916520036228645 -0.0011452478810608094 -0.0009897873597219586 0.0014785106864694474 0.00015377000506727916 -0.00023563168315472475 0.0039376638115353815 -0.0018947935357924463 0.00097801047912412912 0.00076012171709586359 0.0070972315479283154 0.00075234440530636416
leaf_weight=1193 335 198 198 4003 108 916 842 3523 372 645 1076 2667 168 124
leaf_count=1193 335 198 198 4003 108 916 842 3523 372 645 1076 2667 168 124
internal_value=4.91101e-07 -0.000482083 0.00103207 -0.00130986 1.91476e-05 -0.000245491 0.00113994 0.000120615 0.00283141 0.000861978 0.000686566 0.000238939 0.0017607 0.00451696
internal_weight=16368 11155 5213 4201 6954 5632 1322 4439 480 5015 4680 3312 1368 292
internal_count=16368 11155 5213 4201 6954 5632 1322 4439 480 5015 4680 3312 1368 292
is_linear=0
shrinkage=0.03


Tree=63
num_leaves=15
num_cat=0
split_feature=2 0 9 1 1 7 9 4 5 2 4 9 2 0
split_gain=5.29108 5.83093 4.9465 3.85331 3.57066 2.86668 2.67353 2.61255 2.44336 2.27751 2.26438 2.23937 2.15735 3.11345
threshold=-0.59537185660781156 0.58939234281700037 -0.84291694205772194 -0.89403508771929807 0.088421444527177942 0.81438415159345401 -0.29198717948717939 0.55863254392666173 0.84168755221386804 -0.41101055806938153 -0.54487917146144982 0.17990752416981928 -0.028991596638655467 -0.25760368663594463
decision_type=2 2 2 2 2 2 2 2 2 2 2 2 2 2
left_child=3 2 -2 -1 5 9 -5 -6 11 -4 -3 -8 13 -11
right_child=1 10 4 6 7 -7 8 -9 -10 12 -12 -13 -14 -15
leaf_value=0.0015625953861998624 0.0022754182509612917 -0.00046529091526754197 0.001672470418724787 -0.0026590756471341257 -0.0011490557877357475 0.0029638282197154519 0.00098279420550490102 0.00068380123180989826 -0.0047429963285066769 -0.0029011841009699457 0.0018079160155910206 -0.0013355927464014004 0.00039114823886777795 5.4070293999893016e-05
leaf_weight=417 738 465 703 1083 3976 337 616 842 117 528 2461 927 2187 794
leaf_count=417 738 465 703 1083 3976 337 616 842 117 528 2461 927 2187 794
internal_value=2.22253e-06 0.000269437 -7.24288e-05 -0.00109707 -0.000259638 0.000342818 -0.00150561 -0.00082799 -0.000741666 0.000126589 0.0014463 -0.000409672 -0.000186988 -0.00113916
internal_weight=16191 13031 10105 3160 9367 4549 2743 4818 1660 4212 2926 1543 3509 1322
internal_count=16191 13031 10105 3160 9367 4549 2743 4818 1660 4212 2926 1543 3509 1322
is_linear=0
shrinkage=0.03


Tree=64
num_leaves=15
num_cat=0
split_feature=3 0 1 0 3 1 2 4 1 2 5 1 0 1
split_gain=6.35394 3.6225 2.90932 2.65569 2.3313 2.17338 1.82288 2.09519 4.40493 3.32392 3.52295 4.4198 3.65441 2.04589
threshold=-0.11378020713463753 0.61152570480928703 -0.5070478459400436 -0.94904251866277167 0.97036874451273059 -0.6955588929414287 -0.61242176215695709 0.28330047873838354 0.82807881773399028 -0.41101055806938153 0.76293487957181094 0.76293487957181094 -0.53752345215759834 0.93700396825396837
decision_type=2 2 2 2 2 2 2 2 2 2 2 2 2 2
left_child=2 3 -1 -2 5 -5 -7 8 -8 -9 13 12 -12 -11
right_child=1 -3 -4 4 -6 6 7 9 -10 10 11 -13 -14 -15
leaf_value=0.00032852154645647444 0.0044256986562162632 0.0014221269385816496 -0.001073134836955124 0.0015141015299618254 -0.0043193893551995806 -0.0018923752048512711 -6.0423050086065721e-05 0.0055472773157579959 -0.0039741531850589302 0.00176743021641537 -0.0084301386745646578 0.0024530459867456731 -0.0010252892791884232 -0.0023447226606900006
leaf_weight=1768 115 2569 5355 823 100 472 3153 119 272 1026 100 124 139 113
leaf_count=1768 115 2569 5355 823 100 472 3153 119 272 1026 100 124 139 113
internal_value=-5.43326e-05 0.000469613 -0.000725257 9.47689e-05 1.07022e-05 8.5683e-05 -0.000129717 3.85781e-05 -0.000381901 0.0009239 0.000523334 -0.00201441 -0.00433768 0.00134261
internal_weight=16248 9125 7123 6556 6441 6341 5518 5046 3425 1621 1502 363 239 1139
internal_count=16248 9125 7123 6556 6441 6341 5518 5046 3425 1621 1502 363 239 1139
is_linear=0
shrinkage=0.03


Tree=65
num_leaves=15
num_cat=0
split_feature=3 1 7 7 1 3 3 0 1 7 4 8 0 7
split_gain=6.82629 3.58334 2.97471 2.92938 2.75191 3.45263 2.17949 2.1551 2.03941 1.91474 2.77357 1.82998 1.77563 1.67481
threshold=0.37771377935312361 0.93700396825396837 0.41795166858458005 0.97315315315315332 -0.90143695608176466 -0.8171368861024032 0.36055555555555568 -0.90733452593917707 -0.93495505023796921 0.88303693570451447 -0.10741758241758236 -0.93495505023796921 -0.051956815114709891 -0.90143695608176466
decision_type=2 2 2 2 2 2 2 2 2 2 2 2 2 2
left_child=1 4 -3 7 12 -6 9 -2 -9 -7 -11 -10 -1 -13
right_child=3 2 -4 -5 5 6 -8 8 11 10 -12 13 -14 -15
leaf_value=0.0035360820877150551 0.0041274955709065713 -0.0011843639849261802 -0.0075159096039715224 0.0043881234436357426 -0.0018914142615920968 -0.00023047545805762344 -0.003962884524645393 0.0042784285057254519 -0.00276157933550662 -0.0010907363728081775 0.0039134551142342381 0.0037230588356032966 -0.00030476672968708293 0.00055655411619285624
leaf_weight=261 158 177 102 202 1211 8665 126 127 135 163 233 146 178 4487
leaf_count=261 158 177 102 202 1211 8665 126 127 135 163 233 146 178 4487
internal_value=3.93926e-05 -0.000381786 -0.00367909 0.000929352 -0.000293583 -0.000392532 -0.000193112 0.000782689 0.000666531 -0.00013638 0.00187752 0.000561572 0.00200664 0.000664144
internal_weight=16371 11116 279 5255 10837 10398 9187 5053 4895 9061 396 4768 439 4633
internal_count=16371 11116 279 5255 10837 10398 9187 5053 4895 9061 396 4768 439 4633
is_linear=0
shrinkage=0.03


Tree=66
num_leaves=15
num_cat=0
split_feature=3 1 2 9 9 7 7 6 6 1 1 8 9 8
split_gain=6.63429 4.10183 6.17588 2.43558 3.11858 3.68064 2.69993 2.3463 2.30919 2.3789 5.00595 2.27781 2.73106 2.38441
threshold=0.37771377935312361 -0.30320054477357838 -0.6211556383970176 0.62583333333333346 -0.85940202619224104 0.64888572783309639 -0.36489262371615311 0.87577160493827166 -0.8088714938030005 -0.63911657559198531 -0.24025316455696197 -0.6795061728395061 0.61781229345670863 -0.72264957264957252
decision_type=2 2 2 2 2 2 2 2 2 2 2 2 2 2
left_child=1 -1 -3 4 6 -6 -2 11 -5 -10 -11 12 13 -4
right_child=3 2 7 8 5 -7 -8 -9 9 10 -12 -13 -14 -15
leaf_value=0.00034359076171019395 -0.00094819981456649568 -0.0030179506933539183 0.00065482064074247467 -0.001586617107632964 0.00060591495051027058 -0.0019002374252911026 0.0042162995434943239 0.0013759847591350157 0.0057474539247095611 -0.0024086740218668377 0.0027486520173280152 -0.00094075321703283659 -0.0032809712278321968 0.0051960263697128535
leaf_weight=3725 122 1032 578 146 2733 643 316 527 151 200 899 4942 118 118
leaf_count=3725 122 1032 578 146 2733 643 316 527 151 200 899 4942 118 118
internal_value=-4.98085e-05 -0.000466148 -0.000878396 0.000831619 0.000436852 0.000124386 0.00278873 -0.000522731 0.00189938 0.00231591 0.00179685 -0.000698656 0.000764759 0.00148743
internal_weight=16250 11040 7315 5210 3814 3376 438 6283 1396 1250 1099 5756 814 696
internal_count=16250 11040 7315 5210 3814 3376 438 6283 1396 1250 1099 5756 814 696
is_linear=0
shrinkage=0.03


Tree=67
num_leaves=15
num_cat=0
split_feature=3 2 4 2 7 0 8 4 6 9 6 3 2 4
split_gain=7.04998 2.96633 4.19352 2.92028 2.27349 2.09207 2.1878 4.52176 2.09693 2.05866 3.18549 2.05291 2.00117 2.84344
threshold=0.58102025506376598 -0.6211556383970176 0.96396103896103902 0.82070417145044017 0.71852992957746487 0.84712755598831568 -0.6955588929414287 0.43263412666397744 -0.67242921013412815 0.032795698924731227 -0.73969508752117441 -0.72264957264957252 -0.52056338028169002 -0.31198770491803274
decision_type=2 2 2 2 2 2 2 2 2 2 2 2 2 2
left_child=1 4 11 5 -1 6 7 -2 -7 10 -5 -3 13 -13
right_child=3 2 -4 9 -6 8 -8 -9 -10 -11 -12 12 -14 -15
leaf_value=-0.0015116963067507254 0.0057579035131681347 -0.001234361824360719 0.0050895230250155672 0.0048158670391754378 0.0010779574091972436 -0.001099781844505044 -0.00015725146418287724 -0.00044586077451683756 0.0032972398502208572 0.0042347045383010276 -0.00079163037723738628 -0.0006091255409410223 -7.3093466245674704e-05 0.003698520662041471
leaf_weight=2311 176 1286 131 130 344 119 1714 242 444 422 255 244 8133 300
leaf_count=2311 176 1286 131 130 344 119 1714 242 444 422 255 244 8133 300
internal_value=4.45164e-05 -0.000283136 -4.8049e-05 0.00123474 -0.00117338 0.000755115 0.000320967 0.00223975 0.00236488 0.00280763 0.0011758 -0.000120637 4.56571e-05 0.0017903
internal_weight=16251 12749 10094 3502 2655 2695 2132 418 563 807 385 9963 8677 544
internal_count=16251 12749 10094 3502 2655 2695 2132 418 563 807 385 9963 8677 544
is_linear=0
shrinkage=0.03


Tree=68
num_leaves=15
num_cat=0
split_feature=3 0 6 1 8 4 1 3 1 6 8 3 3 8
split_gain=5.95308 4.16667 4.23269 2.89795 2.81843 2.5597 3.28979 2.38926 2.33789 2.20601 2.52284 2.16365 2.1646 2.10638
threshold=-0.41897974493623397 0.44676113360323894 0.31467710371819962 -0.90733452593917707 0.92749178532311072 -1.0000000180025095e-35 -0.71256454388984503 0.77096018735363003 -0.35100035100035093 0.82807881773399028 0.48683298683298687 0.055050505050505023 0.81438415159345401 -0.032795698924731158
decision_type=2 2 2 2 2 2 2 2 2 2 2 2 2 2
left_child=3 2 4 -1 5 6 -2 -3 -4 10 -9 -7 -13 -10
right_child=1 7 8 -5 -6 11 -8 9 13 -11 -12 12 -14 -15
leaf_value=0.0025545995059383978 0.0033744196375521522 0.0007052620934699243 0.001094282265685478 -0.001024679441608275 -0.003862837805854045 -0.00011938404913998605 -0.0004101620444389607 0.001277182096552918 -0.00054002416079279808 -0.0017783917151142044 0.0041661849095656865 0.0022363321299006963 -0.00027334539830178812 -0.0025899284261749391
leaf_weight=204 215 2748 351 4431 124 798 2535 571 919 102 533 1538 384 889
leaf_count=204 215 2748 351 4431 124 798 2535 571 919 102 533 1538 384 889
internal_value=4.68902e-05 0.000407158 2.63446e-06 -0.000861984 0.000438159 0.00054253 -0.000103122 0.00119834 -0.00112263 0.00230683 0.00269684 0.00119329 0.0017361 -0.00155667
internal_weight=16342 11707 7753 4635 5594 5470 2750 3954 2159 1206 1104 2720 1922 1808
internal_count=16342 11707 7753 4635 5594 5470 2750 3954 2159 1206 1104 2720 1922 1808
is_linear=0
shrinkage=0.03


Tree=69
num_leaves=15
num_cat=0
split_feature=4 1 3 7 2 1 1 5 2 6 9 6 9 7
split_gain=5.14689 5.21755 3.94506 3.6843 3.8979 3.34395 3.00882 2.51406 2.81017 3.31262 2.71233 3.04342 2.29254 2.19391
threshold=-0.099295774647887289 0.86949116457313191 -0.38688172043010749 0.89851963098047638 -0.63911657559198531 -0.90143695608176466 -0.48255578093306278 -0.30320054477357838 0.82807881773399028 0.53456514813634926 0.60232558139534897 0.70209762000806786 -0.29198717948717939 -0.78247535596933171
decision_type=2 2 2 2 2 2 2 2 2 2 2 2 2 2
left_child=1 2 -1 4 5 -2 13 -8 10 -10 -9 -12 -4 -6
right_child=3 -3 12 -5 6 -7 7 8 9 -11 11 -13 -14 -15
leaf_value=-0.0013929842721625981 0.0018240505493084308 -0.0047465986596205486 -0.0010244597700669975 0.0025616794785959722 0.004801301142988307 -0.0016347286531580314 0.003104687783205847 -0.00064564545052496242 0.0026233264635184554 -0.0016868050714901768 0.00031556318613200791 0.0046067806216643047 0.00050432042397853712 0.0013532406973451475
leaf_weight=2419 301 250 1186 709 181 1329 259 3042 686 201 693 180 3362 1434
leaf_count=2419 301 250 1186 709 181 1329 259 3042 686 201 693 180 3362 1434
internal_value=2.34388e-05 -0.000573178 -0.000416833 0.000501169 0.000322415 -0.000988794 0.000643558 0.000282331 0.000123969 0.00163871 -0.000222517 0.0012425 0.000104281 0.00176685
internal_weight=16232 7217 6967 9015 8306 1630 6676 5061 4802 887 3915 873 4548 1615
internal_count=16232 7217 6967 9015 8306 1630 6676 5061 4802 887 3915 873 4548 1615
is_linear=0
shrinkage=0.03


Tree=70
num_leaves=15
num_cat=0
split_feature=3 9 4 1 2 9 6 6 1 6 1 6 4 6
split_gain=6.04718 3.14322 2.82508 2.20021 3.86525 2.89363 3.90501 2.66962 2.45889 2.09689 2.08747 3.18261 1.95493 2.04047
threshold=-0.11378020713463753 -0.85940202619224104 0.93239382974671503 -0.49712643678160912 0.70991117344553545 -0.32282878411910665 0.29847345636819328 -0.605448480355819 0.97315315315315332 -0.077787381158167621 0.68651074887786456 0.80746061167747929 -0.67242921013412815 1.0000000180025095e-35
decision_type=2 2 2 2 2 2 2 2 2 2 2 2 2 2
left_child=2 -2 10 7 5 6 -5 -3 -6 -9 12 -12 13 -1
right_child=1 3 -4 4 8 -7 -8 9 -10 -11 11 -13 -14 -15
leaf_value=-0.0001128546036787187 0.0024772267591143989 -0.0001545450747013092 0.0026362888558282395 -0.00045289413365406413 0.0016272530061940192 -2.0680366439014554e-05 -0.0040500940192651231 0.0033443267011923788 -0.0025912405921649324 0.00074539854792242887 -0.0032805900696218026 0.00085114776108251961 -0.00038913700489820555 -0.0025882886381596044
leaf_weight=468 599 840 203 784 1452 3836 408 567 127 556 652 220 4717 828
leaf_count=468 599 840 203 784 1452 3836 408 567 127 556 652 220 4717 828
internal_value=-0.000114098 0.000394467 -0.000771603 0.000246175 -1.63261e-05 -0.000423198 -0.0017076 0.0011253 0.00127378 0.00207553 -0.00087576 -0.00224035 -0.000674478 -0.00170209
internal_weight=16257 9169 7088 8570 6607 5028 1192 1963 1579 1123 6885 872 6013 1296
internal_count=16257 9169 7088 8570 6607 5028 1192 1963 1579 1123 6885 872 6013 1296
is_linear=0
shrinkage=0.03


Tree=71
num_leaves=15
num_cat=0
split_feature=0 1 7 3 2 0 7 9 1 4 8 8 4 1
split_gain=4.44138 3.63377 4.66762 3.05271 2.98109 3.23834 2.87585 3.01041 2.65121 2.75526 2.34467 2.4465 2.21492 2.09214
threshold=0.61152570480928703 -0.71256454388984503 0.77913279132791335 -0.61242176215695709 -0.61242176215695709 -0.96521476104053228 0.72524509803921589 -0.35538545653362491 0.75411605937921733 0.1564382530120482 0.17287356321839079 -0.047065337763012187 -0.37284167398302598 -0.22623655913978494
decision_type=2 2 2 2 2 2 2 2 2 2 2 2 2 2
left_child=1 2 -1 -2 6 -6 7 -3 -7 -10 11 13 -9 -5
right_child=3 4 -4 10 5 8 -8 12 9 -11 -12 -13 -14 -15
leaf_value=0.00044683106482886598 -0.0020109329299398057 -0.0036206407189409264 0.0051357129628272491 0.0027068539733139411 0.0044625063745290725 -7.0996559532506085e-05 0.0018935768432708515 -0.0025313793580039757 -0.0029581395335927874 -0.00032644466145074732 0.0018689204598661879 -0.0023453411058526196 0.00032487335194689658 -0.00035805588919227897
leaf_weight=1519 271 606 209 338 121 7944 186 425 620 836 1986 261 553 468
leaf_count=1519 271 606 209 338 121 7944 186 425 620 836 1986 261 553 468
internal_value=1.29106e-05 -0.000237118 0.00104023 0.000989964 -0.000433354 -0.000222424 -0.00156035 -0.00197526 -0.000287408 -0.00145962 0.00126203 0.000125578 -0.000929399 0.00094465
internal_weight=16343 13019 1728 3324 11291 9521 1770 1584 9400 1456 3053 1067 978 806
internal_count=16343 13019 1728 3324 11291 9521 1770 1584 9400 1456 3053 1067 978 806
is_linear=0
shrinkage=0.03


Tree=72
num_leaves=15
num_cat=0
split_feature=0 1 0 1 7 3 0 8 7 3 8 3 8 5
split_gain=3.87156 3.4524 3.29721 3.00169 2.86615 2.61977 2.4958 2.77013 3.0903 2.18103 1.99319 3.77169 3.57436 3.01077
threshold=0.83584100606332823 -0.77388922702373697 -0.96799795186891957 0.98876404494382031 0.1564382530120482 -0.43308457711442783 -0.83584100606332801 0.097167584579071611 -0.18953130345535404 0.72524509803921589 0.68651074887786456 0.96693989071038255 0.96850198412698418 0.80746061167747929
decision_type=2 2 2 2 2 2 2 2 2 2 2 2 2 2
left_child=1 4 -3 5 6 -4 -1 -8 -9 -6 11 13 -12 -2
right_child=10 2 3 -5 9 -7 7 8 -10 -11 12 -13 -14 -15
leaf_value=-0.0035723633388011762 0.00069100734014264646 0.0047089531641686336 -0.00090059692389657462 -0.0040011766945721259 0.0033140317020532222 3.8578245316892006e-05 0.0024188616890646053 -0.0039209462128494714 0.0019865995106132079 -0.0011801460925780702 0.0040852182197671193 0.0051693800825418695 -0.001073606746873545 -0.0040064088609069581
leaf_weight=133 582 110 3743 183 610 9287 391 171 134 110 468 125 157 145
leaf_count=133 582 110 3743 183 610 9287 391 171 134 110 468 125 157 145
internal_value=5.98776e-05 -8.60002e-05 -0.000242138 -0.000286887 0.00124989 -0.000231693 4.23059e-05 0.000773856 -0.00134483 0.00262066 0.00151943 0.000563746 0.00279282 -0.00028754
internal_weight=16349 14872 13323 13213 1549 13030 829 696 305 720 1477 852 625 727
internal_count=16349 14872 13323 13213 1549 13030 829 696 305 720 1477 852 625 727
is_linear=0
shrinkage=0.03


Tree=73
num_leaves=15
num_cat=0
split_feature=3 1 4 7 9 9 7 3 5 6 6 6 7 9
split_gain=5.57962 2.89713 2.62238 2.19336 2.12539 3.37707 2.53612 2.28865 2.01048 1.992 3.6275 2.69589 1.91541 1.90703
threshold=0.21261798310978644 0.3228287841191067 0.56574122577265595 0.93239382974671503 -0.85940202619224104 -0.63275862068965505 0.41795166858458005 0.77096018735363003 -0.92814113597246117 -0.8171368861024032 -0.5070478459400436 0.45566778900112243 0.1895313034553541 -0.57052441229656403
decision_type=2 2 2 2 2 2 2 2 2 2 2 2 2 2
left_child=1 3 -3 8 6 9 7 -2 -1 -6 -11 12 -12 -7
right_child=4 2 -4 -5 5 13 -8 -9 -10 10 11 -13 -14 -15
leaf_value=-0.002590570331411436 0.0028255215842734305 -0.0015935155613162962 0.00071005062252494288 0.003465527288927172 0.0018796544550873694 0.0038273478763684666 0.0049589426021530844 -0.0025576525375811902 -7.5712271549941248e-05 -0.0067001503379478184 -0.0014413527688440985 -0.0044940196047900827 0.0034213395930022339 0.00064742377806338472
leaf_weight=290 161 2651 528 141 116 166 210 112 6191 120 154 118 122 5240
leaf_count=290 161 2651 528 141 116 166 210 112 6191 120 154 118 122 5240
internal_value=-1.47705e-05 -0.000466997 -0.00120989 -0.000109072 0.000664804 0.000509164 0.00256004 0.000604702 -0.00019206 -0.00155341 -0.00234927 -0.000891088 0.00075257 0.000751955
internal_weight=16320 9801 3179 6622 6519 6036 483 273 6481 630 514 394 276 5406
internal_count=16320 9801 3179 6622 6519 6036 483 273 6481 630 514 394 276 5406
is_linear=0
shrinkage=0.03


Tree=74
num_leaves=15
num_cat=0
split_feature=1 0 7 0 1 4 7 8 1 4 8 0 1 7
split_gain=3.8726 2.68906 2.54916 2.14376 2.27993 3.28389 3.24093 3.54277 3.3366 3.11127 3.32301 2.65693 2.41673 2.23359
threshold=-0.71256454388984503 0.83584100606332823 0.94160272804774092 -0.96799795186891957 0.22623655913978494 0.1564382530120482 -0.76393188854489147 0.34514106583072107 0.67188646929287998 0.3228287841191067 -0.10741758241758236 -0.45129664769133454 0.86949116457313191 0.038218111002921169
decision_type=2 2 2 2 2 2 2 2 2 2 2 2 2 2
left_child=2 3 -1 -2 -5 12 11 8 13 -10 -11 -7 -6 -8
right_child=1 -3 -4 4 5 6 7 -9 9 10 -12 -13 -14 -15
leaf_value=0.00099514152077811438 0.0038806473870918283 0.001228573026771017 0.0056321244835975757 9.4213579739029719e-05 -0.0010535305259230078 0.0064928755146871882 -0.0045260173962932363 0.0012455618225503712 0.0044355447685616159 0.00097444605960620529 -0.0040041809073137879 0.00026056774809162496 -0.0038279027405052567 -0.00096796404996448814
leaf_weight=2158 103 1231 103 6971 3055 114 312 860 121 346 173 124 304 327
leaf_count=2158 103 1231 103 6971 3055 114 312 860 121 346 173 124 304 327
internal_value=8.08623e-05 -0.000104966 0.00123025 -0.000233973 -0.00027035 -0.0007128 0.000140463 -0.000234876 -0.00123226 0.000300299 -0.000729418 0.00338723 -0.00131524 -0.0027482
internal_weight=16302 14041 2261 12810 12707 5736 2377 2139 1279 640 519 238 3359 639
internal_count=16302 14041 2261 12810 12707 5736 2377 2139 1279 640 519 238 3359 639
is_linear=0
shrinkage=0.03


Tree=75
num_leaves=15
num_cat=0
split_feature=3 7 0 5 3 0 7 0 6 6 0 6 1 8
split_gain=4.97342 2.65301 2.31052 2.08356 2.25198 2.31828 4.4156 2.64452 1.99178 2.94176 2.17704 2.0211 1.89724 2.23979
threshold=0.37771377935312361 0.97315315315315332 -0.96799795186891957 -0.90733452593917707 0.36055555555555568 -0.73969508752117441 0.70991117344553545 -0.70473174366616986 -0.49055258467023172 0.43951219512195122 -0.89403508771929807 -0.83584100606332801 0.3228287841191067 -0.85129906025428403
decision_type=2 2 2 2 2 2 2 2 2 2 2 2 2 2
left_child=2 -2 -1 -4 5 6 8 -7 11 -10 -11 -5 -9 -14
right_child=1 -3 3 4 -6 7 -8 12 9 10 -12 -13 13 -15
leaf_value=0.0038746833831638746 0.00062534923915975372 0.0040559656336411551 -0.0021760320113085835 -0.00048164267824696641 -0.0040848774041182222 0.0031771372347330191 0.00400803079197724 0.00014387056631957076 0.00037327848708210853 0.00022777847824256931 -0.0049850682820258285 -0.0050234042099357888 0.003408614185300063 -0.00096414629816591441
leaf_weight=105 4990 202 555 130 130 209 114 5952 500 106 210 280 100 2731
leaf_count=105 4990 202 555 130 130 209 114 5952 500 106 210 280 100 2731
internal_value=5.81257e-07 0.000766361 -0.000357269 -0.00040108 -0.000304932 -0.000253468 -0.0014127 -7.9341e-05 -0.0019451 -0.00106528 -0.00328311 -0.00362909 -0.000160357 -0.000798232
internal_weight=16314 5192 11122 11017 10462 10332 1340 8992 1226 816 316 410 8783 2831
internal_count=16314 5192 11122 11017 10462 10332 1340 8992 1226 816 316 410 8783 2831
is_linear=0
shrinkage=0.03


Tree=76
num_leaves=15
num_cat=0
split_feature=3 1 4 3 6 2 2 1 7 0 6 0 5 1
split_gain=5.46196 3.48808 4.2839 2.88497 2.8387 2.7603 2.6867 3.28689 2.61198 2.35035 2.32312 3.02341 2.70898 2.31235
threshold=0.58102025506376598 0.97315315315315332 0.82807881773399028 0.088421444527177942 -0.21992558908639928 0.80123456790123471 -0.6211556383970176 -0.64631422189128795 0.71852992957746487 0.12158167036215818 -0.58863819500402892 0.96693989071038255 0.77913279132791335 -0.61242176215695709
decision_type=2 2 2 2 2 2 2 2 2 2 2 2 2 2
left_child=1 2 6 4 -4 10 8 -8 -1 -5 12 13 -2 -12
right_child=5 -3 3 9 -6 -7 7 -9 -10 -11 11 -13 -14 -15
leaf_value=-0.0015179198566012797 0.00036273525834231183 -0.0046404986241953324 -0.001647509078029543 0.0071349337588995695 0.0029535585780057212 0.0025832473456662095 0.0016056002130011655 -0.00020060687615067727 0.0014219161131463589 0.0011528583511548197 0.0033712823815982449 0.005517308042022875 -0.0035990990676544165 0.00041492495095543755
leaf_weight=2065 583 144 226 140 238 919 1005 8493 305 105 276 129 201 1446
leaf_count=2065 583 144 226 140 238 919 1005 8493 305 105 276 129 201 1446
internal_value=0.000137841 -0.000152856 -9.78285e-05 0.00215089 0.000725043 0.00117586 -0.000233866 -8.00127e-06 -0.0011352 0.00471694 0.000677095 0.00125482 -0.000685526 0.000905495
internal_weight=16275 12721 12577 709 464 3554 11868 9498 2370 245 2635 1851 784 1722
internal_count=16275 12721 12577 709 464 3554 11868 9498 2370 245 2635 1851 784 1722
is_linear=0
shrinkage=0.03


Tree=77
num_leaves=15
num_cat=0
split_feature=2 1 4 1 4 1 0 1 2 9 1 8 1 1
split_gain=5.92495 3.19579 2.57896 2.74715 2.23384 4.71175 2.38717 2.29585 2.22544 2.69434 2.29049 2.09315 2.04531 3.70905
threshold=0.29073091057574524 -0.16172624237140362 0.82807881773399028 0.74625530963559139 0.41004623791509048 0.12158167036215818 -0.016133229247983379 0.3228287841191067 -0.61242176215695709 -0.29198717948717939 -0.90733452593917707 -0.72264957264957252 0.96850198412698418 0.58102025506376598
decision_type=2 2 2 2 2 2 2 2 2 2 2 2 2 2
left_child=1 8 3 -2 6 -6 7 11 9 10 -1 -3 13 -4
right_child=2 4 12 -5 5 -7 -8 -9 -10 -11 -12 -13 -14 -15
leaf_value=0.00091733102746344554 0.00084939944278589381 -0.003897817132308295 0.0011047708038818456 -0.00083943401686055669 -0.0033788033056840949 0.0012988675080872327 -0.00060281701930748461 -0.0031102633805848278 0.00058172551481461483 0.00027503389969025247 -0.0027366839397680075 -0.00040771487011237174 -0.0010936836396636318 0.0056837962985366256
leaf_weight=193 4017 180 397 1096 241 841 2173 943 3097 1124 686 848 127 263
leaf_count=193 4017 180 397 1096 241 841 2173 943 3097 1124 686 848 127 263
internal_value=-2.27138e-05 -0.000455919 0.000734958 0.000486457 -0.000976543 0.000235583 -0.00129283 -0.00204669 7.84336e-05 -0.000698771 -0.00193309 -0.00105049 0.00232307 0.00298704
internal_weight=16226 10326 5900 5113 5226 1082 4144 1971 5100 2003 879 1028 787 660
internal_count=16226 10326 5900 5113 5226 1082 4144 1971 5100 2003 879 1028 787 660
is_linear=0
shrinkage=0.03


Tree=78
num_leaves=15
num_cat=0
split_feature=3 0 1 0 8 6 5 3 6 4 8 6 4 8
split_gain=4.56878 3.77186 3.5345 2.59042 2.66122 2.52698 5.7994 2.71459 3.30361 2.60448 2.52466 2.26189 2.85354 2.44754
threshold=0.41004623791509048 -0.96799795186891957 0.22623655913978494 0.83584100606332823 -0.92814113597246117 -0.61242176215695709 0.82070417145044017 0.61152570480928703 0.65669642857142874 0.75411605937921733 -0.90143695608176466 0.93700396825396837 -0.06580086580086579 -0.90733452593917707
decision_type=2 2 2 2 2 2 2 2 2 2 2 2 2 2
left_child=1 -1 10 4 -2 6 -5 -7 9 -9 -3 13 -13 -4
right_child=3 2 11 5 -6 7 -8 8 -10 -11 -12 12 -14 -15
leaf_value=0.0050871292417868971 -0.0034074831872475805 -0.0028924706978495636 0.0030073843387046217 0.0032262191440187099 0.00046267563547579011 -0.0008988265455322894 -0.0057507817356937888 0.0029047054654460407 -4.3081712286324191e-05 0.007621961829929867 3.5116046912239474e-05 -0.0021297387949968305 0.0036176890581356065 -0.0014905951784316483
leaf_weight=100 157 266 103 142 3788 138 103 271 159 188 6714 123 180 3865
leaf_count=100 157 266 103 142 3788 138 103 271 159 188 6714 123 180 3865
internal_value=-0.000111666 -0.000443159 -0.000496787 0.000648467 0.000300428 0.00200357 -0.000625306 0.00285256 0.00369123 0.00495815 -8.04294e-05 -0.00117545 0.00129107 -0.00136657
internal_weight=16297 11351 11251 4946 3945 1001 245 756 618 459 6980 4271 303 3968
internal_count=16297 11351 11251 4946 3945 1001 245 756 618 459 6980 4271 303 3968
is_linear=0
shrinkage=0.03


Tree=79
num_leaves=15
num_cat=0
split_feature=2 9 5 6 4 1 1 4 2 2 1 7 5 6
split_gain=4.41544 3.61354 3.35603 3.35531 3.15719 2.5757 2.44215 2.44214 2.43513 2.70083 2.30219 2.25935 2.33224 1.87296
threshold=-0.59537185660781156 0.9194594594594595 0.60232558139534897 -0.73969508752117441 -0.58863819500402892 0.48683298683298687 0.35434243176178665 0.65669642857142874 0.39305778491171756 0.65669642857142874 -0.90143695608176466 0.80746061167747929 0.23395061728395064 0.31467710371819962
decision_type=2 2 2 2 2 2 2 2 2 2 2 2 2 2
left_child=10 2 3 -2 -3 13 11 -7 -9 -10 -1 -5 -13 -4
right_child=1 4 5 6 -6 7 -8 8 9 -11 -12 12 -14 -15
leaf_value=0.0011524275282067777 0.0015321020002509382 -0.002354635329328815 0.00093944167681780119 -8.6963496244228273e-05 0.0031543487373153979 -9.0452663781973771e-05 -0.00094668600529020639 0.0062771624168854647 -0.001882534747653198 0.0031842957444614254 -0.0013023126808056453 0.00061198020711162823 0.0054804434089351494 -0.0014173072736275239
leaf_weight=385 989 103 1153 5200 602 285 3305 167 112 451 2747 270 124 401
leaf_count=385 989 103 1153 5200 602 285 3305 167 112 451 2747 270 124 401
internal_value=1.26842e-05 0.000253725 0.00013457 -0.000116694 0.00232781 0.00109838 -0.000301449 0.00226601 0.0031748 0.00216107 -0.000997857 8.07734e-05 0.00224192 0.000326124
internal_weight=16294 13162 12457 9888 705 2569 8899 1015 730 563 3132 5594 394 1554
internal_count=16294 13162 12457 9888 705 2569 8899 1015 730 563 3132 5594 394 1554
is_linear=0
shrinkage=0.03


Tree=80
num_leaves=15
num_cat=0
split_feature=2 1 9 5 1 5 3 2 9 7 4 3 1 2
split_gain=5.13441 3.66323 2.82006 2.68194 2.5437 3.10345 2.78542 2.31556 2.46675 3.05028 2.34494 2.20911 2.04597 2.051
threshold=0.24357284113381675 -0.18953130345535404 -0.94904251866277167 0.97036874451273059 0.97315315315315332 0.86402157164869031 0.61781229345670863 -0.7900856793145653 0.9194594594594595 -0.077787381158167621 0.77096018735363003 0.63356807511737101 0.57223113964687011 0.16436803325146424
decision_type=2 2 2 2 2 2 2 2 2 2 2 2 2 2
left_child=1 3 -2 -1 5 -4 -7 -3 9 12 -11 -6 13 -9
right_child=2 7 4 -5 11 6 -8 8 -10 10 -12 -13 -14 -15
leaf_value=0.000142148811677935 0.0047290128171088019 -0.0029687601795650265 0.00055084812303696424 0.0047598313482414036 -0.0055194354908202174 0.0051682447814971376 0.00087033648288227831 0.00076645689218316762 0.0023074054658018912 -0.0019122475283286399 0.0018491601271474836 0.00035070013254880902 -0.0016293131028091727 -0.0030025104963233773
leaf_weight=4730 147 435 5401 106 100 251 293 1541 224 2054 153 119 558 132
leaf_count=4730 147 435 5401 106 100 251 293 1541 224 2054 153 119 558 132
internal_value=8.6753e-05 -0.000338302 0.000755232 0.000252977 0.000652958 0.000771329 0.00291087 -0.0008987 -0.000699607 -0.000856227 -0.00164432 -0.0024537 -7.27495e-05 0.000453011
internal_weight=16244 9933 6311 4836 6164 5945 544 5097 4662 4438 2207 219 2231 1673
internal_count=16244 9933 6311 4836 6164 5945 544 5097 4662 4438 2207 219 2231 1673
is_linear=0
shrinkage=0.03


Tree=81
num_leaves=15
num_cat=0
split_feature=3 9 2 5 9 6 8 2 3 7 9 8 7 9
split_gain=5.32122 3.38623 3.02548 2.54151 2.33198 1.88436 3.41764 2.62434 2.45735 4.41538 2.5088 2.1626 2.12044 1.81298
threshold=-0.073622402890695535 -0.85940202619224104 -0.61242176215695709 -0.88433667781493852 0.9194594594594595 0.23395061728395064 0.88303693570451447 -0.21992558908639928 0.088421444527177942 -1.0000000180025095e-35 0.94904251866277189 0.16436803325146424 -0.73105625717566014 0.86949116457313191
decision_type=2 2 2 2 2 2 2 2 2 2 2 2 2 2
left_child=3 -2 -3 -1 13 7 8 11 9 -7 -10 12 -4 -5
right_child=1 2 5 4 -6 6 -8 -9 10 -11 -12 -13 -14 -15
leaf_value=-0.002585745838924841 0.0026562101066906242 -0.0012573604338873593 0.0047271009111487915 -0.00046755254039027396 0.003212256752794572 0.0047182814527839192 0.0031598241394953574 0.00054493902349337688 -0.0013798711027434472 -0.0016697870044172117 0.0031128961533261846 0.0043127510860924501 0.00012591938297230778 -0.0041462509247769674
leaf_weight=533 589 958 106 6691 143 188 236 4192 1576 184 111 314 407 113
leaf_count=533 589 958 106 6691 143 188 236 4192 1576 184 111 314 407 113
internal_value=-1.94421e-05 0.000477708 0.00031957 -0.00060823 -0.000453009 0.000527553 -0.000184042 0.000852658 -0.000580732 0.00159759 -0.00106766 0.00238732 0.00114886 -0.000534643
internal_weight=16341 8861 8272 7480 6947 7314 2295 5019 2059 372 1687 827 513 6804
internal_count=16341 8861 8272 7480 6947 7314 2295 5019 2059 372 1687 827 513 6804
is_linear=0
shrinkage=0.03


Tree=82
num_leaves=15
num_cat=0
split_feature=2 7 4 9 8 8 8 2 0 0 7 9 2 6
split_gain=3.77824 2.52889 2.41823 2.91313 2.1625 2.1009 1.90866 1.87637 2.72129 2.95746 2.08208 2.00889 2.26964 1.77853
threshold=-0.6211556383970176 0.92749178532311072 -0.059532246633593182 0.94160272804774092 -0.38688172043010749 -0.93984622342831292 0.97315315315315332 0.84168755221386804 -0.8171368861024032 0.74050024050024055 0.60232558139534897 -0.56386946386946379 0.70209762000806786 -0.71256454388984503
decision_type=2 2 2 2 2 2 2 2 2 2 2 2 2 2
left_child=1 -1 4 5 -2 -4 7 11 -9 -10 -11 12 -7 -6
right_child=2 -3 3 -5 13 6 -8 8 9 10 -12 -13 -14 -15
leaf_value=-0.0012002407078534622 -0.0011598379273889342 0.0033483833702200134 -0.0024442776729119943 0.0034325568051428602 0.0021877209483600543 0.0018904877461754053 -0.0026192600668097535 0.0051360772191740879 -0.00017358779928022204 0.0059722172029760502 0.0005230075576376995 4.1730887533263255e-05 -0.0016362601820069406 -8.6456665598526558e-05
leaf_weight=2822 1744 105 214 291 324 1129 161 170 568 141 112 4067 184 4211
leaf_count=2822 1744 105 214 291 324 1129 161 170 568 141 112 4067 184 4211
internal_value=-5.22415e-05 -0.00102622 0.00016246 0.000543994 -0.000265319 0.000414495 0.000511747 0.00059485 0.00178798 0.00104125 0.00367153 0.000372165 0.00138763 8.04764e-05
internal_weight=16243 2927 13316 7037 6279 6746 6532 6371 991 821 253 5380 1313 4535
internal_count=16243 2927 13316 7037 6279 6746 6532 6371 991 821 253 5380 1313 4535
is_linear=0
shrinkage=0.03


Tree=83
num_leaves=15
num_cat=0
split_feature=7 4 0 2 9 6 4 9 0 0 6 0 6 8
split_gain=2.87081 3.19422 2.89347 2.65316 2.84607 2.76209 3.4449 3.66662 2.50298 1.89563 1.86579 2.99774 2.01695 1.85394
threshold=0.92749178532311072 0.015628815628815577 -0.96799795186891957 -0.93984622342831292 -0.37284167398302598 -0.73969508752117441 0.72524509803921589 -0.49712643678160912 0.98876404494382031 0.49274752995585464 -0.051956815114709891 0.47885646217986894 0.44676113360323894 -0.52056338028169002
decision_type=2 2 2 2 2 2 2 2 2 2 2 2 2 2
left_child=2 -2 -1 4 -4 6 -5 13 -7 -9 11 -3 -12 -8
right_child=1 10 3 5 -6 8 7 9 -10 -11 12 -13 -14 -15
leaf_value=0.0041487749438098766 -0.0012318132994508563 0.0044820400900741821 -0.0057014290209626778 0.0018328166628367682 -8.8881279913369899e-05 -0.00030681384003657959 -0.0010437124538219581 -0.0049578256497985309 0.0034230240378472043 -0.00022474380352799475 0.0077532892173621795 -0.0020090606537140798 0.0023166947794110186 0.0041518579463784887
leaf_weight=131 213 112 150 1273 166 13116 108 184 154 127 110 126 152 125
leaf_count=131 213 112 150 1273 166 13116 108 184 154 127 110 126 152 125
internal_value=-4.35466e-05 0.0018044 -0.000129472 -0.000168526 -0.00284623 -0.000110593 0.000983163 -0.00100228 -0.000260984 -0.00309224 0.00309662 0.00110313 0.00480036 0.00179976
internal_weight=16247 713 15534 15403 316 15087 1817 544 13270 311 500 238 262 233
internal_count=16247 713 15534 15403 316 15087 1817 544 13270 311 500 238 262 233
is_linear=0
shrinkage=0.03


Tree=84
num_leaves=15
num_cat=0
split_feature=9 3 0 0 7 6 6 6 4 5 5 5 4 6
split_gain=3.03219 2.65478 2.39736 2.20012 2.29145 2.97197 3.88336 3.00582 3.52216 2.93147 2.71437 2.08595 2.03655 1.75591
threshold=-0.94904251866277167 -0.52875082617316582 0.50280898876404501 0.12158167036215818 -0.79887640449438191 0.2022727272727273 0.9194594594594595 -0.54487917146144982 0.61152570480928703 -0.24025316455696197 0.59508740204942756 -0.17573529411764707 0.66249413237365062 -0.28989813242784374
decision_type=2 2 2 2 2 2 2 2 2 2 2 2 2 2
left_child=12 2 -2 4 11 7 10 9 13 -6 -7 -3 -1 -9
right_child=1 3 -4 -5 5 6 -8 8 -10 -11 -12 -13 -14 -15
leaf_value=0.00032908459388030073 -0.00056879651936496921 -0.00069675639303222133 -0.002826279114635735 0.00045160090603047691 0.0011773055086359578 -0.0025538080256538548 0.0027727197912531931 0.0013705941712553909 0.003772060874764325 -0.0018828912007787775 0.00075259272809969355 0.0026980034930977237 0.005511444072709681 -0.00049547591530862967
leaf_weight=134 3186 271 480 6091 369 1342 160 697 270 1108 263 386 132 1258
leaf_count=134 3186 271 480 6091 369 1342 160 697 270 1108 263 386 132 1258
internal_value=-0.000110341 -0.00016442 -0.00087126 4.82585e-05 -0.000352993 -0.000554661 -0.0015639 -7.05684e-05 0.000625022 -0.00111558 -0.00201071 0.00130828 0.00300729 0.000173408
internal_weight=16147 15881 3666 12215 6124 5467 1765 3702 2225 1477 1605 657 266 1955
internal_count=16147 15881 3666 12215 6124 5467 1765 3702 2225 1477 1605 657 266 1955
is_linear=0
shrinkage=0.03


Tree=85
num_leaves=15
num_cat=0
split_feature=9 6 4 3 7 4 7 9 7 7 9 9 8 9
split_gain=3.15826 5.26855 3.26889 2.01624 2.86246 3.17709 2.16952 2.39542 1.69026 2.28436 1.7959 2.78142 2.81922 2.49184
threshold=0.61781229345670863 -0.79887640449438191 0.27518115942028981 0.4709263015551049 -0.059532246633593182 -0.53752345215759834 0.82070417145044017 0.89237451737451745 0.1564382530120482 0.073622402890695673 0.32449982449982456 0.025320512820512734 -0.83584100606332801 -0.55424836601307181
decision_type=2 2 2 2 2 2 2 2 2 2 2 2 2 2
left_child=2 -2 -1 4 -3 -6 7 -5 9 -4 11 12 -10 -14
right_child=1 3 8 6 5 -7 -8 -9 10 -11 -12 -13 13 -15
leaf_value=-0.00055480187382626466 -0.003466696447142305 0.0020767390970153647 0.00017510482932229127 0.0025303370985911107 -0.0029819931068175488 0.00058379418147746858 0.0044164075338080323 -0.00086739104049006748 -0.0036596110440466714 -0.0031271571671908222 -0.00084108601017515098 0.0038799093748195699 0.0025908426851886193 2.3274840111556796e-05
leaf_weight=8270 226 709 2338 542 292 872 286 276 105 195 368 332 636 719
leaf_count=8270 226 709 2338 542 292 872 286 276 105 195 368 332 636 719
internal_value=1.23901e-05 0.000854438 -0.000196168 0.00119299 0.000588168 -0.000328497 0.0022046 0.00138729 0.000435653 -9.04133e-05 0.00105014 0.00144102 0.000863807 0.00123857
internal_weight=16166 3203 12963 2977 1873 1164 1104 818 4693 2533 2160 1792 1460 1355
internal_count=16166 3203 12963 2977 1873 1164 1104 818 4693 2533 2160 1792 1460 1355
is_linear=0
shrinkage=0.03


Tree=86
num_leaves=15
num_cat=0
split_feature=3 2 5 9 0 5 4 9 9 2 4 4 9 0
split_gain=3.49205 2.59805 2.0358 2.46854 2.13906 3.4588 2.47072 2.63682 2.03538 1.7676 1.76842 3.4175 1.72073 1.68171
threshold=-0.1977011494252873 -0.605448480355819 0.65669642857142874 0.88303693570451447 -0.74625530963559117 -0.28989813242784374 0.62583333333333346 -0.19017480409885471 -0.099295774647887289 0.84168755221386804 0.96850198412698418 0.80746061167747929 0.78516483516483537 -0.90143695608176466
decision_type=2 2 2 2 2 2 2 2 2 2 2 2 2 2
left_child=2 -2 3 4 5 8 12 -8 -1 -3 11 -11 -6 -7
right_child=1 9 -4 -5 6 13 7 -9 -10 10 -12 -13 -14 -15
leaf_value=0.0034629688996604077 -0.00088147155602787987 0.00041075522584815144 0.00097028775077115815 0.0027639645347127288 -0.00060909717851281538 -0.0011964122819180568 0.0050115416249931115 -0.0010567219161474312 -0.0021476418703657275 0.0010251678251441433 -0.0018429871667022546 0.004872455108692054 -0.0035299222009795668 -0.0049790161575293257
leaf_weight=112 1235 7472 745 171 4401 168 133 112 102 829 111 271 180 317
leaf_count=112 1235 7472 745 171 4401 168 133 112 102 829 111 271 180 317
internal_value=4.8025e-05 0.000401099 -0.000495426 -0.000688496 -0.000800151 -0.00234013 -0.000572722 0.00230483 0.00081226 0.000584326 0.00164314 0.00200836 -0.000731303 -0.00371939
internal_weight=16359 9918 6441 5696 5525 699 4826 245 214 8683 1211 1100 4581 485
internal_count=16359 9918 6441 5696 5525 699 4826 245 214 8683 1211 1100 4581 485
is_linear=0
shrinkage=0.03


Tree=87
num_leaves=15
num_cat=0
split_feature=4 2 4 0 3 1 8 2 8 1 8 0 4 2
split_gain=3.78961 3.6629 2.22015 2.27523 1.86803 2.1421 2.51674 2.27999 1.92794 1.82368 3.82801 3.34384 2.34255 2.13637
threshold=0.77096018735363003 -0.94904251866277167 -0.90733452593917707 0.3228287841191067 0.92749178532311072 0.97315315315315332 -0.8767331433998099 0.17287356321839079 -0.64631422189128795 0.35434243176178665 -0.84344362745098034 0.68651074887786456 0.71852992957746487 0.86402157164869031
decision_type=2 2 2 2 2 2 2 2 2 2 2 2 2 2
left_child=1 -1 3 -3 5 6 7 -2 -8 12 -11 -12 -4 -13
right_child=4 2 9 -5 -6 -7 8 -9 -10 10 11 13 -14 -15
leaf_value=-0.0044166545576037287 0.00098648637355793086 -0.0029377106835465376 0.00027562760790262095 0.0011678241732546927 0.0031613386298716454 -0.0031695389601096892 0.0042392407715754598 -0.0049725805373058065 0.0010563312904630993 0.0032626460132189092 -0.0011234359599767145 0.00039887990295317668 -0.0025214698927463601 0.004852308175108253
leaf_weight=172 116 457 8826 158 353 106 196 100 1097 215 3525 556 268 108
leaf_count=172 116 457 8826 158 353 106 196 100 1097 215 3525 556 268 108
internal_value=-1.74708e-05 -0.000187757 -0.000133127 -0.00188115 0.00121327 0.00077064 0.00106646 -0.00187029 0.00156765 -5.21495e-05 -0.00055254 -0.000755658 0.000190518 0.00118448
internal_weight=16253 14285 14113 615 1968 1615 1509 216 1293 13498 4404 4189 9094 664
internal_count=16253 14285 14113 615 1968 1615 1509 216 1293 13498 4404 4189 9094 664
is_linear=0
shrinkage=0.03


Tree=88
num_leaves=15
num_cat=0
split_feature=0 3 0 4 1 2 2 7 6 0 6 1 4 1
split_gain=4.32164 3.82104 2.66482 2.65949 2.50907 2.47908 2.35485 2.18162 2.01651 1.87502 2.88681 2.20982 1.69972 2.47038
threshold=-0.96799795186891957 -0.61242176215695709 -0.016133229247983379 -0.91836356904850047 0.97315315315315332 0.76293487957181094 -0.92814113597246117 0.72524509803921589 0.06472559698366144 -0.74625530963559117 -0.52056338028169002 0.49274752995585464 -0.6795061728395061 0.55863254392666173
decision_type=2 2 2 2 2 2 2 2 2 2 2 2 2 2
left_child=-1 5 3 -3 6 7 -4 9 -9 11 -11 -2 -12 -14
right_child=1 2 4 -5 -6 -7 -8 8 -10 10 12 -13 13 -15
leaf_value=0.0050735886188086445 -0.0036286769961843841 -0.0037560331257569784 -0.0031905118754366412 -0.00020066754905403541 -0.0033755544002713827 -0.0048854999521818869 0.00068752872170965154 -0.0016397613765099044 0.0034415137954176898 0.0024869795534759763 -0.0025959517513283012 0.0011475089760987383 0.00010655625191602344 -0.0031023924569270425
leaf_weight=139 424 186 134 5645 135 133 7177 103 183 220 480 104 1091 259
leaf_count=139 424 186 134 5645 135 133 7177 103 183 220 480 104 1091 259
internal_value=-1.23964e-05 -5.8926e-05 0.000159661 -0.000320315 0.000535459 -0.0010246 0.000612189 -0.000828931 0.00161797 -0.00110559 -0.000687979 -0.00268407 -0.00108111 -0.000527371
internal_weight=16413 16274 13277 5831 7446 2997 7311 2864 286 2578 2050 528 1830 1350
internal_count=16413 16274 13277 5831 7446 2997 7311 2864 286 2578 2050 528 1830 1350
is_linear=0
shrinkage=0.03


Tree=89
num_leaves=15
num_cat=0
split_feature=1 2 3 1 7 4 4 1 5 9 7 5 3 8
split_gain=3.1687 4.23885 2.65279 3.97559 3.23699 2.92725 2.79413 2.52188 2.42764 2.55424 3.46522 2.33125 3.03192 2.54575
threshold=-0.49712643678160912 -0.37284167398302598 0.77096018735363003 0.98876404494382031 -0.35100035100035093 0.43263412666397744 0.94904251866277189 -0.13383084577114426 0.97036874451273059 -0.71256454388984503 0.6777901371894699 0.90786914235190108 -0.43308457711442783 0.60232558139534897
decision_type=2 2 2 2 2 2 2 2 2 2 2 2 2 2
left_child=8 11 3 6 5 -4 -3 -6 9 10 -1 12 13 -2
right_child=1 2 4 -5 7 -7 -8 -9 -10 -11 -12 -13 -14 -15
leaf_value=-0.0020466639878327798 -0.0026765958026322722 -0.00012031897241977838 0.0013817162616349802 -0.0049037695148239904 -0.0014539620419068691 -0.0044788045362968527 0.0046107304988330915 0.0027284317205595815 0.0047012802985797924 0.00092683097639727988 0.0036722888816249273 -0.005205088138354767 -0.00018478729392377869 0.0010509258045843153
leaf_weight=561 1105 7760 153 145 146 137 104 860 123 3192 105 118 1617 188
leaf_count=561 1105 7760 153 145 146 137 104 860 123 3192 105 118 1617 188
internal_value=-2.15729e-05 -0.00025916 5.84448e-05 -0.000145821 0.00131222 -0.00144388 -5.19755e-05 0.00211311 0.000713268 0.000574297 -0.00110404 -0.00123213 -0.00105376 -0.00213071
internal_weight=16314 12333 9305 8009 1296 290 7864 1006 3981 3858 666 3028 2910 1293
internal_count=16314 12333 9305 8009 1296 290 7864 1006 3981 3858 666 3028 2910 1293
is_linear=0
shrinkage=0.03


Tree=90
num_leaves=15
num_cat=0
split_feature=2 7 1 4 1 2 2 9 5 8 2 8 1 9
split_gain=2.52731 3.44468 2.47457 2.08842 2.15853 2.0579 2.00785 1.67527 1.74932 1.63068 1.90727 1.61329 1.48904 2.21306
threshold=-0.6211556383970176 0.93239382974671503 -0.71256454388984503 -0.1270166453265045 0.86949116457313191 0.50910294604435635 0.78516483516483537 0.9194594594594595 0.97315315315315332 -0.90733452593917707 1.0000000180025095e-35 -0.16172624237140362 -0.53752345215759834 -0.35538545653362491
decision_type=2 2 2 2 2 2 2 2 2 2 2 2 2 2
left_child=1 12 6 4 11 -6 -2 8 9 10 -5 -4 -1 -14
right_child=2 -3 3 7 5 -7 -8 -9 -10 -11 -12 -13 13 -15
leaf_value=-0.00015963969905265316 0.0019491376860121788 0.0044823179913785404 -0.00078519852975761785 -0.00061152162953835576 -0.0059818787240301782 -0.00011671155857454453 -0.0017580940137117706 0.0024164920975937956 -0.0027432889814040609 0.00033754308577761834 0.0042372525639187263 0.00026843735302451403 -0.0030253253740037938 -0.0006623527410840502
leaf_weight=1300 1117 101 2257 109 105 102 141 375 148 5602 198 3083 560 974
leaf_count=1300 1117 101 2257 109 105 102 141 375 148 5602 198 3083 560 974
internal_value=8.60492e-05 -0.000708924 0.000262718 0.000129204 -0.000297059 -0.00323036 0.00152303 0.000496706 0.000374061 0.000456643 0.00255072 -0.000177527 -0.000909043 -0.00153898
internal_weight=16172 2935 13237 11979 5547 207 1258 6432 6057 5909 307 5340 2834 1534
internal_count=16172 2935 13237 11979 5547 207 1258 6432 6057 5909 307 5340 2834 1534
is_linear=0
shrinkage=0.03


Tree=91
num_leaves=15
num_cat=0
split_feature=1 3 8 4 4 0 8 1 8 6 8 9 4 8
split_gain=2.92961 2.63119 2.40991 2.43289 2.30378 2.52188 2.29528 1.86273 2.37986 2.81689 1.81657 2.00704 2.53259 1.70436
threshold=-0.30320054477357838 0.75411605937921733 0.55863254392666173 0.89237451737451745 0.92749178532311072 -0.78247535596933171 -0.90143695608176466 0.30816714150047492 -0.82554347826086938 0.43951219512195122 0.94904251866277189 0.12060606060606062 0.64232409381663125 0.87577160493827166
decision_type=2 2 2 2 2 2 2 2 2 2 2 2 2 2
left_child=6 4 3 -3 7 -6 -1 8 9 -2 11 -4 -13 -8
right_child=1 2 10 -5 5 -7 13 -9 -10 -11 -12 12 -14 -15
leaf_value=-0.0018478524395144514 -0.00045665745549808322 0.00063999652230030412 0.00065698212992762873 -0.0040802316733918684 -0.00093785879510530339 0.0052503658693490761 0.00098052262517493477 -0.00085770957328115563 0.00019711085359225083 -0.0062044230805196124 -0.00051868693039028172 0.0019377924658723973 0.0079840582282873825 -0.00090950376872869223
leaf_weight=300 232 792 143 102 101 125 4771 4691 4140 106 125 130 127 464
leaf_count=300 232 792 143 102 101 125 4771 4691 4140 106 125 130 127 464
internal_value=0.000103687 -0.00018364 0.00101602 6.22691e-05 -0.000365721 0.00256228 0.000664371 -0.000440604 -2.72151e-06 -0.0023857 0.0026086 0.0035747 0.00511276 0.000811587
internal_weight=16349 10814 1419 894 9395 226 5535 9169 4478 338 525 400 257 5235
internal_count=16349 10814 1419 894 9395 226 5535 9169 4478 338 525 400 257 5235
is_linear=0
shrinkage=0.03


Tree=92
num_leaves=15
num_cat=0
split_feature=2 1 0 2 9 5 0 5 1 3 2 2 0 2
split_gain=3.75538 3.45605 2.68903 1.62137 2.47071 2.34718 3.02288 2.60326 2.33027 2.2818 1.62039 2.16519 2.14018 1.55027
threshold=0.25824574121058358 -0.44224170796797557 -0.96521476104053228 -0.54487917146144982 -0.35538545653362491 0.56574122577265595 0.55863254392666173 0.86402157164869031 0.1564382530120482 -0.8171368861024032 0.038218111002921169 -0.019237883832778409 -0.019237883832778409 0.42444997924449984
decision_type=2 2 2 2 2 2 2 2 2 2 2 2 2 2
left_child=1 -1 -2 4 -3 10 7 8 -7 -6 11 -5 -13 -4
right_child=2 3 13 5 9 6 -8 -9 -10 -11 -12 12 -14 -15
leaf_value=0.00028924026685854401 0.0049777943814366026 -0.0031548217309749797 0.0012711128295658477 -0.00076588648207318608 -0.0037761317534303661 -0.0019362033642828463 0.0040120829562459819 -0.0037238419183252499 0.0031755202991971326 -0.00023845362245829494 -0.0017601316014269905 -0.00083531756028422768 0.0037842718582134695 0.00010778914755253213
leaf_weight=3411 106 628 1313 2698 187 125 203 131 191 992 1246 159 190 4681
leaf_count=3411 106 628 1313 2698 187 125 203 131 191 992 1246 159 190 4681
internal_value=-0.000135457 -0.000488523 0.000452495 -0.0008814 -0.00164865 -0.000598154 0.00107031 -0.000324222 0.00115611 -0.000826601 -0.000852675 -0.000477048 0.001715 0.000364311
internal_weight=16261 10161 6100 6750 1807 4943 650 447 316 1179 4293 3047 349 5994
internal_count=16261 10161 6100 6750 1807 4943 650 447 316 1179 4293 3047 349 5994
is_linear=0
shrinkage=0.03


Tree=93
num_leaves=15
num_cat=0
split_feature=7 4 0 3 1 4 9 7 2 0 1 1 7 2
split_gain=2.3106 2.64053 2.60499 2.42461 2.04861 2.0219 2.80339 2.23993 2.19565 1.84338 2.41024 1.81572 3.2345 1.75751
threshold=0.92749178532311072 0.015628815628815577 -0.96799795186891957 -0.90143695608176466 0.98876404494382031 -0.78247535596933171 0.32449982449982456 -0.605448480355819 -0.94904251866277167 -0.92814113597246117 -0.94904251866277167 -0.019237883832778409 -0.49055258467023172 0.3371212121212121
decision_type=2 2 2 2 2 2 2 2 2 2 2 2 2 2
left_child=2 -2 -1 -4 5 6 11 -8 -7 -10 -11 -5 -13 -9
right_child=1 -3 3 4 -6 8 7 13 9 10 -12 12 -14 -15
leaf_value=0.0040030025263670188 -0.001016404960397631 0.0029081506856242505 -0.0017966186050056183 -0.00057202300299939355 -0.0028709387539836433 -0.002949241645347613 0.0043564034370371166 -0.0012747988747330108 -0.0023411252151370912 0.0040145223193730293 0.0002614344496363813 0.00024680872123156275 -0.0048578481178136665 0.0023339880109802319
leaf_weight=135 215 501 664 465 204 185 107 398 231 146 12438 165 330 163
leaf_count=135 215 501 664 465 204 185 107 398 231 146 12438 165 330 163
internal_value=7.74573e-05 0.00173192 6.13463e-07 -3.68141e-05 4.31263e-05 8.5699e-05 -0.000907709 0.000580179 0.000210706 0.000258588 0.000308131 -0.00193834 -0.0031851 -0.000203744
internal_weight=16347 716 15631 15496 14832 14628 1628 668 13000 12815 12584 960 495 561
internal_count=16347 716 15631 15496 14832 14628 1628 668 13000 12815 12584 960 495 561
is_linear=0
shrinkage=0.03


Tree=94
num_leaves=15
num_cat=0
split_feature=2 1 2 9 1 6 9 9 5 1 1 2 4 8
split_gain=3.25574 2.67476 2.87732 2.50395 2.42709 2.3953 5.61806 3.18161 2.08463 5.31636 2.89471 2.27818 2.26335 2.22374
threshold=-0.59537185660781156 0.97315315315315332 0.85524707525755206 0.93239382974671503 -0.86159003831417613 -0.53752345215759834 -0.2770157553290083 -0.29935064935064931 0.61152570480928703 0.76293487957181094 0.86949116457313191 0.80123456790123471 0.65669642857142874 0.89851963098047638
decision_type=2 2 2 2 2 2 2 2 2 2 2 2 2 2
left_child=4 3 -3 8 5 6 -1 -7 10 13 -2 -12 -11 -10
right_child=1 2 -4 -5 -6 7 -8 -9 9 12 11 -13 -14 -15
leaf_value=0.0027717391256805802 0.00018635045147453625 -0.0055717388455135131 0.0004391906070522964 0.0022805253934861597 -0.0011564441979999515 -0.00051119424747648058 -0.0063169475008564239 0.0053526617703028023 8.0698760036655044e-06 -0.00011674768349106333 -0.0035733690616695768 0.0007025900165598582 0.004870758937913543 0.0038078024330709301
leaf_weight=129 9301 134 140 568 2650 152 100 170 1691 103 326 164 381 141
leaf_count=129 9301 134 140 568 2650 152 100 170 1691 103 326 164 381 141
internal_value=7.50811e-05 0.000286934 -0.00259314 0.000351189 -0.000780152 0.00101796 -0.00129537 0.00265261 0.000258867 0.0010662 6.70042e-05 -0.0021568 0.00382849 0.000319601
internal_weight=16150 12949 274 12675 3201 551 229 322 12107 2316 9791 490 484 1832
internal_count=16150 12949 274 12675 3201 551 229 322 12107 2316 9791 490 484 1832
is_linear=0
shrinkage=0.03


Tree=95
num_leaves=15
num_cat=0
split_feature=4 2 1 9 0 2 1 3 1 1 7 2 1 6
split_gain=2.62746 3.39181 2.56315 2.59124 2.36532 2.35849 2.44068 2.82805 2.13325 3.11562 1.87435 2.02072 1.82884 3.4114
threshold=0.77096018735363003 -0.94904251866277167 0.75411605937921733 0.63356807511737101 0.64232409381663125 0.29847345636819328 -0.71256454388984503 -0.45129664769133454 0.76293487957181094 0.97315315315315332 0.68651074887786456 0.51765683423348574 -0.96521476104053228 -0.90143695608176466
decision_type=2 2 2 2 2 2 2 2 2 2 2 2 2 2
left_child=1 -1 5 10 -5 6 7 -3 12 -10 11 -4 -2 -14
right_child=8 2 3 4 -6 -7 -8 -9 9 -11 -12 -13 13 -15
leaf_value=-0.0040759757055860504 0.004027262779176235 -0.00085900584014441674 -0.0024310520614844776 -0.00075363377240890883 0.0040606036446733428 0.00078973545315285201 -0.00031428606198679714 0.0020888226782456256 0.0043863916581369233 -0.00067041196081933218 -0.0044257204586082583 0.00024237423232864477 -0.0032889475555026105 0.00086568527798421588
leaf_weight=174 115 436 561 241 136 3807 7419 855 341 156 193 456 200 1154
leaf_count=174 115 436 561 241 136 3807 7419 855 341 156 193 456 200 1154
internal_value=0.000112719 -2.9157e-05 2.36208e-05 -0.00110828 0.00104312 0.000167902 -0.000104486 0.00109432 0.00113802 0.00281723 -0.00178164 -0.00124166 0.00055469 0.000232389
internal_weight=16244 14278 14104 1587 377 12517 8710 1291 1966 497 1210 1017 1469 1354
internal_count=16244 14278 14104 1587 377 12517 8710 1291 1966 497 1210 1017 1469 1354
is_linear=0
shrinkage=0.03


Tree=96
num_leaves=15
num_cat=0
split_feature=5 5 2 1 8 0 1 2 5 1 8 5 1 0
split_gain=3.65859 2.75527 3.10256 2.77748 2.70992 2.51743 2.29005 3.3293 3.08108 2.45823 2.67048 2.19358 2.07345 2.07057
threshold=0.61152570480928703 0.84712755598831568 0.73152530032763019 0.84712755598831568 -0.90143695608176466 0.87577160493827166 0.25317269076305232 0.25824574121058358 0.48683298683298687 0.031754032258064509 -0.49712643678160912 0.93700396825396837 -0.71256454388984503 -0.17573529411764707
decision_type=2 2 2 2 2 2 2 2 2 2 2 2 2 2
left_child=6 3 4 -2 -3 11 7 12 9 -9 -11 -4 -1 -14
right_child=1 2 5 -5 -6 -7 -8 8 -10 10 -12 -13 13 -15
leaf_value=0.00076897015482946555 0.0010904850472401874 -0.0055300151396265908 0.0056541000136680767 0.0043256067002979803 -0.00054059521635756874 -0.0017543141346825055 -0.00079034990647051907 0.00077522351930446587 -0.0023058059695176781 -0.00072194079468833414 0.004373704454608429 0.00047795196542503322 -0.0013835066545392291 -0.00010722558982904917
leaf_weight=1225 1656 101 161 272 862 111 4892 1376 211 117 391 133 1878 2908
leaf_count=1225 1656 101 161 272 862 111 4892 1376 211 117 391 133 1878 2908
internal_value=-5.20272e-05 0.000839161 -0.000190352 0.00156686 -0.00111535 0.00198295 -0.000278484 3.10225e-05 0.00105798 0.00144489 0.00320882 0.00340526 -0.000328063 -0.000609872
internal_weight=16294 3296 1368 1928 963 405 12998 8106 2095 1884 508 294 6011 4786
internal_count=16294 3296 1368 1928 963 405 12998 8106 2095 1884 508 294 6011 4786
is_linear=0
shrinkage=0.03


Tree=97
num_leaves=15
num_cat=0
split_feature=7 9 1 3 7 5 9 5 9 2 5 1 8 7
split_gain=2.18234 1.92298 1.70236 5.83017 2.19577 1.96448 1.77014 2.29586 2.11669 2.34767 1.55894 1.40704 2.10696 2.08167
threshold=0.96850198412698418 0.88303693570451447 0.86949116457313191 0.75411605937921733 -0.63019943019943014 0.61781229345670863 -0.30886644219977549 0.98876404494382031 -0.96521476104053228 -0.93984622342831292 0.84712755598831568 0.055050505050505023 0.80123456790123471 0.73152530032763019
decision_type=2 2 2 2 2 2 2 2 2 2 2 2 2 2
left_child=2 -2 6 4 -4 -5 8 -8 -1 -10 -7 13 -13 -11
right_child=1 -3 3 5 -6 10 7 -9 9 11 -12 12 -14 -15
leaf_value=0.0025602079962815257 0.00052741311173104793 0.004975323025274145 0.001439512024718252 -0.0011055056587792932 -0.0031839450753600122 0.0062844094857324043 0.00019403194266428848 -0.004107398103873154 -0.0040942153066460939 -0.00039359377571917094 0.0010222777462488895 -0.0014484942037165287 0.0024962607433553783 0.002269517076375373
leaf_weight=180 253 126 100 104 720 102 9610 103 164 2519 101 1741 122 285
leaf_count=180 253 126 100 104 720 102 9610 103 164 2519 101 1741 122 285
internal_value=-0.000124106 0.00209602 -0.000178478 -0.00129695 -0.00260956 0.00218075 -9.20457e-05 0.000144241 -0.000549423 -0.000670335 0.00383721 -0.000541522 -0.00117822 -0.000115811
internal_weight=16230 379 15851 1127 820 307 14724 9713 5011 4831 203 4667 1863 2804
internal_count=16230 379 15851 1127 820 307 14724 9713 5011 4831 203 4667 1863 2804
is_linear=0
shrinkage=0.03


Tree=98
num_leaves=15
num_cat=0
split_feature=9 2 7 1 8 7 9 2 8 8 1 1 8 1
split_gain=2.73717 2.41496 3.27697 3.04026 2.23947 2.15585 2.76268 2.10192 2.0514 1.89257 1.93497 1.88192 1.77476 2.46823
threshold=-0.94904251866277167 -0.61242176215695709 0.93239382974671503 -0.64631422189128795 -0.89403508771929807 0.83584100606332823 -0.36489262371615311 0.78516483516483537 0.71852992957746487 -0.45129664769133454 -0.014709063378758378 0.97315315315315332 0.97315315315315332 0.21913109756097562
decision_type=2 2 2 2 2 2 2 2 2 2 2 2 2 2
left_child=-1 2 5 4 -3 6 -2 -6 11 -8 -11 -5 13 -10
right_child=1 3 -4 8 7 -7 9 -9 12 10 -12 -13 -14 -15
leaf_value=0.0028235654102810592 -0.0020763644205175707 -0.0025028761637635355 0.0041809195712942575 -0.00020761890158901372 0.0020083792971976196 -0.0044135450438647734 0.0016692606989106653 -0.0018241451660106921 -0.00041651642346787738 9.5504729608943288e-05 -0.0023365075695350223 -0.0035944711693562566 -0.0018566243370033561 0.0022122250935246615
leaf_weight=282 1035 119 102 9685 1306 153 397 135 497 946 417 140 176 886
leaf_count=282 1035 119 102 9685 1306 153 397 135 497 946 417 140 176 886
internal_value=-5.49057e-05 -0.00010739 -0.000865341 7.17359e-05 0.00130933 -0.00105348 -0.000854473 0.00163923 -9.8858e-05 -0.000128247 -0.00066015 -0.000259485 0.000908635 0.00127134
internal_weight=16276 15994 3050 12944 1560 2948 2795 1441 11384 1760 1363 9825 1559 1383
internal_count=16276 15994 3050 12944 1560 2948 2795 1441 11384 1760 1363 9825 1559 1383
is_linear=0
shrinkage=0.03


Tree=99
num_leaves=15
num_cat=0
split_feature=4 1 7 0 3 4 3 3 7 7 4 5 4 1
split_gain=2.81341 3.33884 2.32144 2.16799 2.11566 2.26725 2.13516 1.98505 1.83641 2.94722 1.67019 1.6263 1.77139 1.78184
threshold=-0.059532246633593182 0.54884143571104049 0.89851963098047638 -0.96799795186891957 -0.43308457711442783 -0.040547945205479489 -0.4752049180327868 -0.1270166453265045 -0.6557112068965516 -0.88433667781493852 -0.32958801498127338 0.41795166858458005 0.84168755221386804 0.51765683423348574
decision_type=2 2 2 2 2 2 2 2 2 2 2 2 2 2
left_child=1 7 3 -2 6 -6 8 -1 9 -5 -3 -4 13 -13
right_child=2 10 11 4 5 -7 -8 -9 -10 -11 -12 12 -14 -15
leaf_value=-0.00059966165269499249 0.0042162376629165943 -0.00097366588738359669 0.0039606236678127443 -0.0023685846210935628 0.0045141709544809488 0.00039652569328487195 -0.004237615980321823 0.00048109087306330383 -0.00080855293921957303 0.0036586860493381126 -0.003190446679543549 0.0012627036050796064 0.0035514486528547039 -0.0034894016267816449
leaf_weight=3161 113 970 249 101 113 5885 129 2945 1519 210 447 191 142 100
leaf_count=3161 113 970 249 101 113 5885 129 2945 1519 210 447 191 142 100
internal_value=4.1235e-05 -0.000383928 0.000406716 0.000263373 0.000202015 0.000481485 -0.000651756 -7.84669e-05 -0.000377326 0.00168847 -0.00169042 0.00207455 0.000925033 -0.000431996
internal_weight=16275 7523 8752 8070 7957 5998 1959 6106 1830 311 1417 682 433 291
internal_count=16275 7523 8752 8070 7957 5998 1959 6106 1830 311 1417 682 433 291
is_linear=0
shrinkage=0.03


Tree=100
num_leaves=15
num_cat=0
split_feature=0 2 7 8 5 0 2 2 0 7 3 7 3 9
split_gain=2.3953 2.25003 3.01049 2.73742 2.18029 1.90534 1.90509 1.88571 2.28579 1.91392 1.84069 2.45954 2.43476 1.75607
threshold=-0.016133229247983379 0.12922201138519931 0.70991117344553545 0.88303693570451447 0.82070417145044017 -0.70473174366616986 -0.35100035100035093 0.55863254392666173 -0.25760368663594463 -0.61242176215695709 0.14784456587735276 -0.56386946386946379 -0.66479400749063666 -0.077787381158167621
decision_type=2 2 2 2 2 2 2 2 2 2 2 2 2 2
left_child=1 2 3 -1 7 -4 -7 10 9 -9 12 -12 -3 -2
right_child=13 4 5 -5 -6 6 -8 8 -10 -11 11 -13 -14 -15
leaf_value=-0.00096224033325391194 -0.00025928395868571492 0.0023988905945683224 0.004818123285658657 -0.0057505243038758636 0.0022011887863282748 -0.0012984958542708021 0.0028706630147289393 0.0023161440211816003 -0.002972147331466632 -0.00079625884120326817 -0.0010425466484469703 0.0034097944440567986 -0.0010118714094887928 0.00065124430671751146
leaf_weight=3954 2913 245 102 101 417 238 154 211 340 901 154 362 711 5482
leaf_count=3954 2913 245 102 101 417 238 154 211 340 901 154 362 711 5482
internal_value=-1.71669e-05 -0.000392213 -0.000825672 -0.00109536 0.000198674 0.00136586 0.000370054 -9.34396e-05 -0.000857576 -0.000190307 0.000661015 0.00208644 -0.00012199 0.000335365
internal_weight=16285 7890 4549 4055 3341 494 392 2924 1452 1112 1472 516 956 8395
internal_count=16285 7890 4549 4055 3341 494 392 2924 1452 1112 1472 516 956 8395
is_linear=0
shrinkage=0.03


Tree=101
num_leaves=15
num_cat=0
split_feature=7 4 9 9 4 2 8 2 4 0 3 7 7 1
split_gain=3.08359 2.63742 2.52349 2.79938 1.8516 1.80253 2.39142 2.17553 2.51231 2.76562 2.37552 2.2378 2.67336 2.33415
threshold=0.92749178532311072 -0.96521476104053228 0.89237451737451745 -0.48255578093306278 0.74050024050024055 -0.6211556383970176 0.97036874451273059 -0.52056338028169002 0.77096018735363003 -0.6955588929414287 -0.73105625717566014 0.10487038491751778 0.61152570480928703 -0.16172624237140362
decision_type=2 2 2 2 2 2 2 2 2 2 2 2 2 2
left_child=1 -1 3 -2 -5 -3 7 10 -9 -10 -7 13 -13 -11
right_child=2 5 -4 4 -6 6 -8 8 9 11 -12 12 -14 -15
leaf_value=-0.003478476459594359 0.0038499340288439899 -0.00085405756780521894 0.0048528063354193029 -0.0020515090037708764 0.0023341214574697446 -0.0018919960792870229 -0.0033552713225301549 -0.00022310150337419819 -0.00086059929412922855 0.0029137955342386185 0.002332589465308788 0.0051695267613118207 0.00073611585244740517 -0.0018466616484447908
leaf_weight=210 169 2817 171 265 117 139 180 10284 399 158 638 299 209 197
leaf_count=210 169 2817 171 265 117 139 180 10284 399 158 638 299 209 197
internal_value=-0.000127325 -0.00021688 0.00177563 0.00075117 -0.000682989 -0.000169932 -1.52346e-05 3.62337e-05 -6.77345e-05 0.00119015 0.0015624 0.00213729 0.00339497 0.000293859
internal_weight=16252 15530 722 551 382 15320 12503 12323 11546 1262 777 863 508 355
internal_count=16252 15530 722 551 382 15320 12503 12323 11546 1262 777 863 508 355
is_linear=0
shrinkage=0.03


Tree=102
num_leaves=15
num_cat=0
split_feature=1 3 1 8 4 0 6 1 2 0 5 0 3 2
split_gain=3.67622 3.14455 2.85163 2.74859 2.57758 2.07906 1.962 1.89649 1.86992 2.30607 2.16985 1.73235 1.68784 1.86708
threshold=-0.28989813242784374 0.93239382974671503 0.97036874451273059 0.76293487957181094 0.40279123861213423 -0.46495250573206681 -1.0000000180025095e-35 0.89237451737451745 -0.7900856793145653 -0.91836356904850047 0.94160272804774092 -0.88433667781493852 0.58102025506376598 -0.028991596638655467
decision_type=2 2 2 2 2 2 2 2 2 2 2 2 2 2
left_child=-1 2 3 8 -3 -5 -7 -6 -2 -10 11 -11 13 -8
right_child=1 4 -4 5 7 6 12 -9 9 10 -12 -13 -14 -15
leaf_value=0.00065896214400979294 -0.0023909829668504459 -0.0017913008249627474 -0.0034168626614727326 -0.0018310666794888674 0.0016578380936064208 0.0038264311184929315 -0.00070504073526893481 0.0063710535876452925 0.0025566486250728558 -0.003743384038200126 -0.0039935298778370695 -0.00033955251148519379 -0.0020082539616041624 0.0032732515165515017
leaf_weight=5619 429 107 264 165 224 271 173 116 224 127 144 8027 141 253
leaf_count=5619 429 107 264 165 224 271 173 116 224 127 144 8027 141 253
internal_value=3.86248e-05 -0.000288519 -0.000397052 -0.000313612 0.00214684 0.0011682 0.00177338 0.00340196 -0.000480774 -0.000381924 -0.000464231 -0.000397088 0.000742801 0.00167854
internal_weight=16284 10665 10218 9954 447 1003 838 340 8951 8522 8298 8154 567 426
internal_count=16284 10665 10218 9954 447 1003 838 340 8951 8522 8298 8154 567 426
is_linear=0
shrinkage=0.03


Tree=103
num_leaves=15
num_cat=0
split_feature=7 2 1 8 6 5 1 4 7 8 2 6 5 6
split_gain=2.1677 1.79915 2.36164 1.88391 1.87037 2.94253 5.0616 4.28343 2.09894 1.94672 2.33828 2.2734 1.83561 2.40698
threshold=0.92749178532311072 -0.61242176215695709 -0.77388922702373697 0.25824574121058358 -0.49712643678160912 0.14784456587735276 -0.5070478459400436 0.26713615023474185 0.073622402890695673 0.49274752995585464 -0.86159003831417613 0.73152530032763019 0.51053093462044774 0.61152570480928703
decision_type=2 2 2 2 2 2 2 2 2 2 2 2 2 2
left_child=1 4 3 -3 -1 7 8 9 -7 11 -11 -6 13 -8
right_child=-2 2 -4 -5 5 6 12 -9 -10 10 -12 -13 -14 -15
leaf_value=-0.0022332986657239906 0.0015112883908933996 0.0026688614853818968 -9.9510894001937652e-05 -0.00010941020927963099 -0.0021264722417422138 0.0054578327893479066 0.0036154703396558759 -0.0061812861087907857 0.0011705754878620306 0.0044068799654149822 -0.00068306547252102454 0.0015320338074300323 -0.0029677619619481264 -0.0024061895932435341
leaf_weight=639 739 510 11630 379 744 200 115 133 215 121 208 184 240 105
leaf_count=639 739 510 11630 379 744 200 115 133 215 121 208 184 240 105
internal_value=-6.48891e-05 -0.000141343 1.49206e-05 0.00149638 -0.000812725 -0.000403899 0.000952323 -0.00125834 0.00331653 -0.00069278 0.0012637 -0.00139248 -0.00120578 0.000761835
internal_weight=16162 15423 12519 889 2904 2265 875 1390 415 1257 329 928 460 220
internal_count=16162 15423 12519 889 2904 2265 875 1390 415 1257 329 928 460 220
is_linear=0
shrinkage=0.03


Tree=104
num_leaves=15
num_cat=0
split_feature=8 6 9 4 2 2 2 4 0 6 6 7 6 0
split_gain=2.05107 2.61205 2.16667 2.57583 2.19299 1.66341 1.87433 2.73142 4.00055 2.4129 1.61429 2.63444 2.59468 1.55997
threshold=0.28330047873838354 -0.96521476104053228 0.93239382974671503 0.048199767711962889 0.24357284113381675 0.53456514813634926 0.70991117344553545 0.56574122577265595 -0.61242176215695709 -0.72264957264957252 -0.91836356904850047 0.24357284113381675 -0.86159003831417613 -0.73105625717566014
decision_type=2 2 2 2 2 2 2 2 2 2 2 2 2 2
left_child=1 -1 4 -4 -3 -6 7 8 -7 -8 11 -2 -12 -14
right_child=10 2 3 -5 5 6 9 -9 -10 -11 12 -13 13 -15
leaf_value=0.0038387233475826194 0.0015997068581990398 -0.00071764114208638203 -0.00038943477996638903 0.0046687496265615611 0.00095068278245020771 0.0041928940509705056 0.0029503407824195854 -0.0045264352462729626 -0.0015980062033287175 -0.00030801900483202186 0.0040271897677501486 -0.0046007824007054448 -0.0014227386297819417 0.00056696563876927055
leaf_weight=129 102 6362 191 160 1541 123 255 186 549 890 177 132 371 5215
leaf_count=129 102 6362 191 160 1541 123 255 186 549 890 177 132 371 5215
internal_value=8.03862e-06 -0.00024697 -0.000302043 0.00198175 -0.000384882 0.000212808 -0.000356775 -0.00140877 -0.000492127 0.000436903 0.000449355 -0.00194321 0.0005497 0.000432511
internal_weight=16383 10386 10257 351 9906 3544 2003 858 672 1145 5997 234 5763 5586
internal_count=16383 10386 10257 351 9906 3544 2003 858 672 1145 5997 234 5763 5586
is_linear=0
shrinkage=0.03


Tree=105
num_leaves=15
num_cat=0
split_feature=1 5 1 7 7 8 0 1 1 7 6 1 3 8
split_gain=1.78091 1.99415 2.37311 1.83252 2.61785 3.20022 3.7157 2.51097 2.27065 2.14981 2.18009 2.55411 2.05465 2.04785
threshold=0.98876404494382031 0.14784456587735276 0.86949116457313191 -0.64631422189128795 0.1564382530120482 0.69321266968325801 -0.8171368861024032 -0.72264957264957252 0.42444997924449984 0.21913109756097562 -0.90733452593917707 -0.70473174366616986 -0.58044603743528456 -0.45914149443561203
decision_type=2 2 2 2 2 2 2 2 2 2 2 2 2 2
left_child=1 2 -1 -3 5 6 8 -8 12 -6 -11 -12 -5 -9
right_child=-2 3 -4 4 9 -7 7 13 -10 10 11 -13 -14 -15
leaf_value=-9.0131349425258647e-05 -0.0024054219237345351 0.0016201365388680917 -0.0025984209582075031 -0.0010276311880149762 0.0037926684904242927 -0.0034418510508860325 0.0028491333131510088 -0.0017580064920657357 0.00064099095588506655 -0.0022830142791564058 0.0026261137577791391 0.00039928021193206458 -0.0064998748545256101 0.00065823523478885748
leaf_weight=8886 249 1075 343 109 197 276 322 431 119 206 570 2335 147 1101
leaf_count=8886 249 1075 343 109 197 276 322 431 119 206 570 2335 147 1101
internal_value=6.25722e-05 0.000102169 -0.000186065 0.000488075 0.000276299 -0.000454282 -7.06342e-05 0.000483868 -0.00275346 0.000829237 0.000630031 0.000843725 -0.00429612 -2.85224e-05
internal_weight=16366 16117 9229 6888 5813 2505 2229 1854 375 3308 3111 2905 256 1532
internal_count=16366 16117 9229 6888 5813 2505 2229 1854 375 3308 3111 2905 256 1532
is_linear=0
shrinkage=0.03


Tree=106
num_leaves=15
num_cat=0
split_feature=1 2 3 5 1 6 1 7 2 1 0 2 1 4
split_gain=2.94541 2.74383 2.34492 2.92495 1.8322 1.80436 4.7308 2.18393 1.87703 1.72681 1.42895 1.36373 2.98797 2.07253
threshold=-0.90143695608176466 -0.59537185660781156 0.74625530963559139 0.69321266968325801 -0.6955588929414287 -0.53752345215759834 -0.8171368861024032 -0.36489262371615311 -0.26453684922244752 -0.77388922702373697 0.079682539682539702 0.96693989071038255 0.98876404494382031 0.93239382974671503
decision_type=2 2 2 2 2 2 2 2 2 2 2 2 2 2
left_child=2 -2 3 -1 5 6 -3 -7 -9 -8 -10 12 13 -6
right_child=1 4 -4 -5 11 7 9 8 10 -11 -12 -13 -14 -15
leaf_value=0.0011296824115470843 -0.00092930290948465297 -0.0034942968010168093 -0.0017041367701151305 0.0056539489975748168 -5.9251370194090239e-05 -0.00065185591759910056 0.005239710447688898 0.00088950618765213415 0.0021530060272919329 0.00055338653583763804 0.0070041878199061519 0.0017486059284374978 -0.0039453225752604853 0.0025727224498025506
leaf_weight=376 2767 198 125 191 11025 144 107 152 103 186 146 380 165 266
leaf_count=376 2767 198 125 191 11025 144 107 152 103 186 146 380 165 266
internal_value=1.12526e-05 -7.40343e-05 0.00191231 0.00272531 0.000110395 0.00131391 -1.05865e-05 0.00248587 0.00360108 0.00238122 0.00515808 4.03152e-06 -5.53113e-05 4.97589e-06
internal_weight=16331 15639 692 567 12872 1036 491 545 401 293 249 11836 11456 11291
internal_count=16331 15639 692 567 12872 1036 491 545 401 293 249 11836 11456 11291
is_linear=0
shrinkage=0.03


Tree=107
num_leaves=15
num_cat=0
split_feature=0 0 1 5 6 6 0 0 1 7 2 0 2 7
split_gain=1.67427 1.5959 2.383 3.02964 2.30835 4.03184 2.86932 2.1975 2.07008 2.56612 2.04337 1.94881 2.3494 1.90969
threshold=-0.96799795186891957 0.015628815628815577 -0.52056338028169002 0.94904251866277189 -0.28989813242784374 -0.49055258467023172 -0.6557112068965516 -0.91836356904850047 -0.58863819500402892 -0.79887640449438191 -0.91836356904850047 -0.86159003831417613 -0.31198770491803274 -0.14729990356798459
decision_type=2 2 2 2 2 2 2 2 2 2 2 2 2 2
left_child=-1 2 3 8 5 -4 -7 -6 9 -2 -3 -9 -13 -8
right_child=1 10 4 -5 7 6 13 11 -10 -11 -12 12 -14 -15
leaf_value=0.0032295599586632303 0.0035579616355092881 -0.0024642955285434399 -0.00070508713981020169 0.0052325534731337501 0.002423709388046215 0.0052221524866050755 -0.001081921375277353 -0.0040440994343371129 0.0027327230600692502 -0.00051669821700309681 0.00035739682274714841 -0.0020377104270161879 -0.00045840823780984462 0.0027795975812784346
leaf_weight=134 144 228 1317 109 152 186 225 190 257 1429 7929 1276 2512 218
leaf_count=134 144 228 1317 109 152 186 225 190 257 1429 7929 1276 2512 218
internal_value=9.0245e-06 -1.96399e-05 -0.000320085 0.000593488 -0.000612125 0.000238951 0.00219568 -0.00101275 0.000290236 -0.000123565 0.000275606 -0.0011498 -0.000994366 0.000837741
internal_weight=16306 16172 8015 1939 6076 1946 629 4130 1830 1573 8157 3978 3788 443
internal_count=16306 16172 8015 1939 6076 1946 629 4130 1830 1573 8157 3978 3788 443
is_linear=0
shrinkage=0.03


Tree=108
num_leaves=15
num_cat=0
split_feature=5 5 7 1 3 8 9 7 7 1 5 5 3 9
split_gain=1.68027 2.99991 2.33726 2.22532 2.04802 1.8304 1.63754 1.54481 1.52408 1.45576 1.71428 3.23111 1.98426 2.07691
threshold=-0.16903096903096895 -0.13383084577114426 0.048199767711962889 0.89851963098047638 -0.4752049180327868 0.60232558139534897 0.93239382974671503 0.13867521367521365 0.3371212121212121 -0.90143695608176466 0.97315315315315332 0.96693989071038255 -0.88433667781493852 -0.55424836601307181
decision_type=2 2 2 2 2 2 2 2 2 2 2 2 2 2
left_child=3 2 -2 4 5 7 9 -1 -9 -3 11 12 13 -11
right_child=1 6 -4 -5 -6 -7 -8 8 -10 10 -12 -13 -14 -15
leaf_value=-0.00073319325140057531 0.0007487830781326742 0.0015698375199459679 0.0062125776310761769 -0.0036217259145262886 0.00014234990475803081 0.0012209447694761628 0.0020042888051882788 -0.0048503069801836317 -0.0015067393317544234 -0.0042981719456258267 -0.0024028449588721352 0.0049550251005270876 0.00014880688878271442 -0.00013246973852746059
leaf_weight=1141 154 585 125 167 4503 276 433 182 382 179 242 112 7634 252
leaf_count=1141 154 585 125 167 4503 276 433 182 382 179 242 112 7634 252
internal_value=6.45802e-05 0.000315943 0.00332698 -0.000302543 -0.000211609 -0.00101287 0.000223496 -0.00137948 -0.0026514 0.00013573 3.43356e-05 0.000109311 3.59651e-05 -0.00192077
internal_weight=16367 9716 279 6651 6484 1981 9437 1705 564 9004 8419 8177 8065 431
internal_count=16367 9716 279 6651 6484 1981 9437 1705 564 9004 8419 8177 8065 431
is_linear=0
shrinkage=0.03


Tree=109
num_leaves=15
num_cat=0
split_feature=2 9 8 9 9 7 7 6 6 2 6 2 9 9
split_gain=1.80369 1.9839 1.81156 1.90866 2.96268 2.05011 3.87826 2.0283 2.41421 1.8753 1.58802 1.73734 2.4342 2.84931
threshold=0.24357284113381675 0.92749178532311072 0.97036874451273059 0.032795698924731227 -0.85940202619224104 0.82070417145044017 0.59508740204942756 -0.8088714938030005 -0.30320054477357838 0.54884143571104049 -0.78247535596933171 0.53456514813634926 -0.63275862068965505 -0.45049019607843127
decision_type=2 2 2 2 2 2 2 2 2 2 2 2 2 2
left_child=1 -1 3 4 7 6 -5 -2 -9 -8 -6 -12 -13 -14
right_child=2 -3 -4 5 10 -7 9 8 -10 -11 11 12 13 -15
leaf_value=-0.00031226494537256254 0.005754520156844095 0.0018521956038386829 -0.0025718427074210366 0.0011651418106251345 0.0013203022842596572 0.0029730126902105217 0.00069801533604999454 -0.0019461746978879774 0.0030068427117065232 -0.0038035387707898369 0.00030302817973129652 -0.0035659132320951252 0.0019307491634265586 -0.0016428169291838222
leaf_weight=9587 100 387 167 2320 389 414 126 139 211 221 866 341 270 704
leaf_count=9587 100 387 167 2320 389 414 126 139 211 221 866 341 270 704
internal_value=2.40423e-05 -0.000226511 0.000422463 0.000508499 -2.77935e-05 0.00103256 0.000721365 0.00219028 0.00104037 -0.0021952 -0.000423156 -0.000738724 -0.00142188 -0.000642644
internal_weight=16242 9974 6268 6101 3020 3081 2667 450 350 347 2570 2181 1315 974
internal_count=16242 9974 6268 6101 3020 3081 2667 450 350 347 2570 2181 1315 974
is_linear=0
shrinkage=0.03


Tree=110
num_leaves=15
num_cat=0
split_feature=7 0 2 2 3 1 5 3 9 2 9 7 1 4
split_gain=2.3952 2.29501 2.06042 1.21182 3.19137 2.50757 2.15478 2.84694 2.25576 2.18323 1.62672 1.92528 2.15583 1.76635
threshold=0.94904251866277189 -0.96799795186891957 -0.94904251866277167 0.80123456790123471 -0.21992558908639928 0.86949116457313191 0.59508740204942756 -0.29679679679679671 0.097167584579071611 0.39305778491171756 0.079682539682539702 -0.55424836601307181 0.89237451737451745 -0.040547945205479489
decision_type=2 2 2 2 2 2 2 2 2 2 2 2 2 2
left_child=1 -1 -3 5 -5 -4 7 -7 -9 -8 11 -6 -13 -12
right_child=-2 2 3 4 10 6 9 8 -10 -11 13 12 -14 -15
leaf_value=0.003756107190020487 0.0020486529586316248 -0.0026730307111154416 -2.9976837851441065e-05 -0.0023630569415750455 0.0035206770261182732 0.00014240524928586988 0.0031078168937540428 -0.0079763694575240157 -0.0022622244564049383 -0.0026407085239355051 -0.0004646641604210201 -0.0014231995846925496 0.0028519925409123941 0.0033079372278297056
leaf_weight=132 500 260 13066 239 128 146 117 118 143 102 142 441 129 477
leaf_count=132 500 260 13066 239 128 146 117 118 143 102 142 441 129 477
internal_value=2.54421e-05 -4.05062e-05 -7.52217e-05 -2.92025e-05 0.0007614 -0.000119539 -0.00195904 -0.00322513 -0.00504463 0.000432024 0.00134194 0.000339573 -0.000423166 0.00244887
internal_weight=16140 15640 15508 15248 1556 13692 626 407 261 219 1317 698 570 619
internal_count=16140 15640 15508 15248 1556 13692 626 407 261 219 1317 698 570 619
is_linear=0
shrinkage=0.03


Tree=111
num_leaves=15
num_cat=0
split_feature=9 2 1 9 3 5 1 3 5 9 7 3 6 7
split_gain=2.11657 1.73655 1.95892 2.02899 2.40638 2.53387 1.8848 2.58667 1.73855 1.67362 1.65482 2.71088 1.5845 2.59474
threshold=-0.96521476104053228 0.25824574121058358 -0.17573529411764707 -0.073622402890695535 -0.70473174366616986 0.13867521367521365 0.93239382974671503 0.4709263015551049 0.84168755221386804 0.016133229247983331 -0.047065337763012187 -0.49712643678160912 -0.90733452593917707 -1.0000000180025095e-35
decision_type=2 2 2 2 2 2 2 2 2 2 2 2 2 2
left_child=-1 2 12 -4 5 -5 -3 -8 -9 -6 11 -11 13 -2
right_child=1 6 3 4 9 -7 7 8 -10 10 -12 -13 -14 -15
leaf_value=0.0028465611410855842 0.0010538693975819195 0.00046475339872640231 -0.0014562978386927256 -0.0034804490172453892 0.0027588047424270466 0.0014482420421994596 -0.003697349611594734 0.0021442015414126214 -0.0025275556305755995 0.0039883964943204309 -0.00088406384374140968 6.489591485334905e-05 0.00020786868732800614 -0.0052478625372584372
leaf_weight=212 105 5486 2138 347 189 121 232 190 102 179 1199 984 4638 116
leaf_count=212 105 5486 2138 347 189 121 232 190 102 179 1199 984 4638 116
internal_value=-6.2721e-05 -0.000102958 -0.000344734 -0.000751393 -0.000249032 -0.00220251 0.00029988 -0.00140263 0.000482629 0.000116549 -0.000105615 0.000697624 8.75206e-05 -0.00233782
internal_weight=16238 16026 10016 5157 3019 468 6010 524 292 2551 2362 1163 4859 221
internal_count=16238 16026 10016 5157 3019 468 6010 524 292 2551 2362 1163 4859 221
is_linear=0
shrinkage=0.03


Tree=112
num_leaves=15
num_cat=0
split_feature=2 8 8 3 3 0 0 5 7 6 6 6 8 3
split_gain=1.72154 2.05534 1.58937 1.91591 1.57934 1.84357 1.66187 1.5785 1.47495 3.94796 2.26632 1.6185 1.43128 2.42063
threshold=0.26713615023474185 0.97036874451273059 -0.93495505023796921 -0.17573529411764707 0.93239382974671503 0.58939234281700037 0.92749178532311072 0.82070417145044017 -0.66479400749063666 -1.0000000180025095e-35 -0.56386946386946379 -0.92814113597246117 -0.6557112068965516 0.41004623791509048
decision_type=2 2 2 2 2 2 2 2 2 2 2 2 2 2
left_child=2 4 3 -1 6 -6 8 -7 9 10 -2 -10 13 -4
right_child=1 -3 12 -5 5 7 -8 -9 11 -11 -12 -13 -14 -15
leaf_value=0.00037833519743755458 0.0018539937635680206 -0.0029175533502009405 -9.3698753810792795e-05 -0.0046290486109027834 -0.00054662708945063326 0.0051736675375591836 -0.002491568918339908 0.0005443012513793432 0.0030297422050248966 0.0040572392935248934 -0.0022569536266430299 2.8860347998154935e-05 -0.00043072649879247898 0.0027316749033306823
leaf_weight=115 228 164 1156 156 151 176 182 107 158 319 235 4357 8346 347
leaf_count=115 228 164 1156 156 151 176 182 107 158 319 235 4357 8346 347
internal_value=-0.000101451 0.000297372 -0.000341 -0.0025663 0.000391314 0.00211256 0.000251371 0.00350166 0.000350133 0.00154435 -0.000236159 0.000140338 -0.000277228 0.000572343
internal_weight=16197 6077 10120 271 5913 434 5479 283 5297 782 463 4515 9849 1503
internal_count=16197 6077 10120 271 5913 434 5479 283 5297 782 463 4515 9849 1503
is_linear=0
shrinkage=0.03


Tree=113
num_leaves=15
num_cat=0
split_feature=1 2 1 2 9 7 2 7 9 9 4 7 2 4
split_gain=2.08486 2.30225 1.70859 1.89926 1.73424 2.17218 1.69797 1.93239 1.67828 2.49315 2.00557 2.78148 1.7846 1.71226
threshold=-0.90143695608176466 -0.6211556383970176 -0.64631422189128795 0.78516483516483537 -0.35100035100035093 -0.18245838668373873 -0.79887640449438191 0.088421444527177942 -0.41101055806938153 0.06472559698366144 0.65669642857142874 -0.032795698924731158 -0.83584100606332801 0.23395061728395064
decision_type=2 2 2 2 2 2 2 2 2 2 2 2 2 2
left_child=6 8 3 4 -3 -6 7 -1 10 -10 11 12 -2 -13
right_child=1 2 -4 -5 5 -7 -8 -9 9 -11 -12 13 -14 -15
leaf_value=-0.002629307205788791 -0.0069773917310122476 0.0029829518745411268 3.8807458464820943e-06 -0.0021746918923677282 -0.0015241877865554258 0.0018129473768009367 0.0030423523667058522 0.0018888111552879424 0.0011612620215897484 -0.0011906009954297451 0.00088388803580235088 0.00087844268968528285 -0.0025330025421145064 -0.0036039681739133337
leaf_weight=132 143 444 11686 131 265 478 356 203 638 1076 176 222 215 105
leaf_count=132 143 444 11686 131 265 478 356 203 638 1076 176 222 215 105
internal_value=2.9289e-05 -4.26988e-05 0.000119762 0.00113945 0.00152032 0.000618282 0.00162975 8.3928e-05 -0.000860432 -0.000313512 -0.00193309 -0.00265917 -0.00444964 -0.000625097
internal_weight=16270 15579 13004 1318 1187 743 691 335 2575 1714 861 685 358 327
internal_count=16270 15579 13004 1318 1187 743 691 335 2575 1714 861 685 358 327
is_linear=0
shrinkage=0.03


Tree=114
num_leaves=15
num_cat=0
split_feature=7 9 9 4 0 2 7 1 4 3 5 0 7 7
split_gain=2.01974 1.88719 2.76443 1.71306 1.55776 2.03454 1.98901 1.94895 2.85405 2.38114 3.10796 2.37986 5.79318 3.47859
threshold=0.92749178532311072 0.87577160493827166 -0.48255578093306278 0.80746061167747929 -0.96799795186891957 -0.94904251866277167 0.36055555555555568 0.31467710371819962 0.50280898876404501 0.93239382974671503 0.93700396825396837 0.23395061728395064 0.055050505050505023 0.56574122577265595
decision_type=2 2 2 2 2 2 2 2 2 2 2 2 2 2
left_child=4 2 -2 -4 -1 6 -6 -7 -9 10 11 13 -13 -10
right_child=1 -3 3 -5 5 7 -8 8 9 -11 -12 12 -14 -15
leaf_value=0.0030313978928166465 0.0037319838815998265 0.0041171977105436451 -0.0019854980065505171 0.0024117182348728982 -0.00039019460180917607 0.00023609539642749711 -0.0057611325711689207 -0.00089997812402423875 0.0029318724488203735 0.0039633773517595717 -0.0045218164662487416 -0.0047416499608450317 0.0017784383564081116 -0.0020798992045882453
leaf_weight=138 169 184 277 101 146 9737 100 3881 532 163 104 199 288 154
leaf_count=138 169 184 277 101 146 9737 100 3881 532 163 104 199 288 154
internal_value=4.17229e-05 0.00157169 0.00065689 -0.000778704 -3.16737e-05 -6.12557e-05 -0.00271326 -1.61584e-05 -0.000477339 0.000660082 0.00021092 0.000665208 -0.000927626 0.00179306
internal_weight=16173 731 547 378 15442 15304 246 15058 5321 1440 1277 1173 487 686
internal_count=16173 731 547 378 15442 15304 246 15058 5321 1440 1277 1173 487 686
is_linear=0
shrinkage=0.03


Tree=115
num_leaves=15
num_cat=0
split_feature=4 1 3 0 1 1 4 0 0 9 0 0 8 1
split_gain=2.53159 3.71171 1.92207 1.69959 2.48402 1.99523 1.60542 1.51021 1.36473 1.6675 1.55046 1.71207 1.82433 1.32977
threshold=-0.24025316455696197 0.86949116457313191 -0.63019943019943014 -0.016133229247983379 0.26713615023474185 0.73152530032763019 -0.20530382859149984 -0.96799795186891957 0.3371212121212121 0.17990752416981928 0.015628815628815577 -0.45129664769133454 -0.24852941176470586 -0.028991596638655467
decision_type=2 2 2 2 2 2 2 2 2 2 2 2 2 2
left_child=1 2 8 4 13 -6 -2 -8 9 10 11 12 -1 -4
right_child=6 -3 3 -5 5 -7 7 -9 -10 -11 -12 -13 -14 -15
leaf_value=0.0034222832405345232 0.0024950481640980027 -0.0045118105721182475 -0.00055798821215141908 0.00044932809377704476 -0.0028566518374888703 0.0013274841555539752 0.0034000535669426123 0.00020440243138262641 -0.0033681250762172218 -0.0024348540526651151 0.0032711869032810564 -0.0023849270399588008 -0.0016771509277469735 0.0014825721197917949
leaf_weight=131 285 187 946 2650 579 118 125 9733 242 360 105 233 106 401
leaf_count=131 285 187 946 2650 579 118 125 9733 242 360 105 233 106 401
internal_value=2.41289e-05 -0.000460677 -0.00032419 -5.13471e-05 -0.000699489 -0.00213953 0.000313852 0.000248328 -0.00140271 -0.000863761 0.000144687 -0.000607385 0.00116596 5.59325e-05
internal_weight=16201 6058 5871 4694 2044 697 10143 9858 1177 935 575 470 237 1347
internal_count=16201 6058 5871 4694 2044 697 10143 9858 1177 935 575 470 237 1347
is_linear=0
shrinkage=0.03


Tree=116
num_leaves=15
num_cat=0
split_feature=1 3 4 4 8 8 1 4 4 0 3 3 2 6
split_gain=1.96005 2.22888 2.65561 2.0991 1.3997 1.788 2.46282 2.26008 2.15604 1.89726 2.68974 1.75829 1.2925 1.29142
threshold=-0.90143695608176466 0.72524509803921589 0.80123456790123471 0.015628815628815577 0.97036874451273059 0.82807881773399028 -0.17573529411764707 0.38548951048951058 0.65669642857142874 0.073622402890695673 0.55863254392666173 0.65669642857142874 -0.86949116457313169 0.97315315315315332
decision_type=2 2 2 2 2 2 2 2 2 2 2 2 2 2
left_child=1 2 3 -1 5 13 7 -7 9 -8 -11 -10 -5 -2
right_child=4 -3 -4 12 -6 6 8 -9 11 10 -12 -13 -14 -15
leaf_value=0.004294976602761528 -8.5605620043450073e-05 -0.001798652534050969 0.0051462950976680745 -0.0029867528445261006 -0.0021582107878172063 0.0012428205268301628 -0.0018350184303382114 -0.0032375972254110657 0.0012708327018444527 0.0043231049537190728 -0.0011930259780751334 0.0063877131754209492 0.0011262211466140776 -0.0022915847688183234
leaf_weight=101 14049 136 192 108 274 217 147 174 109 193 125 145 156 233
leaf_count=101 14049 136 192 108 274 217 147 174 109 193 125 145 156 233
internal_value=-1.76852e-06 0.00154795 0.00238238 0.000830022 -7.12653e-05 -3.27375e-05 0.00112157 -0.000782039 0.0021533 0.000901966 0.00218455 0.0043232 -0.000603957 -0.000123173
internal_weight=16359 693 557 365 15666 15392 1110 391 719 465 318 254 264 14282
internal_count=16359 693 557 365 15666 15392 1110 391 719 465 318 254 264 14282
is_linear=0
shrinkage=0.03


Tree=117
num_leaves=15
num_cat=0
split_feature=2 9 4 6 2 7 8 6 3 0 9 8 7 8
split_gain=1.82505 1.67214 1.77718 1.60182 1.66099 1.87519 1.36559 3.1129 3.25219 1.49738 1.25943 2.11883 2.99234 1.33104
threshold=-0.6211556383970176 0.9194594594594595 -0.46495250573206681 -0.52056338028169002 -0.06580086580086579 0.77913279132791335 0.82807881773399028 -0.64631422189128795 -0.11378020713463753 0.93239382974671503 -0.64785373608903007 -0.75411605937921722 0.25824574121058358 0.18052538020936207
decision_type=2 2 2 2 2 2 2 2 2 2 2 2 2 2
left_child=10 6 -3 -4 -5 -6 9 -8 -9 -2 11 -1 -13 -12
right_child=1 2 3 4 5 -7 7 8 -10 -11 13 12 -14 -15
leaf_value=0.0017291928169184496 0.00010374357627355317 -0.0012231432244550649 -0.00086373877374391092 0.0060378952531821347 3.9224500997342918e-05 0.0045274674387852827 -0.0019074601041465164 -0.00094174244892407583 0.0031670691327448804 -0.0019465568936006589 -0.0009651601754741895 -0.0044760380654260395 0.00027340830409770258 0.00046689010732340724
leaf_weight=116 11229 149 106 122 197 136 225 237 599 320 1215 301 192 1108
leaf_count=116 11229 149 106 122 197 136 225 237 599 320 1215 301 192 1108
internal_value=7.15577e-05 0.000220776 0.00162703 0.00239219 0.00315297 0.00195082 0.000140372 0.00116516 0.00200489 4.52989e-05 -0.000604786 -0.00180766 -0.00265769 -0.000283042
internal_weight=16252 13320 710 561 455 333 12610 1061 836 11549 2932 609 493 2323
internal_count=16252 13320 710 561 455 333 12610 1061 836 11549 2932 609 493 2323
is_linear=0
shrinkage=0.03


Tree=118
num_leaves=15
num_cat=0
split_feature=2 0 3 1 8 4 1 6 3 8 8 7 4 2
split_gain=1.55961 3.41127 3.15682 1.6042 1.85296 1.67701 1.54614 2.52579 2.11965 2.39452 1.79555 1.57817 1.56993 1.543
threshold=0.88303693570451447 -0.90733452593917707 -0.1977011494252873 0.49274752995585464 0.92749178532311072 0.39305778491171756 0.86949116457313191 0.93700396825396837 0.74050024050024055 -0.17573529411764707 0.54884143571104049 0.93700396825396837 0.015628815628815577 -0.6211556383970176
decision_type=2 2 2 2 2 2 2 2 2 2 2 2 2 2
left_child=6 -2 -3 -4 5 -5 11 8 9 -8 -11 13 -13 -1
right_child=1 2 3 4 -6 -7 7 -9 -10 10 -12 12 -14 -15
leaf_value=-0.00072868320432595594 0.0060462738563482827 -0.0038962873788333905 -0.00055800284232612252 0.00054825139571638667 -0.0011510785144027761 0.0044546588920159162 0.00028373356323572807 0.002816129022810076 0.0010412361184135078 -0.006103345088768696 -0.0019157200734451179 -0.00088039987640467228 0.0027945279931868372 5.5690093287211517e-05
leaf_weight=2819 101 119 314 160 117 263 150 102 150 197 190 147 322 11161
leaf_count=2819 101 119 314 160 117 263 150 102 150 197 190 147 322 11161
internal_value=-3.78658e-05 0.00106168 0.00048802 0.00113697 0.0021148 0.00302384 -0.000116009 -0.00140067 -0.00205817 -0.00292713 -0.00414745 -4.49388e-05 0.00164835 -0.000102883
internal_weight=16312 1074 973 854 540 423 15238 789 687 537 387 14449 469 13980
internal_count=16312 1074 973 854 540 423 15238 789 687 537 387 14449 469 13980
is_linear=0
shrinkage=0.03


Tree=119
num_leaves=15
num_cat=0
split_feature=0 9 8 7 1 8 5 9 0 7 8 4 4 4
split_gain=2.32489 1.31259 2.15625 1.97964 2.7697 2.08173 3.10896 2.06847 3.01775 2.10443 1.7596 1.84746 2.0084 1.84277
threshold=-0.96799795186891957 0.38548951048951058 0.94160272804774092 0.30816714150047492 -0.28989813242784374 0.81438415159345401 0.59508740204942756 -0.29198717948717939 0.74050024050024055 0.76293487957181094 0.90342013214146921 -0.88433667781493852 -0.42514367816091952 -0.32230727173318752
decision_type=2 2 2 2 2 2 2 2 2 2 2 2 2 2
left_child=-1 3 -3 10 -5 7 -7 -6 9 -9 11 -2 -13 -14
right_child=1 2 -4 4 5 6 -8 8 -10 -11 -12 12 13 -15
leaf_value=0.003578736296481198 -0.0019825046056571104 -0.00034337161228103905 -0.0031294552891367026 0.0017131428255819615 -0.0014074258987406046 -0.00054458221809855153 0.004981877981816994 0.00031020523806249623 -0.0039873488473572902 0.0038082625275223281 -0.0035885245920508168 0.00084498905510608472 -0.002222165362281074 -0.00013651060593928614
leaf_weight=147 440 4819 254 1395 917 191 163 560 102 205 124 1851 405 4713
leaf_count=147 440 4819 254 1395 917 191 163 560 102 205 124 1851 405 4713
internal_value=-5.43792e-05 -8.96665e-05 -0.00048875 9.3562e-05 0.000678435 -1.52215e-06 0.00206704 -0.000421223 0.00062601 0.00128464 -0.000181281 -0.000119496 8.00461e-07 -0.000305565
internal_weight=16286 16139 5073 11066 3533 2138 354 1784 867 765 7533 7409 6969 5118
internal_count=16286 16139 5073 11066 3533 2138 354 1784 867 765 7533 7409 6969 5118
is_linear=0
shrinkage=0.03


Tree=120
num_leaves=15
num_cat=0
split_feature=0 9 7 7 3 2 5 3 9 6 2 0 4 5
split_gain=2.78602 1.52018 1.63382 1.77843 1.24849 2.84869 2.32409 2.35194 1.81632 2.58332 1.68984 2.09475 2.14604 2.26168
threshold=-0.96799795186891957 0.9194594594594595 -0.28165064102564097 0.74050024050024055 -0.43308457711442783 0.76293487957181094 -0.26453684922244752 -0.93984622342831292 0.3371212121212121 0.67188646929287998 0.13867521367521365 -0.72264957264957252 0.60232558139534897 0.47885646217986894
decision_type=2 2 2 2 2 2 2 2 2 2 2 2 2 2
left_child=-1 4 -3 -4 5 6 -2 -8 10 -10 11 -9 13 -13
right_child=1 2 3 -5 -6 -7 7 8 9 -11 -12 12 -14 -15
leaf_value=0.004128266866122123 -0.0011879983590226859 0.0044727048196765628 -0.00068557951925662312 0.0023386962120375576 1.082674415603832e-05 -0.0040172930782025034 -0.0025448077852211772 -0.0026272763843648134 0.00070875341079879516 0.0058542284720281782 0.0017592451382154356 0.00030643281474147197 0.0033059703243951146 -0.0040949834714688006
leaf_weight=132 1891 106 401 296 10971 198 234 290 281 120 408 626 160 116
leaf_count=132 1891 106 401 296 10971 198 234 290 281 120 408 626 160 116
internal_value=-5.5523e-05 -9.23707e-05 0.00117183 0.000613674 -0.000159465 -0.000590563 -0.000416804 0.000238077 0.000574548 0.00235352 0.000116845 -0.000455278 0.000264187 -0.000426964
internal_weight=16230 16098 803 697 15295 4324 4126 2235 2001 401 1600 1192 902 742
internal_count=16230 16098 803 697 15295 4324 4126 2235 2001 401 1600 1192 902 742
is_linear=0
shrinkage=0.03


Tree=121
num_leaves=15
num_cat=0
split_feature=1 5 5 0 0 2 2 7 5 3 4 5 1 9
split_gain=1.84059 2.79686 2.74031 2.1001 1.41719 1.19021 2.14529 1.78127 1.61158 1.51324 1.44261 1.96242 1.9517 2.45322
threshold=-0.49712643678160912 0.97036874451273059 0.98876404494382031 -0.92814113597246117 0.98876404494382031 0.26713615023474185 0.40279123861213423 -0.4752049180327868 0.90342013214146921 0.11237373737373736 0.92749178532311072 0.80123456790123471 0.22623655913978494 0.016133229247983331
decision_type=2 2 2 2 2 2 2 2 2 2 2 2 2 2
left_child=1 3 4 -1 5 -2 7 9 10 -7 11 12 -8 -14
right_child=2 -3 -4 -5 -6 6 8 -9 -10 -11 -12 -13 13 -15
leaf_value=-0.0029968424719912599 -0.00049492200826161965 0.0048645213511992452 -0.0040745451013853183 0.00048285706528722729 0.0025657521378782736 0.0055856512419815204 0.00073978025056873535 0.00058316441306275333 0.0023717063597298036 0.0008423218323872231 0.0030289425981123892 -0.0029335406371554123 -0.0017858802119347576 0.0001558583962920623
leaf_weight=153 6993 117 157 3730 154 135 1223 632 202 111 103 249 1070 1276
leaf_count=153 6993 117 157 3730 154 135 1223 632 202 111 103 249 1070 1276
internal_value=-7.57009e-05 0.000482592 -0.00025743 0.000338402 -0.000204787 -0.000242468 0.000110826 0.00144846 -0.000176841 0.00356188 -0.000313835 -0.000411691 -0.000228043 -0.000733581
internal_weight=16305 4000 12305 3883 12148 11994 5001 878 4123 246 3921 3818 3569 2346
internal_count=16305 4000 12305 3883 12148 11994 5001 878 4123 246 3921 3818 3569 2346
is_linear=0
shrinkage=0.03


Tree=122
num_leaves=15
num_cat=0
split_feature=9 2 1 2 4 9 3 5 5 0 9 2 2 4
split_gain=1.56143 1.88813 1.79655 1.28795 1.85253 1.33606 1.26238 1.59054 2.80134 1.92789 1.76946 1.6415 2.15799 1.65516
threshold=-0.94904251866277167 -0.96799795186891957 0.98876404494382031 0.22623655913978494 -0.82554347826086938 0.32449982449982456 0.87577160493827166 0.82070417145044017 0.38548951048951058 -0.7900856793145653 0.30195644149132533 -0.41101055806938153 -0.86949116457313169 0.77096018735363003
decision_type=2 2 2 2 2 2 2 2 2 2 2 2 2 2
left_child=-1 -2 3 4 5 -3 7 8 -6 -9 -11 12 -10 -13
right_child=1 2 -4 -5 6 -7 -8 9 11 10 -12 13 -14 -15
leaf_value=0.0021588799172993934 -0.0033993403431104153 -0.0022965493486842466 -0.0025380556769363702 0.00039858837049048292 -0.00027292299297747437 -4.4465087921707883e-06 0.0017876897895834855 -0.0043802119853595892 -0.00072992711525592135 0.00084978447262799796 -0.0030670913484063932 -0.00053050687718608823 0.0028207190930946832 0.003078355024093025
leaf_weight=293 137 580 234 6050 6103 374 324 152 195 287 150 636 665 129
leaf_count=293 137 580 234 6050 6103 374 324 152 195 287 150 636 665 129
internal_value=2.53831e-05 -1.49703e-05 1.63503e-05 5.6153e-05 -0.000159955 -0.00140734 -2.0772e-05 -9.32853e-05 2.21189e-05 -0.00158254 -0.000533218 0.0011251 0.00201649 0.000109915
internal_weight=16309 16016 15879 15645 9595 954 8641 8317 7728 589 437 1625 860 765
internal_count=16309 16016 15879 15645 9595 954 8641 8317 7728 589 437 1625 860 765
is_linear=0
shrinkage=0.03


Tree=123
num_leaves=15
num_cat=0
split_feature=9 1 3 7 2 7 7 9 3 5 8 1 3 2
split_gain=1.30829 1.42675 1.52542 1.06894 1.21939 1.91031 1.99509 1.63444 1.71108 1.62774 1.14368 1.27552 2.26784 1.53048
threshold=-0.96521476104053228 0.98876404494382031 0.58102025506376598 0.96396103896103902 -0.61242176215695709 0.83584100606332823 0.59508740204942756 0.59508740204942756 -0.44224170796797557 0.93239382974671503 -0.93984622342831292 -0.64631422189128795 -0.77388922702373697 0.68651074887786456
decision_type=2 2 2 2 2 2 2 2 2 2 2 2 2 2
left_child=-1 3 -3 4 5 6 -2 8 -8 10 -6 12 -12 -14
right_child=1 2 -4 -5 9 -7 7 -9 -10 -11 11 -13 13 -15
leaf_value=0.0024710838598521233 -0.00056161308016935193 -0.0044076089803562609 0.00031850783273577692 0.0015777858020277222 -0.0018928358880333414 -0.003248831623829627 0.0003252896443283295 -0.0014039809601381419 0.005053239542847642 0.002037015517257274 -0.003075186185840819 9.3329408836317394e-05 0.0018261938094232221 -0.0010819766814964486
leaf_weight=204 2358 119 115 445 228 194 126 100 146 424 101 10378 1102 184
leaf_count=204 2358 119 115 445 228 194 126 100 146 424 101 10378 1102 184
internal_value=0.000140812 0.000109615 -0.00216708 0.000144713 0.000102143 -0.000448042 -0.000237881 0.00177515 0.00295229 0.000231959 0.000166499 0.000207982 0.00105904 0.00140496
internal_weight=16224 16020 234 15786 15341 2924 2730 372 272 12417 11993 11765 1387 1286
internal_count=16224 16020 234 15786 15341 2924 2730 372 272 12417 11993 11765 1387 1286
is_linear=0
shrinkage=0.03


Tree=124
num_leaves=15
num_cat=0
split_feature=9 1 3 0 6 7 5 6 1 1 6 0 8 6
split_gain=2.03474 1.41246 2.08461 1.43212 1.82632 3.54179 2.02721 3.76707 1.8119 1.94512 1.79143 1.81707 1.62898 1.76848
threshold=-0.94904251866277167 0.97315315315315332 0.58102025506376598 0.11237373737373736 -0.4752049180327868 0.82070417145044017 0.78516483516483537 -0.72264957264957252 -0.099295774647887289 -0.63019943019943014 0.97036874451273059 0.98876404494382031 0.84168755221386804 0.94904251866277189
decision_type=2 2 2 2 2 2 2 2 2 2 2 2 2 2
left_child=-1 3 -3 12 5 6 7 8 9 -5 11 -6 13 -2
right_child=1 2 -4 4 10 -7 -8 -9 -10 -11 -12 -13 -14 -15
leaf_value=0.0026143643780507974 -0.00020972213027414151 -0.0044505533780301769 0.00071795048122641752 0.0030894036699390531 0.00059480327491642771 -0.0042599207481551172 -0.0026471248025867482 -0.0010734402979465409 0.00472312534876701 -0.0012242674115342928 -0.0023046022068029417 0.0038158168645712766 -0.0020137108005953697 0.0026260372253107318
leaf_weight=260 7949 145 124 186 5237 193 212 638 176 173 176 153 430 193
leaf_count=260 7949 145 124 186 5237 193 212 638 176 173 176 153 430 193
internal_value=3.17654e-05 -1.18495e-05 -0.00212771 2.56962e-05 0.000339142 -0.000559214 -1.66792e-05 0.000477087 0.0023119 0.00103383 0.000594379 0.000693132 -0.000235624 -0.000139364
internal_weight=16245 15985 269 15716 7144 1578 1385 1173 535 359 5566 5390 8572 8142
internal_count=16245 15985 269 15716 7144 1578 1385 1173 535 359 5566 5390 8572 8142
is_linear=0
shrinkage=0.03


Tree=125
num_leaves=15
num_cat=0
split_feature=1 0 1 9 1 0 8 9 6 7 7 4 6 0
split_gain=2.89645 1.8656 2.19585 2.23657 2.12848 2.06807 1.86374 2.09418 2.97093 2.34688 2.35364 2.5856 1.85196 2.43772
threshold=-0.28989813242784374 -0.91836356904850047 0.96850198412698418 0.62583333333333346 0.39305778491171756 -0.45914149443561203 -0.90143695608176466 0.3371212121212121 -0.88433667781493852 0.30816714150047492 0.10487038491751778 -0.89403508771929807 0.93700396825396837 0.25824574121058358
decision_type=2 2 2 2 2 2 2 2 2 2 2 2 2 2
left_child=6 4 3 12 -2 -5 -1 9 -9 10 11 -8 -3 -14
right_child=1 2 -4 5 -6 -7 7 8 -10 -11 -12 -13 13 -15
leaf_value=-0.0016897450802669286 -0.0012153976683307868 -0.00067934583055131623 -0.0027815459691444221 -0.0021668994240964566 0.0037215373041264961 0.00083198725833092367 -0.0036400672951289875 -0.0050044319952582631 5.0783907715887039e-05 0.0020124341865578716 -0.0016130315829258714 0.0010877913210356844 0.0036015705052028658 -0.0012156652297684654
leaf_weight=324 120 7411 333 222 198 1933 100 103 1410 1320 406 2052 203 163
leaf_count=324 120 7411 333 222 198 1933 100 103 1410 1320 406 2052 203 163
internal_value=-5.63153e-05 -0.000350114 -0.000420909 -0.000339043 0.00187829 0.000514471 0.000487401 0.000621134 -0.000323958 0.000989747 0.000456229 0.000852275 -0.000575909 0.00148092
internal_weight=16298 10583 10265 9932 318 2155 5715 5391 1513 3878 2558 2152 7777 366
internal_count=16298 10583 10265 9932 318 2155 5715 5391 1513 3878 2558 2152 7777 366
is_linear=0
shrinkage=0.03


Tree=126
num_leaves=15
num_cat=0
split_feature=4 1 4 4 9 1 1 1 2 8 2 9 1 4
split_gain=1.26953 1.15915 2.3692 2.36776 2.30016 2.23138 1.95883 3.60037 1.86267 2.05449 1.78194 2.45852 2.06568 1.65769
threshold=-0.96521476104053228 0.22623655913978494 -0.019237883832778409 0.46305060065526032 -0.78247535596933171 0.86949116457313191 -0.36489262371615311 0.10487038491751778 0.82807881773399028 0.56574122577265595 0.37771377935312361 -0.73105625717566014 0.12922201138519931 0.30816714150047492
decision_type=2 2 2 2 2 2 2 2 2 2 2 2 2 2
left_child=-1 3 4 10 -3 -6 -5 8 9 -8 13 -12 -13 -2
right_child=1 2 -4 6 5 -7 7 -9 -10 -11 11 12 -14 -15
leaf_value=-0.0022787897505041994 3.8482345107051465e-05 -0.0045908198576714646 0.00017345474267346011 -4.088963813551512e-05 -0.00051434039480158212 -0.0034278079412898886 -0.0043418179602133919 0.0019335885914141667 0.00092590867397798727 1.9518795538749685e-05 0.0046575556942635953 0.00042390513559620796 0.0040444523572535597 0.0017756439821809101
leaf_weight=223 5145 142 3392 1784 2510 252 452 178 100 123 172 1074 154 537
leaf_count=223 5145 142 3392 1784 2510 252 452 178 100 123 172 1074 154 537
internal_value=-8.02607e-05 -4.82445e-05 -0.000365039 0.00015714 -0.00099246 -0.000791567 -0.000608733 -0.00178211 -0.00277587 -0.00342449 0.000442771 0.0013975 0.000906949 0.000205491
internal_weight=16238 16015 6296 9719 2904 2762 2637 853 675 575 7082 1400 1228 5682
internal_count=16238 16015 6296 9719 2904 2762 2637 853 675 575 7082 1400 1228 5682
is_linear=0
shrinkage=0.03


Tree=127
num_leaves=15
num_cat=0
split_feature=2 1 4 9 2 1 8 8 4 5 1 7 2 5
split_gain=1.79541 2.5934 1.997 1.65803 1.46706 1.86466 1.72851 2.29281 2.353 2.70418 2.06271 2.20344 2.05242 1.6828
threshold=-0.93984622342831292 -0.90143695608176466 0.81438415159345401 -0.38688172043010749 0.24357284113381675 0.97036874451273059 -0.93495505023796921 -0.6557112068965516 0.84712755598831568 0.54884143571104049 0.30816714150047492 0.56574122577265595 0.038218111002921169 0.83584100606332823
decision_type=2 2 2 2 2 2 2 2 2 2 2 2 2 2
left_child=2 -2 3 -1 6 -6 -3 13 9 10 -9 -12 -11 -8
right_child=1 4 -4 -5 5 -7 7 8 -10 12 11 -13 -14 -15
leaf_value=-0.0063216562665917957 0.0019556140617351045 -0.0028546576515655034 0.0012026928701006346 -0.0012608985507741887 0.00037059920176146582 -0.0021228849012059135 0.0011522894540316533 -0.00024948033654517075 -0.0030937079081449332 0.0019226187304443084 -0.0019452306670860466 0.00077281301258014397 -0.0017775341343222813 -0.0025420604847738002
leaf_weight=105 562 230 103 131 5878 273 1283 4659 288 686 1453 323 159 112
leaf_count=105 562 230 103 131 5878 273 1283 4659 288 686 1453 323 159 112
internal_value=-7.45508e-05 -2.78306e-05 -0.00220307 -0.00367796 -0.000101704 0.000256665 -0.000341505 -0.000273906 -0.000480013 -0.000372512 -0.000582366 -0.00144934 0.00121373 0.0008397
internal_weight=16245 15906 339 236 15344 6151 9193 8963 7568 7280 6435 1776 845 1395
internal_count=16245 15906 339 236 15344 6151 9193 8963 7568 7280 6435 1776 845 1395
is_linear=0
shrinkage=0.03


Tree=128
num_leaves=15
num_cat=0
split_feature=8 6 7 8 6 3 6 7 6 3 7 8 5 5
split_gain=1.06622 2.37569 2.73555 1.8664 1.81751 1.63133 1.38506 1.29166 1.26138 1.84918 2.03575 1.92919 1.69497 1.73032
threshold=0.50280898876404501 -0.63911657559198531 0.41004623791509048 0.46305060065526032 -0.72264957264957252 0.97036874451273059 -0.96521476104053228 0.40279123861213423 0.015628815628815577 0.088421444527177942 -0.21261798310978638 0.54884143571104049 0.64232409381663125 0.41004623791509048
decision_type=2 2 2 2 2 2 2 2 2 2 2 2 2 2
left_child=3 2 4 6 -2 8 -1 -5 12 11 -11 -10 13 -3
right_child=1 5 -4 7 -6 -7 -8 -9 9 10 -12 -13 -14 -15
leaf_value=0.0026918926274440451 0.0016565242796449248 0.0013364558375760158 -0.0029056381672920252 -0.0009919187002165545 -0.0026482811601454158 0.0042196676731109618 -0.00018148548207557838 -0.0050414091474866784 0.0042388169235288561 -0.0047151897274889049 -0.00035776631986574758 0.00046066054028463718 0.0036347523503639594 -0.0020062681461110641
leaf_weight=143 326 827 383 205 110 105 11584 104 129 100 804 1003 225 158
leaf_count=143 326 827 383 205 110 105 11584 104 129 100 804 1003 225 158
internal_value=-6.26815e-05 0.000350197 -0.00108941 -0.0002059 0.000535422 0.000704237 -0.000144184 -0.00247017 0.000577911 0.000120211 -0.000886097 0.000924558 0.00134076 0.000785488
internal_weight=16206 4170 819 12036 436 3351 11727 309 3246 2036 904 1132 1210 985
internal_count=16206 4170 819 12036 436 3351 11727 309 3246 2036 904 1132 1210 985
is_linear=0
shrinkage=0.03


Tree=129
num_leaves=15
num_cat=0
split_feature=1 3 0 2 2 3 6 0 8 4 6 3 4 2
split_gain=1.6285 2.78928 1.94627 1.77796 3.0558 1.73455 2.2731 2.17664 1.67989 1.64195 1.37916 1.35107 1.33695 1.3028
threshold=-0.90143695608176466 0.76293487957181094 0.015628815628815577 -0.79887640449438191 -0.30320054477357838 -0.61242176215695709 0.97036874451273059 0.2022727272727273 0.90342013214146921 -0.90733452593917707 -0.64631422189128795 -0.56386946386946379 -0.66479400749063666 -0.59537185660781156
decision_type=2 2 2 2 2 2 2 2 2 2 2 2 2 2
left_child=1 3 8 10 -5 7 11 -4 9 -2 -1 -7 -9 -11
right_child=2 -3 5 4 -6 6 -8 12 -10 13 -12 -13 -14 -15
leaf_value=-0.0019771838542656044 -0.0024161744933586158 -0.0026804578258543188 0.0015444807216573881 0.0071501134662297523 0.00084561171493707939 0.0031976801223139377 -0.0032300250756727052 -0.0043674659114893554 -0.0031313876471358525 -0.0011124168958748086 0.0021443393800848541 0.00037953678502538327 -0.0011336388647225784 -0.00010046894046129285
leaf_weight=110 336 118 219 127 146 147 145 139 198 1416 178 6597 562 5823
leaf_count=110 336 118 219 127 146 147 145 139 198 1416 178 6597 562 5823
internal_value=-7.14115e-05 0.00135596 -0.00013444 0.00223705 0.00392749 0.000199958 0.000363673 -0.00101668 -0.000470213 -0.000396617 0.000556623 0.000445608 -0.00182728 -0.000299675
internal_weight=16261 679 15582 561 273 7809 6889 920 7773 7575 288 6744 701 7239
internal_count=16261 679 15582 561 273 7809 6889 920 7773 7575 288 6744 701 7239
is_linear=0
shrinkage=0.03


Tree=130
num_leaves=15
num_cat=0
split_feature=5 6 4 7 6 7 7 1 5 5 2 6 1 2
split_gain=1.28615 3.69108 3.11183 2.45169 2.06276 2.0347 2.10864 2.00904 1.79346 2.92688 2.05725 2.77504 1.79251 2.06924
threshold=0.55863254392666173 -0.71256454388984503 0.71852992957746487 0.1564382530120482 -0.8767331433998099 0.25824574121058358 -0.21992558908639928 0.56574122577265595 0.42444997924449984 0.39305778491171756 -0.21992558908639928 0.29847345636819328 -0.89403508771929807 -0.49055258467023172
decision_type=2 2 2 2 2 2 2 2 2 2 2 2 2 2
left_child=7 2 4 -3 -2 6 -4 8 9 -1 11 -10 -5 -14
right_child=1 3 5 12 -6 -7 -8 -9 10 -11 -12 -13 13 -15
leaf_value=0.00015903300600127036 0.0042131212968923096 0.00011885558310540805 -0.0025863578289625098 0.0054578969833673904 -0.00076291701175710722 -0.0037816171204840352 0.0022053483944225881 -0.00082279259364947998 0.0021956627736366245 0.0039317180513448657 -0.0025216788420888187 -0.003497993126922996 -0.00075384247649407424 0.00214720835864426
leaf_weight=8993 127 1248 173 110 160 337 141 2565 248 179 461 100 268 1151
leaf_count=8993 127 1248 173 110 160 337 141 2565 248 179 461 100 268 1151
internal_value=6.96308e-05 0.000559139 -0.00106014 0.00110793 0.00150674 -0.00219745 -0.000433012 -7.56476e-05 0.000116991 0.000236862 -0.00122834 0.000507547 0.00190922 0.00159786
internal_weight=16261 3715 938 2777 287 651 314 12546 9981 9172 809 348 1529 1419
internal_count=16261 3715 938 2777 287 651 314 12546 9981 9172 809 348 1529 1419
is_linear=0
shrinkage=0.03


Tree=131
num_leaves=15
num_cat=0
split_feature=1 9 9 9 3 5 1 7 6 7 5 1 9 8
split_gain=1.87991 1.48135 1.76307 1.62653 1.14611 1.68345 1.11816 1.30463 1.01426 1.01307 0.894821 0.88847 0.873202 1.77066
threshold=0.98876404494382031 0.92749178532311072 0.97036874451273059 0.86949116457313191 0.61152570480928703 0.25824574121058358 0.94904251866277189 0.29847345636819328 0.38548951048951058 0.74625530963559139 -0.047065337763012187 0.079682539682539702 -0.89309523809523805 -0.82554347826086938
decision_type=2 2 2 2 2 2 2 2 2 2 2 2 2 2
left_child=1 3 9 6 5 -5 12 -8 11 10 -3 -4 13 -1
right_child=-2 2 8 4 -6 -7 7 -9 -10 -11 -12 -13 -14 -15
leaf_value=-0.0018267474453165834 -0.0024585932677357709 -0.00039302484787185677 0.00057957053912105038 -0.00084769437749885386 0.00036857696628430855 -0.005466897694748782 0.0040846393757791657 -0.00032933447772684769 0.0019353879907527776 0.0047341041508186981 0.003095701573159674 -0.0031806584247387943 -1.7221041847033619e-06 0.0018148185095117654
leaf_weight=143 254 118 102 173 150 116 124 107 117 139 135 110 13935 569
leaf_count=143 254 118 102 173 150 116 124 107 117 139 135 110 13935 569
internal_value=5.2448e-05 9.37236e-05 0.0014131 3.07364e-05 -0.0017483 -0.0028226 8.43688e-05 0.00211124 -0.000209359 0.00274615 0.00151547 -0.00142688 5.0984e-05 0.00106827
internal_weight=16292 16038 721 15317 439 289 14878 231 329 392 253 212 14647 712
internal_count=16292 16038 721 15317 439 289 14878 231 329 392 253 212 14647 712
is_linear=0
shrinkage=0.03


Tree=132
num_leaves=15
num_cat=0
split_feature=0 8 7 1 2 7 7 0 2 6 8 2 7 7
split_gain=1.84966 3.38353 2.22993 2.00425 2.15974 2.18161 2.90276 2.02209 1.97455 1.88895 1.73436 1.51598 1.51102 2.231
threshold=0.015628815628815577 0.90342013214146921 0.45566778900112243 -0.8088714938030005 -0.93495505023796921 0.1564382530120482 -0.13938769502502205 -0.96799795186891957 -0.90143695608176466 0.9194594594594595 0.49274752995585464 -0.45129664769133454 0.62583333333333346 0.94904251866277189
decision_type=2 2 2 2 2 2 2 2 2 2 2 2 2 2
left_child=1 3 -3 4 -1 6 -6 -5 10 -9 -2 -7 -10 -14
right_child=8 2 -4 7 5 11 -8 9 12 -11 -12 -13 13 -15
leaf_value=-0.0026923586867711935 -0.0046637006857148978 -0.0070622393426019699 -0.0013242522978689521 0.0033742736013652372 0.002017077552698498 0.0065442124068832543 -0.0037536931589923122 -0.00063801553097096514 0.00051884900958406221 0.0018827696177416533 -3.3052026992663739e-06 0.0016999192054158653 -0.00097667959185654559 0.0016859276985085935
leaf_weight=101 128 100 150 111 264 107 100 6787 6081 269 150 135 1465 341
leaf_count=101 128 100 150 111 264 107 100 6787 6081 269 150 135 1465 341
internal_value=-0.000114811 -0.000435045 -0.00380279 -0.000323431 0.00118979 0.00187002 0.000373725 -0.000474155 0.000203957 -0.000539386 -0.00223653 0.00401651 0.000292702 -0.000467424
internal_weight=16289 8124 250 7874 707 606 364 7167 8165 7056 278 242 7887 1806
internal_count=16289 8124 250 7874 707 606 364 7167 8165 7056 278 242 7887 1806
is_linear=0
shrinkage=0.03


Tree=133
num_leaves=15
num_cat=0
split_feature=9 4 2 2 2 6 9 1 9 1 5 7 6 2
split_gain=2.06306 2.90532 1.49693 1.78029 2.19944 2.84674 1.52406 1.5252 2.13862 3.41535 2.35069 2.08908 1.73189 2.47306
threshold=-0.94904251866277167 0.69321266968325801 0.29847345636819328 0.53456514813634926 0.56574122577265595 -0.28165064102564097 0.92749178532311072 -0.44224170796797557 -0.73105625717566014 -0.61242176215695709 -0.41101055806938153 -0.78247535596933171 -0.49055258467023172 -0.86159003831417613
decision_type=2 2 2 2 2 2 2 2 2 2 2 2 2 2
left_child=1 -1 6 -4 5 -5 7 8 9 -2 -10 -12 -13 -14
right_child=2 -3 3 4 -6 -7 -8 -9 10 -11 11 12 13 -15
leaf_value=-7.437414938912671e-05 -0.0030714591890535436 0.0060530015944344241 0.0011423363933443875 -0.0060636369027823461 0.00021210797273698163 0.0002221015579258369 0.0015822027552836462 -0.00054882865999629374 -0.00086497953419537087 0.0024576952217945027 0.0043701561376082235 -0.00028169595066697872 0.0039942445775354779 0.00073658853938192263
leaf_weight=160 357 113 1890 109 3544 141 399 6627 755 130 151 782 271 853
leaf_count=160 357 113 1890 109 3544 141 399 6627 755 130 151 782 271 853
internal_value=4.70384e-05 0.00258613 2.15204e-06 0.000392735 1.72966e-05 -0.00264629 -0.000213039 -0.000286723 0.000239859 -0.00157575 0.000558767 0.00108299 0.000801125 0.00155032
internal_weight=16282 273 16009 5684 3794 250 10325 9926 3299 487 2812 2057 1906 1124
internal_count=16282 273 16009 5684 3794 250 10325 9926 3299 487 2812 2057 1906 1124
is_linear=0
shrinkage=0.03


Tree=134
num_leaves=15
num_cat=0
split_feature=7 9 4 6 2 7 9 2 9 9 4 9 3 3
split_gain=1.44674 2.00894 1.99202 1.98008 1.64386 1.64586 2.58122 1.81277 1.75049 2.46876 1.68465 1.65996 1.67279 1.6523
threshold=0.92749178532311072 0.89237451737451745 0.80746061167747929 0.51765683423348574 -0.66479400749063666 -0.55424836601307181 0.67188646929287998 -0.35100035100035093 -0.57052441229656403 -0.084541556054727393 0.06472559698366144 -0.85940202619224104 0.13867521367521365 0.11237373737373736
decision_type=2 2 2 2 2 2 2 2 2 2 2 2 2 2
left_child=4 2 3 -2 -1 6 7 10 11 -10 -6 -9 -13 -8
right_child=1 -3 -4 -5 5 -7 13 8 9 -11 -12 12 -14 -15
leaf_value=-0.00078215035636111814 0.00095935158151717458 0.0040384187359983718 0.003537947734083681 -0.0031493301823399687 -0.0023040275651483649 -0.00012780887401634645 0.0055367605147153337 -0.00019346794324479378 -0.0012778427232306151 0.0011589289980894737 0.0010843668027394793 0.004981484208915349 0.00077263777125992025 0.0012027017648417351
leaf_weight=2495 270 170 127 160 370 10021 138 171 584 1002 195 216 143 186
leaf_count=2495 270 170 127 160 370 10021 138 171 584 1002 195 216 143 186
internal_value=-1.67147e-05 0.00128202 0.000384358 -0.00060629 -7.83333e-05 5.69725e-05 0.000671557 0.000360302 0.000763316 0.000259272 -0.00113606 0.00223891 0.00337135 0.00315919
internal_weight=16248 727 557 430 15521 13026 3005 2681 2116 1586 565 530 359 324
internal_count=16248 727 557 430 15521 13026 3005 2681 2116 1586 565 530 359 324
is_linear=0
shrinkage=0.03


Tree=135
num_leaves=15
num_cat=0
split_feature=2 3 9 2 2 1 9 4 0 5 1 4 2 1
split_gain=1.5981 1.11825 1.53041 1.0179 1.11719 1.12704 1.10936 0.962696 1.90769 1.23219 1.80076 1.86423 1.70497 2.79854
threshold=-0.96799795186891957 -0.88433667781493852 -0.79887640449438191 -0.8171368861024032 -0.3965259059598682 0.43951219512195122 -0.099295774647887289 0.98876404494382031 -0.45129664769133454 0.14784456587735276 0.86949116457313191 -0.21992558908639928 -0.7900856793145653 -0.86949116457313169
decision_type=2 2 2 2 2 2 2 2 2 2 2 2 2 2
left_child=-1 2 -2 -4 6 -6 -5 9 -9 10 12 -12 -3 -14
right_child=1 7 3 4 5 -7 -8 8 -10 -11 11 -13 13 -15
leaf_value=-0.0032320927942488739 -0.0043624727045540254 -0.0016085432890092604 0.0015173625210472554 -0.00062584486768342724 0.0015811849258219202 -0.0020605168619396209 -0.0047834978452218424 -0.0047602589662102133 0.00059582090793843683 0.00037894808578031123 -0.0042467003251538734 -0.00010343146479079642 0.0043253280282434491 -3.2020617626460217e-05
leaf_weight=131 103 596 152 119 170 123 109 100 127 6371 184 198 125 7636
leaf_count=131 103 596 152 119 170 123 109 100 127 6371 184 198 125 7636
internal_value=-5.2127e-05 -2.4285e-05 -0.00112793 -0.000576271 -0.00120415 3.48665e-05 -0.00273097 3.22542e-05 -0.00186498 6.19713e-05 -0.000169283 -0.00215657 -7.59756e-05 4.36353e-05
internal_weight=16244 16113 776 673 521 293 228 15337 227 15110 8739 382 8357 7761
internal_count=16244 16113 776 673 521 293 228 15337 227 15110 8739 382 8357 7761
is_linear=0
shrinkage=0.03


Tree=136
num_leaves=15
num_cat=0
split_feature=6 1 3 3 6 3 1 6 8 2 8 8 1 1
split_gain=1.73659 3.05818 2.08056 1.96895 3.1481 2.72977 2.47344 2.19929 1.791 2.56379 1.70868 2.13119 2.43815 2.39897
threshold=-0.15438786565547127 -0.8088714938030005 0.97036874451273059 -0.43308457711442783 -0.49055258467023172 -0.18953130345535404 0.37011669203450032 -0.40413533834586463 0.59508740204942756 -0.36489262371615311 -0.92814113597246117 0.41004623791509048 -0.72264957264957252 0.47885646217986894
decision_type=2 2 2 2 2 2 2 2 2 2 2 2 2 2
left_child=3 -2 -3 6 10 -6 8 -7 9 -1 -5 12 -12 -13
right_child=1 2 -4 4 5 7 -8 -9 -10 -11 11 13 -14 -15
leaf_value=-0.0023302181820717845 0.0020425531351155185 -0.0004506502430126131 0.0033450441832908171 -0.0033027655428106133 0.0038540671701620226 0.0027336184151710023 -0.0036034502477485962 0.00033897609287151978 0.0023930210398368855 0.00078824744241894897 0.0027304343935343083 -0.0016380831309239553 0.00021767959799210175 0.0017549027178650992
leaf_weight=433 478 8923 122 122 364 471 207 1235 201 503 425 850 1739 231
leaf_count=433 478 8923 122 122 364 471 207 1235 201 503 425 850 1739 231
internal_value=-1.02545e-05 -0.00027141 -0.000395816 0.000356362 0.000610426 0.00152804 -0.000668343 0.00101218 -0.000107226 -0.000663759 4.34337e-05 0.000178999 0.000721463 -0.000903593
internal_weight=16304 9523 9045 6781 5437 2070 1344 1706 1137 936 3367 3245 2164 1081
internal_count=16304 9523 9045 6781 5437 2070 1344 1706 1137 936 3367 3245 2164 1081
is_linear=0
shrinkage=0.03


Tree=137
num_leaves=15
num_cat=0
split_feature=4 6 5 9 5 6 3 4 2 1 2 7 9 1
split_gain=1.77619 4.54796 2.69313 2.82808 2.64124 2.89733 2.55218 2.09676 2.05107 1.73159 2.02518 3.0161 2.74424 2.45013
threshold=0.77096018735363003 -0.63019943019943014 0.59508740204942756 0.66249413237365062 0.84168755221386804 0.30816714150047492 0.088421444527177942 0.94904251866277189 0.21261798310978644 0.31467710371819962 0.1895313034553541 0.3371212121212121 0.60232558139534897 0.53456514813634926
decision_type=2 2 2 2 2 2 2 2 2 2 2 2 2 2
left_child=9 6 -3 4 5 -4 -2 8 -8 -1 12 -12 13 -11
right_child=1 2 3 -5 -6 -7 7 -9 -10 10 11 -13 -14 -15
leaf_value=0.0001917881150597374 -0.0037678410160831757 -0.0012054181408636165 0.0060573777188123621 0.0053374734493786945 0.00016373262688175371 0.00082788147866281114 -0.0016038344420924071 -0.0029056698200292884 0.0030519970716574251 -0.00043486570110972208 0.00077195876822857927 -0.0013027133253327224 0.00082919615275860452 -0.0027523962691911948
leaf_weight=9364 205 199 188 243 469 191 126 134 224 725 1769 967 466 950
leaf_count=9364 205 199 188 243 469 191 126 134 224 725 1769 967 466 950
internal_value=7.03229e-05 0.000910098 0.00195588 0.00253821 0.00168321 0.00351096 -0.00104786 0.000157144 0.00137791 -4.69331e-05 -0.00050474 3.66219e-05 -0.00119351 -0.00175782
internal_weight=16220 1979 1290 1091 848 379 689 484 350 14241 4877 2736 2141 1675
internal_count=16220 1979 1290 1091 848 379 689 484 350 14241 4877 2736 2141 1675
is_linear=0
shrinkage=0.03


Tree=138
num_leaves=15
num_cat=0
split_feature=5 0 9 0 0 6 7 3 3 9 0 6 3 3
split_gain=2.16701 1.00931 1.00043 0.941787 1.57678 2.09884 1.43577 1.54354 2.22996 2.31333 1.54522 1.4785 1.34817 1.4968
threshold=-0.93495505023796921 -0.019237883832778409 -0.96521476104053228 -0.61242176215695709 -0.57052441229656403 -0.21992558908639928 0.90342013214146921 0.81438415159345401 0.12158167036215818 0.50280898876404501 -0.73969508752117441 -0.34351679104477606 0.46305060065526032 0.64232409381663125
decision_type=2 2 2 2 2 2 2 2 2 2 2 2 2 2
left_child=1 -1 -2 6 5 -5 7 8 -4 10 12 -12 -10 -14
right_child=2 -3 3 4 -6 -7 -8 -9 9 -11 11 -13 13 -15
leaf_value=-0.0034683675705926799 0.0020554350534270345 -0.00043142989895347019 -0.0010110315598451274 0.0049131523074701106 4.240920155948022e-05 4.0691512410041583e-05 0.0027145983687369151 -0.003378046427949749 0.00085865618300102824 -0.0028541150750900283 0.0017633489186705243 -0.002932252965867519 0.0065828556745613281 0.0014501988633560973
leaf_weight=227 203 174 1860 131 12440 183 110 164 199 114 124 100 111 101
leaf_count=227 203 174 1860 131 12440 183 110 164 199 114 124 100 111 101
internal_value=-4.2511e-05 -0.00219315 1.32833e-05 -1.45247e-05 9.62553e-05 0.00216237 -0.000503239 -0.00064018 -0.000455839 0.000918033 0.00162899 -0.000368629 0.00270061 0.00431305
internal_weight=16241 401 15840 15637 12754 314 2883 2773 2609 749 635 224 411 212
internal_count=16241 401 15840 15637 12754 314 2883 2773 2609 749 635 224 411 212
is_linear=0
shrinkage=0.03


Tree=139
num_leaves=15
num_cat=0
split_feature=4 0 4 6 2 2 2 4 6 4 2 9 9 1
split_gain=1.16134 2.59151 2.23612 2.83684 1.85739 1.78614 2.62419 2.49479 1.42131 1.61347 1.40243 1.3566 1.31599 2.90514
threshold=0.82807881773399028 -0.94904251866277167 0.84712755598831568 -0.8767331433998099 -0.94904251866277167 0.63356807511737101 -0.91836356904850047 0.96850198412698418 -0.73969508752117441 0.72524509803921589 0.56574122577265595 -0.45049019607843127 -0.29935064935064931 0.57223113964687011
decision_type=2 2 2 2 2 2 2 2 2 2 2 2 2 2
left_child=4 -2 -3 11 -1 6 -5 -7 9 10 -6 -4 13 -10
right_child=1 2 3 5 8 7 -8 -9 12 -11 -12 -13 -14 -15
leaf_value=-0.0029768094858333757 0.0049584964053675292 0.0036370382328290317 -0.0006128113789140785 0.003576734790169611 0.00055699948056190285 0.003456819478815305 -0.0012912073925462687 -0.0017797954254412808 -0.00017170441662278541 -0.0017325766420310334 0.0026835624813878285 -0.0054380140618221565 7.374265668678431e-05 -0.0021566306005119116
leaf_weight=185 114 162 104 113 922 310 517 103 3274 183 395 102 8959 823
leaf_count=185 114 162 104 113 922 310 517 103 3274 183 395 102 8959 823
internal_value=1.34057e-05 0.000798725 0.000430113 -1.14223e-05 -6.83243e-05 0.00063109 -0.000375825 0.00213963 -2.93405e-05 0.000842105 0.00121022 -0.00314314 -0.000130029 -0.000574714
internal_weight=16266 1525 1411 1249 14741 1043 630 413 14556 1500 1317 206 13056 4097
internal_count=16266 1525 1411 1249 14741 1043 630 413 14556 1500 1317 206 13056 4097
is_linear=0
shrinkage=0.03


Tree=140
num_leaves=15
num_cat=0
split_feature=0 4 9 1 6 0 9 4 1 7 6 0 0 4
split_gain=2.31987 1.60239 1.34783 1.2196 2.02461 1.34634 2.16172 2.1778 3.57515 1.53783 1.51659 1.60826 2.41195 3.0045
threshold=-0.96799795186891957 -0.96521476104053228 0.30195644149132533 -0.90143695608176466 -1.0000000180025095e-35 0.015628815628815577 0.1564382530120482 0.80746061167747929 0.27518115942028981 1.0000000180025095e-35 -0.78247535596933171 -0.16903096903096895 -0.32230727173318752 -0.019237883832778409
decision_type=2 2 2 2 2 2 2 2 2 2 2 2 2 2
left_child=-1 2 -2 4 -3 6 7 -5 9 -9 -8 12 13 -12
right_child=1 3 -4 5 -6 -7 10 8 -10 -11 11 -13 -14 -15
leaf_value=0.0037574720178164688 -0.0048040714722758686 0.00026059188667958795 -6.6510959351232839e-05 0.0002965863691603891 0.0038507859695202378 0.00030021932339507185 -0.0034322991055078913 -0.0017754695689470707 0.0011005088011418127 -0.0063941556173271706 -0.0022922389062048306 -0.0021460518600662296 0.0016470737728504182 0.00064081161172731456
leaf_weight=143 102 482 105 4549 191 7813 201 148 211 123 677 555 421 573
leaf_count=143 102 482 105 4549 191 7813 201 148 211 123 677 555 421 573
internal_value=8.07413e-05 4.58828e-05 -0.00251477 8.0683e-05 0.00132097 2.51946e-05 -0.000262938 9.21251e-05 -0.00180434 -0.00402472 -0.000996315 -0.000761988 -0.000292258 -0.000953313
internal_weight=16294 16151 207 15944 673 15271 7458 5031 482 271 2427 2226 1671 1250
internal_count=16294 16151 207 15944 673 15271 7458 5031 482 271 2427 2226 1671 1250
is_linear=0
shrinkage=0.03


Tree=141
num_leaves=15
num_cat=0
split_feature=3 5 5 9 0 2 2 9 4 2 9 9 7 7
split_gain=1.02924 1.79498 1.51381 1.70388 1.62408 1.36996 1.55588 1.32354 2.02444 0.990553 2.28479 2.13588 1.29977 1.22801
threshold=-0.72264957264957252 -0.41897974493623397 -0.016133229247983379 0.51765683423348574 0.21261798310978644 0.51765683423348574 0.1564382530120482 -0.051956815114709891 -0.58863819500402892 -0.68898343036274057 -0.56386946386946379 -0.57052441229656403 -0.16903096903096895 0.073622402890695673
decision_type=2 2 2 2 2 2 2 2 2 2 2 2 2 2
left_child=1 7 4 5 -3 6 9 8 -1 11 -11 -4 -12 -13
right_child=-2 2 3 -5 -6 -7 -8 -9 -10 10 12 13 -14 -15
leaf_value=0.0019941546409162564 0.00012093258168994658 0.0026328130501898977 -0.0026459038465230758 0.002504421421260174 -0.0015390213888186292 -0.0039356706821126863 0.0025107373569533227 -0.0028823896516844811 -0.0029467777880943483 0.00099271718390979034 -0.0015474475640803575 -0.00040586723916401912 -0.006346999939261494 0.0041408580189218388
leaf_weight=157 14262 305 148 130 107 118 115 414 125 119 107 100 104 101
leaf_count=157 14262 305 148 130 107 118 115 414 125 119 107 100 104 101
internal_value=2.85824e-05 -0.000581745 2.07337e-05 -0.000588324 0.00153856 -0.00105156 -0.000579315 -0.00182284 -0.000221888 -0.00113151 -0.00228397 -8.53193e-06 -0.00409326 0.00196678
internal_weight=16412 2150 1454 1042 412 912 794 696 282 679 330 349 211 201
internal_count=16412 2150 1454 1042 412 912 794 696 282 679 330 349 211 201
is_linear=0
shrinkage=0.03


Tree=142
num_leaves=15
num_cat=0
split_feature=0 1 1 4 4 2 5 4 9 1 2 2 9 5
split_gain=1.71175 2.78312 1.64585 1.19888 1.00763 1.17152 1.46344 2.30392 2.98321 2.37036 2.77451 2.27049 2.25744 1.25652
threshold=-0.93984622342831292 0.98876404494382031 0.47885646217986894 0.68651074887786456 -0.78247535596933171 -0.61242176215695709 0.90786914235190108 0.54076207354895889 -0.63275862068965505 0.55863254392666173 -0.93984622342831292 -0.73105625717566014 -0.22984244670991652 -0.55424836601307181
decision_type=2 2 2 2 2 2 2 2 2 2 2 2 2 2
left_child=2 4 3 -1 -2 6 7 9 -9 10 -6 -12 -10 -7
right_child=1 -3 -4 -5 5 13 -8 8 12 -11 11 -13 -14 -15
leaf_value=-0.0017589033930139107 -0.00067228032621009348 -0.0032586887696137027 0.004955263483946112 0.0025492056405111668 -0.0043228011396622247 0.0010197861149771376 -0.0029546156179006259 -0.0022608706367167608 0.0048346495561059598 -0.0044383219705552467 0.00077615503864113375 -0.0015621329232758719 0.00068921507501153872 0.00012239543575947375
leaf_weight=100 1605 224 111 114 143 1632 184 152 197 137 998 584 285 9727
leaf_count=100 1605 224 111 114 143 1632 184 152 197 137 998 584 285 9727
internal_value=3.36645e-05 -1.11313e-05 0.00215585 0.00054742 3.74211e-05 0.000118978 -0.000444138 -0.000248019 0.00130098 -0.000779575 -0.00046509 -9.14213e-05 0.00244734 0.000252111
internal_weight=16193 15868 325 214 15644 14039 2680 2496 634 1862 1725 1582 482 11359
internal_count=16193 15868 325 214 15644 14039 2680 2496 634 1862 1725 1582 482 11359
is_linear=0
shrinkage=0.03


Tree=143
num_leaves=15
num_cat=0
split_feature=0 1 5 4 4 6 8 1 6 6 5 0 9 1
split_gain=1.51563 1.10719 1.09416 1.0677 1.70927 2.1542 2.014 1.83411 1.62411 3.12449 2.60453 1.85682 1.88721 1.82275
threshold=-0.96799795186891957 0.96850198412698418 0.84168755221386804 -0.24025316455696197 -0.35538545653362491 0.48683298683298687 -1.0000000180025095e-35 0.30816714150047492 -0.52056338028169002 -0.73969508752117441 0.21913109756097562 -0.22623655913978494 -0.4032469232783451 -0.5070478459400436
decision_type=2 2 2 2 2 2 2 2 2 2 2 2 2 2
left_child=-1 3 -3 4 5 6 7 -2 9 -5 -11 -12 -13 -10
right_child=1 2 -4 8 -6 -7 -8 -9 13 10 11 12 -14 -15
leaf_value=0.0031347997872145858 0.00018460581415548775 -0.00049505544300207914 -0.0040290039473850469 0.00051393642315505765 -0.0014098292813617284 -0.0010601241121679559 0.0010425790933474264 -0.0019958685028225024 0.0013961872851120745 0.00033263041102065798 -0.0042349689871213295 -0.004531652467135769 -1.3930508852622077e-05 0.00024354285622499907
leaf_weight=133 1410 267 104 1610 942 1320 1857 450 1598 435 328 103 316 5346
leaf_count=133 1410 267 104 1610 942 1320 1857 450 1598 435 328 103 316 5346
internal_value=5.99111e-05 3.2556e-05 -0.00156545 7.12533e-05 -0.000244045 -2.36634e-05 0.000346267 -0.00035078 0.000264934 -0.000345268 -0.00151008 -0.00257337 -0.00120424 0.000510423
internal_weight=16219 16086 371 15715 5979 5037 3717 1860 9736 2792 1182 747 419 6944
internal_count=16219 16086 371 15715 5979 5037 3717 1860 9736 2792 1182 747 419 6944
is_linear=0
shrinkage=0.03


Tree=144
num_leaves=15
num_cat=0
split_feature=9 8 1 5 8 8 9 2 5 1 9 1 1 9
split_gain=1.28727 1.16767 1.3135 3.32235 1.74235 2.27438 2.27274 3.20561 3.69884 2.5441 1.92983 1.86448 1.77292 1.74962
threshold=-0.94904251866277167 -0.93984622342831292 -0.28989813242784374 0.97036874451273059 -0.6795061728395061 0.30816714150047492 0.04898040783686531 0.82070417145044017 -0.46495250573206681 0.89851963098047638 0.1564382530120482 -0.22623655913978494 0.13867521367521365 0.32449982449982456
decision_type=2 2 2 2 2 2 2 2 2 2 2 2 2 2
left_child=-1 -2 3 -3 12 6 7 8 -6 10 -8 -7 -4 -12
right_child=1 2 4 -5 5 11 9 -9 -10 -11 13 -13 -14 -15
leaf_value=0.0019513824435048982 -0.0018515013554770395 0.00020984797778314442 -0.00064858752893776636 0.0048606335425513316 0.00022453516370704303 -0.0033123895126680675 0.0021615246377976812 0.001714119811188272 -0.002485020222802363 -0.0038475748294999139 -0.0018018633614849716 0.00031998909942888116 0.0016484731496788519 0.00017297514734042436
leaf_weight=275 319 5285 477 132 613 122 326 256 1715 151 511 3493 796 1788
leaf_count=275 319 5285 477 132 613 122 326 256 1715 151 511 3493 796 1788
internal_value=-4.71399e-05 -8.27224e-05 -4.55451e-05 0.000331925 -0.000245201 -0.000392663 -0.000784314 -0.00142283 -0.00177364 -0.000186988 3.73855e-05 0.000188603 0.000789405 -0.000271876
internal_weight=16259 15984 15665 5417 10248 8975 5360 2584 2328 2776 2625 3615 1273 2299
internal_count=16259 15984 15665 5417 10248 8975 5360 2584 2328 2776 2625 3615 1273 2299
is_linear=0
shrinkage=0.03


Tree=145
num_leaves=15
num_cat=0
split_feature=8 7 2 2 1 7 7 7 8 8 4 1 3 9
split_gain=2.01456 1.42272 1.26665 1.26538 2.21892 1.16135 1.32406 1.34972 1.12258 1.12122 2.44886 1.50543 1.9451 1.76206
threshold=0.97036874451273059 0.94904251866277189 0.34514106583072107 0.26713615023474185 0.90342013214146921 -0.96521476104053228 -0.91836356904850047 -0.8767331433998099 -0.53752345215759834 0.87577160493827166 0.11237373737373736 -0.17573529411764707 -0.93984622342831292 0.079682539682539702
decision_type=2 2 2 2 2 2 2 2 2 2 2 2 2 2
left_child=1 3 -2 4 5 -1 -7 8 -8 11 -11 13 -13 -9
right_child=2 -3 -4 -5 -6 6 7 9 -10 10 -12 12 -14 -15
leaf_value=-0.0029074812956989323 -0.00045042809155908085 0.0016727714729435708 -0.0041433802559146318 0.00038420807608100812 0.002990262538567409 0.0019274008195316128 -0.00053569298440023607 0.00077492036718022125 -0.0047164021714336491 0.0011062299273314937 -0.0038344349240545523 -0.0044103981538848799 -0.00041963788704071128 -0.0004566145023929837
leaf_weight=135 175 478 155 5665 185 246 128 2521 100 147 210 103 4266 1773
leaf_count=135 175 478 155 5665 185 246 128 2521 100 147 210 103 4266 1773
internal_value=2.9235e-05 7.7875e-05 -0.00225584 2.75755e-05 -0.000178467 -0.000242387 -0.000201471 -0.00026012 -0.00249046 -0.000201048 -0.00182533 -0.000132084 -0.000523578 0.000266538
internal_weight=16287 15957 330 15479 9814 9629 9494 9248 228 9020 357 8663 4369 4294
internal_count=16287 15957 330 15479 9814 9629 9494 9248 228 9020 357 8663 4369 4294
is_linear=0
shrinkage=0.03


Tree=146
num_leaves=15
num_cat=0
split_feature=9 4 9 9 6 5 6 2 9 8 0 9 6 6
split_gain=1.58677 1.81221 1.54341 1.50097 1.18625 2.30392 1.31869 1.11647 1.1116 2.89946 2.70033 2.12364 1.88393 1.89728
threshold=0.94160272804774092 0.038218111002921169 0.82807881773399028 0.97036874451273059 -0.58863819500402892 0.17287356321839079 0.088421444527177942 0.12922201138519931 0.62583333333333346 -0.48255578093306278 -0.41101055806938153 0.54076207354895889 0.11237373737373736 0.34514106583072107
decision_type=2 2 2 2 2 2 2 2 2 2 2 2 2 2
left_child=2 7 8 -3 -4 -6 -7 -2 11 -10 -11 -1 -12 -14
right_child=1 3 4 -5 5 6 -8 -9 9 10 12 -13 13 -15
leaf_value=-3.8788092784930234e-07 0.001649347154950527 0.0055238627673712308 -0.0034359078926165477 0.0011514572825700301 -0.0021658663012642312 -0.0010235370425149225 0.0026508470710810018 -0.0019755221758258543 -0.001917518791771503 -0.0021587423449855739 0.003013649848726345 -0.0016984074674538663 -0.002192863923300821 0.001600614765449171
leaf_weight=12502 142 124 171 164 428 146 196 144 295 167 590 690 151 445
leaf_count=12502 142 124 171 164 428 146 196 144 295 167 590 690 151 445
internal_value=-1.67666e-05 0.00151887 -7.35486e-05 0.00315621 -0.00124516 -0.000720829 0.00109773 -0.000180843 1.53128e-06 0.000733702 0.00132159 -9.0421e-05 0.0018256 0.000619189
internal_weight=16355 574 15781 288 941 770 342 286 14840 1648 1353 13192 1186 596
internal_count=16355 574 15781 288 941 770 342 286 14840 1648 1353 13192 1186 596
is_linear=0
shrinkage=0.03


Tree=147
num_leaves=15
num_cat=0
split_feature=9 8 6 7 2 6 3 8 2 8 0 9 6 6
split_gain=1.57796 2.42696 2.15758 2.23724 1.9378 2.21145 1.90564 2.70189 1.80342 1.64013 1.62176 3.89926 3.82319 2.00006
threshold=-0.30886644219977549 -0.8171368861024032 0.45566778900112243 0.89851963098047638 -0.18953130345535404 -0.41101055806938153 0.81438415159345401 -0.90733452593917707 0.80123456790123471 -0.90733452593917707 0.17287356321839079 -0.11378020713463753 -0.7900856793145653 0.80746061167747929
decision_type=2 2 2 2 2 2 2 2 2 2 2 2 2 2
left_child=2 4 3 6 9 -6 7 -1 -4 -2 11 12 -3 -13
right_child=1 10 8 -5 5 -7 -8 -9 -10 -11 -12 13 -14 -15
leaf_value=-0.0033857062223943924 -0.002570035639191046 0.0065815878601572586 -0.0016274000864292875 0.0032033525142301828 0.00020961493578445362 0.0048183039599926846 -0.0021108625996141476 0.00030379658522648333 0.0018757371228973686 0.0020971806640610905 0.00055650364259544037 -0.00080429754785881055 0.00080646191919045993 0.0014732331070971771
leaf_weight=179 115 109 1365 181 142 271 380 3251 138 138 5052 3763 808 373
leaf_count=179 115 109 1365 181 142 271 380 3251 138 138 5052 3763 808 373
internal_value=8.25685e-05 0.000293524 -0.000330792 3.48378e-05 0.00203392 0.00327613 -0.000123679 0.000101972 -0.00129548 -4.13373e-05 0.00017692 -0.000202937 0.00155652 -0.000595843
internal_weight=16265 10771 5494 3991 666 413 3810 3430 1503 253 10105 5053 917 4136
internal_count=16265 10771 5494 3991 666 413 3810 3430 1503 253 10105 5053 917 4136
is_linear=0
shrinkage=0.03


Tree=148
num_leaves=15
num_cat=0
split_feature=2 3 0 1 4 3 3 5 8 8 0 9 1 9
split_gain=1.30628 2.50826 2.0741 1.82541 1.82295 1.93692 1.87178 2.42566 1.79009 2.16108 1.68368 1.97553 1.86486 1.47816
threshold=0.83584100606332823 -0.45129664769133454 -0.73969508752117441 0.86949116457313191 0.70209762000806786 0.31467710371819962 -0.605448480355819 0.82070417145044017 0.36055555555555568 -0.17573529411764707 -0.6955588929414287 -0.051956815114709891 0.84168755221386804 -0.72264957264957252
decision_type=2 2 2 2 2 2 2 2 2 2 2 2 2 2
left_child=2 -2 4 10 5 -1 7 -6 9 -5 11 -4 -12 -8
right_child=1 -3 3 8 6 -7 13 -9 -10 -11 12 -13 -14 -15
leaf_value=-0.0010720495124239935 -0.0030329438986686557 0.0011504776512317487 0.003887393312856252 -0.00074751537017248297 -0.0035540944493904305 0.0020151397091488351 -0.0062552868248580175 0.0025764078391166249 -9.174623942401791e-05 -0.0059061595025871475 -6.6485154995744901e-05 -0.0011009786975265075 0.0034283911769124242 -0.0020839183965920289
leaf_weight=938 133 1341 199 152 101 217 138 112 326 137 12023 103 129 191
leaf_count=938 133 1341 199 152 101 217 138 112 326 137 12023 103 129 191
internal_value=-9.3456e-05 0.000755111 -0.000178617 -5.01219e-05 -0.0011621 -0.000479713 -0.00258122 -0.000359564 -0.00163221 -0.00330871 2.92511e-05 0.0022053 -2.65967e-05 -0.00396652
internal_weight=16240 1474 14766 13069 1697 1155 542 213 615 289 12454 302 12152 329
internal_count=16240 1474 14766 13069 1697 1155 542 213 615 289 12454 302 12152 329
is_linear=0
shrinkage=0.03


Tree=149
num_leaves=15
num_cat=0
split_feature=1 7 4 0 1 6 8 5 9 9 0 8 9 9
split_gain=1.30119 1.25611 1.22648 1.89918 1.25889 0.856331 1.13726 0.678798 2.89558 1.63082 1.94567 1.52099 1.14271 1.41481
threshold=0.97315315315315332 0.57223113964687011 -0.93495505023796921 -0.028991596638655467 0.96396103896103902 -0.96521476104053228 0.088421444527177942 -0.73969508752117441 -0.59775280898876393 0.77913279132791335 0.015628815628815577 -0.21261798310978638 0.35538545653362491 0.16436803325146424
decision_type=2 2 2 2 2 2 2 2 2 2 2 2 2 2
left_child=2 -2 3 -1 5 6 -4 8 -7 10 12 -12 13 -10
right_child=1 -3 4 -5 -6 7 -8 -9 9 -11 11 -13 -14 -15
leaf_value=-0.0033182331282936815 -8.9239291251138892e-05 -0.0039898219672234161 0.0041290030062029305 0.00078547363514981921 0.0026038651829285004 0.0045194262792334341 -0.00026646700704639607 2.4329130610450241e-05 -0.00022316638502026243 -0.0025406996057575153 -0.00071341033999466463 0.0026320955557608589 0.0013767975122503165 -0.0037445060035050217
leaf_weight=220 162 128 100 176 176 149 100 13484 340 157 159 472 195 138
leaf_count=220 162 128 100 176 176 149 100 13484 340 157 159 472 195 138
internal_value=7.0939e-05 -0.00188648 0.000107883 -0.00151994 0.000150506 0.000120591 0.00202323 9.40573e-05 0.000674286 0.000254082 0.000607346 0.00179111 -0.000512521 -0.00129569
internal_weight=16156 290 15866 396 15470 15294 200 15094 1610 1461 1304 631 673 478
internal_count=16156 290 15866 396 15470 15294 200 15094 1610 1461 1304 631 673 478
is_linear=0
shrinkage=0.03


Tree=150
num_leaves=15
num_cat=0
split_feature=4 1 1 5 5 5 1 7 2 9 9 8 4 1
split_gain=1.29453 1.88567 3.52191 3.47768 3.5193 1.68242 1.51006 2.10488 1.53985 2.41562 1.5084 1.42866 4.03541 1.36208
threshold=0.72524509803921589 0.57223113964687011 0.98876404494382031 0.74050024050024055 0.70209762000806786 0.67188646929287998 0.86949116457313191 0.47885646217986894 0.82070417145044017 0.16436803325146424 0.32230727173318757 0.87577160493827166 -0.28165064102564097 -0.52056338028169002
decision_type=2 2 2 2 2 2 2 2 2 2 2 2 2 2
left_child=6 3 5 4 -2 -3 11 8 9 -8 -9 -1 -13 -5
right_child=1 2 -4 13 -6 -7 7 10 -10 -11 -12 12 -14 -15
leaf_value=3.9345218778978966e-05 0.00075514157395882044 -0.00016514270833426422 -0.0023597209193572705 -2.3712323965103143e-05 0.0066681787879329865 0.0036184779259872558 -0.0034003245509337892 -0.0060261884375997794 0.0023643890027004967 0.0012785072168484729 -0.0013058579703070351 0.0022374827339955716 -0.0029638928979560568 -0.002223069058739458
leaf_weight=12573 474 133 137 579 103 491 205 113 135 177 135 183 439 441
leaf_count=12573 474 133 137 579 103 491 205 113 135 177 135 183 439 441
internal_value=3.7475e-06 0.000652359 0.00187077 6.37349e-05 0.00190629 0.00282215 -0.000106199 -0.00139319 -0.000283022 -0.00125507 -0.00360686 -3.05848e-05 -0.0014224 -0.000986962
internal_weight=16318 2358 761 1597 577 624 13960 765 517 382 248 13195 622 1020
internal_count=16318 2358 761 1597 577 624 13960 765 517 382 248 13195 622 1020
is_linear=0
shrinkage=0.03


Tree=151
num_leaves=15
num_cat=0
split_feature=2 8 6 1 6 3 7 7 4 2 3 3 4 8
split_gain=1.6308 1.40883 1.91449 2.77629 1.57919 1.93001 1.37041 1.33791 2.21682 2.07984 1.73564 2.30609 2.1328 2.07274
threshold=-0.96799795186891957 0.60232558139534897 -0.93495505023796921 -0.91836356904850047 -0.64631422189128795 0.92749178532311072 0.41795166858458005 -0.72264957264957252 0.038218111002921169 -1.0000000180025095e-35 0.6777901371894699 0.41004623791509048 0.58939234281700037 -0.58044603743528456
decision_type=2 2 2 2 2 2 2 2 2 2 2 2 2 2
left_child=-1 7 -3 -4 6 -6 -5 8 9 -2 11 12 13 -10
right_child=1 2 3 4 5 -7 -8 -9 10 -11 -12 -13 -14 -15
leaf_value=-0.0031847349761960071 -0.0014813757090729783 -0.0032134963733245845 0.0044810459232014922 0.00047448156802656964 0.00051264531427245219 0.0035843345305882394 -0.0027081026196232589 -0.00030085029811369781 0.0020656746784251563 0.00099643269926090417 -0.00091991913984599877 0.0054165978749032787 0.0038460979384014058 -0.0021766782005564595
leaf_weight=138 645 109 153 239 2403 190 233 10697 210 561 189 154 194 186
leaf_count=138 645 109 153 239 2403 190 233 10697 210 561 189 154 194 186
internal_value=-4.99197e-05 -2.12019e-05 0.000528008 0.000664302 0.000459823 0.000750626 -0.00112017 -0.000163853 0.000519471 -0.000330048 0.00160942 0.00225563 0.00135404 6.85209e-05
internal_weight=16301 16163 3327 3218 3065 2593 472 12836 2139 1206 933 744 590 396
internal_count=16301 16163 3327 3218 3065 2593 472 12836 2139 1206 933 744 590 396
is_linear=0
shrinkage=0.03


Tree=152
num_leaves=15
num_cat=0
split_feature=9 3 3 3 1 7 1 8 5 9 1 7 7 1
split_gain=1.18215 1.63101 1.17451 1.4864 1.91691 2.79979 2.15372 3.15284 2.16444 1.65269 1.27256 1.19396 1.61475 1.37442
threshold=-0.94904251866277167 0.43951219512195122 0.94904251866277189 0.75411605937921733 0.13867521367521365 -0.35538545653362491 -0.37284167398302598 -0.10741758241758236 0.80746061167747929 -0.26090621707060058 0.87577160493827166 -0.93495505023796921 -0.90733452593917707 0.2022727272727273
decision_type=2 2 2 2 2 2 2 2 2 2 2 2 2 2
left_child=1 -1 3 11 6 -6 8 -8 -5 -7 -11 13 -13 -2
right_child=2 -3 -4 4 5 9 7 -9 -10 10 -12 12 -14 -15
leaf_value=0.0045415678955537594 -0.0031118909636926317 -4.7129801121251337e-05 -0.001520920680722375 0.0022797036415147711 -0.0013507055274071943 0.00033195217185215479 -0.0050709022509970898 0.00096896679955534634 -0.0019278808956364568 0.0049969085629360055 0.0012558231415894271 0.0026465374121575481 -9.6246336399875444e-05 0.00066598986179035682
leaf_weight=111 233 164 464 359 171 160 149 147 148 290 124 186 13443 130
leaf_count=111 233 164 464 359 171 160 149 147 148 290 124 186 13443 130
internal_value=-1.57684e-05 0.0018994 -4.98427e-05 -4.96879e-06 0.000874048 0.00195935 -0.000144576 -0.00213773 0.00103792 0.00295169 0.00393244 -0.000102773 -5.69016e-05 -0.00177735
internal_weight=16279 275 16004 15540 1548 745 803 296 507 574 414 13992 13629 363
internal_count=16279 275 16004 15540 1548 745 803 296 507 574 414 13992 13629 363
is_linear=0
shrinkage=0.03


Tree=153
num_leaves=15
num_cat=0
split_feature=9 8 2 1 6 1 0 8 0 9 6 2 8 9
split_gain=1.32347 2.45457 1.80166 1.30817 1.69241 2.20674 1.68795 1.24738 1.09753 2.58138 3.55643 1.39211 1.84327 2.92817
threshold=-0.83584100606332801 -0.93984622342831292 -0.75411605937921722 0.86949116457313191 0.82070417145044017 0.89237451737451745 0.6777901371894699 -0.72264957264957252 0.93239382974671503 0.85524707525755206 -0.46495250573206681 0.24357284113381675 -0.6557112068965516 -0.71256454388984503
decision_type=2 2 2 2 2 2 2 2 2 2 2 2 2 2
left_child=2 -2 -1 8 5 -5 -7 -4 11 10 -10 12 13 -3
right_child=1 3 7 4 -6 6 -8 -9 9 -11 -12 -13 -14 -15
leaf_value=-0.0015205553547197649 -0.0028174724445591192 -0.002959332858314059 -0.00032315112164661545 -0.0054027990294882085 0.0010318447362699704 -0.0018088187678116845 0.001566718958862377 0.0020943363383634527 -0.0063305372552370977 0.0024637067400669651 -0.00044022456715068472 0.00058257904929557127 -0.00025053523438377169 0.0014933129173767545
leaf_weight=205 268 141 251 111 277 535 168 776 126 124 292 4606 7223 1135
leaf_count=205 268 141 251 111 277 535 168 776 126 124 292 4606 7223 1135
internal_value=5.31378e-05 -2.47405e-05 0.000994273 2.79193e-05 -0.000966875 -0.0016513 -0.000991487 0.00150608 0.000108097 -0.00120247 -0.0023222 0.000163176 -6.45361e-05 0.000982103
internal_weight=16238 15006 1232 14738 1091 814 703 1027 13647 542 418 13105 8499 1276
internal_count=16238 15006 1232 14738 1091 814 703 1027 13647 542 418 13105 8499 1276
is_linear=0
shrinkage=0.03


Tree=154
num_leaves=15
num_cat=0
split_feature=9 9 9 9 1 1 3 3 7 9 7 1 9 4
split_gain=1.64897 1.72273 1.49617 1.02297 1.63634 2.65313 1.86767 1.31049 2.15793 1.27768 3.4955 3.38161 3.12938 2.5985
threshold=0.92749178532311072 -0.96521476104053228 0.97036874451273059 0.84168755221386804 -0.077787381158167621 0.21913109756097562 0.1564382530120482 0.64232409381663125 0.3228287841191067 0.62583333333333346 0.27518115942028981 0.67188646929287998 0.48683298683298687 -0.8088714938030005
decision_type=2 2 2 2 2 2 2 2 2 2 2 2 2 2
left_child=1 -1 -2 9 6 -6 -5 8 -7 12 -11 -12 -3 -14
right_child=2 3 -4 4 5 7 -8 -9 -10 10 11 -13 13 -15
leaf_value=0.0026855756134288953 0.002512804110643732 -5.0120056009083108e-05 -0.0001720524577385917 1.9754434095895183e-05 0.0038738526990969796 0.00039228671074329006 -0.0051793821046638459 0.0010479968818617636 -0.0054473905512432176 0.0017106171022157055 -0.002157200362100993 0.0027155045701670265 0.0020779655227590706 -0.0022323561747487532
leaf_weight=186 412 11738 333 102 102 103 149 118 114 1090 528 159 136 991
leaf_count=186 412 11738 333 102 102 103 149 118 114 1090 528 159 136 991
internal_value=-4.28167e-05 -0.000109369 0.00132634 -0.000145009 -0.00126711 -0.000141237 -0.00314678 -0.00144059 -0.00278039 -9.14545e-05 0.000660339 -0.00100668 -0.000195729 -0.00169851
internal_weight=16261 15516 745 15330 688 437 251 335 217 14642 1777 687 12865 1127
internal_count=16261 15516 745 15330 688 437 251 335 217 14642 1777 687 12865 1127
is_linear=0
shrinkage=0.03


Tree=155
num_leaves=15
num_cat=0
split_feature=1 1 6 2 9 5 0 6 2 7 7 0 4 1
split_gain=1.13456 1.89694 1.35952 1.83115 2.56293 1.14507 1.53575 2.02859 2.80181 1.84667 1.90674 1.52206 1.37472 2.52211
threshold=-0.90143695608176466 -0.91836356904850047 1.0000000180025095e-35 0.021167557932263773 -0.46453722334004022 0.98876404494382031 0.83584100606332823 0.17287356321839079 0.88303693570451447 0.14784456587735276 0.88303693570451447 0.90342013214146921 0.54076207354895889 -0.3797960174842156
decision_type=2 2 2 2 2 2 2 2 2 2 2 2 2 2
left_child=1 2 3 4 -1 6 -2 8 12 11 -11 -9 13 -8
right_child=5 -3 -4 -5 -6 -7 7 9 -10 10 -12 -13 -14 -15
leaf_value=0.0041395467683850301 -2.5943712556956092e-05 0.0043455337327516948 0.0029530244763328194 -0.0034958563978988223 -0.001374923466501059 -0.0021679899459214587 0.0014149349039131454 0.0064600867986567877 0.0041447491437133586 -0.00029900387944954059 0.0042646435895250636 0.00161457440685914 0.00058673938185706525 -0.0041331641750821709
leaf_weight=116 13985 134 136 113 182 199 106 124 108 300 103 119 286 205
leaf_count=116 13985 134 136 113 182 199 106 124 108 300 103 119 286 205
internal_value=9.05778e-05 0.00128004 0.00046454 -0.000409484 0.000836356 3.76462e-05 6.76607e-05 0.00102969 -8.63533e-05 0.0022304 0.000942406 0.00424479 -0.000907451 -0.002257
internal_weight=16216 681 547 411 298 15535 15336 1351 705 646 403 243 597 311
internal_count=16216 681 547 411 298 15535 15336 1351 705 646 403 243 597 311
is_linear=0
shrinkage=0.03


Tree=156
num_leaves=15
num_cat=0
split_feature=9 7 6 3 3 7 9 6 9 9 6 9 4 9
split_gain=1.01584 4.85953 4.22102 2.85239 2.4066 1.87091 4.30012 3.28173 2.29756 2.26718 2.06547 1.9519 1.92258 1.73362
threshold=0.62583333333333346 -0.4752049180327868 -0.89403508771929807 0.11237373737373736 0.54884143571104049 0.25824574121058358 0.47885646217986894 0.47885646217986894 -0.76393188854489147 -0.88388945062352542 -0.74625530963559117 -0.099295774647887289 0.86402157164869031 -0.73105625717566014
decision_type=2 2 2 2 2 2 2 2 2 2 2 2 2 2
left_child=5 3 -3 -2 -5 8 7 13 9 -1 11 -10 -9 -7
right_child=1 2 -4 4 -6 6 -8 12 10 -11 -12 -13 -14 -15
leaf_value=-0.00013860463083197828 0.0054421698684728676 -0.005741396060565839 0.00023258318624447768 -0.0021486534715950256 0.0033815167481079699 0.0027193666890749464 -0.0023474308925427278 -0.0011086137709403973 0.0024904291834298223 -0.0029035404422130683 -0.00034541376508260646 -0.00040965238195952975 0.0026958733497817505 0.00087444698703207063
leaf_weight=490 243 101 2585 118 150 565 451 999 469 579 6631 366 126 2364
leaf_count=490 243 101 2585 118 150 565 451 999 469 579 6631 366 126 2364
internal_value=2.33953e-05 0.000501759 -1.25154e-05 0.00315333 0.000956889 -9.41793e-05 0.000399879 0.000710537 -0.000355119 -0.0016492 -0.000167871 0.00122945 -0.000662513 0.00123837
internal_weight=16237 3197 2686 511 268 13040 4505 4054 8535 1069 7466 835 1125 2929
internal_count=16237 3197 2686 511 268 13040 4505 4054 8535 1069 7466 835 1125 2929
is_linear=0
shrinkage=0.03


Tree=157
num_leaves=15
num_cat=0
split_feature=7 9 0 7 9 4 1 9 0 1 7 4 9 2
split_gain=0.891793 2.36806 2.54513 2.08538 2.07712 1.81678 1.64243 1.57643 1.47901 1.54764 2.0261 2.93133 1.94194 1.6706
threshold=-0.72264957264957252 0.29478609625668456 -0.084541556054727393 -0.8088714938030005 -0.82637681159420284 0.055050505050505023 0.13867521367521365 -0.22984244670991652 -0.32230727173318752 0.6777901371894699 -0.059532246633593182 0.52586975914362188 0.89237451737451745 0.048199767711962889
decision_type=2 2 2 2 2 2 2 2 2 2 2 2 2 2
left_child=1 2 4 7 -1 -6 -7 -4 -2 13 11 -11 -12 -10
right_child=8 -3 3 -5 5 6 -8 -9 9 10 12 -13 -14 -15
leaf_value=-0.0020580090411999536 -0.00057015289309769691 0.0021918460202448864 -0.00063452566340856716 0.00090484110476566097 0.00021398497396919703 0.0010647197122660252 0.0051193866812886454 -0.0043839535401461981 0.00029745224028330169 0.00064041681695607504 0.0021817080680164138 -0.004647530547283109 -0.0013660001492756138 -0.00057183130425058986
leaf_weight=169 4557 558 182 201 443 192 171 228 4529 387 928 114 156 3533
leaf_count=169 4557 558 182 201 443 192 171 228 4529 387 928 114 156 3533
internal_value=-3.91979e-05 0.000529672 -6.5197e-05 -0.0015689 0.000883486 0.00151791 0.00306081 -0.00277431 -0.000125377 8.50963e-05 0.000938958 -0.000630232 0.00166333 -8.37293e-05
internal_weight=16348 2144 1586 611 975 806 363 410 14204 9647 1585 501 1084 8062
internal_count=16348 2144 1586 611 975 806 363 410 14204 9647 1585 501 1084 8062
is_linear=0
shrinkage=0.03


Tree=158
num_leaves=15
num_cat=0
split_feature=9 6 6 9 5 9 7 6 8 3 3 5 9 3
split_gain=1.32948 1.6539 2.82453 2.4946 2.60529 2.55956 2.96391 2.40971 2.5132 2.31166 1.76044 3.60274 1.8349 2.07414
threshold=-0.94904251866277167 -0.49055258467023172 -0.41101055806938153 0.77913279132791335 0.73152530032763019 0.60232558139534897 0.21913109756097562 -0.73969508752117441 -0.90733452593917707 -0.17573529411764707 0.83584100606332823 0.77096018735363003 -0.49712643678160912 0.4709263015551049
decision_type=2 2 2 2 2 2 2 2 2 2 2 2 2 2
left_child=-1 3 9 5 -5 7 -7 8 -2 -3 12 -12 -10 -14
right_child=1 2 -4 4 -6 6 -8 -9 10 -11 11 -13 13 -15
leaf_value=0.002092607241653075 -0.0040313243107604133 -0.00042314294092357158 5.3027966524083721e-05 -0.0012120914271460624 -0.0065852508928369857 0.0044989515585010529 -0.0016811977095297864 -0.0013422031680606795 0.0026054240528100253 0.0033717216814489527 0.0015116311819292603 -0.0057113218956903831 -0.00082848887349277751 0.0024575345416330188
leaf_weight=265 102 215 11499 292 106 189 101 1624 444 418 134 101 541 242
leaf_count=265 102 215 11499 292 106 189 101 1624 444 418 134 101 541 242
internal_value=2.43878e-05 -1.1135e-05 0.000161274 -0.000549807 -0.00276946 -0.000288592 0.00236226 -0.000536362 0.000303605 0.00209625 0.000631374 -0.00169911 0.00108784 0.000205298
internal_weight=16273 16008 12132 3876 398 3478 290 3188 1564 633 1462 235 1227 783
internal_count=16273 16008 12132 3876 398 3478 290 3188 1564 633 1462 235 1227 783
is_linear=0
shrinkage=0.03


Tree=159
num_leaves=15
num_cat=0
split_feature=2 1 5 8 8 0 7 7 8 8 9 2 1 0
split_gain=0.923075 0.869127 2.9996 1.6931 1.55147 1.50498 1.95958 2.20054 2.37246 1.51268 1.50162 1.44152 2.03323 1.85288
threshold=0.98876404494382031 0.31467710371819962 0.58939234281700037 -0.8171368861024032 -0.90143695608176466 -0.90143695608176466 -0.032795698924731158 0.58102025506376598 -0.18953130345535404 0.35434243176178665 -0.5070478459400436 -0.93984622342831292 -0.94904251866277167 -0.94904251866277167
decision_type=2 2 2 2 2 2 2 2 2 2 2 2 2 2
left_child=1 4 3 -3 10 -4 -7 8 -8 -9 -1 -6 -13 -14
right_child=-2 2 5 -5 11 6 7 9 -10 -11 -12 12 13 -15
leaf_value=-0.0032720978963559706 -0.0017864943853094324 0.0018258465954264543 0.0039008108828164326 -0.00082488394093357194 -0.0017781517577603314 -0.0011449400395708382 0.0068558809789828956 -0.0023863856753226944 0.0014936722817913445 0.0013697460572890524 -2.6170161601265205e-05 0.0033754745138448259 -0.0036057821797156656 0.00029354647981810105
leaf_weight=216 253 220 132 4002 297 372 101 146 249 243 297 181 101 9478
leaf_count=216 253 220 132 4002 297 372 101 146 249 243 297 181 101 9478
internal_value=-2.35878e-05 5.32339e-06 -0.000301517 -0.000682772 0.000164104 0.000988573 0.000610853 0.00149818 0.00318851 -6.44873e-05 -0.00142931 0.000246722 0.000310097 0.000248715
internal_weight=16288 16035 5465 4222 10570 1243 1111 739 350 389 513 10057 9760 9579
internal_count=16288 16035 5465 4222 10570 1243 1111 739 350 389 513 10057 9760 9579
is_linear=0
shrinkage=0.03


Tree=160
num_leaves=15
num_cat=0
split_feature=8 7 2 7 4 8 1 9 7 7 3 2 2 8
split_gain=1.37346 1.91925 1.95305 1.53341 1.85375 1.61634 1.35917 2.92193 1.85679 1.64115 1.8095 2.16863 2.17342 1.29905
threshold=0.28330047873838354 0.62583333333333346 0.96693989071038255 0.73152530032763019 0.96396103896103902 0.97315315315315332 -0.34351679104477606 -0.77388922702373697 -0.48255578093306278 -0.27165775401069514 -0.57052441229656403 -0.8088714938030005 -0.35100035100035093 0.53456514813634926
decision_type=2 2 2 2 2 2 2 2 2 2 2 2 2 2
left_child=-1 2 6 -3 5 -5 7 -2 -8 13 -11 -12 -13 -9
right_child=1 3 -4 4 -6 -7 8 9 -10 10 11 12 -14 -15
leaf_value=-0.000254645835653801 -0.0028449259046465156 -0.0020638545639603662 0.0042565173972291407 1.5401585191017806e-05 0.0036781265583288453 -0.0038057041574722605 0.0021554939108318649 0.0016866666253985869 -0.00015258652127201188 0.0045602730980341425 -0.0017600156739983406 0.004775372165989813 0.0010279785522163427 -0.0021310488541930682
leaf_weight=10265 131 435 121 972 102 101 350 151 2431 234 138 203 425 150
leaf_count=10265 131 435 121 972 102 101 350 151 2431 234 138 203 425 150
internal_value=-4.45861e-05 0.000317995 0.000646206 -0.000564058 3.91677e-06 -0.000376093 0.000532682 0.00128017 0.000144577 0.00171406 0.00229361 0.00155134 0.00229518 -0.000223198
internal_weight=16209 5944 4334 1610 1175 1073 4213 1432 2781 1301 1000 766 628 301
internal_count=16209 5944 4334 1610 1175 1073 4213 1432 2781 1301 1000 766 628 301
is_linear=0
shrinkage=0.03


Tree=161
num_leaves=15
num_cat=0
split_feature=4 3 8 2 8 4 2 4 9 7 9 8 5 3
split_gain=1.62013 2.6146 3.342 1.96611 1.49767 1.82018 1.15975 1.42791 1.65629 2.53949 2.00377 2.14377 2.03967 1.63316
threshold=0.92749178532311072 0.70991117344553545 0.56574122577265595 -0.5070478459400436 0.94904251866277189 0.097167584579071611 -0.63911657559198531 0.82070417145044017 0.18795289855072464 0.25317269076305232 -0.37284167398302598 -0.45129664769133454 0.4709263015551049 -0.79887640449438191
decision_type=2 2 2 2 2 2 2 2 2 2 2 2 2 2
left_child=4 3 -3 -2 6 -6 7 8 9 10 12 -12 13 -1
right_child=1 2 -4 -5 5 -7 -8 -9 -10 -11 11 -13 -14 -15
leaf_value=-0.00020895948129195444 0.00047272161741195056 -0.0033234974502673298 0.0025822158085012977 0.0047313829700974747 0.0014533362402580677 -0.0029495508702836416 0.00020323253723150518 0.0021333251577191825 -0.0018013585907323076 0.0015756611057983364 0.0036107868762587066 -0.0007325080775208478 0.00072974162323302346 -0.0043096450296283336
leaf_weight=122 164 171 155 240 110 294 12545 164 788 521 130 371 161 308
leaf_count=122 164 171 155 240 110 294 12545 164 788 521 130 371 161 308
internal_value=0.000101051 0.00147245 -0.000522284 0.0030558 3.5614e-05 -0.0017446 8.43344e-05 -0.000495708 -0.000683388 -0.000129491 -0.000949945 0.000443101 -0.00211858 -0.00317739
internal_weight=16244 730 326 404 15514 404 15110 2565 2401 1613 1092 501 591 430
internal_count=16244 730 326 404 15514 404 15110 2565 2401 1613 1092 501 591 430
is_linear=0
shrinkage=0.03


Tree=162
num_leaves=15
num_cat=0
split_feature=4 6 1 4 5 8 3 3 1 3 3 4 6 8
split_gain=1.34705 1.30978 1.0957 3.21511 3.43962 1.89507 2.49163 2.66502 1.85789 2.6166 2.31733 1.79528 1.96726 1.86547
threshold=-0.93495505023796921 0.3371212121212121 0.24357284113381675 0.82807881773399028 0.96850198412698418 -0.67242921013412815 0.70991117344553545 -0.29679679679679671 0.13867521367521365 0.54076207354895889 0.70209762000806786 0.90342013214146921 -0.014709063378758378 -0.72264957264957252
decision_type=2 2 2 2 2 2 2 2 2 2 2 2 2 2
left_child=1 -1 8 5 -5 6 7 -4 10 -10 11 13 -13 -2
right_child=2 -3 3 4 -6 -7 -8 -9 9 -11 -12 12 -14 -15
leaf_value=-0.0028226724832593813 -0.00093500185997342881 0.00068760066367685795 0.0024255606128720038 0.0027156859724613075 -0.0030591224681635475 -0.00067995000427510872 0.0047210935490447602 -0.0016383206488635713 0.00075660443227393314 0.0049256071301629345 -0.0010133994691547553 0.00074531037660112767 0.0058240498008037154 0.00045030064350011755
leaf_weight=271 1006 140 247 540 103 4809 121 324 649 163 1300 192 100 6306
leaf_count=271 1006 140 247 540 103 4809 121 324 649 163 1300 192 100 6306
internal_value=3.58936e-05 -0.00163903 8.03034e-05 -0.000233035 0.00175796 -0.000468526 0.000989506 0.000131102 0.000278482 0.00164323 0.00015232 0.000352684 0.00261986 0.000258691
internal_weight=16271 411 15860 6144 643 5501 692 571 9716 812 8904 7604 292 7312
internal_count=16271 411 15860 6144 643 5501 692 571 9716 812 8904 7604 292 7312
is_linear=0
shrinkage=0.03


Tree=163
num_leaves=15
num_cat=0
split_feature=1 3 4 9 3 5 3 4 0 0 9 0 9 1
split_gain=1.34138 2.29233 1.39231 1.41198 1.36809 1.34916 1.16548 2.31636 2.11553 1.61285 1.12747 1.99442 2.33599 2.90429
threshold=0.97315315315315332 0.79361054766734296 -0.78247535596933171 0.32449982449982456 -0.63019943019943014 -0.8088714938030005 -0.83584100606332801 0.41004623791509048 -0.89403508771929807 -0.73969508752117441 0.48683298683298687 -0.71256454388984503 0.62583333333333346 0.54076207354895889
decision_type=2 2 2 2 2 2 2 2 2 2 2 2 2 2
left_child=2 -2 3 -1 -5 -6 7 9 -9 -4 -8 -12 13 -13
right_child=1 -3 6 4 5 -7 10 8 -10 -11 11 12 -14 -15
leaf_value=-0.0015452477248050062 -0.0038366113983861658 0.0015865615802732381 -0.0046137047281983902 -0.0026404893655734532 0.0018031804892755766 -0.0013813107129630395 0.0003574913662891483 0.004108218598788179 -0.00040911670549238999 -0.001104863620797026 -0.0032090909867853339 -0.00046859084065965046 0.00035860301358063475 -0.0045767214220712258
leaf_weight=963 194 100 148 112 392 162 9496 117 346 506 186 655 2547 194
leaf_count=963 194 100 148 112 392 162 9496 117 346 506 186 655 2547 194
internal_value=-2.65675e-05 -0.00200048 1.13468e-05 -0.000816579 0.00024431 0.000863995 0.000106866 -0.000818968 0.000795134 -0.00195644 0.000186508 -0.000266508 -9.63935e-05 -0.00144967
internal_weight=16118 294 15824 1629 666 554 14195 1117 463 654 13078 3582 3396 849
internal_count=16118 294 15824 1629 666 554 14195 1117 463 654 13078 3582 3396 849
is_linear=0
shrinkage=0.03


Tree=164
num_leaves=15
num_cat=0
split_feature=0 5 5 1 7 1 3 5 6 4 4 3 5 0
split_gain=1.07677 2.43046 1.92099 1.62266 1.27282 1.4645 0.947149 1.68112 1.1448 1.41826 1.04114 2.71573 3.03495 2.8715
threshold=-0.93984622342831292 0.98876404494382031 0.61152570480928703 -0.014709063378758378 0.98876404494382031 0.26713615023474185 -0.93984622342831292 0.021167557932263773 0.97036874451273059 0.42444997924449984 0.57223113964687011 -0.49055258467023172 0.43263412666397744 0.85524707525755206
decision_type=2 2 2 2 2 2 2 2 2 2 2 2 2 2
left_child=2 4 -1 -3 6 -6 7 -2 10 -10 -8 -12 -13 -14
right_child=1 3 -4 -5 5 -7 8 -9 9 -11 11 12 13 -15
leaf_value=-0.00098386573513994935 0.0010325736997977926 -0.00027833435752175074 0.0034938041382133523 -0.0055121072061741962 -7.3330294966262615e-05 0.0044859790688912783 -4.8858098568507057e-06 -0.0033566600007263461 -0.0037946206717659405 0.00043306983194090946 0.0026490389122186425 0.0030291976423977279 -0.00077237619991713717 0.0018342812594648154
leaf_weight=138 127 100 205 107 127 116 12036 181 141 132 486 292 1667 482
leaf_count=138 127 100 205 107 127 116 12036 181 141 132 486 292 1667 482
internal_value=7.65361e-05 4.03387e-05 0.00171546 -0.00311306 8.36307e-05 0.00219442 4.92431e-05 -0.00157126 8.3011e-05 -0.00180739 0.000118686 0.000625105 0.000212978 -0.00018194
internal_weight=16337 15994 343 207 15787 243 15544 308 15236 273 14963 2927 2441 2149
internal_count=16337 15994 343 207 15787 243 15544 308 15236 273 14963 2927 2441 2149
is_linear=0
shrinkage=0.03


Tree=165
num_leaves=15
num_cat=0
split_feature=9 1 0 8 8 4 4 6 2 6 6 9 2 1
split_gain=1.12842 0.970657 3.18237 1.67231 2.41747 1.87118 3.20142 1.7443 1.61988 1.62008 2.45289 2.07805 2.12875 2.08562
threshold=-0.96521476104053228 0.31467710371819962 -0.91836356904850047 0.30816714150047492 -0.11378020713463753 0.58102025506376598 0.68651074887786456 0.11237373737373736 -0.15438786565547127 0.40279123861213423 0.72524509803921589 0.041960093896713631 0.43263412666397744 0.70209762000806786
decision_type=2 2 2 2 2 2 2 2 2 2 2 2 2 2
left_child=-1 -2 -3 4 5 -4 -7 -8 -5 11 -11 12 -10 -14
right_child=1 2 3 8 -6 6 7 -9 9 10 -12 -13 13 -15
leaf_value=0.0021788552045766607 0.00017703947231999224 0.0032958391771151 -0.00072305345214967033 -0.0012754778165870834 -0.0019848013942758273 0.0057904021444770953 -0.0021313494862988591 0.002321523587946614 0.0028204575640981208 -0.0022288061632117556 0.0011503003834304568 0.0025051312584742497 0.0014041484715250718 -0.0039465508236634457
leaf_weight=208 10441 202 1616 523 1152 105 163 136 121 351 407 597 102 155
leaf_count=208 10441 202 1616 523 1152 105 163 136 121 351 407 597 102 155
internal_value=3.496e-05 5.87485e-06 -0.000311306 -0.000451358 -0.000894377 -0.000265798 0.00153651 -9.63787e-05 0.000172738 0.000614604 -0.000423078 0.00141744 -0.000320712 -0.00184987
internal_weight=16279 16071 5630 5428 3172 2020 404 299 2256 1733 758 975 378 257
internal_count=16279 16071 5630 5428 3172 2020 404 299 2256 1733 758 975 378 257
is_linear=0
shrinkage=0.03


Tree=166
num_leaves=15
num_cat=0
split_feature=9 3 7 8 9 8 7 5 4 9 7 5 8 8
split_gain=1.14866 1.13676 1.58382 1.65846 1.99114 1.56589 1.31781 1.33556 1.41966 1.10238 1.04457 2.38868 1.82999 2.24058
threshold=-0.96521476104053228 -0.8088714938030005 0.72524509803921589 0.3371212121212121 -0.059532246633593182 -0.88433667781493852 0.24357284113381675 0.47885646217986894 0.12922201138519931 -0.57052441229656403 -0.76393188854489147 0.25824574121058358 0.079682539682539702 -0.57052441229656403
decision_type=2 2 2 2 2 2 2 2 2 2 2 2 2 2
left_child=-1 2 3 5 9 -2 7 8 -7 -5 11 12 13 -3
right_child=1 10 -4 4 -6 6 -8 -9 -10 -11 -12 -13 -14 -15
leaf_value=0.0020698567421121488 0.001471963085169936 0.0010010814699290707 0.0020563618298557055 0.00011898996236480094 -0.0021834463154131374 -0.0017578679998815809 -0.0044499074524132782 -0.0040598126848138145 0.0017749104264909198 0.0044739990938152813 -0.00010251601491347824 0.0023869285382000761 0.003482825982546353 -0.00187116072470013
leaf_weight=214 106 454 138 100 132 387 189 145 129 101 13049 507 105 508
leaf_count=214 106 454 138 100 132 387 189 145 129 101 13049 507 105 508
internal_value=-6.36919e-05 -9.34103e-05 -0.000898553 -0.0012283 0.00058208 -0.0018584 -0.002286 -0.00161018 -0.000857721 0.00241565 -1.42793e-05 0.000713262 -9.67822e-05 -0.0005193
internal_weight=16264 16050 1427 1289 333 956 850 661 516 201 14623 1574 1067 962
internal_count=16264 16050 1427 1289 333 956 850 661 516 201 14623 1574 1067 962
is_linear=0
shrinkage=0.03


Tree=167
num_leaves=15
num_cat=0
split_feature=0 6 2 6 4 4 4 3 6 4 3 7 2 7
split_gain=1.27422 1.0904 3.05376 2.78571 2.41424 1.76385 2.1302 1.68089 1.82408 1.9286 2.0755 1.79338 2.68716 1.77214
threshold=-0.96799795186891957 -0.49712643678160912 -0.75411605937921722 -0.41101055806938153 0.58939234281700037 -0.24025316455696197 -0.20530382859149984 0.97315315315315332 -0.73969508752117441 0.70991117344553545 0.079682539682539702 0.43951219512195122 0.54076207354895889 -0.35100035100035093
decision_type=2 2 2 2 2 2 2 2 2 2 2 2 2 2
left_child=-1 2 -2 4 -3 -5 -7 8 9 11 -11 -4 -13 -10
right_child=1 3 7 5 -6 6 -8 -9 13 10 -12 12 -14 -15
leaf_value=0.0027232946784180754 -0.0027423502567829766 0.0010596161841511917 0.001924487408416081 -0.0004307853523010915 0.0055323623318605832 0.003182842794010432 0.00021855184318521052 -0.0036584967463238146 0.0006613864020778514 -0.0043350732043262357 0.0002287616309028504 -0.0034943913320273023 0.0026724722598129038 -0.0013763164623458279
leaf_weight=143 456 561 929 4889 127 216 6397 109 565 111 343 142 100 1158
leaf_count=143 456 561 929 4889 127 216 6397 109 565 111 343 142 100 1158
internal_value=-1.57507e-06 -2.74479e-05 -0.000462506 0.000112471 0.00195269 7.96273e-07 0.000320034 -0.000154737 -3.01112e-05 0.000688763 -0.000956446 0.00132931 -0.000941173 -0.00070816
internal_weight=16246 16103 3913 12190 688 11502 6613 3457 3348 1625 454 1171 242 1723
internal_count=16246 16103 3913 12190 688 11502 6613 3457 3348 1625 454 1171 242 1723
is_linear=0
shrinkage=0.03


Tree=168
num_leaves=15
num_cat=0
split_feature=1 3 0 7 8 3 7 9 9 7 2 9 1 1
split_gain=1.36242 1.58814 1.65067 1.05838 1.02645 1.35265 1.88843 1.96368 1.63022 2.75922 1.55296 1.23743 1.19554 1.12435
threshold=-0.90143695608176466 0.76293487957181094 0.3371212121212121 0.14784456587735276 0.97315315315315332 0.87577160493827166 -0.35100035100035093 -0.51316701316701308 0.62583333333333346 0.77096018735363003 0.38548951048951058 0.097167584579071611 0.97315315315315332 0.048199767711962889
decision_type=2 2 2 2 2 2 2 2 2 2 2 2 2 2
left_child=1 2 3 -1 5 12 10 -8 9 11 -7 -9 -2 -10
right_child=4 -3 -4 -5 -6 6 7 8 13 -11 -12 -13 -14 -15
leaf_value=0.0013538488549099345 -2.1010158380906569e-05 -0.0018020848679493684 -0.00076570090381245979 0.0043909212338262915 -0.0019443514860626081 0.0012609182303827055 0.0042158194377281983 -0.0010158766898634244 -4.4975954712041325e-05 -0.0045071330108383502 -0.0035896861870285302 0.0034192489277397801 -0.002312134592592394 0.0038976280695687121
leaf_weight=220 14129 112 143 209 233 105 205 102 101 100 116 108 198 172
leaf_count=220 14129 112 143 209 233 105 205 102 101 100 116 108 198 172
internal_value=4.8141e-05 0.00134869 0.00198599 0.00289977 -9.82561e-06 2.08135e-05 0.00107693 0.00176026 0.000840277 -0.000644036 -0.00133028 0.00131679 -5.42643e-05 0.00248896
internal_weight=16253 684 572 429 15569 15336 1009 788 583 310 221 210 14327 273
internal_count=16253 684 572 429 15569 15336 1009 788 583 310 221 210 14327 273
is_linear=0
shrinkage=0.03


Tree=169
num_leaves=15
num_cat=0
split_feature=7 6 3 0 9 2 2 6 2 2 2 1 1 3
split_gain=0.971591 1.10639 0.87565 1.32671 1.3872 1.11607 1.46872 1.41455 0.807094 0.905663 2.67867 2.60117 1.94703 2.83672
threshold=-0.96521476104053228 -0.06580086580086579 -0.88433667781493852 -0.8088714938030005 -0.34351679104477606 -0.86159003831417613 -0.42514367816091952 0.43951219512195122 -0.96799795186891957 -0.27165775401069514 0.24357284113381675 0.89237451737451745 0.96850198412698418 0.61152570480928703
decision_type=2 2 2 2 2 2 2 2 2 2 2 2 2 2
left_child=1 -1 3 4 -2 -5 -7 -8 -4 -10 11 -11 -12 -14
right_child=2 -3 8 5 -6 6 7 -9 9 10 12 -13 13 -15
leaf_value=-0.0038593428779575153 -0.0011177459599243269 0.0003361826097326619 -0.0023585653901100159 0.00055453711158077188 0.0034369993462142617 -0.0044811065569755303 0.0013605157362816984 -0.0032171513507913414 0.00043685942908663276 -0.00079861331675007202 0.00046579588346790899 0.0032050219068160482 -0.0050133720235915032 0.00077989446033337488
leaf_weight=113 125 102 110 139 100 178 119 106 5108 3901 5799 142 136 154
leaf_count=113 125 102 110 139 100 178 119 106 5108 3901 5799 142 136 154
internal_value=1.53584e-05 -0.00194243 4.26634e-05 -0.000939937 0.000966699 -0.00173461 -0.00251848 -0.000841204 9.23414e-05 0.000111567 -5.26972e-05 -0.000650435 0.000344607 -0.0020135
internal_weight=16332 215 16117 767 225 542 403 225 15350 15240 10132 4043 6089 290
internal_count=16332 215 16117 767 225 542 403 225 15350 15240 10132 4043 6089 290
is_linear=0
shrinkage=0.03


Tree=170
num_leaves=15
num_cat=0
split_feature=0 6 9 6 4 8 6 9 9 9 5 0 6 0
split_gain=1.79441 1.15296 3.07267 2.84329 2.53679 2.11057 1.95107 2.25529 2.16764 2.77948 1.7852 1.69536 1.67498 1.39142
threshold=-0.96799795186891957 -0.49055258467023172 0.80123456790123471 -0.41101055806938153 0.37771377935312361 -0.90143695608176466 -0.73969508752117441 0.61781229345670863 -0.87420886075949356 -0.64140834290088011 0.56574122577265595 0.77913279132791335 -0.44224170796797557 0.1895313034553541
decision_type=2 2 2 2 2 2 2 2 2 2 2 2 2 2
left_child=-1 2 5 4 12 -2 -7 8 -8 -10 -4 -11 13 -3
right_child=1 3 10 -5 -6 6 7 -9 9 11 -12 -13 -14 -15
leaf_value=0.0032481676562089623 -0.0032129668777106679 0.00092959423014371285 -0.0012621326718805571 -5.5862903900826463e-05 0.0048620753270122649 0.00065021755539759339 0.002709330362677574 0.002525641821763095 -0.0044970596416853362 -0.00050944153512783356 -0.0055871933879839426 -0.0040645513736720512 0.0028146564938826483 -0.0033828123712113922
leaf_weight=136 197 161 207 11498 184 1648 115 160 215 1188 147 125 190 102
leaf_count=136 197 161 207 11498 184 1648 115 160 215 1188 147 125 190 102
internal_value=-6.28454e-05 -9.27445e-05 -0.000533633 5.29756e-05 0.00198804 -0.000270602 -9.38393e-05 -0.000773766 -0.00110841 -0.00141148 -0.00316229 -0.000876058 0.000740857 -0.000805547
internal_weight=16273 16137 4002 12135 637 3648 3451 1803 1643 1528 354 1313 453 263
internal_count=16273 16137 4002 12135 637 3648 3451 1803 1643 1528 354 1313 453 263
is_linear=0
shrinkage=0.03


Tree=171
num_leaves=15
num_cat=0
split_feature=3 2 9 2 2 9 5 8 9 2 7 7 0 9
split_gain=1.29861 2.24246 2.05821 1.46679 1.83034 1.74123 1.71739 1.42899 1.34537 1.30585 1.22716 1.85418 1.70797 2.22028
threshold=-0.41897974493623397 0.76293487957181094 0.89237451737451745 -0.86159003831417613 -0.040547945205479489 -0.31467710371819957 0.16436803325146424 -0.14729990356798459 0.14784456587735276 0.015628815628815577 -0.48255578093306278 -0.85129906025428403 0.12158167036215818 -0.41101055806938153
decision_type=2 2 2 2 2 2 2 2 2 2 2 2 2 2
left_child=1 2 3 5 -5 7 9 -1 -7 -6 11 -2 13 -12
right_child=10 -3 -4 4 6 8 -8 -9 -10 -11 12 -13 -14 -15
leaf_value=-0.0032885160692967472 -0.00056503732318779511 -0.0033603156218514046 0.0036691437491039132 -0.0010804853446493307 0.0026060057666830042 0.0046647168230890433 0.001788903724956113 0.0010249994412719549 0.00051912887509437207 -0.00088335046780994159 0.00051263601118989755 0.0011829781405783327 0.00038015987731415522 -0.00094879356957742274
leaf_weight=102 738 213 106 2437 100 139 449 172 139 790 1414 2037 4822 2726
leaf_count=102 738 213 106 2437 100 139 449 172 139 790 1414 2037 4822 2726
internal_value=-3.67563e-07 -0.000424299 -0.000276015 -0.000380874 -0.000592409 0.00105094 0.000297322 -0.000640014 0.00268192 -0.000466689 0.000167697 0.000717741 -3.22927e-06 -0.000449616
internal_weight=16384 4647 4434 4328 3776 552 1339 274 278 890 11737 2775 8962 4140
internal_count=16384 4647 4434 4328 3776 552 1339 274 278 890 11737 2775 8962 4140
is_linear=0
shrinkage=0.03


Tree=172
num_leaves=15
num_cat=0
split_feature=9 6 1 9 1 1 2 6 6 6 5 0 4 6
split_gain=1.63152 3.55714 2.95771 2.51665 2.55712 2.39496 1.51783 1.48823 1.20122 1.66889 1.98624 1.53471 1.56325 1.34195
threshold=0.61781229345670863 -0.7900856793145653 -0.82554347826086938 0.54076207354895889 0.58939234281700037 -0.53752345215759834 -1.0000000180025095e-35 -0.96521476104053228 -0.18245838668373873 0.49274752995585464 -0.74625530963559117 0.79361054766734296 -0.57052441229656403 0.77096018735363003
decision_type=2 2 2 2 2 2 2 2 2 2 2 2 2 2
left_child=3 6 -3 7 5 -5 -2 -1 -4 11 -11 12 -10 -12
right_child=1 2 8 4 -6 -7 -8 -9 9 10 13 -13 -14 -15
leaf_value=0.0026611055033012795 -0.0053957775401303892 0.0052115192679364391 0.0016785596008561791 -0.0048651513520225472 -0.0056148384163894017 0.0001012610018133577 -0.00072417247042284112 -7.1744842544725472e-05 0.0022716114583511268 -0.0023954427471527687 0.0029809791279419738 -0.0025469428796549231 -0.00057732108615213783 0.00049341414599110935
leaf_weight=172 101 128 809 101 126 409 152 12276 220 107 408 235 694 375
leaf_count=172 101 128 809 101 126 409 152 12276 220 107 408 235 694 375
internal_value=2.24902e-05 0.000625337 0.000918189 -0.00012665 -0.00195236 -0.00095693 -0.00272337 -3.1878e-05 0.000707671 0.000316146 0.00128416 -0.000438278 0.000125581 0.00181086
internal_weight=16313 3229 2976 13084 636 510 253 12448 2848 2039 890 1149 914 783
internal_count=16313 3229 2976 13084 636 510 253 12448 2848 2039 890 1149 914 783
is_linear=0
shrinkage=0.03


Tree=173
num_leaves=15
num_cat=0
split_feature=9 8 6 1 9 6 2 5 8 9 1 8 5 0
split_gain=1.2501 1.30897 1.30416 1.61057 0.87209 3.15703 4.43567 2.33619 2.28732 1.90584 2.39205 1.91585 2.03721 2.90768
threshold=-0.94904251866277167 -0.099295774647887289 -0.94904251866277167 -0.66479400749063666 -0.64140834290088011 0.80746061167747929 -0.75411605937921722 -0.10741758241758236 -0.82554347826086938 -0.59775280898876393 -0.21992558908639928 -0.84344362745098034 0.80746061167747929 -0.15438786565547127
decision_type=2 2 2 2 2 2 2 2 2 2 2 2 2 2
left_child=1 -1 3 -2 5 6 7 -4 -8 10 -6 12 13 -11
right_child=2 -3 4 -5 9 -7 8 -9 -10 11 -12 -13 -14 -15
leaf_value=0.0039381187369362091 -0.0045005053781904279 -0.00017186499680118525 0.00061802956300812794 0.00023427213795233475 0.0053239189902027457 -0.0031535784825378371 -0.002230863607789524 -0.004768168840705413 0.00097538646052235339 0.00058696131342987319 0.00030339211246580293 4.1143051037770563e-05 -0.0022194723690097981 0.0047084864774530437
leaf_weight=144 115 126 101 132 135 320 219 229 1606 393 211 12209 100 247
leaf_count=144 115 126 101 132 135 320 219 229 1606 393 211 12209 100 247
internal_value=9.52147e-05 0.00208249 6.04366e-05 -0.00205952 9.49248e-05 -0.000421052 -2.60246e-06 -0.00314997 0.000580576 0.000191224 0.00235679 0.000131585 0.00160331 0.00222558
internal_weight=16287 270 16017 247 15770 2475 2155 330 1825 13295 346 12949 740 640
internal_count=16287 270 16017 247 15770 2475 2155 330 1825 13295 346 12949 740 640
is_linear=0
shrinkage=0.03


Tree=174
num_leaves=15
num_cat=0
split_feature=9 8 5 0 0 9 6 6 3 9 3 0 4 3
split_gain=1.40739 2.49525 2.93454 1.66885 2.0566 1.57453 2.3797 2.17534 1.72534 1.41741 1.84807 1.61864 1.49991 3.15624
threshold=-0.29935064935064931 -0.8171368861024032 0.80746061167747929 0.26713615023474185 0.29847345636819328 -0.11378020713463753 -0.7900856793145653 0.93700396825396837 -0.70473174366616986 -0.52056338028169002 -0.88433667781493852 0.76293487957181094 0.12158167036215818 0.44676113360323894
decision_type=2 2 2 2 2 2 2 2 2 2 2 2 2 2
left_child=9 2 -2 5 -5 6 -3 -7 -8 10 -1 -11 13 -12
right_child=1 3 -4 4 -6 7 8 -9 -10 11 12 -13 -14 -15
leaf_value=-0.0021764461398797942 0.0027556463353823873 0.0049402556433218768 -0.0025488513931879297 0.0035528293126214716 0.00039380192218381785 -0.00058490117831266843 0.0032788752173358686 0.0034454567437886348 -0.00027699508490998333 -0.0007811031129858634 5.2837603730994419e-05 -0.0040131107110276138 0.00073153897512220185 -0.0036631299791006762
leaf_weight=322 594 103 103 184 4361 4479 137 114 739 1599 1339 144 1900 233
leaf_count=322 594 103 103 184 4361 4479 137 114 739 1599 1339 144 1900 233
internal_value=2.45902e-05 0.000223701 0.0019468 0.000103184 0.000529211 -0.000244645 0.000842037 -0.000477598 0.000309848 -0.000363984 -3.79083e-05 -0.00106949 0.000166105 -0.000517612
internal_weight=16351 10814 697 10117 4545 5572 979 4593 876 5537 3794 1743 3472 1572
internal_count=16351 10814 697 10117 4545 5572 979 4593 876 5537 3794 1743 3472 1572
is_linear=0
shrinkage=0.03


Tree=175
num_leaves=15
num_cat=0
split_feature=7 4 8 1 4 1 7 7 7 1 0 8 1 5
split_gain=1.18035 2.62969 1.20539 1.14639 0.994734 1.97567 1.59299 1.28368 1.23351 1.59139 2.22034 1.23592 1.22535 1.39209
threshold=0.96850198412698418 0.23395061728395064 0.97036874451273059 0.3228287841191067 -0.24025316455696197 0.86949116457313191 0.097167584579071611 0.2022727272727273 0.26713615023474185 0.23395061728395064 0.32958801498127338 0.13867521367521365 0.89851963098047638 0.85524707525755206
decision_type=2 2 2 2 2 2 2 2 2 2 2 2 2 2
left_child=2 -2 4 -4 5 6 -1 -8 11 10 -10 -9 -6 -14
right_child=1 -3 3 -5 12 -7 7 8 9 -11 -12 -13 13 -15
leaf_value=0.00011841321175608921 -0.0010939145091433018 0.0038002100512635603 -0.00027189053545353584 -0.0038824459378208435 1.664091690423117e-05 -0.0033890265211659041 -0.0025406151527387105 -0.00077163760526440081 0.00081227074064967974 -0.0020861169438480902 -0.0020192638181069063 0.0036125342266931501 0.0019980664658474155 -0.0010401641521397052
leaf_weight=3536 177 204 175 137 8896 180 352 107 711 600 371 109 562 171
leaf_count=3536 177 204 175 137 8896 180 352 107 711 600 371 109 562 171
internal_value=-7.17785e-05 0.00155673 -0.000111738 -0.00192863 -7.41756e-05 -0.000378236 -0.000278886 -0.000901025 -0.000585227 -0.000860652 -0.000168216 0.0015027 0.000114413 0.00128482
internal_weight=16288 381 15907 312 15595 5966 5786 2250 1898 1682 1082 216 9629 733
internal_count=16288 381 15907 312 15595 5966 5786 2250 1898 1682 1082 216 9629 733
is_linear=0
shrinkage=0.03


Tree=176
num_leaves=15
num_cat=0
split_feature=5 6 7 5 0 9 5 0 6 6 5 1 6 6
split_gain=1.17815 2.3728 2.43506 4.2997 3.14969 2.25077 2.24398 2.96901 1.93014 1.55986 2.15427 1.43285 2.54091 3.84532
threshold=0.54884143571104049 -0.54487917146144982 0.56574122577265595 0.72524509803921589 0.72524509803921589 0.3371212121212121 0.47885646217986894 -0.71256454388984503 0.50910294604435635 -0.73969508752117441 0.25317269076305232 0.31467710371819962 -0.48255578093306278 -0.32958801498127338
decision_type=2 2 2 2 2 2 2 2 2 2 2 2 2 2
left_child=6 2 4 -4 -2 -5 9 -8 -9 10 -1 -11 -13 -14
right_child=1 -3 3 5 -6 -7 7 8 -10 11 -12 12 13 -15
leaf_value=0.00020758242438428988 -0.00049308766338747106 0.0010112222375826168 0.0018123964378563113 -0.0019993861673328166 0.0041792571000181713 -0.0076904158866513642 -0.0059737690793740198 -0.0018499133335606185 0.0026933533980234249 0.0001100574386151028 0.0032757975472859184 -0.0031297675270083331 0.0033474485132132825 -0.00063074462194604819
leaf_weight=722 766 2508 132 146 146 114 119 343 101 7059 279 319 224 3350
leaf_count=722 766 2508 132 146 146 114 119 343 101 7059 279 319 224 3350
internal_value=1.18568e-05 0.000472902 -0.000562274 -0.00250785 0.000292113 -0.0046871 -0.000128829 -0.00196278 -0.000779862 -4.08794e-05 0.0010867 -0.000144836 -0.000606122 -0.000372768
internal_weight=16328 3812 1304 392 912 260 12516 563 444 11953 1001 10952 3893 3574
internal_count=16328 3812 1304 392 912 260 12516 563 444 11953 1001 10952 3893 3574
is_linear=0
shrinkage=0.03


Tree=177
num_leaves=15
num_cat=0
split_feature=0 9 8 2 9 2 2 3 1 6 2 2 6 1
split_gain=1.04693 1.34389 2.0568 1.92615 1.88364 3.32081 2.70372 2.27772 2.01445 3.30076 1.82536 2.59041 2.19314 3.61591
threshold=-0.96799795186891957 -0.30886644219977549 -0.82554347826086938 -0.94904251866277167 -0.52056338028169002 -0.73969508752117441 -0.79887640449438191 0.14784456587735276 -0.72264957264957252 -0.34351679104477606 0.80746061167747929 0.62583333333333346 -0.32230727173318752 -0.073622402890695535
decision_type=2 2 2 2 2 2 2 2 2 2 2 2 2 2
left_child=-1 2 -2 -4 5 7 -6 -5 9 -7 11 12 13 -8
right_child=1 -3 3 4 6 8 10 -9 -10 -11 -12 -13 -14 -15
leaf_value=0.0025025612572208045 -0.0021209445384530617 9.0883174373835741e-05 -0.0039094813003612214 -0.0033678912714839287 0.0027663208513235746 0.00038877139608983112 0.0026017946265798446 0.0014605591517155533 0.0003113867026539406 0.0062626624177047211 0.0017090132838152598 -0.0053902086459016365 -0.0022588987646386728 -0.0034786926817737128
leaf_weight=130 606 10755 118 331 142 220 251 112 2367 133 139 151 705 123
leaf_count=130 606 10755 118 331 142 220 251 112 2367 133 139 151 705 123
internal_value=-8.06928e-05 -0.000103018 -0.000488803 -0.000278414 -0.000178593 0.000237908 -0.00104629 -0.00214186 0.000631921 0.00271344 -0.00145895 -0.00182785 -0.0012844 0.000563548
internal_weight=16283 16153 5398 4792 4674 3163 1511 443 2720 353 1369 1230 1079 374
internal_count=16283 16153 5398 4792 4674 3163 1511 443 2720 353 1369 1230 1079 374
is_linear=0
shrinkage=0.03


Tree=178
num_leaves=15
num_cat=0
split_feature=8 6 7 0 6 6 0 7 3 7 6 2 4 0
split_gain=1.39312 2.09564 2.05684 1.59572 1.77555 1.81586 1.90703 1.7848 1.53909 2.30934 2.47043 1.66526 2.97084 1.66118
threshold=0.30816714150047492 -0.96521476104053228 -0.6557112068965516 0.57223113964687011 0.93700396825396837 0.81438415159345401 -0.5070478459400436 0.34514106583072107 0.94160272804774092 -0.028991596638655467 0.34514106583072107 -0.57052441229656403 0.27518115942028981 0.80746061167747929
decision_type=2 2 2 2 2 2 2 2 2 2 2 2 2 2
left_child=1 -1 -2 4 5 7 -7 -3 9 10 13 -11 -13 -5
right_child=2 3 -4 8 -6 6 -8 -9 -10 11 -12 12 -14 -15
leaf_value=0.0035213148172737823 0.0038441221665017401 -0.0003031353001175421 0.00029428241197219923 -0.00033038361812941729 0.0022666585754653038 -0.0046888508833944796 -0.00067227577877613089 0.0007362870574527089 0.0018435474729229663 -0.0058539297043032649 0.0019953485564513651 -0.0040170982413680395 0.0003907819941519141 -0.0039902388034051793
leaf_weight=125 141 6119 5569 347 270 144 358 1953 135 116 267 281 258 156
leaf_count=125 141 6119 5569 347 270 144 358 1953 135 116 267 281 258 156
internal_value=1.1576e-05 -0.000193013 0.000388508 -0.000240978 -8.44139e-05 -0.000161005 -0.00189352 -5.10498e-05 -0.00112238 -0.00141426 -0.000291814 -0.00270954 -0.00193852 -0.0015211
internal_weight=16239 10529 5710 10404 8844 8574 502 8072 1560 1425 770 655 539 503
internal_count=16239 10529 5710 10404 8844 8574 502 8072 1560 1425 770 655 539 503
is_linear=0
shrinkage=0.03


Tree=179
num_leaves=15
num_cat=0
split_feature=4 2 1 1 4 3 2 5 2 5 1 4 4 2
split_gain=1.13554 1.08729 1.04743 1.70613 1.67933 1.67151 2.01194 2.48245 2.55323 3.60314 2.41468 1.84771 1.64555 1.53835
threshold=-0.96521476104053228 0.96693989071038255 0.22623655913978494 0.13867521367521365 -0.76393188854489147 0.70209762000806786 0.83584100606332823 0.78516483516483537 -0.28165064102564097 0.41004623791509048 -0.8088714938030005 0.93239382974671503 0.38548951048951058 0.45566778900112243
decision_type=2 2 2 2 2 2 2 2 2 2 2 2 2 2
left_child=-1 2 3 5 -5 11 7 8 9 -7 -9 -2 -10 -14
right_child=1 -3 -4 4 -6 6 -8 10 12 -11 -12 -13 13 -15
leaf_value=-0.0022223253453677997 7.8447579479355549e-05 0.0014387854771454678 -0.00039498081479602608 -0.0018865508584519932 0.0021238861114697477 -0.0016488468346755895 0.0022781201070677989 -0.0071196537405768985 -0.00017589316042600545 0.0053590348835586381 -0.00152804135516859 0.0027688956898460283 -0.0054101918857322618 -0.00069877384107399612
leaf_weight=208 7522 424 5989 103 602 124 138 109 301 123 185 227 141 112
leaf_count=208 7522 424 5989 103 602 124 138 109 301 123 185 227 141 112
internal_value=-7.16339e-05 -4.24863e-05 -8.3443e-05 0.000109374 0.00151977 -2.89542e-06 -0.00102424 -0.00145728 -0.000573472 0.00191364 -0.00376713 0.000160729 -0.00169662 -0.00343038
internal_weight=16308 16100 15676 9687 705 8982 1233 1095 801 247 294 7749 554 253
internal_count=16308 16100 15676 9687 705 8982 1233 1095 801 247 294 7749 554 253
is_linear=0
shrinkage=0.03


Tree=180
num_leaves=15
num_cat=0
split_feature=2 4 1 8 4 6 0 2 0 7 9 6 9 4
split_gain=1.14426 0.979639 2.16794 1.98733 3.89219 1.53123 2.10898 1.56439 1.20778 1.36048 1.17666 2.88158 1.71957 1.18015
threshold=-0.96799795186891957 -0.2331050228310502 0.86949116457313191 0.92749178532311072 0.86402157164869031 0.53456514813634926 0.70991117344553545 0.2022727272727273 0.34514106583072107 0.58102025506376598 0.94904251866277189 0.14784456587735276 0.86949116457313191 0.89851963098047638
decision_type=2 2 2 2 2 2 2 2 2 2 2 2 2 2
left_child=-1 2 5 10 8 -2 7 -7 -5 -10 12 -12 13 -3
right_child=1 3 -4 4 -6 6 -8 -9 9 -11 11 -13 -14 -15
leaf_value=-0.0026787970633172301 0.00011947416123524368 0.00047475881065273297 -0.003389397180776041 -0.0049085685478570725 0.0022343376352376228 -0.0019454167601985059 0.0024177215390935028 0.00071545334020261414 0.00098508193287188592 -0.0033630175832292859 -0.00032538545676736073 0.0055811823015426126 -0.0016726997079101623 -0.0007673350586484875
leaf_weight=129 4610 8027 181 167 175 984 135 243 105 145 173 119 378 744
leaf_count=129 4610 8027 181 167 175 984 135 243 105 145 173 119 378 744
internal_value=3.15538e-05 5.47956e-05 -0.000242994 0.000237483 -0.0014343 -0.000142125 -0.00102199 -0.00141692 -0.00299016 -0.00156917 0.000343719 0.00218684 0.00028257 0.000368644
internal_weight=16315 16186 6153 10033 592 5972 1362 1227 417 250 9441 292 9149 8771
internal_count=16315 16186 6153 10033 592 5972 1362 1227 417 250 9441 292 9149 8771
is_linear=0
shrinkage=0.03


Tree=181
num_leaves=15
num_cat=0
split_feature=0 1 5 0 5 4 3 1 7 7 5 1 5 5
split_gain=1.07964 0.829658 1.84756 1.72887 1.31959 4.99741 2.29292 1.26805 1.64289 1.63635 1.85279 1.61539 1.5516 1.23573
threshold=-0.96799795186891957 -0.71256454388984503 0.96850198412698418 -0.85129906025428403 0.84712755598831568 0.83584100606332823 0.62583333333333346 -0.94904251866277167 -0.26453684922244752 0.40279123861213423 -0.28165064102564097 -0.89403508771929807 0.14784456587735276 0.97315315315315332
decision_type=2 2 2 2 2 2 2 2 2 2 2 2 2 2
left_child=-1 2 3 -2 5 7 -6 -5 -9 10 -10 -11 -13 -3
right_child=1 13 -4 4 6 -7 -8 8 9 11 -12 12 -14 -15
leaf_value=0.0024561137105074691 -0.0022947430697715151 -7.9621509243742012e-05 0.0043030774170659813 -0.0025018038953719445 0.001531480163134433 0.0059876856480080348 -0.004563107301701644 -0.00087639857409547073 0.00011298691431875339 -0.0028938288943469522 0.0039349301729025773 -0.00085811727200841225 0.0028784940807614475 -0.0024549966252408921
leaf_weight=149 197 13725 100 119 101 146 104 453 182 115 299 193 190 190
leaf_count=149 197 13725 100 119 101 146 104 453 182 115 299 193 190 190
internal_value=-3.8726e-06 -2.81283e-05 0.000512023 0.000311864 0.000592434 0.000868736 -0.00162884 0.000351604 0.000604429 0.00129157 0.00252054 7.82921e-05 0.00102163 -0.000113795
internal_weight=16263 16114 2199 2099 1902 1697 205 1551 1432 979 481 498 383 13915
internal_count=16263 16114 2199 2099 1902 1697 205 1551 1432 979 481 498 383 13915
is_linear=0
shrinkage=0.03


Tree=182
num_leaves=15
num_cat=0
split_feature=9 9 6 1 9 6 7 9 0 7 5 6 1 6
split_gain=0.852403 2.3921 1.54026 1.71334 0.808987 2.89382 3.61266 2.21812 3.21097 2.24593 2.00286 1.72344 1.38962 1.69072
threshold=0.97036874451273059 0.96396103896103902 0.40279123861213423 0.12158167036215818 0.78516483516483537 -0.64631422189128795 0.77096018735363003 0.62583333333333346 -0.4752049180327868 0.27518115942028981 0.58939234281700037 0.55863254392666173 -0.57052441229656403 0.49274752995585464
decision_type=2 2 2 2 2 2 2 2 2 2 2 2 2 2
left_child=1 4 3 -2 7 10 12 -1 -9 -10 -6 -11 -7 -14
right_child=2 -3 -4 -5 5 6 -8 8 9 11 -12 -13 13 -15
leaf_value=-3.7624984603779921e-05 -1.0546962413090196e-05 0.0037711618996116437 0.0013080902820404821 -0.0052990150631110119 -0.00081559329171125821 0.002276037877764214 0.0031514212637912572 -0.0023837517061647737 0.002810897781647244 -0.0013870556878589257 -0.0067125906423580921 0.0027516309573205515 -0.0023518122029538373 0.00036833806326035904
leaf_weight=12946 100 144 111 113 104 100 236 179 738 261 100 126 528 329
leaf_count=12946 100 144 111 113 104 100 236 179 738 261 100 126 528 329
internal_value=1.87798e-05 5.04705e-05 -0.00148102 -0.00292798 1.38421e-05 -0.000672464 -9.54236e-05 8.15486e-05 0.00125598 0.001851 -0.00388487 -4.20726e-06 -0.000920418 -0.00131535
internal_weight=16115 15791 324 213 15647 1397 1193 14250 1304 1125 204 387 957 857
internal_count=16115 15791 324 213 15647 1397 1193 14250 1304 1125 204 387 957 857
is_linear=0
shrinkage=0.03


Tree=183
num_leaves=15
num_cat=0
split_feature=0 5 2 2 1 7 5 5 6 2 7 1 1 5
split_gain=1.0586 2.15527 1.38188 0.955933 1.16435 0.954841 0.93665 1.42527 2.0834 1.80651 1.66265 3.67001 2.54662 2.51212
threshold=-0.93984622342831292 0.61152570480928703 0.98876404494382031 0.96693989071038255 0.98876404494382031 0.56574122577265595 0.055050505050505023 0.14784456587735276 -0.56386946386946379 -0.90143695608176466 -0.019237883832778409 -0.37284167398302598 0.89851963098047638 0.37771377935312361
decision_type=2 2 2 2 2 2 2 2 2 2 2 2 2 2
left_child=1 -1 3 4 6 -4 -2 -8 9 -9 11 13 -13 -10
right_child=2 -3 5 -5 -6 -7 7 8 10 -11 -12 12 -14 -15
leaf_value=-0.0011657060868094198 0.00023724081199974552 0.0036081012893987791 -0.00039651037035086617 0.0022437020063909244 -0.0025195806662597488 -0.0042343713481236122 -0.0014663886469822908 -0.0042454935504925729 -0.0013273193641389544 -0.00065914537650351053 0.00075373201371935748 -0.0016599899355437876 0.0030622945332784302 0.0029306856802775822
leaf_weight=138 8334 197 122 162 154 106 742 127 175 1743 2612 1221 103 386
leaf_count=138 8334 197 122 162 154 106 742 127 175 1743 2612 1221 103 386
internal_value=2.06407e-05 0.00166479 -1.48308e-05 1.94228e-05 -5.10272e-06 -0.00228372 2.15863e-05 -0.000231207 -8.51874e-05 -0.000923997 0.000264893 -0.000412882 -0.00127242 0.00160245
internal_weight=16322 335 15987 15759 15597 228 15443 7109 6367 1870 4497 1885 1324 561
internal_count=16322 335 15987 15759 15597 228 15443 7109 6367 1870 4497 1885 1324 561
is_linear=0
shrinkage=0.03


Tree=184
num_leaves=15
num_cat=0
split_feature=2 3 1 9 6 6 8 7 1 9 7 9 6 7
split_gain=0.884532 2.10759 1.85585 1.80917 1.7038 2.24929 1.81002 1.54198 1.34724 1.45851 1.3211 1.71269 1.76212 1.38688
threshold=0.83584100606332823 -0.45129664769133454 0.98876404494382031 0.42482876712328771 -0.27165775401069514 -0.78247535596933171 -0.06580086580086579 0.015628815628815577 0.84168755221386804 0.80746061167747929 -0.72264957264957252 0.62583333333333346 -1.0000000180025095e-35 -0.96521476104053228
decision_type=2 2 2 2 2 2 2 2 2 2 2 2 2 2
left_child=2 -2 10 4 5 -3 -7 -6 9 -5 11 13 -13 -1
right_child=1 3 -4 8 7 6 -8 -9 -10 -11 -12 12 -14 -15
leaf_value=-0.0020414832054914253 -0.0027049158943061539 0.0029374809680312733 -0.0037485165149565409 -0.00087981696281451405 0.0057285728507464927 0.001500724223827509 -0.0032803888208805939 0.0018194360023865974 -0.0023151675438431579 0.0034486382013128604 -8.6437293837512305e-05 0.00042705353198107333 0.00575806612184701 0.00069891472916569031
leaf_weight=175 133 211 108 161 145 123 146 256 184 110 12543 110 107 1650
leaf_count=175 133 211 108 161 145 123 146 256 184 110 12543 110 107 1650
internal_value=6.90374e-05 0.000768344 -1.35401e-06 0.00113164 0.001918 0.000687835 -0.0011188 0.00333795 -0.000399472 0.000937323 2.89426e-05 0.000734632 0.00319357 0.000426444
internal_weight=16162 1469 14693 1336 881 480 269 401 455 271 14585 2042 217 1825
internal_count=16162 1469 14693 1336 881 480 269 401 455 271 14585 2042 217 1825
is_linear=0
shrinkage=0.03


Tree=185
num_leaves=15
num_cat=0
split_feature=9 6 4 1 7 5 5 0 5 7 0 5 9 7
split_gain=1.12572 2.44736 1.71442 2.01225 2.07478 1.42982 1.86805 2.15814 1.69268 1.49904 1.50491 1.43957 1.31326 3.33136
threshold=-0.29198717948717939 0.50910294604435635 0.96850198412698418 -0.88433667781493852 0.27518115942028981 -0.66479400749063666 -0.16903096903096895 -0.77388922702373697 -0.91836356904850047 -0.79887640449438191 -0.42514367816091952 -0.10741758241758236 0.42482876712328771 0.31467710371819962
decision_type=2 2 2 2 2 2 2 2 2 2 2 2 2 2
left_child=1 2 3 4 -1 8 7 -7 -5 10 -8 -11 -2 -14
right_child=12 -3 -4 5 -6 6 9 -9 -10 11 -12 -13 13 -15
leaf_value=-0.0043154042733823594 0.00049000374366802454 -0.0014050412648355019 0.0032690290290113 -0.00093095809932775009 0.00060912414231518313 0.0026513644374374832 0.0043327379994284191 -0.0018138140899703857 0.0028592778775155319 0.0031614950711705858 -6.4092018189566101e-05 -0.00014273489095006987 0.0004943052298121371 -0.0011015460350437382
leaf_weight=184 5836 1427 132 151 124 102 147 789 317 116 126 2030 2782 2026
leaf_count=184 5836 1427 132 151 124 102 147 789 317 116 126 2030 2782 2026
internal_value=6.32026e-06 -0.000335791 2.84162e-05 -8.39986e-05 -0.00237599 0.000108635 -0.000112528 -0.0012789 0.00164247 0.000320582 0.00237287 4.97074e-05 0.000187903 -0.000179047
internal_weight=16289 5645 4218 4086 308 3778 3310 891 468 2419 273 2146 10644 4808
internal_count=16289 5645 4218 4086 308 3778 3310 891 468 2419 273 2146 10644 4808
is_linear=0
shrinkage=0.03


Tree=186
num_leaves=15
num_cat=0
split_feature=1 5 4 3 2 2 6 5 1 2 8 6 4 6
split_gain=0.943048 1.17117 1.30621 1.70741 1.15485 1.08691 0.904408 0.982725 2.09895 1.73213 0.90159 1.27483 1.17019 1.24499
threshold=0.98876404494382031 0.93239382974671503 0.96850198412698418 -0.3965259059598682 0.29073091057574524 0.84168755221386804 -0.96521476104053228 0.84712755598831568 -0.66479400749063666 0.84168755221386804 0.60232558139534897 0.97315315315315332 0.89237451737451745 -0.88433667781493852
decision_type=2 2 2 2 2 2 2 2 2 2 2 2 2 2
left_child=1 6 3 -3 -5 -2 -1 10 -9 -10 11 12 13 -8
right_child=5 2 -4 4 -6 -7 7 8 9 -11 -12 -13 -14 -15
leaf_value=0.0022015294265663307 -0.003782434530890427 -0.0011176200906153429 -0.00076710775803382457 0.0012769903595783814 0.0048925143756917214 -8.1829533865391377e-06 0.0017182670994771963 -0.0039575780280998773 -0.001111527771766608 0.0031177721319153254 0.000526811188747738 -0.0028466019180736373 0.0021948605591135743 -0.00012987799156206908
leaf_weight=159 114 100 180 158 172 154 328 165 350 105 2809 137 198 11150
leaf_count=159 114 100 180 158 172 154 328 165 350 105 2809 137 198 11150
internal_value=4.04133e-05 7.04486e-05 0.00134884 0.00223189 0.00324992 -0.00169196 1.89717e-05 -5.22457e-06 -0.00116537 -8.94757e-05 4.47305e-05 -7.02515e-05 -3.52673e-05 -7.56149e-05
internal_weight=16279 16011 610 430 330 268 15401 15242 620 455 14622 11813 11676 11478
internal_count=16279 16011 610 430 330 268 15401 15242 620 455 14622 11813 11676 11478
is_linear=0
shrinkage=0.03


Tree=187
num_leaves=15
num_cat=0
split_feature=2 7 2 6 6 2 6 4 3 8 7 8 6 5
split_gain=0.768361 1.12615 0.983507 0.930656 1.91463 1.57508 1.19529 1.35927 1.5903 1.42424 0.961865 0.945156 2.14418 1.89581
threshold=-0.93984622342831292 0.36055555555555568 -0.91836356904850047 0.97036874451273059 0.93700396825396837 -0.27165775401069514 0.88303693570451447 0.57223113964687011 -0.58863819500402892 0.1895313034553541 -0.06580086580086579 0.72524509803921589 -0.91836356904850047 0.64232409381663125
decision_type=2 2 2 2 2 2 2 2 2 2 2 2 2 2
left_child=1 -1 -2 4 6 -5 11 8 -8 -10 -6 -4 -13 -14
right_child=2 -3 3 5 10 -7 7 -9 9 -11 -12 12 13 -15
leaf_value=5.6059683097723439e-05 0.0019643483040655205 -0.0034005085215903816 -8.2727878504680645e-05 -0.0041165585209496491 0.0044778328451274101 0.00016493962949788477 -0.0033707458866564064 -0.0042081048703264618 -0.0013895352228950615 0.0033289693453065726 0.00090736862826937183 -0.0032445580347395335 0.00030821425351999521 0.0024924575551522137
leaf_weight=198 218 138 12730 123 111 183 104 116 107 105 170 112 1417 470
leaf_count=198 218 138 12730 123 111 183 104 116 107 105 170 112 1417 470
internal_value=-2.21976e-05 -0.00142085 8.10768e-06 -2.0202e-05 1.27702e-05 -0.00163186 -3.3473e-05 -0.00157066 -0.000503096 0.000992143 0.00242318 1.26475e-05 0.000617404 0.00086252
internal_weight=16302 336 15966 15748 15442 306 15161 432 316 212 281 14729 1999 1887
internal_count=16302 336 15966 15748 15442 306 15161 432 316 212 281 14729 1999 1887
is_linear=0
shrinkage=0.03


Tree=188
num_leaves=15
num_cat=0
split_feature=1 6 9 6 0 3 0 3 0 9 1 7 7 7
split_gain=1.11206 1.05203 1.91964 1.63623 2.91945 1.94591 1.56272 2.13289 1.88255 1.56082 1.49161 2.44399 1.46964 2.33051
threshold=-0.96799795186891957 -0.49712643678160912 0.80123456790123471 -0.41101055806938153 -0.66479400749063666 -0.41101055806938153 -0.83584100606332801 -0.48255578093306278 -0.63019943019943014 -0.10741758241758236 -0.17573529411764707 0.21261798310978644 0.47885646217986894 -0.32958801498127338
decision_type=2 2 2 2 2 2 2 2 2 2 2 2 2 2
left_child=-1 2 6 4 -3 -6 12 8 -8 -10 -7 -12 13 -2
right_child=1 3 -4 -5 5 10 7 -9 9 -11 11 -13 -14 -15
leaf_value=0.0026365164582103748 -0.00022834406482676663 0.0058964321610280946 -0.0025471538368451135 4.856060081454709e-05 -0.0028385479570816044 0.0032473945491957399 -0.0010321345047065451 -0.0003013060159341366 0.0050354032996110616 0.00069890964194200926 -0.0026715029274494754 0.0030550265237574512 0.0011868049726380329 -0.0051081772855407484
leaf_weight=135 170 106 342 11508 106 219 129 2612 170 134 139 112 104 175
leaf_count=135 170 106 342 11508 106 219 129 2612 170 134 139 112 104 175
internal_value=2.10717e-05 -2.59069e-06 -0.000435229 0.000133799 0.00155062 0.000663893 -0.000221831 2.40669e-05 0.00194932 0.00320706 0.00149648 -9.70908e-05 -0.00185364 -0.00277779
internal_weight=16161 16026 3836 12190 682 576 3494 3045 433 304 470 251 449 345
internal_count=16161 16026 3836 12190 682 576 3494 3045 433 304 470 251 449 345
is_linear=0
shrinkage=0.03


Tree=189
num_leaves=15
num_cat=0
split_feature=3 4 1 5 6 6 6 1 3 8 4 8 1 0
split_gain=0.736153 1.10176 2.18197 1.61435 1.5405 3.26895 2.52605 1.27942 1.11601 1.08383 1.06339 0.973361 1.72611 2.19651
threshold=-0.8171368861024032 -0.16903096903096895 -0.14729990356798459 -0.099295774647887289 0.1564382530120482 -0.29679679679679671 0.83584100606332823 -0.52875082617316582 -0.90143695608176466 -0.93984622342831292 -0.605448480355819 -0.86949116457313169 0.25824574121058358 -0.1977011494252873
decision_type=2 2 2 2 2 2 2 2 2 2 2 2 2 2
left_child=1 2 7 -3 5 -5 8 -1 -6 -2 -4 12 13 -11
right_child=9 3 10 4 6 -7 -8 -9 -10 11 -12 -13 -14 -15
leaf_value=-0.0016707376920036519 -0.0017847650332338603 0.0028478432858052355 -0.0015428419769270038 0.00011726259190991922 0.00061668492090630243 -0.0060411919086988345 -0.0026427996990350173 0.0027934707357623687 0.0045592472017135302 -0.0015978217146796535 -0.0052786210943944747 8.470577951625685e-07 0.0038008490496260279 0.003031253776940945
leaf_weight=111 286 134 148 212 156 112 131 101 105 235 140 14109 160 138
leaf_count=111 286 134 148 212 156 112 131 101 105 235 140 14109 160 138
internal_value=-4.83502e-05 -0.000716545 -0.00181891 -5.44829e-05 -0.0006294 -0.00212872 0.000631961 0.000486108 0.00231248 1.25166e-05 -0.00347504 4.88168e-05 0.00129522 0.000149241
internal_weight=16278 1350 500 850 716 324 392 212 261 14928 288 14642 533 373
internal_count=16278 1350 500 850 716 324 392 212 261 14928 288 14642 533 373
is_linear=0
shrinkage=0.03


Tree=190
num_leaves=15
num_cat=0
split_feature=1 6 9 2 8 8 5 4 2 2 5 2 2 5
split_gain=1.39506 1.68483 1.45903 1.32296 1.34607 1.1829 1.34993 1.57426 1.19644 1.36821 1.00412 1.41598 1.26827 2.16057
threshold=-0.90143695608176466 -0.20530382859149984 -0.29198717948717939 0.097167584579071611 0.52586975914362188 0.94160272804774092 -0.073622402890695535 0.89237451737451745 0.96693989071038255 0.98876404494382031 -0.92814113597246117 -0.52875082617316582 -0.27165775401069514 0.82807881773399028
decision_type=2 2 2 2 2 2 2 2 2 2 2 2 2 2
left_child=1 3 -3 4 -1 8 -7 -8 10 -10 11 -2 13 -12
right_child=5 2 -4 -5 -6 6 7 -9 9 -11 12 -13 -14 -15
leaf_value=-0.00037267532382359673 -0.0040761109376217059 0.00086090451606163159 0.0056734827328927626 -0.0024729232754589626 0.0034462338333275722 0.0014075774718553592 -0.0035178187367504643 0.0006341242432458008 0.0038776730177650116 7.9319842830848168e-05 0.00059029814007839209 -0.00038802731064540083 -0.00018601449542773163 -0.0017624947816632158
leaf_weight=198 118 113 113 109 131 107 267 113 143 194 4542 359 9295 371
leaf_count=198 118 113 113 109 131 107 267 113 143 194 4542 359 9295 371
internal_value=2.5663e-05 0.0013618 0.00340563 0.000254742 0.00120473 -3.23828e-05 -0.00147234 -0.00229856 1.52477e-05 0.00175638 -2.5877e-05 -0.00136535 2.00212e-05 0.00040941
internal_weight=16173 664 226 438 329 15509 487 380 15022 337 14685 477 14208 4913
internal_count=16173 664 226 438 329 15509 487 380 15022 337 14685 477 14208 4913
is_linear=0
shrinkage=0.03


Tree=191
num_leaves=15
num_cat=0
split_feature=8 3 8 9 9 9 6 1 9 8 1 3 1 8
split_gain=0.807449 1.20352 1.03051 1.60648 1.69055 1.48885 1.81719 1.90561 0.856884 0.955582 0.80259 1.24519 0.810854 0.825967
threshold=-0.93984622342831292 0.49274752995585464 -0.79887640449438191 -0.71256454388984503 -0.84291694205772194 0.61152570480928703 0.43263412666397744 0.13867521367521365 -0.96799795186891957 -0.78247535596933171 0.97315315315315332 0.58102025506376598 0.96396103896103902 -0.76393188854489147
decision_type=2 2 2 2 2 2 2 2 2 2 2 2 2 2
left_child=1 -1 3 4 -2 6 7 -5 -4 -10 12 -12 13 -11
right_child=2 -3 8 5 -6 -7 -8 -9 9 10 11 -13 -14 -15
leaf_value=-4.6542782985948419e-05 0.00091735310610468925 -0.003678388179449195 0.0025610719827052794 0.0016070583340334745 -0.0037432889959910101 -0.00087541597520667815 -0.00037062657588714926 0.0053885703802725067 -0.002620618248921494 0.0021089105120066691 -0.0033734416603528068 0.00056393683756418209 0.0020167379360122792 -4.5676271492726583e-05
leaf_weight=218 154 122 104 353 114 187 197 183 119 152 149 128 168 13882
leaf_count=218 154 122 104 353 114 187 197 183 119 152 149 128 168 13882
internal_value=7.74232e-06 -0.0014176 3.91128e-05 0.00088519 -0.0011285 0.00147761 0.00208161 0.00297318 -2.98099e-05 -5.00086e-05 -2.70872e-05 -0.00159775 4.65016e-06 -2.08553e-05
internal_weight=16230 340 15890 1188 268 920 733 536 14702 14598 14479 277 14202 14034
internal_count=16230 340 15890 1188 268 920 733 536 14702 14598 14479 277 14202 14034
is_linear=0
shrinkage=0.03


Tree=192
num_leaves=15
num_cat=0
split_feature=1 2 8 0 0 3 3 2 2 2 1 5 6 2
split_gain=1.04637 1.88641 1.61522 2.67957 1.96636 1.76761 1.73993 3.10761 1.60489 3.53514 1.58582 1.4695 1.68614 1.43422
threshold=-0.90143695608176466 -0.6211556383970176 0.74625530963559139 -0.24852941176470586 0.84712755598831568 0.13867521367521365 0.1895313034553541 -0.93495505023796921 -0.28165064102564097 -0.7900856793145653 -0.76393188854489147 0.18052538020936207 -0.42514367816091952 0.3371212121212121
decision_type=2 2 2 2 2 2 2 2 2 2 2 2 2 2
left_child=8 2 4 -4 6 -5 7 -2 9 11 -9 -1 -13 -10
right_child=1 -3 3 5 -6 -7 -8 10 13 -11 -12 12 -14 -15
leaf_value=-0.002518416708970273 0.0036972921907265739 0.00011851369708861567 -0.0063899746740559028 0.0013315112852662996 0.0033987142308821191 -0.0036452524883082201 -0.0023600046687321896 -0.0030306165375643306 -0.0033084005742009888 0.0059001524096803379 -0.00026364368314518954 -0.0008132336416840553 0.0042543905045323328 0.0013484746460616587
leaf_weight=100 154 12999 106 142 103 102 425 206 105 143 1380 115 106 115
leaf_count=100 154 12999 106 142 103 102 425 206 105 143 1380 115 106 115
internal_value=2.10291e-05 -2.96052e-05 -0.000762704 -0.00263088 -0.000464122 -0.000810546 -0.000662678 -0.000236984 0.00116087 0.00214674 -0.000639773 0.000346916 0.00169634 -0.000921334
internal_weight=16301 15617 2618 350 2268 244 2165 1740 684 464 1586 321 221 220
internal_count=16301 15617 2618 350 2268 244 2165 1740 684 464 1586 321 221 220
is_linear=0
shrinkage=0.03


Tree=193
num_leaves=15
num_cat=0
split_feature=7 9 2 7 0 9 3 2 4 2 7 0 4 3
split_gain=1.00175 1.11356 1.06916 0.767042 2.16498 2.7476 4.09766 2.19294 1.53198 1.84689 1.51586 1.47008 1.3462 1.16836
threshold=-0.96799795186891957 -0.96521476104053228 -0.96521476104053228 -0.55424836601307181 -0.37284167398302598 0.29478609625668456 0.097167584579071611 -0.68898343036274057 0.76293487957181094 -0.35100035100035093 -0.52056338028169002 -0.53752345215759834 -0.17573529411764707 -0.52875082617316582
decision_type=2 2 2 2 2 2 2 2 2 2 2 2 2 2
left_child=-1 -2 -3 4 8 7 -7 -6 9 11 -5 -4 13 -11
right_child=1 2 3 10 5 6 -8 -9 -10 12 -12 -13 -14 -15
leaf_value=-0.0023867158882626117 0.0022852445356369589 -0.0020716975698838146 -0.0013004135701183779 -0.0022134979856063557 -0.003678117028903216 0.0037716560982497386 -0.0007216357938461546 -0.00032748874251259386 -0.0011378159351837654 -0.0012590831667939957 5.0899278612170791e-05 0.0028845812006559422 0.0040231217588227461 0.0026498058332350754
leaf_weight=136 199 195 214 262 196 343 373 1217 156 101 12196 104 386 178
leaf_count=136 199 195 214 262 196 343 373 1217 156 101 12196 104 386 178
internal_value=8.72608e-05 0.0001096 8.09885e-05 0.000108981 0.000517304 -4.88605e-05 0.00145318 -0.000814842 0.00156678 0.00200313 1.54035e-06 0.000114481 0.0028912 0.00124016
internal_weight=16256 16120 15921 15726 3268 2129 716 1413 1139 983 12458 318 665 279
internal_count=16256 16120 15921 15726 3268 2129 716 1413 1139 983 12458 318 665 279
is_linear=0
shrinkage=0.03


Tree=194
num_leaves=15
num_cat=0
split_feature=7 7 0 6 5 6 7 5 2 0 7 7 2 7
split_gain=0.946414 1.43218 1.58935 2.12859 2.85137 2.05223 2.48753 1.61395 1.90796 1.67505 1.41074 1.91612 1.51398 1.40488
threshold=0.92749178532311072 0.63356807511737101 0.06472559698366144 -0.58863819500402892 0.68651074887786456 -0.077787381158167621 0.82070417145044017 0.87577160493827166 0.52586975914362188 -0.11884584342211461 0.73152530032763019 0.81438415159345401 -0.06580086580086579 0.70991117344553545
decision_type=2 2 2 2 2 2 2 2 2 2 2 2 2 2
left_child=1 -1 7 4 -4 6 -5 8 9 13 12 -12 -7 -3
right_child=-2 2 3 5 -6 10 -8 -9 -10 -11 11 -13 -14 -15
leaf_value=0.00012909668332266989 0.0011073466424869431 -0.0025847606535463882 -0.00078913812768672978 -0.000721780425675287 -0.0074548021082237763 -0.00085926407655279036 0.004873288872435556 0.0034840642365806993 -0.0024617407587080782 0.003170515190522351 0.0013481427093570326 -0.0021909219588563188 -0.0055817638997015728 0.00069507571358798663
leaf_weight=13277 727 153 126 192 101 118 102 109 243 160 229 317 127 412
leaf_count=13277 727 153 126 192 101 118 102 109 243 160 229 317 127 412
internal_value=5.67268e-05 7.29615e-06 -0.000667334 -0.00136438 -0.00394433 -0.00079352 0.00131582 0.000186547 -0.000216592 0.000559175 -0.00158416 -0.000709038 -0.00343015 -0.000222598
internal_weight=16393 15666 2389 1312 227 1085 294 1077 968 725 791 546 245 565
internal_count=16393 15666 2389 1312 227 1085 294 1077 968 725 791 546 245 565
is_linear=0
shrinkage=0.03


Tree=195
num_leaves=15
num_cat=0
split_feature=5 6 1 1 1 9 5 5 7 2 6 6 4 3
split_gain=1.25001 2.03949 2.30299 3.37398 3.42648 1.34754 2.35944 2.98738 2.77904 1.65718 1.77575 1.70104 1.68525 1.31516
threshold=0.88303693570451447 -0.8767331433998099 -0.084541556054727393 0.44676113360323894 0.88303693570451447 -0.78247535596933171 -0.10741758241758236 -0.24852941176470586 0.6777901371894699 -0.78247535596933171 0.27518115942028981 -0.82554347826086938 0.3228287841191067 -0.24852941176470586
decision_type=2 2 2 2 2 2 2 2 2 2 2 2 2 2
left_child=5 -2 13 -4 -5 6 7 -1 9 -8 11 -11 -13 -3
right_child=1 2 3 4 -6 -7 8 -9 -10 10 -12 12 -14 -15
leaf_value=-0.0006514708001046682 -0.0019358428689406908 0.00038041239581452531 -0.003597309005655054 0.0045813071782184718 -0.0012440177121527166 9.9230913882431247e-07 -0.0055124652044226726 0.0048083539507840006 0.001440116477466004 0.00049237588798860081 0.00050420303644119376 -0.0013942653650395615 -0.0056283972493278833 0.0042231680918176544
leaf_weight=324 173 112 142 175 172 13751 134 114 187 102 194 157 198 292
leaf_count=324 173 112 142 175 172 13751 134 114 187 102 194 157 198 292
internal_value=-1.97974e-05 0.000968297 0.00154612 0.000148977 0.00173986 -8.98647e-05 -0.000969713 0.000845189 -0.00178782 -0.00256521 -0.00188433 -0.00288737 -0.00384534 0.00319277
internal_weight=16227 1066 893 489 347 15161 1410 438 972 785 651 457 355 404
internal_count=16227 1066 893 489 347 15161 1410 438 972 785 651 457 355 404
is_linear=0
shrinkage=0.03


Tree=196
num_leaves=15
num_cat=0
split_feature=0 8 2 2 1 3 3 6 0 0 1 1 4 4
split_gain=1.27424 1.21924 2.35637 1.99584 1.00825 3.90437 3.38761 2.05653 1.24185 1.43133 1.8321 1.43462 2.05528 1.32635
threshold=-0.96799795186891957 -0.55424836601307181 -0.89403508771929807 0.77913279132791335 0.13867521367521365 0.69321266968325801 -0.093541666666666676 -0.21261798310978638 0.57223113964687011 0.14784456587735276 -0.25760368663594463 -0.48255578093306278 -0.11378020713463753 0.038218111002921169
decision_type=2 2 2 2 2 2 2 2 2 2 2 2 2 2
left_child=-1 2 -2 4 8 6 -6 -8 9 11 -11 13 -13 -4
right_child=1 -3 3 -5 5 -7 7 -9 -10 10 -12 12 -14 -15
leaf_value=0.0027696267861697897 -0.0045634014441445466 0.0001191900844134201 -0.0015535691904122048 -0.00262082700886206 0.0014019312130517944 0.0046385370050556962 0.0009964966259527377 -0.0035465632261702123 -0.0026064279252155263 -0.00038256286934483795 0.0041222649840970656 -2.9973571515565209e-05 -0.0030348547352507379 0.0015442154920766935
leaf_weight=139 115 12566 178 309 525 170 123 288 221 190 130 426 385 360
leaf_count=139 115 12566 178 309 525 170 123 288 221 190 130 426 385 360
internal_value=8.16488e-06 -1.75628e-05 -0.000518912 -0.00036484 -0.000124218 0.000591961 -0.000184259 -0.00219559 -0.000544225 -0.000257262 0.00151698 -0.000686201 -0.00147605 0.000509651
internal_weight=16125 15986 3420 3305 2996 1106 936 411 1890 1669 320 1349 811 538
internal_count=16125 15986 3420 3305 2996 1106 936 411 1890 1669 320 1349 811 538
is_linear=0
shrinkage=0.03


Tree=197
num_leaves=15
num_cat=0
split_feature=2 2 3 9 4 0 0 9 6 6 6 2 9 3
split_gain=0.776335 1.91388 1.55387 2.21182 1.11612 1.57884 2.51413 1.05592 1.6611 1.55113 1.48355 1.4551 1.68384 1.34173
threshold=0.80123456790123471 0.78516483516483537 -0.18245838668373873 -0.1270166453265045 0.96850198412698418 -0.73105625717566014 -0.5070478459400436 -0.36489262371615311 -0.24852941176470586 -0.18953130345535404 0.16436803325146424 0.9194594594594595 0.45738498789346244 0.76293487957181094
decision_type=2 2 2 2 2 2 2 2 2 2 2 2 2 2
left_child=1 -1 3 -2 5 -4 -7 8 -8 11 -11 12 -9 -12
right_child=2 -3 4 -5 -6 6 7 9 -10 10 13 -13 -14 -15
leaf_value=-6.5613627665866436e-05 0.00077810108092804021 -0.0037938331923633817 0.0036525269788643807 -0.0044793411783663733 -0.0018440602932706428 -0.0031810909180830303 0.00046458845492452382 0.00097013653757207032 0.0053094344981946045 -0.0031503654045619716 0.0023005693952686018 -0.00012318156975305687 0.0061370759146369015 -0.0018249194796080702
leaf_weight=14472 166 115 192 114 109 120 129 121 120 128 165 167 105 110
leaf_count=14472 166 115 192 114 109 120 129 121 120 128 165 167 105 110
internal_value=-2.59072e-05 -9.75848e-05 0.000570071 -0.00144308 0.000961746 0.00119896 0.000766953 0.00124617 0.0029143 0.000694674 -0.00060809 0.00201253 0.00352903 0.000644243
internal_weight=16333 14587 1746 280 1466 1357 1165 1045 249 796 403 393 226 275
internal_count=16333 14587 1746 280 1466 1357 1165 1045 249 796 403 393 226 275
is_linear=0
shrinkage=0.03


Tree=198
num_leaves=15
num_cat=0
split_feature=5 1 2 2 0 5 0 0 1 6 4 5 5 1
split_gain=1.14238 3.25743 3.24003 3.70456 1.7382 2.17002 1.83113 5.16519 2.84984 2.28622 1.92997 4.32324 1.92544 2.11143
threshold=0.68651074887786456 0.65669642857142874 0.36055555555555568 0.70209762000806786 -0.90733452593917707 0.88303693570451447 -0.17573529411764707 -0.41101055806938153 -0.84344362745098034 -0.90143695608176466 0.77096018735363003 0.78516483516483537 0.76293487957181094 -0.51316701316701308
decision_type=2 2 2 2 2 2 2 2 2 2 2 2 2 2
left_child=-1 4 -3 -4 5 -2 7 8 -6 -8 -11 -12 -10 -14
right_child=1 2 3 -5 6 -7 9 -9 12 10 11 -13 13 -15
leaf_value=-0.00011122715548157798 -0.0054275783938195167 0.0051834268881618207 -0.0035162737163995437 0.0022627269525909008 0.0039903077543821447 0.00053843469672830067 -0.0044972212329285879 0.0065483529853852503 0.0023409480625146846 -0.0014044746084490565 0.0063897530066682707 -0.00032392194213375232 0.001140213675027632 -0.0039527603095045423
leaf_weight=13556 106 222 121 414 119 101 108 131 101 466 104 352 105 207
leaf_count=13556 106 222 121 414 119 101 108 131 101 466 104 352 105 207
internal_value=3.59819e-07 0.000567958 0.00221815 0.000915164 -9.7683e-05 -0.00262596 0.000225049 0.00144322 8.85065e-05 -0.000565413 -6.15427e-05 0.00131153 -0.0011035 -0.0022566
internal_weight=16213 2657 757 535 1900 207 1693 663 532 1030 922 456 413 312
internal_count=16213 2657 757 535 1900 207 1693 663 532 1030 922 456 413 312
is_linear=0
shrinkage=0.03


Tree=199
num_leaves=15
num_cat=0
split_feature=5 5 2 1 9 4 8 6 8 8 7 9 5 4
split_gain=1.22928 1.90883 2.96899 1.59087 2.18709 1.77962 1.52246 1.41558 2.89385 1.9401 1.92769 2.29636 2.05549 1.78945
threshold=0.92749178532311072 0.84712755598831568 0.73152530032763019 0.77913279132791335 0.62583333333333346 0.82070417145044017 0.45566778900112243 -0.85129906025428403 0.80746061167747929 0.70209762000806786 0.25824574121058358 0.4709263015551049 0.28330047873838354 0.21261798310978644
decision_type=2 2 2 2 2 2 2 2 2 2 2 2 2 2
left_child=1 3 -3 7 5 -5 -6 8 -1 -9 12 -12 -11 -13
right_child=-2 2 -4 4 6 -7 -8 9 -10 10 11 13 -14 -15
leaf_value=0.0019382142709502533 0.0010908669345182083 -0.0030723730698518272 0.0014438648495892499 -0.0019730006439789925 -0.00096923918090021559 0.0018769815387051614 0.0027769547624331785 -0.00019288369184703645 -0.0032869118134919049 0.00069288156962539255 0.002877335759066083 0.0021696178214521615 -0.0030507553211992252 -0.0018179092926337665
leaf_weight=698 749 439 178 1085 179 112 195 10958 101 452 603 171 175 220
leaf_count=698 749 439 178 1085 179 112 195 10958 101 452 603 171 175 220
internal_value=-8.81755e-05 -0.000145572 -0.00176722 -7.75041e-05 -0.000977454 -0.0016002 0.00100544 2.88296e-05 0.00124525 -4.93636e-05 0.00091607 0.00173146 -0.000383483 -6.33873e-05
internal_weight=16315 15566 617 14949 1571 1197 374 13378 799 12579 1621 994 627 391
internal_count=16315 15566 617 14949 1571 1197 374 13378 799 12579 1621 994 627 391
is_linear=0
shrinkage=0.03


Tree=200
num_leaves=15
num_cat=0
split_feature=3 9 1 4 4 4 2 4 2 3 3 4 2 6
split_gain=0.799923 1.04912 1.84367 2.41689 1.49613 1.26985 1.12086 0.790452 1.14091 0.823207 0.740925 1.13972 1.57328 0.919008
threshold=-0.8088714938030005 -0.24613922546923259 -0.605448480355819 0.41004623791509048 -0.11378020713463753 0.53456514813634926 -0.86159003831417613 0.61152570480928703 -0.36489262371615311 -0.8767331433998099 0.94904251866277189 0.86949116457313191 0.76293487957181094 -0.96521476104053228
decision_type=2 2 2 2 2 2 2 2 2 2 2 2 2 2
left_child=1 2 5 4 -4 -1 -3 8 -8 -10 13 12 -12 -2
right_child=10 6 3 -5 -6 -7 7 -9 9 -11 11 -13 -14 -15
leaf_value=0.00017670783293196712 0.0022450737161990746 0.0013108065600854234 0.0014439632261789698 0.0039811430498957632 -0.0024404317332179441 -0.00438710226838223 -0.0028385615712861237 -0.0042094376683724519 0.0015590394263592909 -0.0016553191979016577 -0.00024426887230724809 0.00084398641127764304 -0.0043498391358714021 0.0001444252112526307
leaf_weight=108 180 108 189 170 152 100 237 103 137 130 199 194 137 14263
leaf_count=108 180 108 189 170 152 100 237 103 137 130 199 194 137 14263
internal_value=6.65062e-05 -0.0006079 0.000201474 0.00116815 -0.000307696 -0.00211803 -0.00141335 -0.00191144 -0.00136905 -9.26315e-06 0.000131458 -0.000959825 -0.0019956 0.00017214
internal_weight=16407 1434 719 511 341 208 715 607 504 267 14973 530 336 14443
internal_count=16407 1434 719 511 341 208 715 607 504 267 14973 530 336 14443
is_linear=0
shrinkage=0.03


Tree=201
num_leaves=15
num_cat=0
split_feature=8 7 8 9 4 5 0 4 1 9 9 1 9 7
split_gain=1.19219 2.37037 1.74927 2.00156 1.67445 2.10435 1.45122 1.41524 1.14589 0.956611 3.47068 2.33296 1.12514 0.929811
threshold=0.86949116457313191 0.1564382530120482 0.82807881773399028 0.93239382974671503 -0.28165064102564097 -0.028991596638655467 0.031754032258064509 0.048199767711962889 1.0000000180025095e-35 0.032795698924731227 0.47885646217986894 -0.46495250573206681 0.81438415159345401 -0.63019943019943014
decision_type=2 2 2 2 2 2 2 2 2 2 2 2 2 2
left_child=2 -2 3 13 -3 -6 -4 -5 -8 11 -11 -7 -12 -1
right_child=1 4 6 7 5 9 8 -9 -10 10 12 -13 -14 -15
leaf_value=0.00047567884138175869 -0.0038480708544114746 0.0025370270548018144 -0.00070028044082022999 0.00040490143132332129 -0.0042357341266340684 -0.0044389622551766058 0.00098723953649062991 0.0034666739261956536 0.0053382832224152105 0.0044911561102442743 -0.0032481792058015979 0.00084332717213176148 0.00046767049167704364 -0.00013063656548452401
leaf_weight=2837 191 151 101 296 125 122 100 246 126 138 119 169 165 11347
leaf_count=2837 191 151 101 296 125 122 100 246 126 138 119 169 165 11347
internal_value=3.66043e-05 -0.000877558 0.0001088 5.98525e-05 -0.000271103 -0.000801053 0.00224591 0.00183219 0.00353645 -0.000148643 0.000758144 -0.00144514 -0.00114685 -9.11525e-06
internal_weight=16233 1180 15053 14726 989 838 327 542 226 713 422 291 284 14184
internal_count=16233 1180 15053 14726 989 838 327 542 226 713 422 291 284 14184
is_linear=0
shrinkage=0.03


Tree=202
num_leaves=15
num_cat=0
split_feature=0 8 8 7 6 6 7 2 3 5 6 5 0 5
split_gain=0.678352 0.707472 1.06976 1.06178 1.58019 2.38258 2.30416 1.41908 2.41159 1.25815 1.03975 0.959939 1.12425 0.973562
threshold=-0.96799795186891957 -0.3965259059598682 -0.3797960174842156 -0.76393188854489147 -0.028991596638655467 0.43951219512195122 -0.86159003831417613 0.13867521367521365 0.073622402890695673 0.32958801498127338 0.26713615023474185 -0.93984622342831292 -0.019237883832778409 -0.6211556383970176
decision_type=2 2 2 2 2 2 2 2 2 2 2 2 2 2
left_child=-1 3 -3 4 7 10 -7 8 -2 -9 -6 12 -4 -13
right_child=1 2 11 -5 5 6 -8 9 -10 -11 -12 13 -14 -15
leaf_value=0.0019977670490088596 -0.0014706583532451657 0.0027041778088241187 -0.0035689867777577802 -0.00056634182961273153 0.0018523579692981879 -0.0022749101295692835 0.002849390893456533 -0.00047016990542607867 0.0037073947861790656 -0.0046226165988972698 0.0057108851009397762 0.00074481331052884123 0.00027696716922768425 4.9426718053055792e-06
leaf_weight=144 183 133 128 3573 164 189 121 161 130 104 110 1936 133 9020
leaf_count=144 183 133 128 3573 164 189 121 161 130 104 110 1936 133 9020
internal_value=1.6151e-05 -2.81949e-06 0.000125689 -0.000310475 0.000474403 0.00156259 -0.00024824 -0.000632958 0.000728168 -0.00220864 0.00354795 9.2734e-05 -0.00167127 0.000136243
internal_weight=16229 16085 11350 4735 1162 584 310 578 313 265 274 11217 261 10956
internal_count=16229 16085 11350 4735 1162 584 310 578 313 265 274 11217 261 10956
is_linear=0
shrinkage=0.03


Tree=203
num_leaves=15
num_cat=0
split_feature=1 1 5 1 5 5 1 0 7 3 1 3 3 1
split_gain=1.26756 2.10206 3.64885 1.79324 1.52772 1.54514 3.47359 1.76323 2.28507 1.74178 2.16737 1.65356 2.68265 1.64037
threshold=0.97315315315315332 0.89237451737451745 -0.16172624237140362 0.86949116457313191 0.96693989071038255 0.78516483516483537 0.64888572783309639 -0.76393188854489147 -0.073622402890695535 0.53456514813634926 -0.31198770491803274 0.96850198412698418 0.77096018735363003 -0.75411605937921722
decision_type=2 2 2 2 2 2 2 2 2 2 2 2 2 2
left_child=1 3 -3 4 5 11 7 8 -7 10 -9 12 -1 -14
right_child=-2 2 -4 -5 -6 6 -8 9 -10 -11 -12 -13 13 -15
leaf_value=-6.4353538219298175e-05 -0.0019899748321672789 -0.0023624535864219072 0.0027300048705486525 -0.0030314784089504683 0.001917282695841031 -0.00085032648905845616 0.0025149135286098015 0.0024021770129592657 -0.0067163566457292502 -0.002340628220835458 -0.0020923702178167643 -0.0028455168590750856 0.0044469106380711308 0.0010241932414839863
leaf_weight=12382 280 155 553 171 345 116 194 209 121 436 163 169 140 864
leaf_count=12382 280 155 553 171 345 116 194 209 121 436 163 169 140 864
internal_value=-2.43051e-05 1.12756e-05 0.00159775 -6.3085e-05 -2.7577e-05 -7.41962e-05 -0.00108388 -0.00176949 -0.00399589 -0.00107558 0.000429573 1.88253e-05 5.70851e-05 0.00154061
internal_weight=16298 16018 708 15310 15139 14794 1239 1045 237 808 372 13555 13386 1004
internal_count=16298 16018 708 15310 15139 14794 1239 1045 237 808 372 13555 13386 1004
is_linear=0
shrinkage=0.03


Tree=204
num_leaves=15
num_cat=0
split_feature=4 1 8 8 6 6 6 9 0 4 8 2 2 2
split_gain=0.995936 0.888682 3.19101 2.27716 2.06345 1.89219 1.7682 1.76804 1.52859 2.33331 1.47437 2.40716 1.33896 2.43441
threshold=-0.96521476104053228 0.31467710371819962 -0.8171368861024032 0.30816714150047492 0.46305060065526032 -0.41101055806938153 0.29847345636819328 0.86949116457313191 -0.66479400749063666 0.28330047873838354 0.96850198412698418 0.96693989071038255 0.64232409381663125 0.43951219512195122
decision_type=2 2 2 2 2 2 2 2 2 2 2 2 2 2
left_child=-1 -2 4 6 5 -3 7 -4 9 -8 11 -5 13 -10
right_child=1 2 3 10 -6 -7 8 -9 12 -11 -12 -13 -14 -15
leaf_value=-0.0020308540894375953 0.00022255673489596353 0.00062958002150154265 -0.001382522488861615 0.0002069675775977427 -0.00063989975964713012 0.0058050173737281587 -0.0010695401610740062 -0.0052927227617290459 -0.00078864120908726299 0.0051030432568879517 -0.0023655630206816237 0.004104714170884486 -0.0027614256839862922 0.0032686342745930942
leaf_weight=198 10417 107 1478 1946 139 157 102 104 835 103 166 144 206 148
leaf_count=198 10417 107 1478 1946 139 157 102 104 835 103 166 144 206 148
internal_value=3.17599e-05 5.84506e-05 -0.000244777 -0.000444395 0.0022948 0.00380693 -0.000987989 -0.00167121 -0.000206247 0.00212491 0.000273881 0.000493788 -0.00062254 -0.000151015
internal_weight=16250 16052 5635 5232 403 264 2976 1582 1394 205 2256 2090 1189 983
internal_count=16250 16052 5635 5232 403 264 2976 1582 1394 205 2256 2090 1189 983
is_linear=0
shrinkage=0.03


Tree=205
num_leaves=15
num_cat=0
split_feature=7 4 6 2 1 4 8 8 0 8 1 8 6 2
split_gain=0.867064 1.43335 2.80773 0.619956 0.609533 1.52838 1.10616 1.92941 2.69117 1.75799 1.02704 3.07787 1.66027 1.40251
threshold=0.94904251866277189 0.015628815628815577 0.12922201138519931 0.4709263015551049 0.86949116457313191 -0.21992558908639928 0.94160272804774092 0.50910294604435635 -0.72264957264957252 -0.17573529411764707 0.65669642857142874 -0.84344362745098034 0.80746061167747929 -0.028991596638655467
decision_type=2 2 2 2 2 2 2 2 2 2 2 2 2 2
left_child=4 -2 3 -3 10 -6 7 8 -7 -10 -1 -12 -13 -14
right_child=1 2 -4 -5 5 6 -8 -9 9 -11 11 12 13 -15
leaf_value=-7.1343747204335848e-06 -0.0010975303785027769 0.0014704860800512781 0.0050928394424967294 -0.0016585263557138696 -0.0029982787190037294 0.0024524141203009467 -0.0026308672291719738 0.0020512019999675219 3.9958230751965725e-05 -0.0042055054450511626 0.0056377624219114131 4.1729138323432047e-06 0.00023092588182494397 0.0047498195321402622
leaf_weight=13048 157 105 162 103 193 143 126 324 158 187 100 1292 116 125
leaf_count=13048 157 105 162 103 193 143 126 324 158 187 100 1292 116 125
internal_value=7.02931e-05 0.00125582 0.002257 -8.39797e-05 3.0012e-05 -0.000637949 -0.00012579 0.000290206 -0.000896691 -0.00231485 8.18698e-05 0.000788746 0.000437949 0.00267061
internal_weight=16339 527 370 208 15812 1131 938 812 488 345 14681 1633 1533 241
internal_count=16339 527 370 208 15812 1131 938 812 488 345 14681 1633 1533 241
is_linear=0
shrinkage=0.03


Tree=206
num_leaves=15
num_cat=0
split_feature=9 5 1 1 8 0 9 9 3 3 4 1 2 5
split_gain=0.823772 0.801721 2.6532 2.355 2.62565 2.61686 2.08739 2.14062 1.88483 3.24755 1.7959 2.00439 1.72004 1.21257
threshold=-0.94904251866277167 0.77913279132791335 0.58102025506376598 -0.49712643678160912 0.41795166858458005 -0.64631422189128795 0.61152570480928703 -0.093541666666666676 -0.3797960174842156 0.62583333333333346 0.82807881773399028 0.96693989071038255 -0.96799795186891957 0.75411605937921733
decision_type=2 2 2 2 2 2 2 2 2 2 2 2 2 2
left_child=-1 12 3 4 8 -5 7 -7 -3 -10 -4 -12 -2 -14
right_child=1 2 10 5 -6 6 -8 -9 9 -11 11 -13 13 -15
leaf_value=0.0016855820261625664 -0.0035249722843746774 -0.0020549902694765479 -0.0010466790601151854 -0.0057687892617527825 -0.0025319508230313655 -0.002023481515352614 -0.0044556027779887823 0.0027446916575992958 0.0052614766586635067 -0.00070728892698924647 0.0039436495298892258 -0.00063982510717350304 0.00012579114016797249 0.0024904281321990614
leaf_weight=273 105 100 209 162 230 198 130 133 167 149 240 127 13883 188
leaf_count=273 105 100 209 162 230 198 130 133 167 149 240 127 13883 188
internal_value=8.10904e-05 5.27153e-05 -0.000533839 -0.00129734 -2.27053e-05 -0.0025978 -0.00138467 -8.32647e-05 0.00139149 0.00251173 0.0011417 0.00238264 0.000129378 0.000159131
internal_weight=16294 16021 1845 1269 646 623 461 331 416 316 576 367 14176 14071
internal_count=16294 16021 1845 1269 646 623 461 331 416 316 576 367 14176 14071
is_linear=0
shrinkage=0.03


Tree=207
num_leaves=15
num_cat=0
split_feature=1 8 3 8 4 8 4 6 6 4 1 1 4 8
split_gain=0.925627 1.06959 0.924193 1.14527 0.852325 2.39408 2.67571 2.08778 2.07194 1.96282 1.5508 2.80419 1.96658 2.02551
threshold=0.98876404494382031 0.55863254392666173 -0.94904251866277167 -0.18953130345535404 0.87577160493827166 0.87577160493827166 0.11237373737373736 -0.84344362745098034 -0.85129906025428403 0.84712755598831568 -0.89403508771929807 0.66249413237365062 0.93700396825396837 -0.13383084577114426
decision_type=2 2 2 2 2 2 2 2 2 2 2 2 2 2
left_child=2 -2 3 -1 5 8 -7 -6 -4 -10 -9 12 -12 -14
right_child=1 -3 4 -5 7 6 -8 10 9 -11 11 -13 13 -15
leaf_value=-0.0033997673308476806 -0.0041160765002525692 -0.00011812188330438588 0.0015343231341748095 0.00049652140486420541 -0.0016539661376589695 0.00040709055875523835 -0.0029791317320928532 0.0048158948594630747 -5.5296091099237001e-05 -0.0033094667340215493 0.0016099754959208571 0.0035856804897282588 0.00051591700543404412 -0.0052048122085147164
leaf_weight=154 101 133 730 112 227 346 516 104 12962 159 195 226 104 106
leaf_count=154 101 133 730 112 227 346 516 104 12962 159 195 226 104 106
internal_value=-0.00010786 -0.0019417 -7.97406e-05 -0.00180067 -4.94075e-05 -0.000106181 -0.00163085 0.000811053 -1.0187e-05 -9.72204e-05 0.00158434 0.000984902 -0.000517828 -0.00247702
internal_weight=16175 234 15941 266 15675 14713 862 962 13851 13121 735 631 405 210
internal_count=16175 234 15941 266 15675 14713 862 962 13851 13121 735 631 405 210
is_linear=0
shrinkage=0.03


Tree=208
num_leaves=15
num_cat=0
split_feature=6 2 7 5 5 5 5 0 4 4 9 5 6 9
split_gain=0.852283 2.31818 1.69902 1.30729 0.752438 1.85713 1.73933 2.84419 1.31851 1.62314 1.96215 1.99181 1.92651 1.5848
threshold=0.93700396825396837 -0.28989813242784374 0.038218111002921169 0.10487038491751778 -0.11884584342211461 -0.084541556054727393 -0.16903096903096895 -0.047065337763012187 0.097167584579071611 -0.11378020713463753 0.78516483516483537 -0.77388922702373697 -0.48255578093306278 0.61781229345670863
decision_type=2 2 2 2 2 2 2 2 2 2 2 2 2 2
left_child=4 3 -3 -2 6 -6 8 -8 9 10 13 -12 -11 -1
right_child=1 2 -4 -5 5 -7 7 -9 -10 12 11 -13 -14 -15
leaf_value=-6.852561155215077e-05 0.0012938321705700622 0.0051688302859244214 0.00087200770416398152 -0.0026455335883127356 -0.0026634491316030085 -0.00022945350326082823 0.004674668179542138 -0.00037896047058059198 -0.0019002040709248048 -0.0014756300997860888 -0.0046341912184098945 -0.00060501325460846382 0.0025917854057097975 0.0016332618682898337
leaf_weight=4563 125 132 211 166 282 8479 181 208 306 131 147 385 423 542
leaf_count=4563 125 132 211 166 282 8479 181 208 306 131 147 385 423 542
internal_value=-8.25124e-05 0.000987176 0.00262518 -0.0009666 -0.000126458 -0.000310747 0.000108122 0.0020307 -9.93401e-06 8.64093e-05 -6.70011e-05 -0.0017833 0.00162089 0.000114994
internal_weight=16281 634 343 291 15647 8761 6886 389 6497 6191 5637 532 554 5105
internal_count=16281 634 343 291 15647 8761 6886 389 6497 6191 5637 532 554 5105
is_linear=0
shrinkage=0.03


Tree=209
num_leaves=15
num_cat=0
split_feature=0 9 7 5 9 2 9 0 8 5 5 8 2 2
split_gain=1.34881 0.825488 1.40251 1.47053 1.80018 1.64283 1.57817 2.2558 1.43062 2.03044 2.80323 3.26331 3.36264 2.4714
threshold=-0.96799795186891957 -0.30886644219977549 0.92749178532311072 -0.66479400749063666 -0.58863819500402892 -0.94904251866277167 -0.35100035100035093 0.048199767711962889 -0.48255578093306278 -0.16903096903096895 0.47885646217986894 -0.605448480355819 0.78516483516483537 -0.4752049180327868
decision_type=2 2 2 2 2 2 2 2 2 2 2 2 2 2
left_child=-1 2 3 4 -2 -5 8 -8 9 -7 13 12 -12 -11
right_child=1 -3 -4 5 -6 6 7 -9 -10 10 11 -13 -14 -15
leaf_value=0.0027319948795210022 0.0027844599801154207 8.9389254727057136e-05 0.002076983974685016 -0.0038503456121082788 -0.00059464951832748515 -0.0032206331513447276 -0.0046906599535637339 0.00082333024603792944 1.9650040703232993e-05 -0.001961039578681541 0.00042314738853080434 -0.0062298068617098025 -0.0053178893908476218 0.0023801529899736894
leaf_weight=147 256 10782 194 129 298 318 173 101 2740 162 421 115 107 372
leaf_count=147 256 10782 194 129 298 318 173 101 2740 162 421 115 107 372
internal_value=-3.5303e-05 -6.21365e-05 -0.000365073 -0.000460138 0.000988501 -0.000634929 -0.000534621 -0.00270071 -0.000388446 -0.00113156 -0.000544754 -0.00186607 -0.000817503 0.00105132
internal_weight=16315 16168 5386 5192 554 4638 4509 274 4235 1495 1177 643 528 534
internal_count=16315 16168 5386 5192 554 4638 4509 274 4235 1495 1177 643 528 534
is_linear=0
shrinkage=0.03


Tree=210
num_leaves=15
num_cat=0
split_feature=1 6 4 9 6 6 0 3 3 7 8 1 6 1
split_gain=1.65283 1.69655 1.52179 1.66807 1.81014 1.53244 1.14583 0.881463 1.59938 0.924043 0.736213 1.85641 2.88551 0.743453
threshold=-0.90143695608176466 1.0000000180025095e-35 -0.90733452593917707 0.3371212121212121 -0.077787381158167621 0.37771377935312361 -1.0000000180025095e-35 -0.1977011494252873 0.74050024050024055 0.13867521367521365 -0.93495505023796921 -0.41897974493623397 0.41004623791509048 0.96396103896103902
decision_type=2 2 2 2 2 2 2 2 2 2 2 2 2 2
left_child=1 7 3 4 -2 -6 -5 9 -9 -1 11 -4 -13 -12
right_child=2 -3 10 6 5 -7 -8 8 -10 -11 13 12 -14 -15
leaf_value=-0.0029618135888806801 0.00015291815263129049 0.00378221459580595 -0.0040499644600330374 -0.0022278984941265269 -0.0068183124842014437 -0.0017471625359456349 0.0016321504388368973 0.0029474742194482433 -0.0014261274876751764 0.00095139082724397827 -4.4968407821013695e-05 0.0027142261742952871 -0.0035590875352764588 0.0011616185096827776
leaf_weight=100 114 183 133 101 111 113 174 206 108 100 14165 155 100 465
leaf_count=100 114 183 133 101 111 113 174 206 108 100 14165 155 100 465
internal_value=-3.66752e-05 0.00138217 -0.000100786 -0.00155367 -0.00293378 -0.00444409 0.000186031 0.000471803 0.00144559 -0.00105308 -4.04881e-05 -0.00131356 0.000212633 -5.85098e-06
internal_weight=16328 697 15631 613 338 224 275 514 314 200 15018 388 255 14630
internal_count=16328 697 15631 613 338 224 275 514 314 200 15018 388 255 14630
is_linear=0
shrinkage=0.03


Tree=211
num_leaves=15
num_cat=0
split_feature=7 3 7 5 8 8 3 0 7 0 6 1 5 0
split_gain=0.880169 0.716013 2.6419 2.96111 2.23532 2.03164 1.83089 1.49155 1.93969 1.39424 1.73641 1.16894 2.01347 1.7225
threshold=-0.96799795186891957 0.84712755598831568 -0.15438786565547127 0.41004623791509048 -0.61242176215695709 0.96850198412698418 0.77096018735363003 0.76293487957181094 0.84168755221386804 -0.11884584342211461 -0.21261798310978638 -0.90143695608176466 0.82070417145044017 0.1895313034553541
decision_type=2 2 2 2 2 2 2 2 2 2 2 2 2 2
left_child=-1 6 3 -3 -5 7 11 -4 -9 -8 -11 12 13 -2
right_child=1 2 5 4 -6 -7 9 8 -10 10 -12 -13 -14 -15
leaf_value=-0.002247790228348685 0.0016322774795721612 0.00044203373559592465 -0.00069687738138845699 -0.0015783254560392378 -0.0078381816375905928 -0.0036764503678476269 -0.00061212180527081474 0.0032228860988946029 -0.00058878783585063264 0.0042757704720636945 0.00056282189611892529 -3.517681836588148e-05 0.0044581508010308798 -0.0022301157083433527
leaf_weight=144 298 149 405 102 108 100 171 297 193 233 219 13663 131 147
leaf_count=144 298 149 405 102 108 100 171 297 193 233 219 13663 131 147
internal_value=9.53443e-06 3.09527e-05 -0.000626911 -0.00279511 -0.00500763 0.000175411 9.12684e-05 0.000641655 0.0017398 0.00166999 0.00252792 2.10709e-05 0.00133313 0.000335414
internal_weight=16360 16216 1354 359 210 995 14862 895 490 623 452 14239 576 445
internal_count=16360 16216 1354 359 210 995 14862 895 490 623 452 14239 576 445
is_linear=0
shrinkage=0.03


Tree=212
num_leaves=15
num_cat=0
split_feature=5 6 9 0 2 1 3 0 6 8 5 1 3 2
split_gain=0.666714 0.603109 2.44202 2.47658 1.3124 2.19187 1.5894 1.27124 3.01163 1.16166 0.934896 1.412 1.01699 0.982597
threshold=-0.96799795186891957 0.83584100606332823 -0.64140834290088011 0.25317269076305232 -1.0000000180025095e-35 0.93700396825396837 -0.13383084577114426 0.96850198412698418 -0.25760368663594463 -0.55424836601307181 0.96693989071038255 -0.48255578093306278 0.97036874451273059 -0.94904251866277167
decision_type=2 2 2 2 2 2 2 2 2 2 2 2 2 2
left_child=-1 7 3 -3 9 6 -6 10 -9 -4 12 -12 13 -2
right_child=1 2 4 -5 5 -7 -8 8 -10 -11 11 -13 -14 -15
leaf_value=-0.002002725439527564 -0.0019614697241154061 -0.00071724500159022972 -0.0032828249581354232 -0.0062411958293373303 0.0041653400716726297 -0.0023687470708973705 0.00041136174690274685 -0.0011493643497463913 0.0045331833487162821 -0.00014799966556879894 0.0040365393269593524 -2.4070444232132767e-05 -0.0020480262628272891 9.6755055683026608e-05
leaf_weight=133 202 192 123 111 191 110 210 149 173 537 123 183 198 13662
leaf_count=133 202 192 123 111 191 110 210 149 173 537 123 183 198 13662
internal_value=3.67637e-05 5.47728e-05 -0.000521669 -0.00287562 0.000106615 0.00123509 0.00225726 0.000112929 0.00194826 -0.000772495 7.04707e-05 0.00168422 3.41824e-05 6.53743e-05
internal_weight=16297 16164 1474 303 1171 511 401 14690 322 660 14368 306 14062 13864
internal_count=16297 16164 1474 303 1171 511 401 14690 322 660 14368 306 14062 13864
is_linear=0
shrinkage=0.03


Tree=213
num_leaves=15
num_cat=0
split_feature=1 0 6 5 1 0 1 3 6 6 0 7 5 7
split_gain=0.867175 2.37563 1.67602 1.17387 1.13932 2.02599 3.64929 1.46573 1.29401 1.19094 1.78295 2.43701 1.71496 1.8002
threshold=0.30816714150047492 -0.91836356904850047 0.94904251866277189 0.73152530032763019 0.40279123861213423 -0.014709063378758378 0.36055555555555568 -0.84344362745098034 0.54884143571104049 -0.18245838668373873 -0.040547945205479489 0.70209762000806786 0.60232558139534897 -0.58863819500402892
decision_type=2 2 2 2 2 2 2 2 2 2 2 2 2 2
left_child=-1 3 4 -2 5 -3 -7 8 -6 -9 11 12 13 -11
right_child=1 2 -4 -5 7 6 -8 9 -10 10 -12 -13 -14 -15
leaf_value=0.00012735580850521523 0.0049179230821696489 8.2022999662772884e-05 0.0017354846256785095 0.00041504751090542413 -0.0004165104546007656 -0.00064413520808060797 -0.0063853794449218277 0.00051235758786511028 -0.004918005654047701 0.00088724438386458533 3.5848057040914607e-05 -0.0045246903252286405 0.0020081812031104325 -0.0020901088231532225
leaf_weight=10589 101 333 290 102 116 241 163 1250 108 238 1770 185 151 715
leaf_count=10589 101 333 290 102 116 241 163 1250 108 238 1770 185 151 715
internal_value=-3.38018e-05 -0.000329622 -0.000447986 0.0027811 -0.000571199 -0.00165758 -0.00305881 -0.000391309 -0.00270429 -0.000265087 -0.000583408 -0.00142747 -0.000872509 -0.00134506
internal_weight=16352 5763 5560 203 5270 737 404 4533 224 4309 3059 1289 1104 953
internal_count=16352 5763 5560 203 5270 737 404 4533 224 4309 3059 1289 1104 953
is_linear=0
shrinkage=0.03


Tree=214
num_leaves=15
num_cat=0
split_feature=1 7 2 4 1 1 8 8 8 6 9 6 8 6
split_gain=1.2592 0.940019 0.935911 2.55812 2.34945 1.31731 1.59911 1.9198 1.58254 2.71029 2.24457 2.97376 2.4565 2.31422
threshold=0.96850198412698418 0.46305060065526032 0.29847345636819328 0.45566778900112243 -0.84344362745098034 -0.17573529411764707 0.88303693570451447 0.96850198412698418 -0.16172624237140362 0.82807881773399028 0.041960093896713631 0.69321266968325801 0.40279123861213423 -0.4752049180327868
decision_type=2 2 2 2 2 2 2 2 2 2 2 2 2 2
left_child=2 -2 5 -4 -5 6 8 -8 9 -1 -10 12 -12 -14
right_child=1 -3 3 4 -6 -7 7 -9 10 -11 11 -13 13 -15
leaf_value=-2.2091835785436128e-05 -0.00030049076843583449 -0.0033556864817198182 0.00076292603119382544 0.0027812153493103229 -0.00090224929333855954 -0.0005197527347559391 -0.003609904213506245 0.0011654029232336255 0.0016059352656695046 -0.0042832532882069547 0.00074898946494545023 0.0042628871644960669 -0.0046349066624298031 -0.0005675245397236124
leaf_weight=2004 188 169 3618 161 1781 5302 198 113 1395 134 548 113 192 343
leaf_count=2004 188 169 3618 161 1781 5302 198 113 1395 134 548 113 192 343
internal_value=-6.14857e-05 -0.00179881 -2.13767e-05 0.0002922 -0.000584191 -0.000190079 0.000157074 -0.00189257 0.000295577 -0.000307859 0.000792781 -0.000161124 -0.000657503 -0.00208548
internal_weight=16259 357 15902 5560 1942 10342 5040 311 4729 2138 2591 1196 1083 535
internal_count=16259 357 15902 5560 1942 10342 5040 311 4729 2138 2591 1196 1083 535
is_linear=0
shrinkage=0.03


Tree=215
num_leaves=15
num_cat=0
split_feature=9 9 0 5 0 6 1 1 1 3 6 9 8 5
split_gain=0.913843 1.5059 1.23252 0.89662 2.39186 2.42108 1.60218 3.43736 2.41735 1.72365 1.68038 1.57233 1.42911 1.29599
threshold=0.96396103896103902 0.97036874451273059 0.45566778900112243 0.84712755598831568 -0.94904251866277167 -0.8767331433998099 -0.51316701316701308 0.64888572783309639 -0.76393188854489147 0.2022727272727273 0.72524509803921589 0.025320512820512734 -0.047065337763012187 0.55863254392666173
decision_type=2 2 2 2 2 2 2 2 2 2 2 2 2 2
left_child=3 -2 -3 13 -5 -6 8 9 -7 -8 11 -9 -11 -1
right_child=1 2 -4 4 5 6 7 10 -10 12 -12 -13 -14 -15
leaf_value=-7.9337713992227852e-05 0.003789306375412394 -0.0018804216307122259 0.0018065995780306261 0.0033473393416979572 -0.004318588416152183 -0.00099417880893899854 -0.00083146209348597682 -0.0030997982690258558 0.004244452599849965 -0.0020282627642154694 0.0037063865155958736 0.0019045335837555204 -0.0070854168047299023 0.00069390439590600683
leaf_weight=12112 141 140 169 106 176 185 161 107 125 101 112 100 118 2315
leaf_count=12112 141 140 169 106 176 185 161 107 125 101 112 100 118 2315
internal_value=1.57016e-05 0.0013337 0.000129524 -2.28562e-05 -0.000777155 -0.00117102 -0.000584998 -0.00137553 0.0011848 -0.00326731 0.000908819 -0.000705888 -0.00494354 4.51338e-05
internal_weight=16168 450 309 15718 1291 1185 1009 699 310 380 319 207 219 14427
internal_count=16168 450 309 15718 1291 1185 1009 699 310 380 319 207 219 14427
is_linear=0
shrinkage=0.03


Tree=216
num_leaves=15
num_cat=0
split_feature=2 7 7 7 8 9 7 7 1 6 7 9 7 5
split_gain=1.48595 1.70748 1.71472 1.38188 1.73308 1.53921 1.67174 1.87098 1.48184 2.41809 2.25913 1.4549 1.61838 1.41445
threshold=-0.6211556383970176 0.93239382974671503 -0.90733452593917707 -0.55424836601307181 0.29073091057574524 -0.84291694205772194 -0.2331050228310502 0.75411605937921733 0.58102025506376598 0.10487038491751778 -0.96521476104053228 -0.78247535596933171 0.37771377935312361 0.98876404494382031
decision_type=2 2 2 2 2 2 2 2 2 2 2 2 2 2
left_child=1 2 -1 4 8 6 -5 -8 10 -10 -2 12 -7 -13
right_child=3 -3 -4 5 -6 11 7 -9 9 -11 -12 13 -14 -15
leaf_value=0.0028384470204556624 -0.0027108760810931674 0.0029698217292648873 -0.00095581597182139457 0.0045611218334390561 0.0029773878590096769 -0.0041513613053761854 -0.00047198558027140689 0.0033781396359157789 -0.0031339940847000731 0.00093611575164528481 0.001017431897759796 -8.0803332865819101e-05 0.00052707303235114647 -0.0031188732164778876
leaf_weight=102 148 102 2763 107 251 160 404 147 243 266 2037 9363 106 130
leaf_count=102 148 102 2763 107 251 160 404 147 243 266 2037 9363 106 130
internal_value=-6.56715e-05 -0.000671801 -0.000811329 6.93198e-05 0.000641939 -9.30263e-05 0.00130033 0.000597087 0.000414139 -0.00102993 0.000753697 -0.000188208 -0.00233547 -0.000125646
internal_weight=16329 2967 2865 13362 2945 10417 658 551 2694 509 2185 9759 266 9493
internal_count=16329 2967 2865 13362 2945 10417 658 551 2694 509 2185 9759 266 9493
is_linear=0
shrinkage=0.03


Tree=217
num_leaves=15
num_cat=0
split_feature=4 6 8 6 5 5 4 0 0 3 3 5 6 6
split_gain=1.16074 1.77086 1.07591 1.87251 0.927974 1.62324 1.03041 1.54157 2.28734 1.93737 1.82941 1.41327 1.35679 1.89605
threshold=-0.94904251866277167 -0.047065337763012187 0.28330047873838354 -0.96521476104053228 -0.51316701316701308 -0.91836356904850047 -0.24852941176470586 -0.41897974493623397 -0.18245838668373873 -0.70473174366616986 -0.45129664769133454 0.1895313034553541 -0.90733452593917707 -0.78247535596933171
decision_type=2 2 2 2 2 2 2 2 2 2 2 2 2 2
left_child=1 -1 3 -2 5 -4 -6 9 11 -8 -11 -9 -10 -14
right_child=2 -3 4 -5 6 -7 7 8 12 10 -12 -13 13 -15
leaf_value=0.00096695184468398234 0.0035767615629336402 -0.0038773544051081007 -0.0020450763866334243 -0.00022473499292482031 -0.00087472301400272671 0.0014283432786210937 0.0016303790158833308 0.0053680496570482125 -0.0024888775876762579 -0.004815365505772968 -0.00080162515537550222 0.001187810978211928 0.0033391157832539558 0.0002902262793975494
leaf_weight=108 108 159 127 10100 754 1105 214 128 132 119 521 170 189 2408
leaf_count=108 108 159 127 10100 754 1105 214 128 132 119 521 170 189 2408
internal_value=-2.82081e-05 -0.00195369 4.96818e-06 -0.000181054 0.000328386 0.0010567 0.000132938 0.000330452 0.000647819 -0.000788935 -0.00161053 0.00309934 0.000369781 0.00052407
internal_weight=16342 267 16075 10208 5867 1232 4635 3881 3027 854 640 298 2729 2597
internal_count=16342 267 16075 10208 5867 1232 4635 3881 3027 854 640 298 2729 2597
is_linear=0
shrinkage=0.03


Tree=218
num_leaves=15
num_cat=0
split_feature=6 9 2 1 1 5 0 9 2 6 9 6 1 2
split_gain=0.927977 2.11496 1.43745 1.90657 3.01689 1.88497 1.31405 1.83042 2.22143 1.78649 1.70902 2.15038 1.80542 1.67797
threshold=-0.49055258467023172 0.81438415159345401 -0.86159003831417613 -0.41101055806938153 -0.68898343036274057 0.13867521367521365 0.94904251866277189 0.44151846785225718 0.43951219512195122 -0.70473174366616986 0.32449982449982456 -0.73969508752117441 -0.35100035100035093 0.6777901371894699
decision_type=2 2 2 2 2 2 2 2 2 2 2 2 2 2
left_child=1 6 3 4 5 -2 7 10 9 -9 11 -1 -12 -13
right_child=2 -3 -4 -5 -6 -7 -8 8 -10 -11 12 13 -14 -15
leaf_value=0.00062101527829595935 -0.0017698094045165281 -0.002653523845594064 3.1115091217633039e-05 -0.00056718456461599055 0.005969935958094608 0.0027967143946272485 -0.0033426998761594937 -0.0022297882022304905 0.00370055348576548 0.0019008589137433887 -0.0056612865532859524 -0.00050231554570722065 -0.00021770336214945582 -0.0030949035505796981
leaf_weight=1421 135 336 11512 276 146 177 106 169 224 189 100 1103 111 274
leaf_count=1421 135 336 11512 276 146 177 106 169 224 189 100 1103 111 274
internal_value=-1.62857e-05 -0.000410399 0.000113737 0.00139175 0.00255913 0.000827215 -0.000199926 -9.81317e-05 0.00142748 -5.66879e-05 -0.000396966 -0.00019564 -0.00293703 -0.00103679
internal_weight=16279 4033 12246 734 458 312 3697 3591 582 358 3009 2798 211 1377
internal_count=16279 4033 12246 734 458 312 3697 3591 582 358 3009 2798 211 1377
is_linear=0
shrinkage=0.03


Tree=219
num_leaves=15
num_cat=0
split_feature=5 1 0 3 6 3 0 0 4 6 9 4 4 5
split_gain=0.977451 1.5098 1.18648 1.68075 1.1568 0.814902 1.83702 2.51831 2.19579 1.614 1.64626 2.31317 1.59458 2.44315
threshold=-0.90733452593917707 -0.3965259059598682 -0.11378020713463753 -0.3965259059598682 0.16436803325146424 0.088421444527177942 -0.66479400749063666 -0.6211556383970176 0.94904251866277189 0.93700396825396837 -0.4032469232783451 0.1895313034553541 -0.21992558908639928 0.28330047873838354
decision_type=2 2 2 2 2 2 2 2 2 2 2 2 2 2
left_child=1 -1 3 -3 -4 9 8 -8 12 -2 -11 -12 -7 -14
right_child=5 2 4 -5 -6 6 7 -9 -10 10 11 -13 13 -15
leaf_value=-0.0038979043045178608 7.7978805639097214e-05 0.00057232573383698493 0.0029140485695603748 -0.0042407825234561007 -0.0011256052810921958 -0.0018030877725686877 -0.0046234177257096819 -0.00035486258981261141 -0.0030160069182007146 -0.00045226323228605368 0.0007641058823093772 0.0064907387497811766 0.0052693508036490699 0.0010581275593885056
leaf_weight=137 7928 127 128 120 111 106 117 6308 100 152 140 111 152 562
leaf_count=137 7928 127 128 120 111 106 117 6308 100 152 140 111 152 562
internal_value=-7.63659e-05 -0.00123214 -0.000417243 -0.00184005 0.00106803 -2.96766e-05 -0.000259855 -0.000439657 0.000987059 0.000173327 0.00200176 0.00344826 0.00150569 0.00201503
internal_weight=16299 623 486 247 239 15676 7345 6425 920 8331 403 251 820 714
internal_count=16299 623 486 247 239 15676 7345 6425 920 8331 403 251 820 714
is_linear=0
shrinkage=0.03


Tree=220
num_leaves=15
num_cat=0
split_feature=9 6 6 3 1 7 2 7 3 1 3 0 9 7
split_gain=1.18593 1.34899 1.5091 1.0914 1.74219 2.32207 2.26796 2.25989 1.48628 1.28807 1.59968 3.46003 1.19272 1.49629
threshold=0.94904251866277189 0.39305778491171756 -0.18245838668373873 0.83584100606332823 0.13867521367521365 -0.051956815114709891 -0.42514367816091952 0.59508740204942756 0.87577160493827166 0.98876404494382031 0.77096018735363003 0.17287356321839079 -0.71256454388984503 0.12922201138519931
decision_type=2 2 2 2 2 2 2 2 2 2 2 2 2 2
left_child=3 2 -2 9 6 -6 -5 -7 -8 10 -1 -12 -10 -14
right_child=1 -3 -4 4 5 7 8 -9 12 -11 11 -13 13 -15
leaf_value=8.0556663636902314e-05 0.0022761085743401598 0.0035641817766936383 -0.0015169999645532745 0.0013649410924137188 -0.0023600739885240233 0.0036697637800416731 -0.0053568421126427975 -0.00038054588459308811 0.00090557703200508572 -0.0024283906138564846 -0.0014556715067201218 0.0038033852761532438 -1.6153138628556526e-05 -0.0042360321588302491
leaf_weight=13758 178 172 180 153 198 212 133 277 109 168 173 291 121 192
leaf_count=13758 178 172 180 153 198 212 133 277 109 168 173 291 121 192
internal_value=7.74666e-05 0.00145993 0.000379561 3.01541e-05 -0.00076797 0.000307856 -0.00180163 0.00141377 -0.00268329 0.000108006 0.000139653 0.00185323 -0.00173618 -0.00265571
internal_weight=16315 530 358 15785 1395 687 708 489 555 14390 14222 464 422 313
internal_count=16315 530 358 15785 1395 687 708 489 555 14390 14222 464 422 313
is_linear=0
shrinkage=0.03


Tree=221
num_leaves=15
num_cat=0
split_feature=2 7 9 8 9 2 2 7 5 9 7 6 6 1
split_gain=1.68846 1.98717 1.57928 1.7096 1.26002 1.08633 0.819778 1.50131 1.44325 1.71613 2.25172 1.54775 2.872 2.08629
threshold=0.98876404494382031 0.92749178532311072 0.89237451737451745 0.83584100606332823 -0.48255578093306278 0.24357284113381675 -0.6211556383970176 0.83584100606332823 0.13867521367521365 0.71852992957746487 -0.40413533834586463 -0.49712643678160912 -0.8088714938030005 -0.18953130345535404
decision_type=2 2 2 2 2 2 2 2 2 2 2 2 2 2
left_child=1 6 3 4 -3 -6 7 8 9 10 -1 12 -10 -13
right_child=-2 2 -4 -5 5 -7 -8 -9 11 -11 -12 13 -14 -15
leaf_value=-0.0024448800221374581 -0.0025607215199566096 0.0020982078737385263 0.0039186093135392111 0.0039059048829519234 -0.0029099517065643184 0.00068689998496878648 -1.2288044888967174e-05 -0.0034472139377988149 0.0014568923587847333 -0.0038676642233468183 0.00016577725832354982 0.0022772497856080784 -0.0035808605018188108 -0.0007906623550575357
leaf_weight=425 234 134 172 105 159 131 12439 145 188 160 936 505 202 319
leaf_count=425 234 134 172 105 159 131 12439 145 188 160 936 505 202 319
internal_value=-8.39124e-05 -4.61594e-05 0.00150433 0.00066121 -0.000213795 -0.00131643 -0.000118045 -0.000573197 -0.000408824 -0.00102169 -0.00066134 0.000361093 -0.00117669 0.00109431
internal_weight=16254 16020 701 529 424 290 15319 2880 2735 1521 1361 1214 390 824
internal_count=16254 16020 701 529 424 290 15319 2880 2735 1521 1361 1214 390 824
is_linear=0
shrinkage=0.03


Tree=222
num_leaves=15
num_cat=0
split_feature=4 9 5 9 5 3 0 4 6 6 2 8 5 2
split_gain=0.861783 0.727872 0.611349 1.63295 1.17567 0.665516 2.58596 1.82641 0.949432 0.995003 2.15082 0.821354 1.29816 2.39774
threshold=-0.96521476104053228 -0.96521476104053228 0.98876404494382031 -0.30886644219977549 0.96693989071038255 0.94904251866277189 0.51053093462044774 0.78516483516483537 -0.96799795186891957 -0.90733452593917707 0.25317269076305232 -0.20530382859149984 0.86949116457313191 -0.90733452593917707
decision_type=2 2 2 2 2 2 2 2 2 2 2 2 2 2
left_child=-1 -2 4 -4 5 8 -7 -8 -3 10 -10 12 13 -11
right_child=1 2 3 -5 -6 6 7 -9 9 11 -12 -13 -14 -15
leaf_value=-0.001892901519461772 0.0018094662306206435 0.002714245691196993 0.0013758137079483796 -0.0034439403319731355 0.0024891096336068586 -0.0050374170150546006 -0.0017385200890127251 0.0027144674844289782 -0.003455826728413366 -0.0042805420541680676 0.00086365958066733639 0.00025585795505208815 0.0019267929489042881 -0.00020165287284775379
leaf_weight=198 199 110 102 140 166 103 177 139 209 123 191 8894 236 5318
leaf_count=198 199 110 102 140 166 103 177 139 209 123 191 8894 236 5318
internal_value=2.5809e-05 5.05551e-05 2.74292e-05 -0.00143849 5.09772e-05 2.32776e-05 -0.0011419 0.000243412 5.63853e-05 3.50578e-05 -0.00142251 7.60189e-05 -0.000205684 -0.000301544
internal_weight=16305 16107 15908 242 15666 15500 419 316 15081 14971 400 14571 5677 5441
internal_count=16305 16107 15908 242 15666 15500 419 316 15081 14971 400 14571 5677 5441
is_linear=0
shrinkage=0.03


Tree=223
num_leaves=15
num_cat=0
split_feature=7 6 6 4 2 8 7 2 6 6 9 4 9 9
split_gain=0.899859 2.0089 3.53339 1.86604 1.97341 2.85857 2.04013 1.41096 1.30448 0.873134 2.14154 2.1637 1.99899 4.30939
threshold=-0.76393188854489147 -0.58863819500402892 0.031754032258064509 0.35434243176178665 0.25317269076305232 -0.57052441229656403 -0.82554347826086938 0.45566778900112243 0.43951219512195122 -0.56386946386946379 -0.90733452593917707 0.60232558139534897 0.42482876712328771 0.055050505050505023
decision_type=2 2 2 2 2 2 2 2 2 2 2 2 2 2
left_child=1 -1 7 4 5 8 -7 -3 -4 10 -2 -12 13 -13
right_child=9 2 3 -5 -6 6 -8 -9 -10 -11 11 12 -14 -15
leaf_value=0.0026160372224511156 0.0025953191672986159 -0.00081876884857151968 0.0041898455382820953 0.0038322546223655638 0.0033811194393950114 -0.0044075529926093458 0.00074953546987243877 -0.0042161553524693472 -4.3797858771775535e-05 1.2398786007494287e-05 -0.00016038327047632612 -0.0022358200892678374 -0.004101492205200211 0.0032836684452632638
leaf_weight=347 173 448 112 193 158 167 109 139 141 11320 1911 579 259 153
leaf_count=347 173 448 112 193 158 167 109 139 141 11320 1911 579 259 153
internal_value=-3.0047e-05 0.000597754 0.000105875 0.0013029 0.000547537 -0.000345815 -0.00241588 -0.00168041 0.00191843 -0.00010952 -0.000556925 -0.00075311 -0.00188308 -0.00105345
internal_weight=16209 1814 1467 880 687 529 276 587 253 14395 3075 2902 991 732
internal_count=16209 1814 1467 880 687 529 276 587 253 14395 3075 2902 991 732
is_linear=0
shrinkage=0.03


Tree=224
num_leaves=15
num_cat=0
split_feature=5 4 6 2 0 4 4 5 9 6 7 4 6 8
split_gain=1.25293 1.63253 1.69078 1.38844 3.51 2.31059 1.76011 2.43505 1.84654 1.41709 1.36701 1.22225 1.14692 1.66347
threshold=0.84712755598831568 0.9194594594594595 0.97315315315315332 0.64888572783309639 0.84712755598831568 0.93239382974671503 0.43951219512195122 0.89851963098047638 -0.53774928774928765 -0.27165775401069514 0.097167584579071611 -0.96521476104053228 0.93700396825396837 0.055050505050505023
decision_type=2 2 2 2 2 2 2 2 2 2 2 2 2 2
left_child=1 2 11 6 5 -5 -2 -8 -9 -10 -3 -1 -13 -14
right_child=3 10 -4 4 -6 -7 7 8 9 -11 -12 12 13 -15
leaf_value=-0.0021091917309806578 0.00076019881631029726 3.9286152226850391e-05 -0.0025554387928552434 0.0041045544542732456 -0.0032992373822329966 -0.00091592407738789908 -0.0048638551564448894 0.0014166484703888693 -0.0044712139587750688 -0.00026861552445106948 0.0045190297410213692 0.00012634675078064384 0.0045866862289403792 -3.2405540770427751e-05
leaf_weight=206 225 110 204 202 143 130 211 171 141 141 129 13982 118 155
leaf_count=206 225 110 204 202 143 130 211 171 141 141 129 13982 118 155
internal_value=5.29297e-05 0.000132761 9.17985e-05 -0.000813983 0.000488975 0.0021694 -0.00150786 -0.00227628 -0.000992011 -0.00245108 0.0025416 0.000130883 0.00016471 0.00205565
internal_weight=16268 14904 14665 1364 475 332 889 664 453 282 239 14461 14255 273
internal_count=16268 14904 14665 1364 475 332 889 664 453 282 239 14461 14255 273
is_linear=0
shrinkage=0.03


Tree=225
num_leaves=15
num_cat=0
split_feature=1 9 1 5 5 5 8 8 3 8 8 1 5 0
split_gain=1.21187 1.05564 0.883918 2.96087 1.54724 2.4971 1.53447 1.48367 1.45006 1.66112 1.77062 1.47992 1.38088 1.76796
threshold=0.98876404494382031 0.11200716845878135 -0.36489262371615311 0.97036874451273059 0.41795166858458005 0.37771377935312361 0.61781229345670863 -0.6557112068965516 0.89851963098047638 0.4709263015551049 0.39305778491171756 0.71852992957746487 0.61152570480928703 -0.73105625717566014
decision_type=2 2 2 2 2 2 2 2 2 2 2 2 2 2
left_child=2 -2 3 4 5 -1 7 -4 9 10 -9 -11 13 -6
right_child=1 -3 6 -5 12 -7 -8 8 -10 11 -12 -13 -14 -15
leaf_value=0.00035726949772772352 -0.0040041525125384505 -0.00012142311475943518 0.00038962711041229435 0.0044383942969520949 -0.0050677814061502709 0.0047197282065569264 0.00054551929106047851 -0.00045704603496631539 -0.0026300478543183118 -0.002475761591213382 0.00156962330103572 0.00065407148846315978 2.1092871082851623e-05 -0.00092704023817095059
leaf_weight=3043 123 121 1779 138 107 113 1925 5805 287 604 406 170 1166 483
leaf_count=3043 123 121 1779 138 107 113 1925 5805 287 604 406 170 1166 483
internal_value=-0.000103262 -0.00215929 -7.06316e-05 0.000257509 0.000131271 0.000527881 -0.000221704 -0.000385302 -0.000575154 -0.000487083 -0.000322257 -0.00178876 -0.000580496 -0.00174994
internal_weight=16270 244 16026 5050 4912 3156 10976 9051 7272 6985 6211 774 1756 590
internal_count=16270 244 16026 5050 4912 3156 10976 9051 7272 6985 6211 774 1756 590
is_linear=0
shrinkage=0.03


Tree=226
num_leaves=15
num_cat=0
split_feature=8 7 4 6 0 8 3 9 9 9 2 4 0 2
split_gain=1.09056 1.53534 1.72131 2.57663 2.0521 1.42386 1.69429 1.42338 1.5878 1.24774 1.21923 1.69917 1.19337 0.980224
threshold=0.86949116457313191 0.1564382530120482 0.79361054766734296 -0.64631422189128795 1.0000000180025095e-35 0.82807881773399028 0.25824574121058358 0.47885646217986894 -0.26953601953601952 0.96396103896103902 -0.18245838668373873 -0.13938769502502205 0.79361054766734296 -1.0000000180025095e-35
decision_type=2 2 2 2 2 2 2 2 2 2 2 2 2 2
left_child=5 -2 3 -3 -5 9 -7 8 -4 -1 -11 -12 13 -6
right_child=1 2 7 4 12 6 -8 -9 -10 10 11 -13 -14 -15
leaf_value=-4.9891389036102819e-05 -0.003369603413960187 -0.0048648875490635221 0.00014728898023206151 -0.0032106000853858608 0.00021354423277080057 0.0038115179108291711 -0.00039208896960948875 -0.0013498187798034885 0.0053321410417556756 0.0042934030434116722 -0.0023209973009698818 0.0024300225086797797 -0.00090707259097068404 0.0041869443604433589
leaf_weight=14448 181 132 104 151 110 183 153 105 100 104 103 160 195 106
leaf_count=14448 181 132 104 151 110 183 153 105 100 104 103 160 195 106
internal_value=-2.9807e-05 -0.000902727 -0.000428689 -0.00125335 -0.00033487 3.89593e-05 0.00194137 0.00140469 0.00281928 -5.46716e-06 0.00169835 0.000552495 0.000772829 0.00226244
internal_weight=16335 1184 1003 694 562 15151 336 309 204 14815 367 263 411 216
internal_count=16335 1184 1003 694 562 15151 336 309 204 14815 367 263 411 216
is_linear=0
shrinkage=0.03


Tree=227
num_leaves=15
num_cat=0
split_feature=6 6 9 4 6 9 7 8 3 3 1 9 2 3
split_gain=1.1895 2.44246 2.14408 2.81276 2.13516 1.57737 1.95781 2.49963 1.66014 1.61421 1.39259 1.38679 1.47073 2.25005
threshold=0.47885646217986894 0.58939234281700037 -0.64140834290088011 0.89237451737451745 0.81438415159345401 0.81438415159345401 0.44676113360323894 0.12922201138519931 -0.051956815114709891 -0.32230727173318752 0.23395061728395064 -0.019237883832778409 -0.093541666666666676 0.39305778491171756
decision_type=2 2 2 2 2 2 2 2 2 2 2 2 2 2
left_child=-1 11 4 5 -3 6 8 -8 9 -4 -10 -2 -13 -14
right_child=1 2 3 -5 -6 -7 7 -9 10 -11 -12 12 13 -15
leaf_value=0.00013359995359351728 -0.0031654436340569658 0.00033406348331327889 0.00018895619980009671 0.0038605771934532595 -0.0031707393795195227 0.0019133826355198183 0.00064925880734410118 -0.0031949065269708827 0.0032498317351846414 -0.0025760606854654303 0.00034625133135855274 -0.0024836731811341524 0.0027375837450953904 -0.0025950212348013731
leaf_weight=11894 386 273 830 174 351 336 247 375 238 236 378 235 173 107
leaf_count=11894 386 273 830 174 351 336 247 375 238 236 378 235 173 107
internal_value=-2.15394e-05 -0.000446135 -7.99257e-05 0.000274261 -0.0016563 2.42139e-05 -0.000258368 -0.00168225 0.000275009 -0.000441438 0.00150208 -0.00182728 -0.000783123 0.000680553
internal_weight=16233 4339 3438 2814 624 2640 2304 622 1682 1066 616 901 515 280
internal_count=16233 4339 3438 2814 624 2640 2304 622 1682 1066 616 901 515 280
is_linear=0
shrinkage=0.03


Tree=228
num_leaves=15
num_cat=0
split_feature=9 3 7 5 1 7 6 2 3 5 6 2 5 1
split_gain=1.20192 0.884206 1.97584 2.99318 2.18936 1.84786 1.09142 1.26688 1.01488 1.8751 2.1556 1.09719 0.959162 0.947926
threshold=-0.96521476104053228 0.84712755598831568 -0.16172624237140362 0.37771377935312361 -0.83584100606332801 0.62583333333333346 0.44676113360323894 0.49274752995585464 0.77096018735363003 0.74050024050024055 -0.21261798310978638 0.97036874451273059 0.73152530032763019 0.12158167036215818
decision_type=2 2 2 2 2 2 2 2 2 2 2 2 2 2
left_child=-1 8 3 -3 -4 13 7 -7 11 10 -10 -2 -9 -6
right_child=1 2 4 -5 5 6 -8 12 9 -11 -12 -13 -14 -15
leaf_value=0.0023233634616475572 1.9286227008142303e-05 0.00058346020456935674 -0.0036495755807778169 -0.0049195011548165768 0.00033962601361348809 0.0024566287998565518 -0.0029790695753274827 0.0006355843907294911 0.0042075745122159879 -0.001394454177665508 4.334669371354415e-05 0.0024300534740296126 -0.0032144348078238017 0.0033350351193298894
leaf_weight=199 13990 151 119 200 169 127 127 118 234 163 207 162 100 215
leaf_count=199 13990 151 119 200 169 127 127 118 234 163 207 162 100 215
internal_value=6.29666e-05 3.35698e-05 -0.000705528 -0.00260155 -3.47889e-06 0.000539687 -0.000713293 0.000181198 0.000100419 0.00129449 0.00229724 4.8579e-05 -0.001194 0.00205882
internal_weight=16281 16082 1326 351 975 856 472 345 14756 604 441 14152 218 384
internal_count=16281 16082 1326 351 975 856 472 345 14756 604 441 14152 218 384
is_linear=0
shrinkage=0.03


Tree=229
num_leaves=15
num_cat=0
split_feature=6 9 6 3 4 5 3 0 0 3 4 3 6 9
split_gain=1.53959 1.72157 1.71776 1.94989 1.93534 1.64511 1.54536 1.81431 3.31644 1.65732 1.77914 1.65436 1.47592 2.32657
threshold=-0.49055258467023172 0.80123456790123471 -0.41101055806938153 -0.43308457711442783 0.37771377935312361 0.73152530032763019 -0.48255578093306278 -0.047065337763012187 -0.74625530963559117 -0.16903096903096895 0.94904251866277189 -0.73969508752117441 -0.73969508752117441 0.64188317670904749
decision_type=2 2 2 2 2 2 2 2 2 2 2 2 2 2
left_child=1 6 3 -2 -5 -3 7 8 -1 -8 12 -10 -11 -14
right_child=2 5 -4 4 -6 -7 9 -9 11 10 -12 -13 13 -15
leaf_value=-0.0008644987510419205 -0.0013927169758360832 -0.0011253922053491433 6.471712817753377e-05 0.0012792895100375806 0.0054028565550222991 -0.0054873910702072674 -0.0022407027645812184 -0.0018572719541208988 0.0011853840306225256 0.00065012408178490792 -0.0033118172273241789 0.0059741782074243842 -0.001239606461782993 0.0029862214482961691
leaf_weight=218 140 274 11622 353 140 103 461 144 117 1196 156 155 1142 121
leaf_count=218 140 274 11622 353 140 103 461 144 117 1196 156 155 1142 121
internal_value=-1.99212e-05 -0.000523418 0.000148283 0.0016577 0.00253441 -0.00242813 -0.000323859 0.00101422 0.00187835 -0.000602046 -0.000305731 0.00402937 -0.000102382 -0.000814479
internal_weight=16342 4087 12255 633 493 377 3710 634 490 3076 2615 272 2459 1263
internal_count=16342 4087 12255 633 493 377 3710 634 490 3076 2615 272 2459 1263
is_linear=0
shrinkage=0.03


Tree=230
num_leaves=15
num_cat=0
split_feature=0 7 9 2 6 6 3 8 5 3 5 8 8 7
split_gain=0.896391 1.04145 1.55511 1.6269 1.13787 1.61888 3.23011 1.12945 0.879242 0.848375 0.888732 2.67224 1.48413 1.66608
threshold=0.83584100606332823 0.61152570480928703 0.57223113964687011 0.50280898876404501 0.2022727272727273 -0.58044603743528456 0.57223113964687011 0.52586975914362188 0.85524707525755206 0.96693989071038255 0.84712755598831568 -0.90143695608176466 -0.14729990356798459 0.74050024050024055
decision_type=2 2 2 2 2 2 2 2 2 2 2 2 2 2
left_child=9 4 3 -3 5 -2 -7 -6 -4 10 -1 -12 -13 -14
right_child=1 2 8 -5 7 6 -8 -9 -10 -11 11 12 13 -15
leaf_value=-1.2703518483138576e-05 0.0024299524768964568 0.00016459355634315735 0.0021521347463047797 -0.0044603860697445029 0.00085602108026714113 -0.0042532571755991488 0.0017944235296521571 0.0040788999573256489 -0.0011471264179457317 -0.0021205251590676001 -0.0050447403261065487 0.0010579079344578378 -0.0024255783155565443 0.0014851997029036283
leaf_weight=13586 191 147 214 117 202 138 163 193 100 175 115 375 366 125
leaf_count=13586 191 147 214 117 202 138 163 193 100 175 115 375 366 125
internal_value=-3.1183e-05 0.000673989 -0.000314173 -0.00197309 0.00131423 0.000337398 -0.00102587 0.00249258 0.00109844 -0.000101669 -7.59779e-05 -0.000943303 -0.000347284 -0.00142019
internal_weight=16207 1465 578 264 887 492 301 395 314 14742 14567 981 866 491
internal_count=16207 1465 578 264 887 492 301 395 314 14742 14567 981 866 491
is_linear=0
shrinkage=0.03


Tree=231
num_leaves=15
num_cat=0
split_feature=5 3 6 9 4 3 5 7 5 9 6 4 7 2
split_gain=0.825284 2.05864 1.62704 2.63103 1.62478 1.61146 1.56293 1.51745 1.45685 1.34992 1.75909 1.31097 1.48189 2.47977
threshold=0.61152570480928703 0.94904251866277189 -0.63019943019943014 0.78516483516483537 0.2022727272727273 0.77096018735363003 0.64888572783309639 0.86949116457313191 0.47885646217986894 0.32449982449982456 0.21913109756097562 0.073622402890695673 0.038218111002921169 0.29073091057574524
decision_type=2 2 2 2 2 2 2 2 2 2 2 2 2 2
left_child=1 5 3 -2 -4 8 -6 11 -1 10 -10 -7 13 -13
right_child=2 -3 4 -5 6 7 -8 -9 9 -11 -12 12 -14 -15
leaf_value=-3.0242283654348825e-05 5.7418424899940788e-06 -0.0033043156016554515 -0.0011630799865279665 -0.0047223050841130312 0.0035303063182484198 0.0034143472256381873 0.00088968500821206512 -0.0019942061804150315 -0.0018395940286220997 -0.0031752767039642457 0.0013857475131646879 0.0021482036148189709 0.0026170798694406124 -0.0041653655466299304
leaf_weight=11186 903 166 294 110 220 266 1777 100 367 239 246 103 177 102
leaf_count=11186 903 166 294 110 220 266 1777 100 367 239 246 103 177 102
internal_value=2.61818e-05 -8.18511e-05 0.00044865 -0.000548812 0.000890161 -3.74644e-05 0.00119673 0.00130424 -0.000121847 -0.00131023 -0.000543781 0.00183584 0.000677602 -0.00104081
internal_weight=16256 12952 3304 1013 2291 12786 1997 748 12038 852 613 648 382 205
internal_count=16256 12952 3304 1013 2291 12786 1997 748 12038 852 613 648 382 205
is_linear=0
shrinkage=0.03


Tree=232
num_leaves=15
num_cat=0
split_feature=9 5 5 9 1 2 7 4 8 6 1 8 8 4
split_gain=0.904577 1.65116 1.73468 2.04341 1.53018 1.21648 1.35133 2.74396 1.60127 1.34155 1.24568 1.83063 2.75695 1.76975
threshold=-0.30886644219977549 0.93239382974671503 -0.66479400749063666 -0.58863819500402892 -0.084541556054727393 0.96693989071038255 -0.8171368861024032 0.57223113964687011 -0.82554347826086938 -0.29679679679679671 0.36055555555555568 -0.63911657559198531 -0.46495250573206681 0.84712755598831568
decision_type=2 2 2 2 2 2 2 2 2 2 2 2 2 2
left_child=1 2 3 -1 -3 6 7 9 -8 -4 13 -12 -13 -10
right_child=-2 4 5 -5 -6 -7 8 -9 10 -11 11 12 -14 -15
leaf_value=0.0029855923786166715 0.0001573050816968066 0.003491389384073893 -0.0027647651423838861 -0.00061853425342286062 -0.00061613188162949436 0.002122290369068728 -0.0026409192006893656 0.0048738731218403893 -8.7546819047889114e-05 0.00097091642487794148 0.0021001635839868532 -0.0063468983847843972 -0.0013503267628312251 -0.0028310925858737583
leaf_weight=265 10744 181 131 286 138 131 410 104 2416 215 104 104 867 222
leaf_count=265 10744 181 131 286 138 131 410 104 2416 215 104 104 867 222
internal_value=-3.55127e-06 -0.000313332 -0.000441655 0.00113717 0.00174975 -0.000628609 -0.000711871 0.000835317 -0.00088235 -0.000481392 -0.000681592 -0.00153766 -0.00194473 -0.000328249
internal_weight=16318 5574 5255 551 319 4704 4573 450 4123 346 3713 1075 971 2638
internal_count=16318 5574 5255 551 319 4704 4573 450 4123 346 3713 1075 971 2638
is_linear=0
shrinkage=0.03


Tree=233
num_leaves=15
num_cat=0
split_feature=8 4 4 1 0 3 5 1 5 0 0 1 4 2
split_gain=1.14131 1.87166 1.54467 1.47697 1.40152 1.29664 1.76423 2.07678 1.71676 1.23261 1.67464 2.14135 1.59098 1.27692
threshold=0.92749178532311072 -0.32230727173318752 0.54076207354895889 0.86402157164869031 0.74050024050024055 -0.88433667781493852 -0.014709063378758378 -0.073622402890695535 0.59508740204942756 0.61152570480928703 0.57223113964687011 1.0000000180025095e-35 -0.54487917146144982 0.37011669203450032
decision_type=2 2 2 2 2 2 2 2 2 2 2 2 2 2
left_child=5 -2 -3 4 -4 6 7 -1 -8 10 -7 -12 13 -11
right_child=1 2 3 -5 -6 9 8 -9 -10 12 11 -13 -14 -15
leaf_value=0.002669302997562815 0.0024682318420911377 -0.0035611224763266655 0.0031586033486329561 -0.0029891128166321108 -0.001235167276252933 1.9238424102887785e-05 -0.0039156111115869838 -0.001922291802551002 -0.00022988011775829637 0.00011361821311676735 -0.0047026179422354018 0.00035552319322180531 0.00096522358082993067 -0.0031969518427305095
leaf_weight=177 100 251 113 131 131 11582 256 159 201 336 145 144 2411 142
leaf_count=177 100 251 113 131 131 11582 256 159 201 336 145 144 2411 142
internal_value=-2.09828e-05 -0.00117536 -0.00178706 -0.000537962 0.000843896 3.36229e-05 -0.00114043 0.000503735 -0.00233417 9.74298e-05 -3.79718e-05 -0.0022547 0.000652012 -0.000915215
internal_weight=16279 726 626 375 244 15553 793 336 457 14760 11871 289 2889 478
internal_count=16279 726 626 375 244 15553 793 336 457 14760 11871 289 2889 478
is_linear=0
shrinkage=0.03


Tree=234
num_leaves=15
num_cat=0
split_feature=7 2 0 8 8 6 2 5 2 1 6 7 1 5
split_gain=1.10868 1.3616 1.04436 1.01711 0.70022 0.671193 1.11363 1.02129 0.686246 1.20725 0.840483 3.00974 0.942327 1.97761
threshold=0.96396103896103902 0.79361054766734296 -0.96799795186891957 -0.093541666666666676 0.64888572783309639 0.97036874451273059 -0.52056338028169002 0.54076207354895889 -0.93984622342831292 -0.70473174366616986 0.93700396825396837 -0.06580086580086579 -0.90143695608176466 0.98876404494382031
decision_type=2 2 2 2 2 2 2 2 2 2 2 2 2 2
left_child=2 3 -1 -2 -5 8 -7 -8 9 -4 12 -12 -10 -14
right_child=1 -3 5 4 -6 6 7 -9 10 -11 11 -13 13 -15
leaf_value=0.0025767596378508542 0.0045871514336474888 -0.0011276917604972486 -0.0028388722101633903 -0.00058916847149913134 0.0027378033005085812 -0.0038279736823344651 -0.0021709031004157843 0.0018117074623797871 0.0012117006770639034 0.0009923746840920576 0.0050950596777312009 -0.00094247398769634007 -5.6499916559970305e-05 -0.0034857377117755366
leaf_weight=125 116 128 190 107 105 103 103 109 506 111 116 175 14107 143
leaf_count=125 116 128 190 107 105 103 103 109 506 111 116 175 14107 143
internal_value=-8.11554e-06 0.00143406 -5.0651e-05 0.00243756 0.00110772 -7.325e-05 -0.0014224 -0.000133869 -4.46521e-05 -0.00143954 -1.58112e-05 0.00155355 -4.77915e-05 -9.33329e-05
internal_weight=16244 456 15788 328 212 15663 315 212 15348 301 15047 291 14756 14250
internal_count=16244 456 15788 328 212 15663 315 212 15348 301 15047 291 14756 14250
is_linear=0
shrinkage=0.03


Tree=235
num_leaves=15
num_cat=0
split_feature=4 8 3 3 8 0 2 0 4 0 5 0 3 0
split_gain=1.69339 2.26651 1.88581 3.24906 1.49038 1.40103 0.940569 0.948842 1.29838 1.74576 1.2264 1.02488 0.732466 1.94571
threshold=0.92749178532311072 0.9194594594594595 0.70209762000806786 0.93239382974671503 0.32958801498127338 -0.78247535596933171 -0.96521476104053228 0.98876404494382031 0.84712755598831568 -0.84344362745098034 0.88303693570451447 0.41795166858458005 0.097167584579071611 0.12158167036215818
decision_type=2 2 2 2 2 2 2 2 2 2 2 2 2 2
left_child=6 2 4 -4 5 -2 -1 8 12 -10 11 -11 -8 -14
right_child=1 -3 3 -5 -6 -7 7 -9 9 10 -12 -13 13 -15
leaf_value=-0.0021025040222461527 0.0010256910154069036 0.0050850823564705114 -0.0044897506580298847 0.0021976544320323438 -0.00065005933289371783 0.0056042777422848052 0.00032139668927978722 0.0023522785454876943 0.0019786330561895491 -0.0014211160171353136 0.00019462607381556997 -0.0049161287375654164 -0.00068862479873821715 0.00035804331615938302
leaf_weight=166 123 124 124 119 116 119 8192 157 108 169 141 146 2859 3600
leaf_count=166 123 124 124 119 116 119 8192 157 108 169 141 146 2859 3600
internal_value=0.000144906 0.00155202 0.000751771 -0.00125743 0.00211267 0.00341019 7.82949e-05 0.000103197 7.8459e-05 -0.0013213 -0.00212856 -0.00314245 0.000133208 -0.0001056
internal_weight=16263 725 601 243 358 242 15538 15372 15215 564 456 315 14651 6459
internal_count=16263 725 601 243 358 242 15538 15372 15215 564 456 315 14651 6459
is_linear=0
shrinkage=0.03


Tree=236
num_leaves=15
num_cat=0
split_feature=1 5 9 5 1 2 9 2 9 6 8 9 7 7
split_gain=1.33572 1.57712 1.10272 0.861498 0.845785 0.74166 0.785473 0.662805 0.737877 1.52226 1.22426 0.881585 1.44672 1.0413
threshold=0.96850198412698418 0.28330047873838354 -0.06580086580086579 -0.96799795186891957 0.96396103896103902 0.98876404494382031 -0.96521476104053228 0.96693989071038255 0.93239382974671503 0.30816714150047492 -0.032795698924731158 0.86949116457313191 0.72524509803921589 0.83584100606332823
decision_type=2 2 2 2 2 2 2 2 2 2 2 2 2 2
left_child=3 -2 -3 -1 5 6 -5 8 11 10 -10 13 -13 -8
right_child=1 2 -4 4 -6 -7 7 -9 9 -11 -12 12 -14 -15
leaf_value=-0.0023754260549552087 0.0012143335220469902 -0.00074606855407417295 -0.0047103303112953354 0.0019323054956332008 0.0025601414520617411 -0.0019754613746318299 2.8186439528606769e-05 0.0019742001536242485 0.0016462218748744238 0.0028248834011955532 -0.0015979329196241206 -0.0022695580662102101 0.0016868887555531481 -0.00094979104637392614
leaf_weight=129 103 114 145 177 105 163 13104 138 177 233 228 352 100 1049
leaf_count=129 103 114 145 177 105 163 13104 138 177 233 228 352 100 1049
internal_value=-6.53902e-05 -0.00184246 -0.00305804 -2.39419e-05 -3.28667e-06 -2.20243e-05 -3.02488e-07 -2.37834e-05 -4.31543e-05 0.000947503 -0.000174613 -8.70485e-05 -0.00137667 -4.49193e-05
internal_weight=16317 362 259 15955 15826 15721 15558 15381 15243 638 405 14605 452 14153
internal_count=16317 362 259 15955 15826 15721 15558 15381 15243 638 405 14605 452 14153
is_linear=0
shrinkage=0.03


Tree=237
num_leaves=15
num_cat=0
split_feature=4 1 1 3 1 3 6 3 4 0 0 7 8 7
split_gain=0.812059 1.46533 2.12812 0.814492 1.60625 1.83343 1.56655 1.43909 2.61357 2.23353 2.18775 2.22249 1.7397 1.72918
threshold=0.96850198412698418 -0.53752345215759834 0.64232409381663125 0.77096018735363003 -0.8767331433998099 0.78516483516483537 0.77096018735363003 0.088421444527177942 0.86402157164869031 0.25824574121058358 -0.73969508752117441 0.71852992957746487 0.92749178532311072 0.51765683423348574
decision_type=2 2 2 2 2 2 2 2 2 2 2 2 2 2
left_child=3 -2 -3 7 -5 -6 -7 10 12 -10 11 13 -9 -1
right_child=1 2 -4 4 5 6 -8 8 9 -11 -12 -13 -14 -15
leaf_value=-0.00093396852083884848 0.00077655670530653211 -0.0056999076043936503 0.00013284718401023539 -0.0026147493190633564 0.0045455031258474403 0.00087233302714139426 -0.0024101226031780242 -0.00047274589957591138 0.005070574709688247 -0.00058041243067334506 0.00037288160311590198 0.0031076639948243445 -0.0032311148302369684 -0.004578878585589744
leaf_weight=1017 159 109 106 120 103 1462 134 5049 130 111 7371 100 205 124
leaf_count=1017 159 109 106 120 103 1462 134 5049 130 111 7371 100 205 124
internal_value=-2.12283e-05 -0.00138448 -0.00294613 1.16345e-05 0.000607294 0.000848835 0.000583447 -6.55475e-05 -0.000444443 0.00254841 0.000176447 -0.000983943 -0.000586305 -0.00136643
internal_weight=16300 374 215 15926 1819 1699 1596 14107 5495 241 8612 1241 5254 1141
internal_count=16300 374 215 15926 1819 1699 1596 14107 5495 241 8612 1241 5254 1141
is_linear=0
shrinkage=0.03


Tree=238
num_leaves=15
num_cat=0
split_feature=4 1 1 2 4 4 2 9 4 9 3 0 5 3
split_gain=1.47373 1.53902 1.99172 1.13439 1.44966 1.11738 1.33642 1.52004 1.01395 1.85154 2.54568 1.08678 0.989519 0.962224
threshold=0.96396103896103902 -0.53752345215759834 0.50910294604435635 0.97036874451273059 0.93700396825396837 0.92749178532311072 -0.94904251866277167 -0.37284167398302598 0.84712755598831568 0.4709263015551049 0.2022727272727273 0.23395061728395064 0.61781229345670863 0.50280898876404501
decision_type=2 2 2 2 2 2 2 2 2 2 2 2 2 2
left_child=3 13 -3 4 5 6 7 -1 -8 10 -10 -12 -5 -2
right_child=1 2 -4 12 -6 -7 8 -9 9 -11 11 -13 -14 -15
leaf_value=-0.0047329547422889024 0.0054596501441094387 -0.0028278383813103878 0.0022704956792533419 0.00022155097140855488 -0.0029744921664574316 0.0029394518536252851 7.934874896675381e-05 0.00015311307576109444 -0.0028428875230897903 -0.0038543493333522095 0.0038860860822937829 -5.9990896510758568e-05 0.0038497437216168224 0.0013059194274947245
leaf_weight=104 106 108 156 145 137 107 14641 114 169 158 111 130 119 103
leaf_count=104 106 108 156 145 137 107 14641 114 169 158 111 130 119 103
internal_value=7.36452e-05 0.00170622 0.000157728 2.41455e-05 -9.30787e-06 1.87399e-05 -3.40883e-06 -0.00228321 3.07477e-05 -0.00120171 -0.000112046 0.00183991 0.0019378 0.0035657
internal_weight=16408 473 264 15935 15671 15534 15427 218 15209 568 410 241 264 209
internal_count=16408 473 264 15935 15671 15534 15427 218 15209 568 410 241 264 209
is_linear=0
shrinkage=0.03


Tree=239
num_leaves=15
num_cat=0
split_feature=2 4 6 4 2 8 8 8 3 8 4 5 6 8
split_gain=0.866809 1.4443 0.861952 1.3532 0.898675 0.721099 1.21834 1.13833 1.68432 1.06595 1.06077 1.01436 0.86396 0.761294
threshold=-0.94904251866277167 0.78516483516483537 0.97036874451273059 0.42444997924449984 -0.93495505023796921 -0.84344362745098034 -0.78247535596933171 -0.79887640449438191 0.42444997924449984 -0.93984622342831292 0.57223113964687011 -0.16172624237140362 0.59508740204942756 -0.6557112068965516
decision_type=2 2 2 2 2 2 2 2 2 2 2 2 2 2
left_child=1 -1 4 -4 -2 9 7 8 11 10 -6 -7 -11 -8
right_child=2 -3 3 -5 5 6 13 -9 -10 12 -12 -13 -14 -15
leaf_value=-0.0033857904964610516 0.0023040393952994723 0.00098305719169346911 -0.0035297900944376115 0.00032923071408284859 -0.0023797623731994203 0.0001603690562028009 0.00072803947508225054 -0.0040450023265792001 0.0021760135159016617 0.00079201083694492103 0.00093269058928958004 -0.0037071552217405822 0.0033962881025730329 -0.00012840726015584043
leaf_weight=169 136 104 153 161 165 103 997 117 114 654 165 137 132 12905
leaf_count=169 136 104 153 161 165 103 997 117 114 654 165 137 132 12905
internal_value=-9.97219e-05 -0.00174554 -7.04559e-05 -0.00160203 -3.86724e-05 -6.07157e-05 -0.000117914 -0.00160233 -0.000706056 0.000670453 -0.000744816 -0.00210732 0.00126654 -6.65069e-05
internal_weight=16212 273 15939 314 15625 15489 14373 471 354 1116 330 240 786 13902
internal_count=16212 273 15939 314 15625 15489 14373 471 354 1116 330 240 786 13902
is_linear=0
shrinkage=0.03


Tree=240
num_leaves=15
num_cat=0
split_feature=2 2 5 6 9 0 0 6 1 9 2 2 2 3
split_gain=0.921058 1.61367 1.08227 2.69712 1.67518 1.70227 2.00891 2.40277 2.43804 2.15134 1.7563 1.3913 1.61231 0.99135
threshold=0.96693989071038255 0.98876404494382031 0.77913279132791335 0.94904251866277189 -0.90143695608176466 -0.3797960174842156 0.088421444527177942 -0.77388922702373697 0.36055555555555568 -0.13423734983618493 -0.6795061728395061 -0.019237883832778409 0.54076207354895889 0.79361054766734296
decision_type=2 2 2 2 2 2 2 2 2 2 2 2 2 2
left_child=2 -2 -1 4 -4 10 9 -8 -9 -7 -6 -12 -13 -3
right_child=1 13 3 -5 5 6 7 8 -10 -11 11 12 -14 -15
leaf_value=-2.8104657162870729e-05 0.0034253692662831944 0.0016732239518619952 0.0016970652860722371 0.0031862002865278294 0.00034478667257137075 0.0048024642601270573 -0.0048203092063499606 0.00090901543231264336 -0.0030508202900858344 -0.001065642056251023 -0.0062664512024937771 0.00045944766929516425 -0.0041710442337948321 -0.0020469572019880555
leaf_weight=14089 173 112 158 130 119 100 141 370 212 109 129 107 166 127
leaf_count=14089 173 112 158 130 119 100 141 370 212 109 129 107 166 127
internal_value=-7.87411e-05 0.0013046 -0.000115546 -0.000818958 -0.00115982 -0.00147995 -0.000698793 -0.00144573 -0.000560568 0.00183315 -0.00283787 -0.0037655 -0.00240406 -0.000306425
internal_weight=16242 412 15830 1741 1611 1453 932 723 582 209 521 402 273 239
internal_count=16242 412 15830 1741 1611 1453 932 723 582 209 521 402 273 239
is_linear=0
shrinkage=0.03


Tree=241
num_leaves=15
num_cat=0
split_feature=7 0 6 4 6 4 3 1 3 7 3 5 6 4
split_gain=0.950105 2.37205 3.80518 2.12 1.55961 1.51495 1.4499 2.33461 2.32294 2.28095 2.09119 1.72438 1.41 1.39338
threshold=0.82070417145044017 -0.8171368861024032 -0.72264957264957252 0.76293487957181094 -0.73969508752117441 0.49274752995585464 0.12158167036215818 -0.11378020713463753 0.62583333333333346 0.48683298683298687 0.86402157164869031 0.62583333333333346 -0.64631422189128795 1.0000000180025095e-35
decision_type=2 2 2 2 2 2 2 2 2 2 2 2 2 2
left_child=4 -2 -3 5 6 13 9 8 -8 -1 11 -10 -6 -4
right_child=1 2 3 -5 12 -7 7 -9 10 -11 -12 -13 -14 -15
leaf_value=0.0004083901969249514 0.004814502159695558 -0.0037539625007856907 -0.00012184637596017155 0.0035826785958095173 -0.001509774046606362 -0.0018105255059756176 0.0021592013392893765 0.0031511155027071839 -0.00051920002913658512 -0.0041725396293287092 0.0013389829273949339 -0.0056775377531486908 -0.00012683974577207076 0.0022341037109273511
leaf_weight=589 106 169 512 212 692 220 331 415 124 107 163 104 12169 393
leaf_count=589 106 169 512 212 692 220 331 415 124 107 163 104 12169 393
internal_value=-9.54055e-06 0.000679529 0.000358651 0.000902505 -8.55455e-05 0.000370325 0.000730755 0.00138652 0.00034306 -0.000344988 -0.0012099 -0.00301182 -0.000202365 0.00091447
internal_weight=16306 1612 1506 1337 14694 1125 1833 1137 722 696 391 228 12861 905
internal_count=16306 1612 1506 1337 14694 1125 1833 1137 722 696 391 228 12861 905
is_linear=0
shrinkage=0.03


Tree=242
num_leaves=15
num_cat=0
split_feature=6 9 2 2 1 7 7 3 9 2 9 6 3 7
split_gain=0.839325 3.28099 2.17951 2.14895 1.87495 2.41193 2.32066 1.92124 1.81145 1.58694 1.55394 1.4985 1.84773 1.32884
threshold=-0.49055258467023172 0.81438415159345401 -0.75411605937921722 -0.32230727173318752 -0.5070478459400436 -0.35538545653362491 -0.78247535596933171 0.92749178532311072 0.64188317670904749 -0.54487917146144982 0.90786914235190108 -0.18953130345535404 -0.43308457711442783 0.10487038491751778
decision_type=2 2 2 2 2 2 2 2 2 2 2 2 2 2
left_child=1 2 -1 -4 5 6 -2 -6 -5 -8 -3 12 -7 -13
right_child=4 10 3 8 7 11 9 -9 -10 -11 -12 13 -14 -15
leaf_value=-0.0021867114164543706 0.0020023912942065064 -0.0050374873320487359 0.0016345084275503248 -0.00053260113557188581 -0.00019161835510795588 -6.226565638506734e-05 0.00012593273815373625 0.0020433669692861344 0.0021845419726975513 -0.003430467147751384 -0.00096254172342780391 0.002375884237437276 0.0040457980058221307 0.00018398532822285691
leaf_weight=417 189 181 642 2423 9687 138 199 349 233 249 161 350 332 813
leaf_count=417 189 181 642 2423 9687 138 199 349 233 249 161 350 332 813
internal_value=-5.90496e-05 -0.000432691 -0.000169933 9.09083e-05 6.43826e-05 0.000841005 -0.000716685 -0.000111941 -0.000286937 -0.00188247 -0.00320101 0.00144929 0.00286343 0.000858259
internal_weight=16363 4057 3715 3298 12306 2270 637 10036 2656 448 342 1633 470 1163
internal_count=16363 4057 3715 3298 12306 2270 637 10036 2656 448 342 1633 470 1163
is_linear=0
shrinkage=0.03


Tree=243
num_leaves=15
num_cat=0
split_feature=4 1 1 2 7 7 8 1 6 7 3 4 1 1
split_gain=1.17193 2.11141 2.45737 2.29744 2.05883 1.98727 2.52347 1.93301 1.72122 1.61309 1.14477 1.11957 1.11469 1.03835
threshold=0.82807881773399028 0.61781229345670863 0.96693989071038255 -0.93495505023796921 -0.2331050228310502 0.47885646217986894 0.82807881773399028 -0.46495250573206681 0.97036874451273059 -0.016133229247983379 0.96850198412698418 0.93700396825396837 0.40279123861213423 0.53456514813634926
decision_type=2 2 2 2 2 2 2 2 2 2 2 2 2 2
left_child=8 3 9 -2 7 11 -7 -5 10 -3 13 -6 -10 -1
right_child=1 2 -4 4 5 6 -8 -9 12 -11 -12 -13 -14 -15
leaf_value=-8.3365946480885853e-06 0.0038847375793480557 0.00054649943569009857 -0.00062940253402854571 0.0037454180479358141 -0.0016334879924044278 -0.0017200028230328981 0.0037756174895912406 -0.0012018117339066246 -0.0049134514876641331 0.0051348675675871591 -0.0023980713307911765 -0.0052997833453118795 -0.00084279781097874916 -0.00061748938257671676
leaf_weight=11190 104 102 173 147 200 211 104 123 102 221 196 125 143 3240
leaf_count=11190 104 102 173 147 200 211 104 123 102 221 196 125 143 3240
internal_value=-0.000139006 0.000654624 0.00223751 -0.000133939 -0.00063045 -0.00155108 0.000154769 0.00152925 -0.000219976 0.00374583 -0.000177249 -0.00315971 -0.00266374 -0.000145444
internal_weight=16381 1510 496 1014 910 640 315 270 14871 323 14626 325 245 14430
internal_count=16381 1510 496 1014 910 640 315 270 14871 323 14626 325 245 14430
is_linear=0
shrinkage=0.03


Tree=244
num_leaves=15
num_cat=0
split_feature=8 4 6 4 8 1 9 2 8 4 3 8 9 0
split_gain=1.17149 2.90603 2.30284 1.72168 1.00751 1.4314 1.45289 1.57617 0.899181 0.824792 0.781426 1.60999 1.32775 1.58178
threshold=0.92749178532311072 -0.29679679679679671 -0.63019943019943014 0.89237451737451745 -0.90143695608176466 0.38548951048951058 -0.22984244670991652 -0.2331050228310502 -0.86949116457313169 0.55863254392666173 -0.8171368861024032 0.22623655913978494 -0.093541666666666676 -0.3797960174842156
decision_type=2 2 2 2 2 2 2 2 2 2 2 2 2 2
left_child=4 -2 -3 -4 5 6 -1 -8 9 -6 11 -10 13 -13
right_child=1 2 3 -5 8 -7 7 -9 10 -11 -12 12 -14 -15
leaf_value=-0.0032749369177812087 0.0033145727968907778 -0.0051529519102740439 -0.0018555566585155246 0.0023118673263786312 0.0031866506965807779 0.0012666097432817202 -0.002661698561376043 0.0021570087514758197 -0.0014528641135152073 -0.00022091615087303676 0.00014315917409186171 0.0047505380205693651 -0.0010377950613271712 -8.3982428409775384e-05
leaf_weight=278 102 143 374 107 151 169 103 123 779 104 13441 110 184 123
leaf_count=278 102 143 374 107 151 169 103 123 779 104 13441 110 184 123
internal_value=2.15876e-06 -0.00116741 -0.00194077 -0.000900296 5.74257e-05 -0.00106932 -0.00186201 -5.8855e-05 0.000109029 0.001841 7.76191e-05 -0.000654019 0.000837383 0.00229998
internal_weight=16291 726 624 481 15565 673 504 226 14892 255 14637 1196 417 233
internal_count=16291 726 624 481 15565 673 504 226 14892 255 14637 1196 417 233
is_linear=0
shrinkage=0.03


Tree=245
num_leaves=15
num_cat=0
split_feature=4 9 8 7 8 5 0 5 0 9 0 9 8 8
split_gain=0.929397 1.62457 0.644065 2.05838 3.01124 2.25219 2.03841 2.02457 1.8257 1.74907 1.719 1.59898 2.30593 1.27569
threshold=-0.96521476104053228 0.30195644149132533 0.28330047873838354 0.06472559698366144 0.66249413237365062 0.14784456587735276 -0.83584100606332801 0.60232558139534897 0.57223113964687011 0.62583333333333346 0.66249413237365062 0.13867521367521365 0.47885646217986894 0.50280898876404501
decision_type=2 2 2 2 2 2 2 2 2 2 2 2 2 2
left_child=1 -1 8 4 9 -6 -5 -7 -2 10 11 -4 -13 -8
right_child=2 -3 3 6 5 7 13 -9 -10 -11 -12 12 -14 -15
leaf_value=-0.0044158653797905728 4.2310307302711035e-05 0.00065535097260134676 0.0027019425702858356 -0.0030748829056550129 0.00079392611541837161 -0.0048145413970510217 -0.00097992738884537453 0.00031290894300918878 -0.001087562801348568 0.0039382513846344435 -0.001164018685989287 0.0021593513572588561 -0.0026732544953426297 0.00033439792236215324
leaf_weight=105 8715 108 617 193 403 156 868 117 1500 268 208 204 142 2725
leaf_count=105 8715 108 617 193 403 156 868 117 1500 268 208 204 142 2725
internal_value=-6.9879e-06 -0.00193046 1.96154e-05 0.000268885 0.00101618 -0.00062913 -0.000150158 -0.00268366 -0.000124505 0.0017881 0.00126683 0.00179844 0.000156647 1.50436e-05
internal_weight=16329 213 16116 5901 2115 676 3786 273 10215 1439 1171 963 346 3593
internal_count=16329 213 16116 5901 2115 676 3786 273 10215 1439 1171 963 346 3593
is_linear=0
shrinkage=0.03


Tree=246
num_leaves=15
num_cat=0
split_feature=0 7 6 5 8 6 7 1 7 9 3 6 9 0
split_gain=0.645523 2.46289 0.74875 4.20547 1.38703 1.09452 1.98481 2.58558 2.49091 1.41287 2.1501 3.002 1.42578 1.05576
threshold=-0.93984622342831292 -0.093541666666666676 -0.90143695608176466 0.86949116457313191 -0.57052441229656403 -0.73969508752117441 -0.46495250573206681 -0.13938769502502205 0.81438415159345401 -0.22984244670991652 0.75411605937921733 -0.84344362745098034 -0.78247535596933171 0.10487038491751778
decision_type=2 2 2 2 2 2 2 2 2 2 2 2 2 2
left_child=1 -1 3 4 -2 6 7 -4 9 12 11 -11 -8 -6
right_child=2 -3 5 -5 13 -7 8 -9 -10 10 -12 -13 -14 -15
leaf_value=0.004077354855477236 0.0032299070211073348 -0.00096972445910942034 -0.0032113002474216043 -0.0055286228880286215 -0.0017500881356445242 -6.5887176289855206e-05 0.00051611070377895467 0.0021225799813263994 -0.0025093205616576598 -0.0043280634422481583 0.004227223587867159 0.0016444479991256705 0.004661064614089102 0.0014213909541128896
leaf_weight=146 102 190 198 135 239 14093 107 126 110 103 120 220 260 143
leaf_count=146 102 190 198 135 239 14093 107 126 110 103 120 220 260 143
internal_value=-4.17856e-06 0.00127781 -3.1958e-05 -0.00104642 0.000290386 9.64087e-06 0.000858983 -0.00113557 0.00156607 0.00214337 0.000968413 -0.000332877 0.00349834 -0.000556886
internal_weight=16292 336 15956 619 484 15337 1244 324 920 810 443 323 367 382
internal_count=16292 336 15956 619 484 15337 1244 324 920 810 443 323 367 382
is_linear=0
shrinkage=0.03


Tree=247
num_leaves=15
num_cat=0
split_feature=1 3 0 8 3 8 8 1 2 2 5 0 8 0
split_gain=1.05598 1.64082 1.89646 1.6077 1.30407 1.31104 1.62616 1.18311 1.88628 1.16788 1.15581 2.77382 2.97131 2.64216
threshold=-0.90143695608176466 0.74050024050024055 -0.16172624237140362 0.61152570480928703 -0.8088714938030005 -0.64631422189128795 0.23395061728395064 0.61152570480928703 -0.73105625717566014 -0.79887640449438191 0.83584100606332823 -0.45129664769133454 0.10487038491751778 0.097167584579071611
decision_type=2 2 2 2 2 2 2 2 2 2 2 2 2 2
left_child=1 2 9 -4 5 -2 7 8 -7 -1 -6 12 -12 -13
right_child=4 -3 3 -5 10 6 -8 -9 -10 -11 11 13 -14 -15
leaf_value=0.001460684802258647 0.00075760788942148924 -0.0018712881174554725 -0.0022283346356101793 0.0022474744873987114 0.00015804584413557776 -0.0002251363814046437 4.7573189465593002e-05 0.00050881866869088768 -0.0042086959142885088 0.0051861527147617163 -0.00094795465366424706 0.0033349785635188693 -0.0063607131979162143 -0.00074473888023260577
leaf_weight=162 317 123 137 132 13025 155 401 101 344 153 275 179 130 576
leaf_count=162 317 123 137 132 13025 155 401 101 344 153 275 179 130 576
internal_value=4.49675e-05 0.00117054 0.00183191 -3.01929e-05 -7.08451e-06 -0.000906067 -0.00143521 -0.00241073 -0.00300005 0.00337409 7.70239e-05 -0.000826302 -0.00279679 0.000253456
internal_weight=16210 707 584 269 15503 1318 1001 600 499 315 14185 1160 405 755
internal_count=16210 707 584 269 15503 1318 1001 600 499 315 14185 1160 405 755
is_linear=0
shrinkage=0.03


Tree=248
num_leaves=15
num_cat=0
split_feature=6 1 1 3 2 8 8 2 1 2 5 9 2 5
split_gain=0.787085 1.56881 0.760941 2.41522 1.84567 1.17944 0.912306 0.866479 1.22525 0.828917 0.802503 0.821337 2.51806 1.58991
threshold=0.97315315315315332 0.29847345636819328 -0.90143695608176466 0.76293487957181094 -0.79887640449438191 0.1895313034553541 0.98876404494382031 0.97036874451273059 0.59508740204942756 -0.30320054477357838 0.97315315315315332 -0.88388945062352542 -0.11884584342211461 0.48683298683298687
decision_type=2 2 2 2 2 2 2 2 2 2 2 2 2 2
left_child=2 -2 3 4 5 -1 7 10 -9 -6 11 12 -4 -14
right_child=1 -3 6 -5 9 -7 -8 8 -10 -11 -12 -13 13 -15
leaf_value=-0.0022297322181745981 -0.0042210997948985028 0.00028349211030428745 -0.0031493709344377224 -0.0028182844830615841 0.0053179438197429275 0.0015955899764188806 -0.0019836911928135755 -0.00090021013756367294 0.0031599805858062969 0.0018615801647340632 -0.0018544215364722399 8.4652177742946258e-05 0.0023705836670872352 -0.0013805832047100095
leaf_weight=107 106 171 272 112 124 181 193 100 172 149 195 14014 200 188
leaf_count=107 106 171 272 112 124 181 193 100 172 149 195 14014 200 188
internal_value=2.98922e-05 -0.0015273 5.7776e-05 0.00103755 0.00184321 0.000147245 1.41263e-05 4.08847e-05 0.00168827 0.00356394 9.6344e-06 3.56515e-05 -0.000990531 0.000563988
internal_weight=16284 277 16007 673 561 288 15334 15141 272 273 14869 14674 660 388
internal_count=16284 277 16007 673 561 288 15334 15141 272 273 14869 14674 660 388
is_linear=0
shrinkage=0.03


Tree=249
num_leaves=15
num_cat=0
split_feature=1 5 5 8 4 5 7 7 2 0 4 5 7 8
split_gain=0.842615 2.84121 2.19276 1.12639 1.75665 1.36039 1.43109 2.44112 1.52627 1.42623 1.29278 2.42111 1.43493 1.38315
threshold=-0.36489262371615311 0.97036874451273059 0.97315315315315332 0.30816714150047492 0.25317269076305232 0.29847345636819328 0.073622402890695673 0.1564382530120482 0.70991117344553545 0.52586975914362188 0.47885646217986894 0.56574122577265595 0.58102025506376598 0.79361054766734296
decision_type=2 2 2 2 2 2 2 2 2 2 2 2 2 2
left_child=1 -1 3 -2 5 6 8 -8 -5 -9 12 13 -6 -12
right_child=2 -3 -4 4 10 -7 7 9 -10 -11 11 -13 -14 -15
leaf_value=0.00017181351925200103 -0.00033116176258988914 0.0043496249965237861 -0.0034080842549761604 0.0003345468934922688 0.0037944516957989028 -0.0028295694301409802 -0.0046411803096444116 -0.0010084762084684553 0.0036262588722533302 0.0012502195144301982 0.00027068582582137651 0.0015443001444575054 -3.1151475997029484e-06 -0.003437850869139491
leaf_weight=4967 7323 141 175 780 264 156 116 717 142 375 192 725 133 159
leaf_count=4967 7323 141 175 780 264 156 116 717 142 375 192 725 133 159
internal_value=-2.38083e-05 0.00029541 -0.000168791 -0.000114612 0.000307014 -0.000213781 -9.87524e-06 -0.000686877 0.000874982 -0.000228519 0.00111125 0.000560536 0.0025534 -0.00145795
internal_weight=16365 5108 11257 11082 3759 2286 2130 1208 922 1092 1473 1076 397 351
internal_count=16365 5108 11257 11082 3759 2286 2130 1208 922 1092 1473 1076 397 351
is_linear=0
shrinkage=0.03


Tree=250
num_leaves=15
num_cat=0
split_feature=0 2 7 7 4 0 8 8 9 4 6 2 4 6
split_gain=1.52375 1.5762 1.63401 1.52449 3.68642 2.48026 2.26042 1.79927 1.72527 1.70652 2.69796 1.70096 1.52247 2.50497
threshold=-0.94904251866277167 0.60232558139534897 -0.89403508771929807 -0.38688172043010749 0.70209762000806786 -0.63911657559198531 -0.11378020713463753 -0.014709063378758378 0.35538545653362491 -0.14729990356798459 -0.88433667781493852 0.72524509803921589 0.58102025506376598 -0.1270166453265045
decision_type=2 2 2 2 2 2 2 2 2 2 2 2 2 2
left_child=-1 -2 -3 4 5 -4 12 -8 11 -9 -11 -7 13 -5
right_child=1 2 3 6 -6 8 7 9 -10 10 -12 -13 -14 -15
leaf_value=0.0022623076735147091 9.466590343495009e-05 0.0029612875927070323 0.0029383289861129366 -0.0022222617098625543 -0.0062105382988473234 -0.0061338479947487543 -0.0045946813622039966 -0.0023684863143880902 0.00080352757898110303 -0.004584152289715252 0.00024696097417614238 -0.0013805857120172643 0.0027402244422094252 0.0022764526021785995
leaf_weight=249 12683 100 113 226 138 101 106 416 142 104 1182 195 271 201
leaf_count=249 12683 100 113 226 138 101 106 416 142 104 1182 195 271 201
internal_value=-2.03551e-05 -5.73207e-05 -0.000640859 -0.00076249 -0.00200213 -0.000856197 -0.000415061 -0.000973693 -0.00187889 -0.000722658 -0.000176092 -0.00314993 0.00102526 -0.000100966
internal_weight=16227 15978 3295 3195 689 551 2506 1808 438 1702 1286 296 698 427
internal_count=16227 15978 3295 3195 689 551 2506 1808 438 1702 1286 296 698 427
is_linear=0
shrinkage=0.03


Tree=251
num_leaves=15
num_cat=0
split_feature=9 0 0 4 9 9 1 2 5 2 3 5 1 6
split_gain=0.987695 1.47847 2.11952 1.45876 4.54131 1.76472 1.2762 2.33648 0.937119 1.67671 3.06205 1.66466 2.37352 1.62873
threshold=-0.83584100606332801 0.78516483516483537 0.43263412666397744 0.73152530032763019 -0.93984622342831292 -0.87420886075949356 -0.42514367816091952 0.1895313034553541 0.84712755598831568 0.64888572783309639 0.73152530032763019 0.93239382974671503 -0.49712643678160912 -0.86949116457313169
decision_type=2 2 2 2 2 2 2 2 2 2 2 2 2 2
left_child=1 2 3 5 -5 6 -1 -8 13 11 -11 -10 -13 -2
right_child=8 -3 -4 4 -6 -7 7 -9 9 10 -12 12 -14 -15
leaf_value=-0.0013758486341241296 0.0013696901542199157 0.0040336595142408359 -0.0034476746066521183 0.0034365946498140692 -0.0040154899535700672 0.0036884266915186851 -0.00077584562783333702 0.0040691229527609809 -0.0031791100520544842 0.0035542101390912367 -0.0017288147079567091 0.0024012669158258999 -0.0023324306443407153 -0.0001694796014935043
leaf_weight=192 639 100 107 115 170 221 177 166 379 167 214 154 218 13285
leaf_count=192 639 100 107 115 170 221 177 166 379 167 214 154 218 13285
internal_value=-9.83709e-05 0.000709299 0.000387388 0.000810632 -0.000993945 0.00149502 0.00053791 0.0016178 -0.000165746 -0.000991961 0.000618518 -0.00180639 -0.000361221 -9.79118e-05
internal_weight=16304 1248 1148 1041 285 756 535 343 15056 1132 381 751 372 13924
internal_count=16304 1248 1148 1041 285 756 535 343 15056 1132 381 751 372 13924
is_linear=0
shrinkage=0.03


Tree=252
num_leaves=15
num_cat=0
split_feature=1 4 8 9 4 7 9 4 7 7 9 3 8 3
split_gain=1.34553 2.1478 2.20954 1.16528 1.56451 1.11645 3.11725 1.3451 1.327 1.08383 2.38281 2.43479 2.36544 2.12402
threshold=-0.71256454388984503 0.97036874451273059 -0.89403508771929807 -0.85940202619224104 -0.051956815114709891 0.3228287841191067 0.35538545653362491 0.84712755598831568 0.71852992957746487 -0.55424836601307181 0.59508740204942756 0.088421444527177942 -0.6557112068965516 0.74625530963559139
decision_type=2 2 2 2 2 2 2 2 2 2 2 2 2 2
left_child=1 2 -1 4 -2 7 -7 -4 -8 10 12 -12 -5 -14
right_child=3 -3 5 9 -6 6 8 -9 -10 -11 11 -13 13 -15
leaf_value=-0.0032615794683292999 -0.0012160019904634018 0.0045403810509205712 0.00044195819677356153 0.0013487882080598275 0.0017922494729312184 0.002747289094010705 0.0008365879797090131 -0.0027710747098634862 -0.0032296326281298902 -0.00033041596931505701 0.0048953496261310639 0.00037481131399927316 -0.00034453689830131473 -0.0042924796523092163
leaf_weight=126 204 112 1041 760 575 576 146 122 127 10439 182 247 1611 123
leaf_count=126 204 112 1041 760 575 576 146 122 127 10439 182 247 1611 123
internal_value=-1.29164e-05 0.000666826 0.000443715 -0.000121466 0.000999039 0.00069074 0.00151101 8.4157e-05 -0.0011023 -0.00018749 0.000322334 0.00236044 -3.62728e-05 -0.000647588
internal_weight=16391 2250 2138 14141 779 2012 849 1163 273 13362 2923 429 2494 1734
internal_count=16391 2250 2138 14141 779 2012 849 1163 273 13362 2923 429 2494 1734
is_linear=0
shrinkage=0.03


Tree=253
num_leaves=15
num_cat=0
split_feature=9 9 6 0 2 4 2 4 7 7 2 7 5 3
split_gain=0.66849 1.70447 0.95814 0.637349 2.02012 1.501 1.43029 0.737974 1.31832 2.55398 1.89907 1.28551 2.09569 1.63447
threshold=0.97036874451273059 0.96396103896103902 0.038218111002921169 0.94904251866277189 0.038218111002921169 0.82807881773399028 -0.55424836601307181 0.74625530963559139 0.78516483516483537 0.68651074887786456 0.70991117344553545 0.46305060065526032 0.84712755598831568 0.70991117344553545
decision_type=2 2 2 2 2 2 2 2 2 2 2 2 2 2
left_child=1 3 -2 7 6 -6 -5 -1 9 11 -10 13 -13 -9
right_child=2 -3 -4 4 5 -7 -8 8 10 -11 -12 12 -14 -15
leaf_value=3.0622340802674383e-05 -0.0029201941012393291 0.0031873222190697561 0.00021854739415052174 -0.0011993301901462917 -0.0045823958136844241 -0.00024883466923673604 0.0036566358870741993 0.00095701500786144161 0.00039022055912173723 -0.0039161906425817673 0.0052365615707280679 0.0046687652393489886 -0.00069237881725461316 -0.0013769733180188967
leaf_weight=13424 151 150 189 101 147 135 100 869 171 109 119 153 106 380
leaf_count=13424 151 150 189 101 147 135 100 869 171 109 119 153 106 380
internal_value=7.80488e-05 0.00010642 -0.00121903 7.52008e-05 -0.000986639 -0.00258739 0.00127538 0.000109275 0.00065989 0.000318908 0.00248715 0.000648807 0.00253046 0.000241618
internal_weight=16304 15964 340 15814 483 282 201 15331 1907 1617 290 1508 259 1249
internal_count=16304 15964 340 15814 483 282 201 15331 1907 1617 290 1508 259 1249
is_linear=0
shrinkage=0.03


Tree=254
num_leaves=15
num_cat=0
split_feature=8 9 3 1 4 2 4 3 8 3 9 9 6 1
split_gain=1.02458 1.1963 0.861681 2.26245 1.87049 3.35764 1.43548 1.29754 1.16843 1.80963 1.51133 1.74087 1.25729 1.21382
threshold=0.97036874451273059 0.46305060065526032 0.92749178532311072 0.89851963098047638 0.77913279132791335 0.76293487957181094 0.84712755598831568 0.96693989071038255 -0.52056338028169002 0.50280898876404501 -0.75411605937921722 -0.49712643678160912 0.74050024050024055 -0.52056338028169002
decision_type=2 2 2 2 2 2 2 2 2 2 2 2 2 2
left_child=2 -2 6 4 5 7 -1 -4 9 -8 -10 -12 13 -13
right_child=1 -3 3 -5 -6 -7 8 -9 10 -11 11 12 -14 -15
leaf_value=-4.45141562526444e-06 -0.00012335044423816724 -0.0037275308828700233 0.0026368010793560862 0.0048418765544243477 0.0022560355163834711 -0.005408361767645386 0.0016974399232092393 -0.0016331161143209197 -0.0050785280638124923 -0.0028268516449241315 0.0021436712925175299 -0.00050983769111686064 0.00092594318824227554 -0.0040390794051373717
leaf_weight=14267 190 138 138 105 233 104 239 104 102 107 104 141 100 237
leaf_count=14267 190 138 138 105 233 104 239 104 102 107 104 141 100 237
internal_value=-7.0631e-05 -0.00170516 -3.60379e-05 0.000997911 0.000230449 -0.00115866 -8.28923e-05 0.000809807 -0.00115892 0.000258205 -0.00186917 -0.00123042 -0.00199341 -0.00276969
internal_weight=16309 328 15981 684 579 346 15297 242 1030 346 684 582 478 378
internal_count=16309 328 15981 684 579 346 15297 242 1030 346 684 582 478 378
is_linear=0
shrinkage=0.03


Tree=255
num_leaves=15
num_cat=0
split_feature=0 9 9 2 6 6 1 2 1 7 7 9 1 7
split_gain=0.946971 1.88557 1.90096 1.72687 1.48473 1.48233 1.3408 1.48066 1.46671 2.54417 2.00862 2.54252 1.98278 1.3353
threshold=0.015628815628815577 -0.077787381158167621 -0.85940202619224104 -0.27165775401069514 0.055050505050505023 0.85524707525755206 -0.86159003831417613 -0.91836356904850047 -0.605448480355819 -0.78247535596933171 0.47885646217986894 -0.53774928774928765 -0.73969508752117441 -0.6557112068965516
decision_type=2 2 2 2 2 2 2 2 2 2 2 2 2 2
left_child=6 2 4 5 -2 -4 -1 -8 9 -9 11 -11 -12 -5
right_child=1 -3 3 13 -6 -7 7 8 -10 10 12 -13 -14 -15
leaf_value=0.0011111753598569906 -0.00032876503128798936 0.00049807243983261674 0.00077018730672442459 0.00075902535363053109 0.0039587540395037571 -0.0024360218638170197 0.002116710022792618 0.0024543845187145054 -0.00029647368249259695 -0.005626941019409271 0.0029877113676916303 -0.0015865623293224646 -0.0023895996263841304 -0.0017079889622417595
leaf_weight=563 141 5333 818 226 137 144 196 118 6426 205 114 439 113 1319
leaf_count=563 141 5333 818 226 137 144 196 118 6426 205 114 439 113 1319
internal_value=-6.14358e-05 0.000167972 -0.000463659 -0.000726349 0.00184824 0.000270131 -0.000289199 -0.000394109 -0.000463239 -0.00153298 -0.0020949 -0.00293908 0.000323019 -0.00134456
internal_weight=16292 8118 2785 2507 278 962 8174 7611 7415 989 871 644 227 1545
internal_count=16292 8118 2785 2507 278 962 8174 7611 7415 989 871 644 227 1545
is_linear=0
shrinkage=0.03


Tree=256
num_leaves=15
num_cat=0
split_feature=4 2 9 9 2 1 1 1 2 5 9 1 1 9
split_gain=0.865081 0.657721 0.66906 0.555501 0.53228 0.730564 0.65751 0.813367 0.825582 1.12551 0.705537 0.597187 1.7649 1.65804
threshold=-0.96521476104053228 0.98876404494382031 0.22055910191503417 0.30195644149132533 0.96693989071038255 0.98876404494382031 0.94904251866277189 0.92749178532311072 0.92749178532311072 0.4709263015551049 0.1564382530120482 0.6777901371894699 0.61152570480928703 0.67188646929287998
decision_type=2 2 2 2 2 2 2 2 2 2 2 2 2 2
left_child=3 4 -3 -1 5 6 7 8 11 -10 -8 12 -2 -13
right_child=1 2 -4 -5 -6 -7 10 -9 9 -11 -12 13 -14 -15
leaf_value=-0.0032128717623635243 0.00013726962717961185 -5.7394557225052266e-05 -0.0031549594086433003 -0.00022060455993099621 0.0017303984898387052 -0.0018261915239181075 0.0031701041560966607 -0.0018228020194810276 0.00070671478320251803 -0.00342004712256365 -0.00015427187940596402 0.00017375643021762764 -0.0016253926706855056 0.0024088364356445566
leaf_weight=108 12520 142 103 109 169 168 119 189 100 127 102 1405 523 370
leaf_count=108 12520 142 103 109 169 168 119 189 100 127 102 1405 523 370
internal_value=5.33123e-05 7.92947e-05 -0.00143229 -0.00178577 0.000103637 8.49443e-05 0.000106886 8.27428e-05 0.000107876 -0.00164898 0.00169552 0.000135883 6.53991e-05 0.000650545
internal_weight=16254 16037 245 217 15792 15623 15455 15234 15045 227 221 14818 13043 1775
internal_count=16254 16037 245 217 15792 15623 15455 15234 15045 227 221 14818 13043 1775
is_linear=0
shrinkage=0.03


Tree=257
num_leaves=15
num_cat=0
split_feature=7 9 9 4 6 0 4 4 7 6 7 7 5 5
split_gain=0.794031 0.943273 0.902615 0.865625 1.5037 0.84375 1.05281 2.56544 1.55272 1.49663 1.35636 1.67395 1.57516 1.91147
threshold=0.92749178532311072 0.89237451737451745 -0.48255578093306278 0.82070417145044017 0.53456514813634926 -0.96799795186891957 0.45566778900112243 0.41004623791509048 0.21913109756097562 0.97315315315315332 -0.27165775401069514 -0.35100035100035093 0.1564382530120482 0.42444997924449984
decision_type=2 2 2 2 2 2 2 2 2 2 2 2 2 2
left_child=5 2 -2 4 -4 -1 7 9 -9 -7 11 -8 -12 -14
right_child=1 -3 3 -5 -6 6 10 8 -10 -11 12 -13 13 -15
leaf_value=0.0022077205598921767 0.0021326220232576096 0.0028519925239618073 0.00053916973098724452 0.0018224900482372115 -0.0037487522358630276 6.1481712778877428e-05 -0.00085436519913450646 0.0042892153829714097 0.00030482628337859388 -0.0030714187197715529 -0.0028746410453323878 -0.0041867225941342222 0.0019731685614508645 -0.00025043592065177365
leaf_weight=141 168 173 170 102 117 10797 1122 197 156 129 162 146 400 2289
leaf_count=141 168 173 170 102 117 10797 1122 197 156 129 162 146 400 2289
internal_value=2.17752e-05 0.000981891 0.000360996 -0.000438401 -0.00127623 -2.39322e-05 -4.57871e-05 0.00010417 0.00258531 2.17178e-05 -0.00045567 -0.00126782 -9.12937e-05 8.64198e-05
internal_weight=16269 730 557 389 287 15539 15398 11279 353 10926 4119 1268 2851 2689
internal_count=16269 730 557 389 287 15539 15398 11279 353 10926 4119 1268 2851 2689
is_linear=0
shrinkage=0.03


Tree=258
num_leaves=15
num_cat=0
split_feature=6 8 2 9 3 6 6 1 8 8 3 3 9 9
split_gain=1.10109 1.76411 1.26505 1.87802 2.03656 0.857274 1.46523 1.5586 1.50277 0.818824 1.43205 1.85187 1.00823 1.18596
threshold=-0.96521476104053228 0.031754032258064509 -0.86159003831417613 -0.73105625717566014 -0.90143695608176466 -0.68898343036274057 -0.13938769502502205 -0.3797960174842156 0.58939234281700037 0.67188646929287998 -0.61242176215695709 -0.32958801498127338 -0.73105625717566014 0.74050024050024055
decision_type=2 2 2 2 2 2 2 2 2 2 2 2 2 2
left_child=1 -1 3 -2 -5 -6 -7 8 -8 -4 -11 -12 -13 -14
right_child=2 -3 9 4 5 6 7 -9 -10 10 11 12 13 -15
leaf_value=0.004725504606259554 -0.0017197661115958584 -0.0006462377322053438 -0.00021360317577017886 0.0049685114268213501 0.0033177044016795346 -0.0017593687815973139 0.0047992887282989139 -0.00080261122445914556 0.00014447419402691036 -0.0015063620559116707 0.0029201805153894552 0.0026259496776709474 -0.00038527946396988008 0.001338315248085745
leaf_weight=102 181 104 12620 125 103 178 142 166 107 306 273 146 1248 493
leaf_count=102 181 104 12620 125 103 178 142 166 107 306 273 146 1248 493
internal_value=-1.85313e-05 0.00210919 -4.70692e-05 0.000979791 0.00158848 0.000919653 0.000455016 0.00142385 0.00288184 -0.000115876 0.000383094 0.000656475 0.000315308 0.000107648
internal_weight=16294 206 16088 1002 821 696 593 415 249 15086 2466 2160 1887 1741
internal_count=16294 206 16088 1002 821 696 593 415 249 15086 2466 2160 1887 1741
is_linear=0
shrinkage=0.03


Tree=259
num_leaves=15
num_cat=0
split_feature=5 9 8 5 4 5 4 5 5 5 8 9 8 2
split_gain=0.71562 0.698024 0.560815 1.65454 2.63254 2.60542 2.13822 1.33888 1.54965 2.36357 1.17313 0.955256 1.24989 1.67949
threshold=-0.93495505023796921 0.32449982449982456 0.28330047873838354 0.93700396825396837 0.73152530032763019 0.61152570480928703 0.94160272804774092 0.72524509803921589 0.89851963098047638 0.86402157164869031 0.77913279132791335 -0.88388945062352542 0.45566778900112243 0.63356807511737101
decision_type=2 2 2 2 2 2 2 2 2 2 2 2 2 2
left_child=1 -1 -2 4 11 -6 -5 -7 9 10 -9 -4 13 -13
right_child=2 -3 3 6 5 7 -8 8 -10 -11 -12 12 -14 -15
leaf_value=-0.0023384940186841016 -0.0001384774368456341 9.9499343067873267e-05 0.0024626655640754974 0.00068969609726169333 -0.001384499194280589 0.0050346233945285134 -0.0044524418117496993 0.00043246302899722688 0.0047617535847564079 -0.0028199300650365851 0.0041368521303305093 0.0013129387485535794 -0.00030678810802406105 -0.0016403363759350863
leaf_weight=226 10077 190 135 136 171 160 141 159 119 102 144 1007 3377 200
leaf_count=226 10077 190 135 136 171 160 141 159 119 102 144 1007 3377 200
internal_value=-3.53283e-05 -0.00124879 -2.87204e-06 0.000230515 0.000344318 0.00186577 -0.00199172 0.00268657 0.00188876 0.000950191 0.00226889 6.52957e-05 -1.05144e-05 0.000814123
internal_weight=16344 416 15928 5851 5574 855 277 684 524 405 303 4719 4584 1207
internal_count=16344 416 15928 5851 5574 855 277 684 524 405 303 4719 4584 1207
is_linear=0
shrinkage=0.03


Tree=260
num_leaves=15
num_cat=0
split_feature=7 2 9 8 2 9 4 5 9 9 9 9 9 2
split_gain=0.765224 1.79861 1.93057 1.10068 1.21116 1.50613 2.34077 1.51354 1.32862 1.01539 0.937706 1.42864 1.42468 1.13642
threshold=-0.72264957264957252 0.81438415159345401 0.73152530032763019 -0.52875082617316582 0.25824574121058358 -0.29935064935064931 -0.11378020713463753 -0.49712643678160912 -0.68898343036274057 -0.019237883832778409 0.025320512820512734 0.22055910191503417 -0.85940202619224104 0.37011669203450032
decision_type=2 2 2 2 2 2 2 2 2 2 2 2 2 2
left_child=1 2 3 10 5 8 7 -7 -5 -6 12 -12 -1 -14
right_child=-2 -3 -4 4 9 6 -8 -9 -10 -11 11 -13 13 -15
leaf_value=-0.0013095356440926726 -6.3054148133514173e-05 -0.0028101509634418306 0.0041449505163104151 -0.001115981226934022 -0.00050177463563159106 -0.0020340815428207858 -0.0048015137484214102 0.0019616731240307823 0.0035124483229342983 0.003279698670325841 -0.0028661767854066809 0.0013619137967400478 0.0031685239461345656 -0.00014892398599740557
leaf_weight=101 14194 125 132 104 114 190 147 139 102 129 103 188 426 117
leaf_count=101 14194 125 132 104 114 190 147 139 102 129 103 188 426 117
internal_value=1.64232e-05 0.000547092 0.000770746 0.000510402 -0.000223031 -0.00087022 -0.00178676 -0.000337838 0.00123228 0.00155596 0.00123067 -0.00018013 0.00186117 0.00246395
internal_weight=16311 2117 1992 1860 925 682 476 329 206 243 935 291 644 543
internal_count=16311 2117 1992 1860 925 682 476 329 206 243 935 291 644 543
is_linear=0
shrinkage=0.03


Tree=261
num_leaves=15
num_cat=0
split_feature=6 6 9 7 3 1 3 9 2 9 3 8 7 8
split_gain=0.970422 2.2534 3.50879 2.8179 2.61934 1.83252 1.42245 1.45492 1.37779 2.37383 1.43598 2.17775 1.68103 1.37429
threshold=-0.49055258467023172 -0.18245838668373873 -0.88388945062352542 0.82070417145044017 -0.43308457711442783 -0.92814113597246117 -0.34351679104477606 -0.72264957264957252 -0.8088714938030005 -0.35538545653362491 -0.71256454388984503 -0.72264957264957252 -0.29679679679679671 -0.63019943019943014
decision_type=2 2 2 2 2 2 2 2 2 2 2 2 2 2
left_child=8 2 -2 4 -4 -3 -6 -8 9 -1 -10 12 -12 -9
right_child=1 5 3 -5 6 -7 7 13 10 -11 11 -13 -14 -15
leaf_value=0.00048197141966227903 -0.0041905113437369591 0.0033088082919608517 -0.00099538136647255872 0.0045781430138099556 0.0047100235077592988 -7.765895114854829e-05 0.0043015343911292801 0.0029987023360457041 0.0019947163259067873 -0.0043405457095694582 -0.00060949368118742191 -2.1596053302421323e-05 -0.0040618031565712665 0.00052837299855537808
leaf_weight=168 103 136 496 197 105 9594 118 235 244 188 296 2898 218 1214
leaf_count=168 103 136 496 197 105 9594 118 235 244 188 296 2898 218 1214
internal_value=4.55621e-05 0.000178686 0.000986338 0.00122849 0.000904498 -2.69764e-05 0.00147067 0.00122512 -0.000358622 -0.00211376 -0.000182417 -0.000343483 -0.00212328 0.00094682
internal_weight=16210 12198 2468 2365 2168 9730 1672 1567 4012 356 3656 3412 514 1449
internal_count=16210 12198 2468 2365 2168 9730 1672 1567 4012 356 3656 3412 514 1449
is_linear=0
shrinkage=0.03


Tree=262
num_leaves=15
num_cat=0
split_feature=3 8 3 0 0 6 7 4 1 0 7 3 6 6
split_gain=0.834178 1.80895 1.94296 1.62959 2.14574 2.14676 1.82131 1.78182 2.53373 1.85857 1.64516 1.57902 1.56494 2.32897
threshold=0.088421444527177942 -0.90143695608176466 0.70991117344553545 -0.6557112068965516 0.11237373737373736 0.21261798310978644 -0.016133229247983379 1.0000000180025095e-35 -0.57052441229656403 -0.11884584342211461 -0.79887640449438191 -1.0000000180025095e-35 -0.22623655913978494 -0.51316701316701308
decision_type=2 2 2 2 2 2 2 2 2 2 2 2 2 2
left_child=11 2 -2 12 5 6 10 9 -9 -8 -5 -1 13 -3
right_child=1 3 -4 4 -6 -7 7 8 -10 -11 -12 -13 -14 -15
leaf_value=8.1430369447479633e-05 -0.0040168920403656858 0.0010484376652960398 0.00035207406015143967 0.0011805549725692759 0.00012015959990792249 -0.0025234040710106491 -0.0024473506128485714 -0.0013704511612797011 0.00383193776357492 0.0020429696037004199 -0.0020359213283671954 0.001479706232146489 -0.00051464063790402942 0.0059829182214544792
leaf_weight=7868 215 377 152 174 4244 615 222 120 243 120 672 791 302 104
leaf_count=7868 215 377 152 174 4244 615 222 120 243 120 672 791 302 104
internal_value=9.8032e-06 -0.000220298 -0.00224606 -0.000113965 -0.000272293 -0.00103827 -0.000436998 0.000684087 0.00212151 -0.000858521 -0.00136831 0.000210722 0.00116927 0.00221547
internal_weight=16219 7560 367 7193 6410 2166 1551 705 363 342 846 8659 783 481
internal_count=16219 7560 367 7193 6410 2166 1551 705 363 342 846 8659 783 481
is_linear=0
shrinkage=0.03


Tree=263
num_leaves=15
num_cat=0
split_feature=2 9 5 6 6 2 4 2 8 1 8 1 4 6
split_gain=1.0346 1.05451 1.09571 1.97375 2.51923 1.95217 1.66035 1.32632 1.66471 2.1587 1.84911 1.86316 1.5549 3.11231
threshold=-0.25760368663594463 -0.90733452593917707 0.41795166858458005 -0.72264957264957252 -0.64631422189128795 0.68651074887786456 0.59508740204942756 -0.028991596638655467 -0.7900856793145653 0.14784456587735276 -0.70473174366616986 -0.4752049180327868 -0.059532246633593182 0.4709263015551049
decision_type=2 2 2 2 2 2 2 2 2 2 2 2 2 2
left_child=-1 -2 3 5 -5 -3 7 12 9 -9 -10 -12 -6 -14
right_child=1 2 -4 4 6 -7 -8 8 10 -11 11 -13 13 -15
leaf_value=0.00044026979630886062 0.0013853492234360133 0.00064390428419060567 -0.00059985387754017444 -0.0030512542774029554 -0.0015622919430132499 0.0042143817818272979 0.0028482207513918149 -0.00035142592174258633 -0.0028738466479587663 0.0049110827327023942 0.0020591230226739811 -4.8371903745329388e-05 -0.0012457334776283116 0.0048426878453920715
leaf_weight=5869 426 551 2997 238 899 176 173 131 178 138 411 3653 212 105
leaf_count=5869 426 551 2997 238 899 176 173 131 178 138 411 3653 212 105
internal_value=0.000122791 -5.85731e-05 -0.000122285 8.67727e-05 -8.9223e-05 0.00155374 3.5223e-05 -5.4568e-05 0.00018286 0.00242756 3.51414e-05 0.000169294 -0.000929663 0.000857359
internal_weight=16157 10288 9862 6865 6138 727 5900 5727 4511 269 4242 4064 1216 317
internal_count=16157 10288 9862 6865 6138 727 5900 5727 4511 269 4242 4064 1216 317
is_linear=0
shrinkage=0.03


Tree=264
num_leaves=15
num_cat=0
split_feature=6 1 6 6 2 3 5 6 9 5 6 3 5 0
split_gain=0.676304 0.619074 1.42226 0.857956 1.01309 0.6066 1.5398 2.11006 1.70567 1.69677 1.62325 1.64394 1.47912 1.45404
threshold=0.97315315315315332 -0.96521476104053228 -0.6795061728395061 0.94904251866277189 -0.24025316455696197 -0.72264957264957252 -0.41897974493623397 0.23395061728395064 0.39305778491171756 -0.051956815114709891 0.45566778900112243 -0.86949116457313169 -0.70473174366616986 -0.37284167398302598
decision_type=2 2 2 2 2 2 2 2 2 2 2 2 2 2
left_child=1 2 -1 5 -5 6 10 -8 9 -9 11 -3 -12 -13
right_child=-2 3 -4 4 -6 -7 7 8 -10 -11 12 13 -14 -15
leaf_value=0.0039883172522864434 -0.0014009570989252651 0.0025245452513460252 -0.00086340482444079083 0.0037891944568264851 -9.4323754643223112e-05 7.0226721388112821e-05 -0.0010617015922883451 0.0033900407170697759 0.0046457479430105668 -0.00043337538178600467 -0.0013798783671290398 0.00093436341351050818 -0.0059113987130408746 -0.0034006829665809432
leaf_weight=102 285 112 100 108 123 13600 661 133 106 381 156 112 112 160
leaf_count=102 285 112 100 108 123 13600 661 133 106 381 156 112 112 160
internal_value=2.24003e-05 4.86689e-05 0.00165904 2.69949e-05 0.00180324 -5.63789e-07 -0.000496422 0.000109861 0.00135593 0.000601767 -0.00167127 -0.000396267 -0.00341817 -0.00164583
internal_weight=16251 15966 202 15764 231 15533 1933 1281 620 514 652 384 268 272
internal_count=16251 15966 202 15764 231 15533 1933 1281 620 514 652 384 268 272
is_linear=0
shrinkage=0.03


Tree=265
num_leaves=15
num_cat=0
split_feature=5 5 5 3 3 8 7 8 1 3 8 4 3 1
split_gain=0.704267 1.42806 1.17082 2.40012 1.46962 1.32807 1.34199 1.17493 1.35888 1.28311 1.22079 1.34058 1.11709 1.24031
threshold=0.84712755598831568 0.88303693570451447 0.81438415159345401 0.31467710371819962 0.96850198412698418 0.87577160493827166 0.1564382530120482 0.83584100606332823 0.98876404494382031 0.75411605937921733 -0.94904251866277167 0.9194594594594595 0.78516483516483537 -0.75411605937921722
decision_type=2 2 2 2 2 2 2 2 2 2 2 2 2 2
left_child=2 -2 4 -4 5 7 -7 8 9 10 -1 -12 -11 -14
right_child=1 -3 3 -5 -6 6 -8 -9 -10 12 11 -13 13 -15
leaf_value=-0.0024145986340607011 -0.0024837953600464232 -0.00012752835987373508 0.0051034974611923103 -0.00035345884381482998 -0.0023900520041104556 -0.003399014339103537 -0.00045805417851483009 0.0020067376313017784 -0.0031565448287323018 0.0032409901399871395 4.8802450446610301e-05 0.0031719395644962786 0.0034524239782243965 0.00023260031037862063
leaf_weight=169 285 1081 115 170 211 167 682 289 104 176 11906 115 115 790
leaf_count=169 285 1081 115 170 211 167 682 289 104 176 11906 115 115 790
internal_value=1.59961e-05 -0.000633614 7.5501e-05 0.00194683 3.79825e-05 7.49044e-05 -0.00106938 0.000146734 0.000105074 0.000132992 4.47385e-05 8.12919e-05 0.00111866 0.000675009
internal_weight=16375 1366 15009 285 14724 14513 849 13664 13375 13271 12190 12021 1081 905
internal_count=16375 1366 15009 285 14724 14513 849 13664 13375 13271 12190 12021 1081 905
is_linear=0
shrinkage=0.03


Tree=266
num_leaves=15
num_cat=0
split_feature=5 9 4 0 5 8 4 9 1 0 1 8 2 3
split_gain=0.826257 1.93754 0.69009 0.681983 0.871106 1.96677 1.77011 2.53326 1.6089 1.49594 1.42349 1.26039 1.0658 2.18269
threshold=-0.91836356904850047 0.32449982449982456 -0.90143695608176466 -0.96799795186891957 0.90786914235190108 0.89237451737451745 0.74050024050024055 -0.64785373608903007 0.097167584579071611 0.96850198412698418 0.43263412666397744 -0.18245838668373873 -0.94904251866277167 -0.76393188854489147
decision_type=2 2 2 2 2 2 2 2 2 2 2 2 2 2
left_child=1 2 -1 -2 9 6 8 -8 -6 12 -11 -9 13 -5
right_child=3 -3 -4 4 5 -7 7 11 -10 10 -12 -13 -14 -15
leaf_value=-0.0011494536707667927 0.0020509086011488938 0.00085891988097062824 -0.0041581340607015358 0.0012468381420793859 0.0028487363333591599 0.0023923381464555859 0.00044656073007754668 -0.0016296620966283646 -0.0018669163422702355 0.00033671453300743333 0.0048207259976208727 -0.0057350358749473727 8.3418027744038302e-05 -0.0045494327884740551
leaf_weight=142 143 235 145 100 122 128 159 121 119 145 106 179 14334 120
leaf_count=142 143 235 145 100 122 128 159 121 119 145 106 179 14334 120
internal_value=1.85229e-05 -0.00114435 -0.00275834 5.77007e-05 3.81688e-05 -0.000902858 -0.00153062 -0.00260541 0.000538649 9.13715e-05 0.00234251 -0.00418519 5.09664e-05 -0.0019751
internal_weight=16298 522 287 15776 15633 828 700 459 241 14805 251 300 14554 220
internal_count=16298 522 287 15776 15633 828 700 459 241 14805 251 300 14554 220
is_linear=0
shrinkage=0.03


Tree=267
num_leaves=15
num_cat=0
split_feature=7 4 0 4 9 9 8 3 4 5 9 9 9 5
split_gain=0.909568 1.48987 1.7504 1.3977 1.15335 1.0076 0.939261 0.925103 0.975389 0.904605 1.15541 1.01946 0.796367 0.731906
threshold=-0.72264957264957252 0.038218111002921169 -0.099295774647887289 -0.55424836601307181 -0.83584100606332801 0.29478609625668456 -0.3965259059598682 0.64888572783309639 0.31467710371819962 -0.51316701316701308 -0.059532246633593182 0.24613922546923264 -0.073622402890695535 0.32958801498127338
decision_type=2 2 2 2 2 2 2 2 2 2 2 2 2 2
left_child=1 3 4 9 -3 12 -7 8 -4 10 -1 -12 -5 -6
right_child=-2 2 7 5 13 6 -8 -9 -10 -11 11 -13 -14 -15
leaf_value=0.0025304072133059169 -6.4970867943558099e-05 -0.00014583688330812715 -0.0010407134304222748 -0.00071878581415617151 0.0049817184429985948 -0.0010812270756780115 0.0027623233275742014 -0.0022797723644627974 0.0024389244796366931 0.0034613245578037329 -0.0027839899298212514 0.00089575096837007527 -0.0031922898491288667 0.0022339253944768148
leaf_weight=139 14075 107 124 324 151 111 100 107 151 105 113 143 181 265
leaf_count=139 14075 107 124 324 151 111 100 107 151 105 113 143 181 265
internal_value=2.2437e-05 0.00060006 0.00151454 -8.73349e-05 0.00262537 -0.000932197 0.000782928 -3.44952e-05 0.00088846 0.00111706 0.000423827 -0.000772109 -0.0016501 0.00332485
internal_weight=16196 2121 905 1216 523 716 211 382 275 500 395 256 505 416
internal_count=16196 2121 905 1216 523 716 211 382 275 500 395 256 505 416
is_linear=0
shrinkage=0.03


Tree=268
num_leaves=15
num_cat=0
split_feature=9 6 6 7 9 7 6 2 0 7 0 6 0 6
split_gain=1.3203 2.21823 0.799666 2.29239 2.39954 1.83273 1.66271 1.1786 1.33691 1.17168 1.13064 1.89852 1.65943 1.07492
threshold=-0.94904251866277167 -0.6211556383970176 0.52586975914362188 0.22623655913978494 0.032795698924731227 -0.86159003831417613 0.56574122577265595 0.63356807511737101 0.82807881773399028 0.1564382530120482 0.25317269076305232 0.75411605937921733 -0.24025316455696197 0.50910294604435635
decision_type=2 2 2 2 2 2 2 2 2 2 2 2 2 2
left_child=1 -1 13 5 10 -4 -7 8 9 -8 12 -12 -5 -2
right_child=2 -3 3 4 -6 6 7 -9 -10 -11 11 -13 -14 -15
leaf_value=0.0053417970328346678 0.00013468509403473389 -0.00011359311384419629 -0.0022562535698836049 -0.002830484147080464 -0.00012999216313102266 -0.0023112231463785255 0.00063401681394687794 -0.0011639356784002445 0.0040861097312517814 0.0038203589511629343 -0.0065055788552332945 -0.0016108922341807775 0.0007045485315543106 0.002898935834614349
leaf_weight=104 11943 162 215 288 958 153 1400 221 118 103 124 172 194 118
leaf_count=104 11943 162 215 288 958 153 1400 221 118 103 124 172 194 118
internal_value=7.83206e-05 0.0021356 4.28212e-05 -0.000327373 -0.00114005 0.000313257 0.000600044 0.000853033 0.00113347 0.000876183 -0.00236635 -0.00380696 -0.00142227 0.000164109
internal_weight=16273 266 16007 3946 1736 2210 1995 1842 1621 1503 778 296 482 12061
internal_count=16273 266 16007 3946 1736 2210 1995 1842 1621 1503 778 296 482 12061
is_linear=0
shrinkage=0.03


Tree=269
num_leaves=15
num_cat=0
split_feature=1 3 4 4 4 9 4 4 7 4 7 3 4 7
split_gain=0.586786 1.25852 1.96428 1.24696 1.46945 1.59949 1.49282 1.15685 1.07278 1.61897 1.60931 1.80129 1.02076 0.810952
threshold=0.89237451737451745 0.97036874451273059 0.76293487957181094 0.1564382530120482 0.58939234281700037 -0.093541666666666676 0.84712755598831568 0.82070417145044017 -0.93495505023796921 -0.51316701316701308 -0.90733452593917707 -0.13383084577114426 0.35434243176178665 -0.019237883832778409
decision_type=2 2 2 2 2 2 2 2 2 2 2 2 2 2
left_child=1 8 -3 13 -5 6 -6 -7 9 -1 11 -10 -11 -2
right_child=3 2 -4 4 5 7 -8 -9 10 12 -12 -13 -14 -15
leaf_value=0.0016810497668656437 0.00073990311174254326 -0.0047953164788335561 0.00027212851611399871 0.0032484672626014797 -0.00037667102353498996 0.0011931371465245069 0.0044762081709960773 -0.0027407494329381734 -0.00019917095684119171 -0.0038680722619844313 3.5157088951224102e-05 0.0053306305947374887 -0.00019005206466207036 -0.0024338548137147172
leaf_weight=100 130 115 151 242 103 106 114 155 101 188 14467 100 105 144
leaf_count=100 130 115 151 242 103 106 114 155 101 188 14467 100 105 144
internal_value=4.04668e-05 -5.55455e-06 -0.00201305 0.00074308 0.00139353 0.000407103 0.00225765 -0.00115801 3.1213e-05 -0.00149583 7.31183e-05 0.00267422 -0.00259978 -0.000955025
internal_weight=16321 15327 266 994 720 478 217 261 15061 393 14668 201 293 274
internal_count=16321 15327 266 994 720 478 217 261 15061 393 14668 201 293 274
is_linear=0
shrinkage=0.03


Tree=270
num_leaves=15
num_cat=0
split_feature=0 1 2 3 9 2 9 4 2 4 9 7 4 3
split_gain=1.01994 1.46319 3.41446 0.817346 2.13124 1.87166 1.43273 1.24574 1.06657 0.75255 0.722092 0.702458 0.541217 1.85794
threshold=0.94904251866277189 0.43951219512195122 1.0000000180025095e-35 -0.88433667781493852 -0.79887640449438191 -0.8171368861024032 -0.49712643678160912 -0.94904251866277167 -0.96799795186891957 0.29073091057574524 0.30195644149132533 -0.21992558908639928 0.96850198412698418 0.72524509803921589
decision_type=2 2 2 2 2 2 2 2 2 2 2 2 2 2
left_child=3 2 -2 4 -1 -6 -7 10 -9 11 -5 -8 -10 -14
right_child=1 -3 -4 7 5 6 9 8 12 -11 -12 -13 13 -15
leaf_value=-0.004348576699693997 0.00049436622144951974 0.00065458611935002809 -0.0056750804322528775 -0.0035440854891203343 0.0023131697548569715 0.0012146606021392417 0.00067917420324392435 -0.0027019058378059263 0.00015196799793226699 -0.0037186313668498769 -0.00039074210003660668 -0.0026044303373150201 0.00092141453603822624 -0.0039329935928746574
leaf_weight=125 159 199 151 122 182 156 113 111 14357 150 135 105 159 114
leaf_count=125 159 199 151 122 182 156 113 111 14357 150 135 105 159 114
internal_value=-2.72593e-05 -0.0013359 -0.00259419 1.56384e-05 -0.000894468 -0.000230712 -0.00114105 6.66274e-05 0.000103344 -0.00214538 -0.00196433 -0.000947241 0.000126458 -0.00117305
internal_weight=16338 509 310 15829 831 706 524 14998 14741 368 257 218 14630 273
internal_count=16338 509 310 15829 831 706 524 14998 14741 368 257 218 14630 273
is_linear=0
shrinkage=0.03


Tree=271
num_leaves=15
num_cat=0
split_feature=7 7 3 2 2 0 6 8 9 0 2 8 2 8
split_gain=0.634744 2.54695 1.79258 3.66118 2.03669 1.64363 1.50327 1.71009 1.39966 2.3395 1.73545 2.43267 3.44516 1.67781
threshold=-0.15438786565547127 -0.17573529411764707 0.84712755598831568 0.36055555555555568 0.72524509803921589 -0.68898343036274057 -0.63911657559198531 0.12158167036215818 0.24613922546923264 -0.31198770491803274 0.77096018735363003 0.42444997924449984 -0.6557112068965516 -0.073622402890695535
decision_type=2 2 2 2 2 2 2 2 2 2 2 2 2 2
left_child=1 2 4 -4 -1 -6 -7 -8 -2 10 11 12 -10 -14
right_child=8 -3 3 -5 5 6 7 -9 9 -11 -12 -13 13 -15
leaf_value=-0.00019057069181011181 0.00046831056392700556 -0.0037637762370417308 0.0010348595121713209 -0.0049351255667396329 0.0042997772541719589 0.0035903475637502607 -0.0017895704935666143 0.00225029197197047 0.0035363059744515733 8.621763165731645e-05 0.0017344433056974882 -0.0052461094473664821 -0.0038202619536654246 0.00029340598209183922
leaf_weight=5558 5501 168 168 188 144 114 231 145 101 3250 104 175 257 132
leaf_count=5558 5501 168 168 188 144 114 231 145 101 3250 104 175 257 132
internal_value=2.57717e-07 -0.000222885 -0.000126436 -0.00216653 -5.84006e-06 0.00159142 0.000725424 -0.000213708 0.000157745 -0.000267449 -0.00174406 -0.0023057 -0.00117163 -0.002452
internal_weight=16236 6716 6548 356 6192 634 490 376 9520 4019 769 665 490 389
internal_count=16236 6716 6548 356 6192 634 490 376 9520 4019 769 665 490 389
is_linear=0
shrinkage=0.03


Tree=272
num_leaves=15
num_cat=0
split_feature=7 4 4 3 9 9 5 1 5 2 3 1 7 2
split_gain=1.29105 1.5636 0.470185 2.04799 1.40608 3.35986 2.35555 2.3507 2.17273 2.14029 2.81832 1.73795 1.91555 1.822
threshold=0.97315315315315332 0.23395061728395064 0.74625530963559139 0.96396103896103902 0.088421444527177942 0.32230727173318757 0.74050024050024055 0.93700396825396837 0.67188646929287998 0.038218111002921169 0.37011669203450032 0.48683298683298687 -0.019237883832778409 0.61781229345670863
decision_type=2 2 2 2 2 2 2 2 2 2 2 2 2 2
left_child=2 -2 3 -1 6 -6 9 8 -7 -4 -11 12 -8 -13
right_child=1 -3 4 -5 5 7 11 -9 -10 10 -12 13 -14 -15
leaf_value=8.1083758812555636e-06 -0.0004295920173650042 0.0039111264594282741 0.0037889935250859704 -0.0031695636936992003 0.0051251966571676183 -0.0024378166873103534 -0.00014601918036456812 -0.0035537163921981118 0.0021881668677411247 -0.0036771638416685159 0.0026429772573626702 0.003486170071320465 -0.0036203625380249621 -0.0010566894765785054
leaf_weight=13711 130 160 204 175 164 107 265 102 422 110 125 120 302 196
leaf_count=13711 130 160 204 175 164 107 265 102 422 110 125 120 302 196
internal_value=6.59798e-05 0.00201583 2.94086e-05 -3.41907e-05 0.000444774 0.00143333 -0.000156004 0.00040881 0.00122461 0.00161779 -0.000344725 -0.00104612 -0.00202722 0.000722466
internal_weight=16293 290 16003 13886 2117 795 1322 631 529 439 235 883 567 316
internal_count=16293 290 16003 13886 2117 795 1322 631 529 439 235 883 567 316
is_linear=0
shrinkage=0.03


Tree=273
num_leaves=15
num_cat=0
split_feature=0 5 2 4 7 3 4 3 0 9 5 7 8 8
split_gain=1.12202 1.45275 1.19478 1.9369 1.70421 1.1194 1.34697 2.72098 1.89343 1.61037 1.05353 1.78874 1.77147 1.80061
threshold=-0.96799795186891957 0.83584100606332823 0.73152530032763019 0.94160272804774092 0.56574122577265595 0.86402157164869031 0.43951219512195122 -0.6955588929414287 -0.72264957264957252 -0.028991596638655467 0.68651074887786456 -0.73105625717566014 -0.82554347826086938 -0.019237883832778409
decision_type=2 2 2 2 2 2 2 2 2 2 2 2 2 2
left_child=-1 10 5 4 -4 6 -3 -8 -9 -10 -2 -12 -13 -14
right_child=1 2 3 -5 -6 -7 7 8 9 -11 11 12 13 -15
leaf_value=0.0026346179390855456 -5.7776760564529912e-05 -0.0001161060799043106 0.0040047274778286616 -0.0022467037183030144 -0.00072978171931449749 0.00050770175191435472 0.00089751690800365957 -0.0069313885110637375 -0.00036340116441511272 -0.0045806165347592187 -0.002101264036875041 -0.0019656006292654918 0.0036327322074433876 0.00079670284073421645
leaf_weight=129 13499 241 143 151 119 192 135 125 161 159 148 120 305 581
leaf_count=129 13499 241 143 151 119 192 135 125 161 159 148 120 305 581
internal_value=-4.92199e-05 -7.23762e-05 -0.000983 0.000370833 0.00190655 -0.00153319 -0.00201084 -0.00278282 -0.00389451 -0.00253414 1.68538e-05 0.000882847 0.00133822 0.00180264
internal_weight=16208 16079 1426 413 262 1013 821 580 445 320 14653 1154 1006 886
internal_count=16208 16079 1426 413 262 1013 821 580 445 320 14653 1154 1006 886
is_linear=0
shrinkage=0.03


Tree=274
num_leaves=15
num_cat=0
split_feature=2 0 2 4 0 6 6 4 0 2 4 6 5 9
split_gain=1.45813 1.55969 2.89716 1.99521 1.2798 1.61814 1.13301 1.32833 1.31404 1.06082 2.35944 2.19651 2.85305 2.18638
threshold=-0.6211556383970176 -0.8171368861024032 0.83584100606332823 0.80123456790123471 -0.78247535596933171 -0.32958801498127338 -0.48255578093306278 0.39305778491171756 -0.86159003831417613 0.53456514813634926 0.75411605937921733 0.59508740204942756 0.72524509803921589 0.073622402890695673
decision_type=2 2 2 2 2 2 2 2 2 2 2 2 2 2
left_child=-1 2 3 6 5 -3 -2 8 -8 10 -6 12 -12 -11
right_child=1 4 -4 -5 9 -7 7 -9 -10 13 11 -13 -14 -15
leaf_value=-0.00065322316630104583 -0.0026454886445154745 -0.00047593120561056847 0.0021464483225718143 -0.0042924910145423689 0.00019011033085660389 0.0044861395725042282 -0.00274491686961751 0.0022724626049868122 0.0013938386258834032 -0.001086693047900684 0.0041379569290346564 0.0054029675971314769 -0.0010681898021977006 0.00042248828345940861
leaf_weight=2918 215 101 200 206 8014 127 173 141 103 1658 148 136 229 1784
leaf_count=2918 215 101 200 206 8014 127 173 141 103 1658 148 136 229 1784
internal_value=-4.73971e-05 8.65654e-05 -0.00102417 -0.00179727 0.000181854 0.00236039 -0.000929765 -3.92077e-06 -0.00120565 0.000138419 0.000317767 0.00227024 0.00102972 -0.000305521
internal_weight=16153 13235 1038 838 12197 228 632 417 276 11969 8527 513 377 3442
internal_count=16153 13235 1038 838 12197 228 632 417 276 11969 8527 513 377 3442
is_linear=0
shrinkage=0.03


Tree=275
num_leaves=15
num_cat=0
split_feature=6 7 7 6 6 2 1 6 0 0 4 4 3 5
split_gain=0.598496 2.13363 2.26476 2.60732 1.30524 1.30032 1.21189 1.50727 1.10766 2.02873 0.892221 1.25188 0.886843 1.18804
threshold=0.52586975914362188 -0.86949116457313169 -0.71256454388984503 0.59508740204942756 0.50910294604435635 0.59508740204942756 -0.74625530963559117 0.61781229345670863 0.96396103896103902 0.84168755221386804 0.29073091057574524 -0.58863819500402892 -0.93495505023796921 0.27518115942028981
decision_type=2 2 2 2 2 2 2 2 2 2 2 2 2 2
left_child=4 -2 -3 5 12 10 -5 -8 9 -9 11 -4 13 -1
right_child=1 2 3 6 -6 -7 7 8 -10 -11 -12 -13 -14 -15
leaf_value=0.0039339067332060419 -0.0031977939447834576 0.0023687770713444775 -0.002978867251996792 0.0024833474113469625 0.0029843157282282064 -0.0052437748868219749 0.0027178866491394493 -0.00046156279214131754 -0.0031769228005245074 0.0025201444415103953 -0.0038194468802857126 0.00087555105987707662 3.4872656283665725e-05 -0.00029336634157751235
leaf_weight=113 209 286 114 154 130 101 144 2350 108 215 100 187 11959 114
leaf_count=113 209 286 114 154 130 101 144 2350 108 215 100 187 11959 114
internal_value=8.05576e-07 -0.000319146 -0.000151033 -0.000364744 0.000104064 -0.00234198 -2.39212e-05 -0.000169288 -0.000334377 -0.000202818 -0.0015013 -0.000633106 7.09154e-05 0.00188816
internal_weight=16284 3968 3759 3473 12316 502 2971 2817 2673 2565 401 301 12186 227
internal_count=16284 3968 3759 3473 12316 502 2971 2817 2673 2565 401 301 12186 227
is_linear=0
shrinkage=0.03


Tree=276
num_leaves=15
num_cat=0
split_feature=5 1 4 1 0 1 8 6 8 1 4 4 6 4
split_gain=1.06982 1.54362 1.87422 1.82604 1.91245 1.31897 3.91922 2.68147 2.40752 2.31436 1.7443 1.51029 1.46773 1.41455
threshold=0.61152570480928703 0.74625530963559139 0.55863254392666173 0.96693989071038255 0.088421444527177942 -0.35100035100035093 0.87577160493827166 -0.605448480355819 0.54884143571104049 -0.06580086580086579 0.88303693570451447 0.64888572783309639 -0.78247535596933171 0.77913279132791335
decision_type=2 2 2 2 2 2 2 2 2 2 2 2 2 2
left_child=-1 5 -3 4 -4 7 9 11 10 -7 -9 -2 -11 -10
right_child=1 2 3 -5 -6 6 -8 8 13 12 -12 -13 -14 -15
leaf_value=-5.4398562520681982e-05 0.0023437611781060696 -0.0019597332698066492 0.005184686506876997 3.1289333332475125e-05 0.0012568036282991433 -0.0033597965946443819 0.0048859860827340862 0.004202081311566682 -0.0030216449968442742 0.0026131703482641681 0.00011398454051878716 -0.0013496389772310988 -0.0007617251908304943 0.0016664010113695772
leaf_weight=12972 115 101 234 221 221 276 101 375 100 127 125 488 748 113
leaf_count=12972 115 101 234 221 221 276 101 375 100 127 125 488 748 113
internal_value=6.90614e-05 0.000546577 0.00170913 0.00227786 0.00334491 0.00018956 -0.0005055 0.000849642 0.00208268 -0.00101661 0.00320233 -0.000618516 -0.000247891 -0.000571362
internal_weight=16317 3345 777 676 455 2568 1252 1316 713 1151 500 603 875 213
internal_count=16317 3345 777 676 455 2568 1252 1316 713 1151 500 603 875 213
is_linear=0
shrinkage=0.03


Tree=277
num_leaves=15
num_cat=0
split_feature=8 6 5 4 5 8 1 5 3 8 7 1 8 5
split_gain=0.705023 1.55217 1.31691 1.46396 1.34562 1.27964 1.19781 1.19116 1.35867 1.17249 1.10326 0.843705 0.763792 1.56281
threshold=0.50280898876404501 -0.96521476104053228 0.85524707525755206 0.87577160493827166 0.93700396825396837 0.4709263015551049 -0.94904251866277167 0.96693989071038255 0.97036874451273059 -0.49055258467023172 0.24357284113381675 -0.92814113597246117 0.92749178532311072 -0.32958801498127338
decision_type=2 2 2 2 2 2 2 2 2 2 2 2 2 2
left_child=1 -1 11 -4 -5 6 -3 8 -8 -9 -7 -2 -13 -14
right_child=2 5 3 4 -6 10 7 9 -10 -11 -12 12 13 -15
leaf_value=0.0029393333511688979 0.0027296498684778012 -0.0028189754153993959 -0.0033402840035504726 0.0023989306708878215 -0.0015358954096374273 -9.4298533197226264e-05 3.8133594868943495e-05 -8.5462110602304716e-05 -0.0028845732727184378 0.0041800677317489938 -0.0039531103357591706 0.00073107766156933307 0.0026619680011896667 -0.0013442927277813265
leaf_weight=150 158 123 153 129 169 130 11197 109 135 113 128 2973 101 410
leaf_count=150 158 123 153 129 169 130 11197 109 135 113 128 2973 101 410
internal_value=0.000119474 4.11054e-06 0.000459254 -0.0010541 0.00019002 -3.52094e-05 1.18212e-05 4.43686e-05 8.02334e-07 0.00217232 -0.00208482 0.000649031 0.000547132 -0.000516554
internal_weight=16178 12085 4093 451 298 11935 11677 11554 11332 222 258 3642 3484 511
internal_count=16178 12085 4093 451 298 11935 11677 11554 11332 222 258 3642 3484 511
is_linear=0
shrinkage=0.03


Tree=278
num_leaves=15
num_cat=0
split_feature=6 3 2 3 1 6 2 0 3 3 2 3 7 1
split_gain=0.460408 1.85965 1.86529 0.820393 0.704394 0.55149 1.54907 0.509742 1.6496 1.98046 1.31135 3.77441 1.25989 2.00082
threshold=0.93700396825396837 0.11237373737373736 0.10487038491751778 -0.6557112068965516 0.64232409381663125 0.90786914235190108 -0.14729990356798459 0.61781229345670863 -0.58863819500402892 -0.75411605937921722 0.87577160493827166 0.82070417145044017 0.83584100606332823 -0.4752049180327868
decision_type=2 2 2 2 2 2 2 2 2 2 2 2 2 2
left_child=5 2 3 -2 -3 7 -7 -1 9 -9 12 -12 -10 -14
right_child=1 4 -4 -5 -6 6 -8 8 10 -11 11 -13 13 -15
leaf_value=-0.00013547905021235143 -0.00092715219569138496 -0.0031251268304492296 0.0048411237635065931 0.0021831904904195598 0.00021431749486720405 0.00095874305461503316 -0.0038008522373690666 0.00071408803688406241 0.00056640115181311483 -0.004623183498678859 0.0064449405439606896 -0.00019342855471294633 -0.0043498667905670259 0.00018298013477579582
leaf_weight=12420 155 104 124 133 111 114 116 117 2047 119 113 205 119 271
leaf_count=12420 155 104 124 133 111 114 116 117 2047 119 113 205 119 271
internal_value=-4.08909e-05 0.000749756 0.00191452 0.000534282 -0.00146814 -7.30443e-05 -0.0015001 -5.07875e-05 0.00030017 -0.0020557 0.000508684 0.00229006 0.000267827 -0.00127429
internal_weight=16268 627 412 288 215 15641 230 15411 2991 236 2755 318 2437 390
internal_count=16268 627 412 288 215 15641 230 15411 2991 236 2755 318 2437 390
is_linear=0
shrinkage=0.03


Tree=279
num_leaves=15
num_cat=0
split_feature=2 0 2 1 1 1 4 4 2 1 5 7 2 7
split_gain=0.866556 0.769644 2.21353 1.37156 2.08212 1.63138 5.4439 2.03654 1.67679 1.45445 1.55356 0.889902 0.74667 2.06063
threshold=0.98876404494382031 -0.78247535596933171 0.84168755221386804 -0.61242176215695709 -0.45914149443561203 0.14784456587735276 -0.014709063378758378 -0.2331050228310502 0.60232558139534897 -0.90143695608176466 0.40279123861213423 -0.94904251866277167 -0.6211556383970176 -0.8088714938030005
decision_type=2 2 2 2 2 2 2 2 2 2 2 2 2 2
left_child=1 2 3 9 -5 6 -6 -7 -9 -1 -11 -3 13 -13
right_child=-2 11 -4 4 5 7 -8 8 -10 10 -12 12 -14 -15
leaf_value=0.0014466469688341021 -0.0017667108115885309 0.0016851410035963964 0.0036893432305457638 0.0041998602673613827 0.0032503120916455423 -0.0024057492236229214 -0.0041755664291868886 0.0032011616293212792 -0.001001463262985476 0.00047278561711772875 -0.004077941358930642 -0.0038395372619720127 -2.869635945220861e-05 -0.00037004318026000665
leaf_weight=116 253 237 174 128 136 101 219 328 109 103 176 155 11535 2384
leaf_count=116 253 237 174 128 136 101 219 328 109 103 176 155 11535 2384
internal_value=-5.87339e-05 -3.04651e-05 0.000593591 0.000189977 0.000769837 0.000237122 -0.00131961 0.00126967 0.00215396 -0.00129085 -0.0024397 -0.000100166 -0.000131405 -0.00059608
internal_weight=16154 15901 1590 1416 1021 893 355 538 437 395 279 14311 14074 2539
internal_count=16154 15901 1590 1416 1021 893 355 538 437 395 279 14311 14074 2539
is_linear=0
shrinkage=0.03


Tree=280
num_leaves=15
num_cat=0
split_feature=5 9 1 4 6 4 8 7 4 9 9 9 9 7
split_gain=0.635648 1.5684 1.57458 1.28231 1.461 1.55386 1.42314 2.03073 3.22136 1.82187 2.40572 1.67435 1.64486 1.97391
threshold=0.06472559698366144 -0.75411605937921722 0.14784456587735276 -0.2331050228310502 -0.73105625717566014 -0.20530382859149984 0.82807881773399028 0.14784456587735276 -0.45129664769133454 0.49274752995585464 0.89237451737451745 -0.55424836601307181 0.58102025506376598 -1.0000000180025095e-35
decision_type=2 2 2 2 2 2 2 2 2 2 2 2 2 2
left_child=1 2 -1 6 -5 -6 7 8 11 -9 -11 -3 13 -13
right_child=-2 3 -4 4 5 -7 -8 9 -10 10 -12 12 -14 -15
leaf_value=0.002700819420619666 -0.00013100935274063002 0.0033060264847302374 -0.00043993551240879955 0.0028523061078573973 0.0031595841411767261 0.00021708140268884057 0.001963208846345483 -0.00037906028332816249 -0.0014022450841456465 -0.0036497556645714488 0.00059915703932096349 -0.00030298354120681807 0.002056284822171902 0.0025151729789652643
leaf_weight=424 7754 196 211 242 165 2125 266 1112 861 412 164 1631 466 249
leaf_count=424 7754 196 211 242 165 2125 266 1112 861 412 164 1631 466 249
internal_value=6.54628e-05 0.000244131 0.00166656 0.000127672 0.000682603 0.000441911 -0.0001354 -0.000248684 0.000173663 -0.00109614 -0.00245042 0.000710841 0.000480911 8.16052e-05
internal_weight=16278 8524 635 7889 2532 2290 5357 5091 3403 1688 576 2542 2346 1880
internal_count=16278 8524 635 7889 2532 2290 5357 5091 3403 1688 576 2542 2346 1880
is_linear=0
shrinkage=0.03


Tree=281
num_leaves=15
num_cat=0
split_feature=6 0 4 8 0 6 3 6 5 6 8 6 4 8
split_gain=1.11339 1.23042 2.06369 0.955808 1.22217 2.34033 1.64107 1.59607 2.07559 1.48238 2.44661 1.65806 1.31816 1.14966
threshold=0.97036874451273059 0.60232558139534897 0.42444997924449984 0.28330047873838354 -0.72264957264957252 -0.73969508752117441 -0.22623655913978494 -0.90733452593917707 0.61152570480928703 -0.75411605937921722 0.69321266968325801 -0.63911657559198531 0.61781229345670863 -0.6557112068965516
decision_type=2 2 2 2 2 2 2 2 2 2 2 2 2 2
left_child=3 2 -2 13 5 -5 -7 8 -6 10 -9 -11 -12 -1
right_child=1 -3 -4 4 7 6 -8 9 -10 11 12 -13 -14 -15
leaf_value=0.00033353168757490546 -0.0029655396308105693 -0.0042537102044727174 0.0025379044949505967 0.0019077958783942878 0.00085789020352032303 -0.0008082181576003389 -0.0051913866777480999 0.0044182709689022433 -0.005011895489963618 -0.0016735462547529997 -0.0023167936566238436 0.00051016169613731898 0.00222721627597431 -0.00039187530246784957
leaf_weight=2652 123 107 104 143 102 195 122 209 100 327 108 4425 102 7525
leaf_count=2652 123 107 104 143 102 195 122 209 100 327 108 4425 102 7525
internal_value=-6.35764e-05 -0.00175227 -0.000443442 -2.72752e-05 0.000278619 -0.00118948 -0.00260229 0.000406284 -0.00214729 0.000509988 0.00219969 0.000356695 -0.000108788 -0.000202701
internal_weight=16344 334 227 16010 5833 460 317 5373 202 5171 419 4752 210 10177
internal_count=16344 334 227 16010 5833 460 317 5373 202 5171 419 4752 210 10177
is_linear=0
shrinkage=0.03


Tree=282
num_leaves=15
num_cat=0
split_feature=5 8 8 0 1 4 1 1 8 1 5 5 5 9
split_gain=0.600294 0.647479 1.27803 1.82574 1.53774 3.48508 1.79386 2.19421 1.32607 1.25618 2.40005 2.41466 2.10112 2.08553
threshold=-0.96799795186891957 -0.20530382859149984 -0.28989813242784374 0.57223113964687011 0.78516483516483537 0.021167557932263773 0.6777901371894699 0.61781229345670863 -0.53752345215759834 -0.093541666666666676 0.77913279132791335 0.50280898876404501 0.93700396825396837 -0.8088714938030005
decision_type=2 2 2 2 2 2 2 2 2 2 2 2 2 2
left_child=-1 2 4 -4 6 -6 7 9 -7 12 11 -11 13 -2
right_child=1 -3 3 -5 5 8 -8 -9 -10 10 -12 -13 -14 -15
leaf_value=-0.0019518778972536779 -0.0026617575240605335 0.00012532857287816888 -0.00077961480792206278 -0.0049593790482092455 -0.0058950409263541746 0.001250040965730607 0.0024795735137468 -0.003385417471660978 -0.0027246345893332832 0.00046414172912897351 -0.0027334107085676524 0.0035911399997672943 0.0032383022145607834 -0.00023949799816351254
leaf_weight=137 364 9912 571 104 122 214 246 166 104 1678 171 247 126 2230
leaf_count=137 364 9912 571 104 122 214 246 166 104 1678 171 247 126 2230
internal_value=-4.33767e-05 -2.61014e-05 -0.000262561 -0.00148661 -0.000114428 -0.00179721 3.0359e-05 -9.53025e-05 -9.32901e-05 2.48825e-05 0.000575331 0.000881857 -0.00039984 -0.000588315
internal_weight=16392 16255 6343 675 5668 440 5228 4982 318 4816 2096 1925 2720 2594
internal_count=16392 16255 6343 675 5668 440 5228 4982 318 4816 2096 1925 2720 2594
is_linear=0
shrinkage=0.03


Tree=283
num_leaves=15
num_cat=0
split_feature=4 9 6 9 8 8 8 5 6 4 1 9 8 8
split_gain=1.22821 1.32178 2.98175 1.73215 1.47794 1.25107 1.23984 2.15717 1.41128 1.35558 1.23147 1.71623 0.867936 1.43632
threshold=0.87577160493827166 -0.58044603743528456 -0.88433667781493852 -0.26953601953601952 -0.86949116457313169 0.55863254392666173 0.92749178532311072 -0.084541556054727393 0.97315315315315332 0.29847345636819328 -0.093541666666666676 0.47885646217986894 0.83584100606332823 0.78516483516483537
decision_type=2 2 2 2 2 2 2 2 2 2 2 2 2 2
left_child=6 4 -3 -4 -2 -6 8 -8 12 -10 -5 -12 13 -1
right_child=1 2 3 10 5 -7 7 -9 9 -11 11 -13 -14 -15
leaf_value=-2.773797797682521e-05 -0.00076480920498913805 -0.0043226850907759446 -0.0016445738878422256 0.0035988398494261604 0.0048434782831648752 0.00070783679397442407 0.0013886647561640408 -0.0026109191502932177 -0.0047395418854265479 5.0934152762320911e-05 0.0031530118402818331 -0.0014989961369080234 0.0010492142513953801 -0.0019352402349308846
leaf_weight=13346 101 104 164 198 179 107 163 412 103 100 115 157 633 355
leaf_count=13346 101 104 164 198 179 107 163 412 103 100 115 157 633 355
internal_value=-4.72068e-05 0.000904627 0.000151619 0.0009413 0.00230061 0.00337241 -0.000118617 -0.00147277 -6.40786e-05 -0.0024881 0.00185907 0.000509908 -2.80386e-05 -7.85378e-05
internal_weight=16237 1125 738 634 387 286 15112 575 14537 203 470 272 14334 13701
internal_count=16237 1125 738 634 387 286 15112 575 14537 203 470 272 14334 13701
is_linear=0
shrinkage=0.03


Tree=284
num_leaves=15
num_cat=0
split_feature=9 4 8 9 8 9 7 5 3 8 9 4 9 7
split_gain=0.775838 1.72459 1.78014 1.41728 1.38305 1.06009 1.11834 1.94525 0.96756 0.610714 2.01455 2.36676 2.12226 2.02261
threshold=0.92749178532311072 0.048199767711962889 0.54076207354895889 0.94904251866277189 0.37011669203450032 0.86949116457313191 0.77096018735363003 -0.46495250573206681 0.54884143571104049 -0.56386946386946379 0.42482876712328771 0.58939234281700037 -0.30886644219977549 -0.37284167398302598
decision_type=2 2 2 2 2 2 2 2 2 2 2 2 2 2
left_child=5 3 -3 -2 -5 9 7 -7 -9 10 12 13 -1 -12
right_child=1 2 -4 4 -6 6 -8 8 -10 -11 11 -13 -14 -15
leaf_value=-0.00076105532453288219 0.0024238894797495702 0.0043043437006591414 1.6739881461168206e-05 -0.0033064877849431108 0.00085699226758659405 0.0011601726845460565 0.0011886714064450192 -0.0052203463669249547 -0.0013264362974307285 8.6206516203671179e-05 -0.00088922387875544902 0.0013708342832246131 0.00093218821146754251 -0.0051186391884909845
leaf_weight=1555 102 191 154 159 119 101 103 141 107 11845 198 133 1150 211
leaf_count=1555 102 191 154 159 119 101 103 141 107 11845 198 133 1150 211
internal_value=-1.21076e-05 0.00094034 0.00244484 -0.000453253 -0.0015564 -5.71075e-05 -0.00147265 -0.00226932 -0.00365684 -1.37653e-05 -0.000377606 -0.00202925 -4.041e-05 -0.00314124
internal_weight=16269 725 345 380 278 15544 452 349 248 15092 3247 542 2705 409
internal_count=16269 725 345 380 278 15544 452 349 248 15092 3247 542 2705 409
is_linear=0
shrinkage=0.03


Tree=285
num_leaves=15
num_cat=0
split_feature=6 8 6 8 3 3 4 4 0 7 1 3 7 6
split_gain=0.980172 1.7703 1.5921 1.86459 1.4966 1.17149 1.15268 1.75109 0.84924 1.66444 3.02893 1.94212 2.40896 1.61067
threshold=0.83584100606332823 -0.56386946386946379 0.93700396825396837 0.1895313034553541 -0.31198770491803274 -0.96799795186891957 0.69321266968325801 0.24357284113381675 0.77913279132791335 0.70209762000806786 0.088421444527177942 0.63356807511737101 -0.099295774647887289 0.34514106583072107
decision_type=2 2 2 2 2 2 2 2 2 2 2 2 2 2
left_child=5 4 6 -4 -2 -1 7 -3 -7 11 -11 13 -13 -10
right_child=1 2 3 -5 -6 8 -8 -9 9 10 -12 12 -14 -15
leaf_value=0.0029759041376106825 -0.00089978343094973003 -0.0017204687992161607 0.0032403840520064614 -0.00045118445436142992 -0.0052674125659508877 -0.00013250461647537694 -0.0039802362237913672 0.0018836423425461378 -0.0010815509711044242 -0.0033064473393137465 0.001314663139484045 -0.00035423094798470774 0.003857353718010709 0.0019757185144830616
leaf_weight=106 160 412 187 323 124 13067 107 161 404 231 263 179 365 238
leaf_count=106 160 412 187 323 124 13067 107 161 404 231 263 179 365 238
internal_value=-0.000100633 -0.000835787 -0.000317926 0.000938675 -0.00292108 -2.71637e-05 -0.00126032 -0.000692856 -5.07515e-05 0.000582144 -0.00086895 0.00118877 0.00249018 6.47486e-05
internal_weight=16327 1474 1190 510 284 14853 680 573 14747 1680 494 1186 544 642
internal_count=16327 1474 1190 510 284 14853 680 573 14747 1680 494 1186 544 642
is_linear=0
shrinkage=0.03


Tree=286
num_leaves=15
num_cat=0
split_feature=8 2 4 4 8 4 5 2 8 1 6 8 5 1
split_gain=1.08123 1.77016 0.882186 1.70306 1.31727 0.936087 0.843861 0.843526 0.611151 2.14425 0.638845 3.53905 0.99715 1.90613
threshold=0.97036874451273059 0.34514106583072107 0.93700396825396837 0.92749178532311072 -0.11378020713463753 0.90786914235190108 0.93700396825396837 -0.019237883832778409 -0.94904251866277167 -0.16903096903096895 -0.85129906025428403 0.78516483516483537 0.88303693570451447 -0.51316701316701308
decision_type=2 2 2 2 2 2 2 2 2 2 2 2 2 2
left_child=2 -2 3 5 7 8 -6 -4 9 -1 11 -10 -12 -14
right_child=1 -3 4 -5 6 -7 -8 -9 10 -11 12 -13 13 -15
leaf_value=-0.0043996149498867695 0.00037576204608700685 -0.0039026329459075143 0.0020997649190577727 0.0037083309586789155 -0.00082524272625244437 -0.002682803028057945 -0.0040666257172875999 -0.0012890535820303346 0.0015989754069644173 0.0011869385471581517 -7.229086045555708e-05 -0.0039646209026686849 0.0042188691652633925 0.00011320363634508357
leaf_weight=108 174 161 121 101 145 108 148 124 723 123 13631 110 133 355
leaf_count=108 174 161 121 101 145 108 148 124 723 123 13631 110 133 355
internal_value=-7.23661e-05 -0.00173394 -3.63581e-05 5.74956e-06 -0.00121917 -2.11143e-05 -0.0025427 0.000401318 -4.27781e-07 -0.00149914 2.37129e-05 0.000825972 -2.41703e-05 0.00129441
internal_weight=16265 335 15930 15392 538 15291 293 245 15183 231 14952 833 14119 488
internal_count=16265 335 15930 15392 538 15291 293 245 15183 231 14952 833 14119 488
is_linear=0
shrinkage=0.03


Tree=287
num_leaves=15
num_cat=0
split_feature=0 0 7 7 9 2 0 3 3 7 4 2 5 9
split_gain=0.638991 1.36057 1.87115 1.50016 1.37703 1.317 1.19783 1.44218 1.7234 1.18844 2.52173 1.7248 1.49145 1.49111
threshold=-0.37284167398302598 -0.41897974493623397 -0.42514367816091952 0.90342013214146921 -0.040547945205479489 -0.94904251866277167 -0.32230727173318752 -0.016133229247983379 -0.43308457711442783 -0.6795061728395061 0.048199767711962889 0.30816714150047492 0.079682539682539702 0.22055910191503417
decision_type=2 2 2 2 2 2 2 2 2 2 2 2 2 2
left_child=1 3 -3 9 -4 -2 7 8 -7 10 -1 -12 13 -11
right_child=5 2 4 -5 -6 6 -8 -9 -10 12 11 -13 -14 -15
leaf_value=-0.0007901837967314386 -0.0030588919411789861 0.00449024688596687 0.0022784107448735637 0.002673992838974743 -0.0021167211599531586 -0.0024649257592837068 -7.8154910562511904e-05 -0.0036830387671286571 0.0023437010597262995 0.00099996604958462062 0.0037888157646263354 3.6675130269016884e-05 -0.00082469955212632125 -0.0010072182719920609
leaf_weight=396 131 145 128 183 110 131 10718 176 118 1121 295 173 1955 463
leaf_count=396 131 145 128 183 110 131 10718 176 118 1121 295 173 1955 463
internal_value=-5.25672e-05 0.000230565 0.00192469 8.52e-05 0.000243605 -0.000177451 -0.000140864 -0.00168415 -0.000183632 -2.82124e-05 0.000962798 0.00243159 -0.000272186 0.000410632
internal_weight=16243 4969 383 4586 238 11274 11143 425 249 4403 864 468 3539 1584
internal_count=16243 4969 383 4586 238 11274 11143 425 249 4403 864 468 3539 1584
is_linear=0
shrinkage=0.03


Tree=288
num_leaves=15
num_cat=0
split_feature=7 8 8 0 8 1 0 9 0 0 8 1 0 3
split_gain=1.63952 1.59601 2.0601 2.3347 1.46638 1.54599 1.2011 0.894699 1.29248 1.92578 2.24655 1.97741 1.87274 1.65984
threshold=0.89851963098047638 0.59508740204942756 0.14784456587735276 0.021167557932263773 0.96693989071038255 0.57223113964687011 -0.96799795186891957 -0.38688172043010749 0.89851963098047638 0.50280898876404501 -0.90143695608176466 -0.72264957264957252 0.70991117344553545 0.097167584579071611
decision_type=2 2 2 2 2 2 2 2 2 2 2 2 2 2
left_child=6 2 3 -2 5 -3 -1 8 9 10 -8 -12 -11 -13
right_child=1 4 -4 -5 -6 -7 7 -9 -10 12 11 13 -14 -15
leaf_value=0.0026902228806981107 -0.00099016903040414356 0.0051953971848979121 -0.0023630560253153931 0.0037807700089696377 -0.0004307145866686883 0.00075387989343594637 -0.0029299117040851811 6.8002018992432658e-05 0.002295088120267822 -0.0036252943846312433 0.0015213453506221788 0.00015980705513516668 -0.00024656460102830482 -0.0013136887213677933
leaf_weight=132 174 193 184 179 105 114 257 10643 141 320 573 1835 270 1089
leaf_count=132 174 193 184 179 105 114 257 10643 141 320 573 1835 270 1089
internal_value=1.94787e-05 0.00122269 0.000135177 0.0014666 0.00260335 0.00362191 -5.6099e-05 -8.18235e-05 -0.000436723 -0.000530461 -0.000277429 -7.46951e-05 -0.00210898 -0.000391581
internal_weight=16209 949 537 353 412 307 15260 15128 4485 4344 3754 3497 590 2924
internal_count=16209 949 537 353 412 307 15260 15128 4485 4344 3754 3497 590 2924
is_linear=0
shrinkage=0.03


Tree=289
num_leaves=15
num_cat=0
split_feature=1 5 4 4 0 3 9 1 5 7 3 9 3 9
split_gain=0.790853 1.57787 2.98647 2.51179 2.41281 1.05151 1.8005 1.41832 1.39617 1.28702 1.04701 1.07129 1.12036 1.09527
threshold=0.30816714150047492 0.58939234281700037 0.35434243176178665 0.68651074887786456 -0.88433667781493852 0.92749178532311072 -0.25398431570958757 0.90342013214146921 0.84168755221386804 0.34514106583072107 0.69321266968325801 -0.86754385964912273 0.61781229345670863 -0.43308457711442783
decision_type=2 2 2 2 2 2 2 2 2 2 2 2 2 2
left_child=-1 3 -3 10 -4 6 8 9 -6 -8 11 -2 13 -13
right_child=1 2 4 -5 5 -7 7 -9 -10 -11 -12 12 -14 -15
leaf_value=0.00022041547297187348 0.0022617395281539772 -0.0031895728880662537 0.0044265397955462237 -0.0038114116264968087 -0.00011199966429712925 0.0025409153285345914 0.0039629432333346737 -0.0011162614273085337 -0.0041027001404493561 0.00029344457044115586 0.00094655425128804902 -0.0015443747763029848 -0.0030985847370428661 -0.0002184392396685571
leaf_weight=10514 112 149 167 186 225 196 185 147 112 157 496 694 145 2777
leaf_count=10514 112 149 167 186 225 196 185 147 112 157 496 694 145 2777
internal_value=6.57974e-05 -0.000216915 0.000682093 -0.000490602 0.00118983 0.000623164 0.000143154 0.00129564 -0.0015183 0.0023346 -0.000335716 -0.000508394 -0.000600196 -0.000487225
internal_weight=16262 5748 1338 4410 1189 1022 826 489 337 342 4224 3728 3616 3471
internal_count=16262 5748 1338 4410 1189 1022 826 489 337 342 4224 3728 3616 3471
is_linear=0
shrinkage=0.03


Tree=290
num_leaves=15
num_cat=0
split_feature=5 5 8 8 8 6 2 4 2 1 4 0 8 1
split_gain=0.774012 1.07404 1.08698 2.35246 1.9755 1.28439 1.73081 1.45921 2.39457 1.87625 1.7898 1.65929 1.63024 1.52521
threshold=1.0000000180025095e-35 0.021167557932263773 -0.6557112068965516 -0.72264957264957252 -0.58863819500402892 -0.90733452593917707 0.25317269076305232 0.27518115942028981 -0.15438786565547127 -0.14729990356798459 0.2022727272727273 -0.73105625717566014 -0.44224170796797557 -0.84344362745098034
decision_type=2 2 2 2 2 2 2 2 2 2 2 2 2 2
left_child=-1 -2 3 -3 -4 6 -6 10 11 13 12 -9 -7 -10
right_child=1 2 4 -5 5 7 -8 8 9 -11 -12 -13 -14 -15
leaf_value=0.00026945171828288676 -0.002668051949214665 6.913989052508384e-05 -0.0029572194555242143 0.0030341124737493638 -0.0038611968831578996 0.0024392500615389042 5.4247703519649801e-05 -0.0010671225162646311 0.0012700526162075837 0.00024677540603332943 -0.0027480876007796944 0.0016617776373405008 -0.00066217231075639993 -0.0021351683471656996
leaf_weight=8021 139 1400 228 281 183 162 214 232 138 1761 323 1232 1346 634
leaf_count=8021 139 1400 228 281 183 162 214 232 138 1761 323 1232 1346 634
internal_value=5.96257e-05 -0.000143889 -9.75305e-05 0.000579784 -0.000274594 -0.000171754 -0.00180113 -5.78666e-05 0.00026345 -0.000294944 -0.000756908 0.00122502 -0.000315122 -0.00151801
internal_weight=16294 8273 8134 1681 6453 6225 397 5828 3997 2533 1831 1464 1508 772
internal_count=16294 8273 8134 1681 6453 6225 397 5828 3997 2533 1831 1464 1508 772
is_linear=0
shrinkage=0.03


Tree=291
num_leaves=15
num_cat=0
split_feature=7 4 0 5 5 7 2 7 1 4 5 5 1 8
split_gain=0.991378 1.71736 0.88795 0.449335 0.53892 0.873896 1.62721 1.75192 1.49289 1.59071 1.39251 1.72121 1.22195 1.38999
threshold=-0.93495505023796921 -0.52056338028169002 -0.047065337763012187 -0.96799795186891957 0.055050505050505023 0.097167584579071611 -0.83584100606332801 0.16436803325146424 -0.8171368861024032 -0.014709063378758378 -0.077787381158167621 -0.32958801498127338 0.89851963098047638 0.81438415159345401
decision_type=2 2 2 2 2 2 2 2 2 2 2 2 2 2
left_child=1 -1 -3 -2 5 8 -7 -8 -5 -10 11 -11 13 -9
right_child=3 2 -4 4 -6 6 7 12 9 10 -12 -13 -14 -15
leaf_value=0.0018730481501499359 -0.0015502136228606105 -0.0011791620751211462 -0.0045565784358768723 -0.0018980665329947296 -8.0995617907177024e-05 0.0021920204453141534 -0.0024586022452588977 -0.00016061679055033332 0.00041399135215807739 0.0039557516869622228 0.0037128356950471304 -0.00030825451688052942 -0.0031393494561622924 0.0020104405678093734
leaf_weight=100 140 193 110 207 7640 249 291 2486 3812 108 252 302 101 287
leaf_count=100 140 193 110 207 7640 249 291 2486 3812 108 252 302 101 287
internal_value=4.64708e-05 -0.00140466 -0.00251169 8.417e-05 9.9687e-05 0.000270103 -9.47934e-05 -0.000281041 0.000535869 0.000652462 0.00199906 0.000882389 -5.2797e-05 7.04999e-05
internal_weight=16278 403 303 15875 15735 8095 3414 3165 4681 4474 662 410 2874 2773
internal_count=16278 403 303 15875 15735 8095 3414 3165 4681 4474 662 410 2874 2773
is_linear=0
shrinkage=0.03


Tree=292
num_leaves=15
num_cat=0
split_feature=3 9 1 1 0 6 0 9 5 9 3 0 3 3
split_gain=0.829708 1.99111 2.13413 1.64284 1.39923 1.06149 1.37615 1.31542 1.20044 1.83193 2.18832 2.61197 1.18397 1.92918
threshold=0.9194594594594595 0.3723210214318286 0.40279123861213423 -0.41101055806938153 0.89851963098047638 0.93700396825396837 0.23395061728395064 -0.45049019607843127 0.77913279132791335 0.86949116457313191 0.74050024050024055 0.22623655913978494 0.38548951048951058 0.53456514813634926
decision_type=2 2 2 2 2 2 2 2 2 2 2 2 2 2
left_child=5 2 3 -2 -3 8 7 -7 -1 10 12 -12 -10 -14
right_child=1 4 -4 -5 -6 6 -8 -9 9 -11 11 -13 13 -15
leaf_value=-4.1367064897011117e-05 0.0024458418794554367 -0.0034783117847344384 0.0045403869431393474 -0.0018571710274428934 0.00069039434665458253 4.7477231998964554e-05 -0.00031589513393056679 0.004090998904220028 -0.00062926612057807776 -0.0046780499497597865 -0.0059327002881557076 -0.00047093231437029317 0.0047621313247804501 -0.00013368541933810724
leaf_weight=13474 164 114 183 138 168 117 289 181 705 100 127 190 101 207
leaf_count=13474 164 114 183 138 168 117 289 181 705 100 127 190 101 207
internal_value=-3.18501e-05 0.000924825 0.00207477 0.000483061 -0.00105623 -7.97836e-05 0.00116073 0.00255653 -0.000129387 -0.000952702 -0.00063978 -0.0027736 4.8545e-05 0.00157103
internal_weight=16258 767 485 302 282 15491 587 298 14904 1430 1330 317 1013 308
internal_count=16258 767 485 302 282 15491 587 298 14904 1430 1330 317 1013 308
is_linear=0
shrinkage=0.03


Tree=293
num_leaves=15
num_cat=0
split_feature=8 3 7 4 6 6 4 8 6 4 3 0 1 5
split_gain=0.754483 2.40122 1.48437 1.95345 2.0281 1.45868 0.843494 0.802448 1.39845 1.07975 1.13618 1.31686 1.46925 1.14757
threshold=-0.85129906025428403 0.22623655913978494 0.22623655913978494 0.3228287841191067 -0.21992558908639928 -0.11378020713463753 0.51765683423348574 0.72524509803921589 -0.91836356904850047 0.89237451737451745 0.93700396825396837 0.83584100606332823 -0.014709063378758378 0.56574122577265595
decision_type=2 2 2 2 2 2 2 2 2 2 2 2 2 2
left_child=1 5 3 -3 -5 6 -1 -2 -9 10 11 13 -13 -10
right_child=7 2 -4 4 -6 -7 -8 8 9 -11 -12 12 -14 -15
leaf_value=0.0018372806396176357 -0.00015711912600898872 -0.0029464428245086034 -0.0033015823719910525 0.003814216065547953 -0.0014749152108870314 0.0033586219116887839 -0.0013614280400660766 -0.002691088371650606 -0.00024328766311814049 0.0023720480663109232 -0.0025092079447439084 -5.8231539081530702e-05 0.003810999434840946 0.0018246154444304646
leaf_weight=154 12916 109 139 150 103 321 126 112 1248 265 107 153 198 289
leaf_count=154 12916 109 139 150 103 321 126 112 1248 265 107 153 198 289
internal_value=-9.07854e-06 0.000745423 -0.000780731 0.000249953 0.00168673 0.0020096 0.000400551 -6.39167e-05 0.000442117 0.000608562 0.000363652 0.00053883 0.00216952 0.000154818
internal_weight=16390 1102 501 362 253 601 280 15288 2372 2260 1995 1888 351 1537
internal_count=16390 1102 501 362 253 601 280 15288 2372 2260 1995 1888 351 1537
is_linear=0
shrinkage=0.03


Tree=294
num_leaves=15
num_cat=0
split_feature=3 2 4 3 9 9 5 6 4 0 0 6 7 5
split_gain=0.802567 1.63666 1.52156 1.46403 1.20929 1.94195 1.14208 2.07349 2.02431 1.94027 2.94235 1.74574 1.89112 1.7413
threshold=-0.11378020713463753 0.69321266968325801 -0.32958801498127338 -0.099295774647887289 -0.53774928774928765 -0.13423734983618493 -0.34351679104477606 0.1564382530120482 0.82070417145044017 -0.74625530963559117 -0.58044603743528456 0.06472559698366144 0.70209762000806786 0.1564382530120482
decision_type=2 2 2 2 2 2 2 2 2 2 2 2 2 2
left_child=1 6 -3 -2 -4 -6 -1 9 -9 -8 13 12 -12 -11
right_child=3 2 4 -5 5 -7 7 8 -10 10 11 -13 -14 -15
leaf_value=-0.00053440487826004308 0.0034356057692223525 0.0014041267795463293 -0.0046440041197683682 0.00017879652349938051 0.0018766871294272798 -0.0031419307585148245 -0.0021031774872247613 0.00064074957589830531 0.0040542781800248246 -1.0318223487686466e-06 0.0004354096833574456 -0.003911163547962177 -0.0030969004246785684 0.0050875897780184118
leaf_weight=2751 116 102 151 9052 102 177 468 1805 162 101 854 113 152 141
leaf_count=2751 116 102 151 9052 102 177 468 1805 162 101 854 113 152 141
internal_value=3.85302e-05 -0.000201263 -0.00178556 0.000223702 -0.0025569 -0.00130572 -6.99985e-05 0.000267081 0.000940969 -0.000458828 0.000117822 -0.000537269 -0.000123527 0.00304806
internal_weight=16247 7079 532 9168 430 279 6547 3796 1967 1829 1361 1119 1006 242
internal_count=16247 7079 532 9168 430 279 6547 3796 1967 1829 1361 1119 1006 242
is_linear=0
shrinkage=0.03


Tree=295
num_leaves=15
num_cat=0
split_feature=8 7 4 7 9 6 8 6 9 1 2 4 4 7
split_gain=1.0184 0.799896 1.1204 0.940016 1.68137 1.76498 1.64748 1.79458 1.58799 1.5069 2.67707 1.30984 1.5574 1.67852
threshold=-0.96799795186891957 0.97315315315315332 0.29847345636819328 0.63356807511737101 -0.92814113597246117 -0.88433667781493852 0.26713615023474185 -0.96521476104053228 -0.59775280898876393 0.06472559698366144 -0.21992558908639928 -0.68898343036274057 -0.35538545653362491 0.73152530032763019
decision_type=2 2 2 2 2 2 2 2 2 2 2 2 2 2
left_child=-1 3 -3 6 -5 -6 7 -2 9 10 -7 -10 -13 -14
right_child=1 2 -4 4 5 8 -8 -9 11 -11 -12 12 13 -15
leaf_value=0.0025554963093379446 0.003620813609784947 -0.00031043669481804927 0.003394226740405429 0.0027409319069398486 -0.0040157217088280543 -0.0034490041639877573 0.00057701454592368911 -0.00018531818357556205 -0.0029426449297560034 -0.0041420075054529135 0.002928251729878996 0.0018988752845712983 -0.0018312439198472394 0.00025271391839640781
leaf_weight=135 103 141 140 128 124 116 4443 8407 132 181 102 328 472 1243
leaf_count=135 103 141 140 128 124 116 4443 8407 132 181 102 328 472 1243
internal_value=5.25728e-05 2.99562e-05 0.00158852 1.21211e-06 -0.000493525 -0.000656531 0.000109448 -0.000135055 -0.00047979 -0.00219495 -0.000467589 -0.000156542 3.69268e-05 -0.000328121
internal_weight=16195 16060 281 15779 2826 2698 12953 8510 2574 399 218 2175 2043 1715
internal_count=16195 16060 281 15779 2826 2698 12953 8510 2574 399 218 2175 2043 1715
is_linear=0
shrinkage=0.03


Tree=296
num_leaves=15
num_cat=0
split_feature=2 2 7 5 6 6 2 1 0 5 0 0 5 5
split_gain=0.737361 1.45617 1.63695 3.911 1.37785 1.66101 1.17235 2.77912 3.09617 2.48011 2.02823 2.28301 1.85835 1.81471
threshold=-0.2331050228310502 -0.1270166453265045 -0.42514367816091952 -0.43308457711442783 0.36055555555555568 -0.040547945205479489 -0.75411605937921722 -0.90733452593917707 -0.90143695608176466 0.39305778491171756 0.57223113964687011 0.82070417145044017 0.54076207354895889 0.055050505050505023
decision_type=2 2 2 2 2 2 2 2 2 2 2 2 2 2
left_child=6 2 3 -2 5 -4 10 -8 -9 13 -1 -12 -11 -10
right_child=1 -3 4 -5 -6 -7 7 8 9 12 11 -13 -14 -15
leaf_value=5.2311672199503072e-05 -0.0038141800933805979 -0.00011018279061550509 -0.0024428408669138492 0.003348709695312261 -0.0041008808094462473 0.0016169201017588539 0.0047577488995474678 -0.0041886815046679902 0.00046814029225941906 0.0040466487820958715 -0.0044962129177852491 0.00027922752620038871 0.00097762091949950974 -0.0012768240360846424
leaf_weight=1541 103 9332 265 165 217 127 122 122 2476 248 198 157 601 674
leaf_count=1541 103 9332 265 165 217 127 122 122 2476 248 198 157 601 674
internal_value=-6.45548e-05 -0.000220713 -0.00138235 0.000557633 -0.00223128 -0.00112006 0.000195069 0.000471885 0.000333794 0.000481869 -0.000423634 -0.00243447 0.00191078 9.19143e-05
internal_weight=16348 10209 877 268 609 392 6139 4243 4121 3999 1896 355 849 3150
internal_count=16348 10209 877 268 609 392 6139 4243 4121 3999 1896 355 849 3150
is_linear=0
shrinkage=0.03


Tree=297
num_leaves=15
num_cat=0
split_feature=2 2 3 2 5 5 6 0 6 0 5 8 5 3
split_gain=0.797932 1.57613 0.937583 0.94302 0.887241 1.21434 0.788575 1.88211 1.69393 1.49188 1.06158 1.05935 1.50669 1.89361
threshold=0.98876404494382031 0.96693989071038255 0.98876404494382031 0.58102025506376598 0.98876404494382031 0.96693989071038255 0.47885646217986894 -0.59537185660781156 0.49274752995585464 -0.48255578093306278 0.87577160493827166 0.96693989071038255 0.89851963098047638 0.50280898876404501
decision_type=2 2 2 2 2 2 2 2 2 2 2 2 2 2
left_child=1 2 4 -4 5 6 11 -8 -9 -10 -11 12 -1 -14
right_child=-2 -3 3 -5 -6 -7 7 8 9 10 -12 -13 13 -15
leaf_value=9.8168887897966657e-05 -0.0016871236885710077 0.0027343256868392466 -0.00011657977627741324 0.0038870493269694798 -0.0020088003824419547 0.0025779288257472216 -0.0018997934239314204 -0.0037606083337284094 0.0023617909692077491 -0.00027963242352020988 0.0026436154408669417 0.0020660003705563236 0.00034649458216352857 -0.0043377985494436732
leaf_weight=10710 243 179 101 100 195 150 629 102 213 3110 106 227 151 147
leaf_count=10710 243 179 101 100 195 150 629 102 213 3110 106 227 151 147
internal_value=-1.54072e-05 1.08233e-05 -2.14536e-05 0.0019651 -4.80535e-05 -2.21818e-05 -4.91728e-05 -0.000401504 -0.000129992 -1.13738e-05 -0.000175386 8.15264e-05 3.87658e-05 -0.00203003
internal_weight=16363 16120 15941 201 15740 15545 15395 4160 3531 3429 3216 11235 11008 298
internal_count=16363 16120 15941 201 15740 15545 15395 4160 3531 3429 3216 11235 11008 298
is_linear=0
shrinkage=0.03


Tree=298
num_leaves=15
num_cat=0
split_feature=6 9 6 0 0 6 0 4 5 9 9 0 3 6
split_gain=1.1275 2.20359 1.61052 1.38095 1.30186 1.26246 1.0435 1.88991 1.86928 1.36822 1.35066 1.85135 1.5168 1.39169
threshold=-0.4752049180327868 0.81438415159345401 -0.41101055806938153 0.79361054766734296 -0.91836356904850047 0.23395061728395064 0.30816714150047492 -0.64631422189128795 -0.073622402890695535 0.17990752416981928 -1.0000000180025095e-35 0.89237451737451745 0.77096018735363003 -0.71256454388984503
decision_type=2 2 2 2 2 2 2 2 2 2 2 2 2 2
left_child=1 6 -2 -3 5 -4 7 9 -8 -1 13 12 -12 -10
right_child=2 3 4 -5 -6 -7 8 -9 10 -11 11 -13 -14 -15
leaf_value=0.0038799952156658899 0.0017545361892085207 -0.0038308217443712772 -4.8072397036613605e-05 0.00029210474389732222 1.9137597063696884e-05 0.0038420952630112875 -0.0030337473291477536 -0.00017077201531620219 -0.0029149921549750223 -0.00038828209907348666 0.00043964930168952635 -0.0024788420843807131 0.0046519474740771031 0.00061751188349777034
leaf_weight=181 525 249 141 100 11316 150 285 2402 235 102 209 100 114 165
leaf_count=181 525 249 141 100 11316 150 285 2402 235 102 209 100 114 165
internal_value=-7.4111e-07 -0.000427499 0.000145191 -0.00267424 7.09502e-05 0.00201819 -0.000214284 0.000106007 -0.000984447 0.00238086 -0.000246886 0.000924832 0.0020214 -0.00147831
internal_weight=16274 4142 12132 349 11607 291 3793 2685 1108 283 823 423 323 400
internal_count=16274 4142 12132 349 11607 291 3793 2685 1108 283 823 423 323 400
is_linear=0
shrinkage=0.03


Tree=299
num_leaves=15
num_cat=0
split_feature=0 4 8 0 5 0 9 2 0 2 5 2 4 6
split_gain=0.637331 1.69726 2.07386 1.90089 1.82443 2.35872 1.72196 1.71932 1.7933 1.56422 1.36572 1.13323 1.69944 1.71684
threshold=0.17287356321839079 0.82070417145044017 0.90342013214146921 -0.45129664769133454 0.85524707525755206 -0.84344362745098034 -0.63275862068965505 0.90342013214146921 -0.35538545653362491 0.87577160493827166 0.97036874451273059 0.62583333333333346 0.67188646929287998 0.30816714150047492
decision_type=2 2 2 2 2 2 2 2 2 2 2 2 2 2
left_child=1 2 7 4 6 -6 -3 9 -9 11 -2 -1 13 -13
right_child=10 3 -4 -5 5 -7 -8 8 -10 -11 -12 12 -14 -15
leaf_value=2.8672755033623767e-05 0.00035570228176311431 -0.00082337049163273856 -0.0029109502916998529 0.0036018327395240328 0.0010351533239323493 -0.0037200755453327804 0.0040419826496305858 -0.00036659734410932288 -0.0049918442040340592 0.0033662957972025172 -0.0025685723300795165 0.00017546941663116035 -0.004477143280375271 -0.0031212616983197026
leaf_weight=7086 6675 101 239 209 212 154 162 182 121 109 137 610 107 175
leaf_count=7086 6675 101 239 209 212 154 162 182 121 109 137 610 107 175
internal_value=7.21387e-05 -8.70763e-05 -0.000212705 0.0011938 0.000349826 -0.00101141 0.00221182 -0.000132468 -0.00231412 -4.79705e-05 0.000293212 -9.87739e-05 -0.0011003 -0.000589487
internal_weight=16279 9467 8629 838 629 366 263 8390 303 8087 6812 7978 892 785
internal_count=16279 9467 8629 838 629 366 263 8390 303 8087 6812 7978 892 785
is_linear=0
shrinkage=0.03


end of trees

feature_importances:
ret_1m=535
lprice=463
on_1m=450
on_12m=438
vol_3m=408
mom_12_2=405
fh_3m=403
dvol=394
rng_3m=356
dvol_chg=348

parameters:
[boosting: gbdt]
[objective: regression]
[metric: l2]
[tree_learner: serial]
[device_type: cpu]
[data_sample_strategy: bagging]
[data: ]
[valid: ]
[num_iterations: 300]
[learning_rate: 0.03]
[num_leaves: 15]
[num_threads: 0]
[seed: 7]
[deterministic: 0]
[force_col_wise: 0]
[force_row_wise: 0]
[histogram_pool_size: -1]
[max_depth: -1]
[min_data_in_leaf: 100]
[min_sum_hessian_in_leaf: 0.001]
[bagging_fraction: 0.8]
[pos_bagging_fraction: 1]
[neg_bagging_fraction: 1]
[bagging_freq: 1]
[bagging_seed: 17422]
[bagging_by_query: 0]
[feature_fraction: 0.8]
[feature_fraction_bynode: 1]
[feature_fraction_seed: 7040]
[extra_trees: 0]
[extra_seed: 6516]
[early_stopping_round: 0]
[early_stopping_min_delta: 0]
[first_metric_only: 0]
[max_delta_step: 0]
[lambda_l1: 0]
[lambda_l2: 10]
[linear_lambda: 0]
[min_gain_to_split: 0]
[drop_rate: 0.1]
[max_drop: 50]
[skip_drop: 0.5]
[xgboost_dart_mode: 0]
[uniform_drop: 0]
[drop_seed: 15215]
[top_rate: 0.2]
[other_rate: 0.1]
[min_data_per_group: 100]
[max_cat_threshold: 32]
[cat_l2: 10]
[cat_smooth: 10]
[max_cat_to_onehot: 4]
[top_k: 20]
[monotone_constraints: ]
[monotone_constraints_method: basic]
[monotone_penalty: 0]
[feature_contri: ]
[forcedsplits_filename: ]
[refit_decay_rate: 0.9]
[cegb_tradeoff: 1]
[cegb_penalty_split: 0]
[cegb_penalty_feature_lazy: ]
[cegb_penalty_feature_coupled: ]
[path_smooth: 0]
[interaction_constraints: ]
[verbosity: -1]
[saved_feature_importance_type: 0]
[use_quantized_grad: 0]
[num_grad_quant_bins: 4]
[quant_train_renew_leaf: 0]
[stochastic_rounding: 1]
[linear_tree: 0]
[max_bin: 255]
[max_bin_by_feature: ]
[min_data_in_bin: 3]
[bin_construct_sample_cnt: 200000]
[data_random_seed: 61]
[is_enable_sparse: 1]
[enable_bundle: 1]
[use_missing: 1]
[zero_as_missing: 0]
[feature_pre_filter: 1]
[pre_partition: 0]
[two_round: 0]
[header: 0]
[label_column: ]
[weight_column: ]
[group_column: ]
[ignore_column: ]
[categorical_feature: ]
[forcedbins_filename: ]
[precise_float_parser: 0]
[parser_config_file: ]
[objective_seed: 15521]
[num_class: 1]
[is_unbalance: 0]
[scale_pos_weight: 1]
[sigmoid: 1]
[boost_from_average: 1]
[reg_sqrt: 0]
[alpha: 0.9]
[fair_c: 1]
[poisson_max_delta_step: 0.7]
[tweedie_variance_power: 1.5]
[lambdarank_truncation_level: 30]
[lambdarank_norm: 1]
[label_gain: ]
[lambdarank_position_bias_regularization: 0]
[eval_at: ]
[multi_error_top_k: 1]
[auc_mu_weights: ]
[num_machines: 1]
[local_listen_port: 12400]
[time_out: 120]
[machine_list_filename: ]
[machines: ]
[gpu_platform_id: -1]
[gpu_device_id: -1]
[gpu_device_id_list: ]
[gpu_use_dp: 0]
[num_gpu: 1]

end of parameters

pandas_categorical:[]
