tree
version=v4
num_class=1
num_tree_per_iteration=1
label_index=0
max_feature_idx=9
objective=regression
feature_names=mom_12_2 ret_1m on_1m on_12m vol_3m rng_3m fh_3m dvol dvol_chg lprice
feature_infos=[-0.97752808988764039:1] [-0.97752808988764039:1] [-0.97752808988764039:1] [-0.97752808988764039:1] [-0.97752808988764039:1] [-0.97752808988764039:1] [-0.97752808988764039:1] [-0.97752808988764039:1] [-0.97752808988764039:1] [-0.97752808988764039:1]
tree_sizes=1464 1520 1518 1505 1516 1520 1526 1514 1507 1520 1526 1533 1523 1522 1513 1523 1529 1518 1525 1525 1532 1525 1516 1522 1517 1522 1523 1515 1529 1522 1515 1522 1517 1526 1507 1516 1511 1514 1534 1508 1532 1523 1512 1522 1507 1527 1520 1519 1514 1529 1513 1515 1517 1522 1524 1508 1521 1520 1521 1506 1510 1521 1517 1518 1523 1515 1527 1529 1523 1520 1536 1528 1527 1523 1522 1533 1515 1512 1529 1530 1528 1514 1517 1522 1535 1520 1528 1509 1541 1520 1520 1516 1539 1520 1525 1508 1512 1514 1524 1504 1532 1517 1520 1527 1511 1520 1523 1511 1527 1512 1518 1529 1518 1526 1535 1512 1518 1524 1518 1506 1519 1532 1540 1529 1534 1518 1518 1520 1522 1514 1519 1522 1524 1514 1528 1527 1511 1497 1524 1522 1521 1517 1532 1526 1514 1528 1510 1507 1531 1532 1520 1511 1521 1521 1522 1518 1515 1518 1519 1525 1517 1504 1521 1514 1505 1528 1523 1518 1525 1533 1522 1528 1522 1525 1515 1517 1517 1510 1506 1521 1514 1501 1514 1514 1509 1525 1523 1523 1522 1527 1522 1525 1520 1523 1504 1498 1519 1514 1516 1506 1512 1527 1522 1521 1524 1492 1526 1515 1531 1523 1517 1508 1536 1512 1513 1511 1522 1524 1505 1502 1505 1514 1504 1509 1527 1511 1525 1522 1521 1517 1524 1514 1529 1506 1534 1511 1507 1521 1517 1518 1512 1512 1524 1517 1514 1515 1522 1516 1505 1513 1520 1512 1511 1520 1518 1512 1523 1520 1511 1515 1521 1527 1524 1512 1536 1507 1515 1516 1527 1511 1529 1515 1509 1521 1525 1520 1514 1518 1520 1527 1508 1516 1520 1507 1517 1517 1522 1503 1515 1512 1522 1527 1520 1512 1512 1514 1511 1526 1519 1517

Tree=0
num_leaves=15
num_cat=0
split_feature=5 0 0 5 7 5 4 9 9 1 8 0 4 1
split_gain=34.0526 17.7611 17.0145 8.71739 6.83245 4.13918 3.71033 3.58798 3.84221 3.27492 3.0536 2.92544 3.47408 3.06047
threshold=0.021167557932263773 0.13867521367521365 0.78516483516483537 0.57223113964687011 0.92749178532311072 -0.41101055806938153 -0.66479400749063666 -0.93495505023796921 0.94904251866277189 -0.36489262371615311 0.079682539682539702 -0.79887640449438191 0.77096018735363003 0.88303693570451447
decision_type=2 2 2 2 2 2 2 2 2 2 2 2 2 2
left_child=1 5 4 -4 7 -1 10 -2 11 -7 -3 13 -13 -9
right_child=2 6 3 -5 -6 9 -8 8 -10 -11 -12 12 -14 -15
leaf_value=0.012054220458266192 0.019072211758866968 0.012249097363428857 0.016641427174347412 0.021595833092418852 0.020145454462511533 0.015807397955040874 0.016285175891293829 0.013455463673815761 0.020265858152401325 0.01310950486525269 0.015527639913983843 0.015525447564200668 0.017606124737591534 0.018359027311127773
leaf_weight=2764 292 432 516 858 347 556 2391 850 153 1451 604 4127 866 123
leaf_count=2764 292 432 516 858 347 556 2391 850 153 1451 604 4127 866 123
internal_value=0.0153524 0.0139888 0.016727 0.0197581 0.0161052 0.0128073 0.0156363 0.0158794 0.0157211 0.0138555 0.014144 0.0155966 0.0158901 0.0140997
internal_weight=16330 8198 8132 1374 6758 4771 3427 6411 6119 2007 1036 5966 4993 973
internal_count=16330 8198 8132 1374 6758 4771 3427 6411 6119 2007 1036 5966 4993 973
is_linear=0
shrinkage=1


Tree=1
num_leaves=15
num_cat=0
split_feature=0 5 5 7 6 5 0 7 6 9 3 6 0 7
split_gain=35.9842 21.2754 11.8317 11.3412 6.89073 7.32415 6.60007 5.24064 5.07916 4.09073 4.07705 4.79671 3.97185 3.63108
threshold=0.77913279132791335 -0.41897974493623397 0.58102025506376598 0.92749178532311072 -0.58044603743528456 0.60232558139534897 0.015628815628815577 -0.6795061728395061 -0.90733452593917707 -0.89309523809523805 -0.52056338028169002 0.16436803325146424 0.53456514813634926 0.49274752995585464
decision_type=2 2 2 2 2 2 2 2 2 2 2 2 2 2
left_child=1 6 -2 4 7 -6 -1 -3 -9 -7 -8 -12 13 -11
right_child=2 3 -4 -5 5 9 10 8 -10 12 11 -13 -14 -15
leaf_value=-0.0033334543363621274 0.0017312185628964472 0.0016798584478975862 0.00648854508706801 0.0048105519519610479 -7.3159341588875382e-06 0.0070643418362276661 -0.003498481939632135 -0.0049457509579951871 -0.0012110761024575777 2.3425742046816683e-05 -0.0016574038992024536 0.0016930497992569946 0.0052296563295695739 0.0037513669111837564
leaf_weight=2343 1063 411 849 459 5662 139 440 410 1544 851 908 652 241 315
leaf_count=2343 1063 411 849 459 5662 139 440 410 1544 851 908 652 241 315
internal_value=1.10367e-05 -0.000504094 0.00386642 0.00025565 3.24628e-05 0.000493641 -0.0022556 -0.00136927 -0.0020159 0.00231658 -0.000982594 -0.000255222 0.00180099 0.00105388
internal_weight=16287 14375 1912 10032 9573 7208 4343 2365 1954 1546 2000 1560 1407 1166
internal_count=16287 14375 1912 10032 9573 7208 4343 2365 1954 1546 2000 1560 1407 1166
is_linear=0
shrinkage=0.03


Tree=2
num_leaves=15
num_cat=0
split_feature=5 3 5 6 4 6 1 1 8 3 6 4 9 3
split_gain=31.2245 16.1454 6.69128 6.05676 8.38924 4.8941 6.77515 4.58936 4.10828 3.89996 4.95281 3.37846 3.21963 3.13067
threshold=0.021167557932263773 0.58102025506376598 -0.41897974493623397 -0.67242921013412815 0.57223113964687011 -0.57052441229656403 -0.46495250573206681 0.6777901371894699 0.76293487957181094 -0.72264957264957252 0.18052538020936207 0.82070417145044017 -0.88388945062352542 -0.89403508771929807
decision_type=2 2 2 2 2 2 2 2 2 2 2 2 2 2
left_child=2 5 9 12 -5 8 11 -6 -2 -1 -11 -7 -3 -8
right_child=1 3 -4 4 7 6 13 -9 -10 10 -12 -13 -14 -15
leaf_value=-0.0040818784274823218 -0.00042546532890445422 0.0058154814730310258 -0.00027915540511775304 0.0020289873073925263 0.0043911898925047986 0.0022375084340351533 -0.0030174376468015155 0.0087391516203979332 -0.0050278731127795968 -0.0025103149443850047 -0.00034473241086496688 0.0068860023782549512 0.00030298993493739414 0.00051260488839040708
leaf_weight=686 1129 101 3601 860 616 882 236 374 197 2338 1603 163 686 2793
leaf_count=686 1129 101 3601 860 616 882 236 374 197 2338 1603 163 686 2793
internal_value=4.81321e-05 0.00137724 -0.00125022 0.00329669 0.00423115 0.000435546 0.00095046 0.00610472 -0.00114175 -0.00200372 -0.00163257 0.00302098 0.00107453 0.000228543
internal_weight=16265 8037 8228 2637 1850 5400 4074 990 1326 4627 3941 1045 787 3029
internal_count=16265 8037 8228 2637 1850 5400 4074 990 1326 4627 3941 1045 787 3029
is_linear=0
shrinkage=0.03


Tree=3
num_leaves=15
num_cat=0
split_feature=5 3 0 7 5 3 0 7 4 4 3 0 1 9
split_gain=34.3169 18.0416 14.2901 7.98563 6.72553 6.55574 5.82851 5.69802 4.90014 4.63279 3.53405 3.34892 3.1824 4.65692
threshold=0.031754032258064509 0.9194594594594595 0.12158167036215818 0.92749178532311072 0.64888572783309639 -0.61242176215695709 0.79361054766734296 0.23395061728395064 0.50280898876404501 -0.67242921013412815 0.37011669203450032 0.61152570480928703 0.70209762000806786 -0.68057971014492746
decision_type=2 2 2 2 2 2 2 2 2 2 2 2 2 2
left_child=2 3 7 6 -3 -4 12 -1 -8 -7 -10 -11 -2 -14
right_child=1 4 5 -5 -6 9 8 -9 10 11 -12 -13 13 -15
leaf_value=-0.0031228212400979615 7.1316027020276797e-05 0.0017953216295286585 -0.0030105386785767478 0.0051767106897477782 0.0080819788916657361 -0.0012016006703519265 0.0001729281889728015 -0.0008108160690156426 0.00061321161000122283 0.00047862347686582012 0.0062920410255722873 0.0029408600009782596 0.0058626159850641013 0.00091521603259942148
leaf_weight=3278 4945 238 520 374 458 899 329 1367 135 1417 381 760 200 958
leaf_count=3278 4945 238 520 374 458 899 329 1367 135 1417 381 760 200 958
internal_value=1.03833e-05 0.00140678 -0.00134829 0.000963725 0.00598811 7.19959e-05 0.000729833 -0.00244561 0.00304997 0.000601167 0.0048462 0.00134772 0.00040413 0.00181257
internal_weight=16259 8018 8241 7322 696 3596 6948 4645 845 3076 516 2177 6103 1158
internal_count=16259 8018 8241 7322 696 3596 6948 4645 845 3076 516 2177 6103 1158
is_linear=0
shrinkage=0.03


Tree=4
num_leaves=15
num_cat=0
split_feature=5 3 7 6 7 9 7 5 6 6 9 1 6 8
split_gain=28.1944 11.849 7.86804 7.71815 5.74506 5.55138 5.29644 4.90374 4.5965 3.69286 3.6857 3.65322 4.51836 3.57409
threshold=0.088421444527177942 0.56574122577265595 0.93700396825396837 -0.58863819500402892 -0.32958801498127338 -0.88388945062352542 -0.49055258467023172 -0.41101055806938153 0.80746061167747929 -0.93495505023796921 0.73152530032763019 -0.46495250573206681 0.59508740204942756 -0.014709063378758378
decision_type=2 2 2 2 2 2 2 2 2 2 2 2 2 2
left_child=2 8 7 5 6 -3 -5 10 9 -2 -1 12 -11 -7
right_child=1 3 -4 4 -6 13 -8 -9 -10 11 -12 -13 -14 -15
leaf_value=-0.0023646135775182283 -0.0039550627082457195 0.0063363711619820757 0.0047683920561030395 0.0028663550252125101 0.0049582928263018113 -0.0024661516365712811 -0.004732681798738498 -0.00059980861294150892 0.0026284418747095123 0.00093341041569108981 0.00016717670691134625 -0.00045406850255354719 0.007256201762403991 0.0015282087935905516
leaf_weight=4033 192 121 182 298 1346 366 103 3946 690 1285 592 2636 101 425
leaf_count=4033 192 121 182 298 1346 366 103 3946 690 1285 592 2636 101 425
internal_value=-8.72244e-05 0.0012535 -0.00124578 0.00286214 0.00402475 0.000615577 0.000846823 -0.0013789 0.000377234 3.27106e-06 -0.00204088 0.000201572 0.00144284 -0.000327718
internal_weight=16316 7563 8753 2659 1747 912 401 8571 4904 4214 4625 4022 1386 791
internal_count=16316 7563 8753 2659 1747 912 401 8571 4904 4214 4625 4022 1386 791
is_linear=0
shrinkage=0.03


Tree=5
num_leaves=15
num_cat=0
split_feature=0 5 7 5 6 0 1 4 8 6 7 1 8 4
split_gain=26.796 19.3697 8.86714 8.51335 7.61747 6.32792 4.82386 4.20599 3.94118 3.69529 3.24031 3.21912 3.1293 2.89644
threshold=0.77913279132791335 -0.26453684922244752 0.92749178532311072 0.57223113964687011 -0.58044603743528456 0.021167557932263773 -0.38688172043010749 0.57223113964687011 0.73152530032763019 0.47885646217986894 0.47885646217986894 0.80123456790123471 -0.44224170796797557 0.37011669203450032
decision_type=2 2 2 2 2 2 2 2 2 2 2 2 2 2
left_child=1 5 4 12 8 -1 10 -8 13 -4 -6 -7 -2 -3
right_child=3 2 9 -5 6 11 7 -9 -10 -11 -12 -13 -14 -15
leaf_value=-0.0027302401376305052 0.0060529229102931062 -0.0021923754347990898 0.0067351645062697805 0.0055437286730839648 0.0013134421923211893 -0.00039869972758706506 -0.00026389040639466328 0.0018307263964556356 -0.0043875076871514665 0.0008118531591135938 0.0042808063925998605 -0.0048011505384638435 0.00093192011568469732 0.00021968136506231339
leaf_weight=3041 112 746 266 860 1213 2321 3438 1141 308 149 454 150 952 1096
leaf_count=3041 112 746 266 860 1213 2321 3438 1141 308 149 454 150 952 1096
internal_value=2.45243e-05 -0.000422753 0.000449858 0.0033392 0.000235571 -0.00181592 0.00076565 0.0002609 -0.00130079 0.00467762 0.0021423 -0.000684221 0.00152231 -0.000763752
internal_weight=16247 14323 8811 1924 8396 5512 6246 4579 2150 415 1667 2471 1064 1842
internal_count=16247 14323 8811 1924 8396 5512 6246 4579 2150 415 1667 2471 1064 1842
is_linear=0
shrinkage=0.03


Tree=6
num_leaves=15
num_cat=0
split_feature=0 5 5 7 9 3 6 3 6 7 3 6 9 0
split_gain=31.1955 18.2306 12.5285 8.64801 6.82829 5.02155 5.02083 4.35516 6.52073 4.3454 3.41429 3.30461 3.61458 6.83878
threshold=0.45566778900112243 0.58939234281700037 -0.41101055806938153 0.80123456790123471 -0.74050024050024044 0.96396103896103902 -0.36489262371615311 0.54884143571104049 -0.6795061728395061 0.94904251866277189 -0.72264957264957252 0.63356807511737101 -0.11378020713463753 -0.48255578093306278
decision_type=2 2 2 2 2 2 2 2 2 2 2 2 2 2
left_child=2 6 10 7 -5 -3 -2 11 -9 -8 -1 12 -4 -14
right_child=1 5 3 4 -6 -7 9 8 -10 -11 -12 -13 13 -15
leaf_value=-0.0042845553281563005 -0.0012642027758393471 0.0040991208898913233 -0.00047334558206340568 0.0081132927986368886 0.0013404376324415751 0.0088836695608398852 0.0012392627979619928 -0.0019064808402023121 0.0024522299848559049 0.0071091948291286825 -0.0018466801570014833 0.00056467600743751378 -0.004627150702939278 -0.00092894092175952738
leaf_weight=622 748 1061 2593 159 675 249 2344 453 923 110 3113 1166 668 1359
leaf_count=622 748 1061 2593 159 675 249 2344 453 923 110 3113 1166 668 1359
internal_value=-1.56489e-05 0.00210152 -0.000831056 -0.000160181 0.0027125 0.00506896 0.000875486 -0.000498014 0.00101387 0.00153017 -0.00226302 -0.000858694 -0.00121837 -0.00216442
internal_weight=16243 4512 11731 7996 834 1310 3202 7162 1376 2454 3735 5786 4620 2027
internal_count=16243 4512 11731 7996 834 1310 3202 7162 1376 2454 3735 5786 4620 2027
is_linear=0
shrinkage=0.03


Tree=7
num_leaves=15
num_cat=0
split_feature=0 4 5 7 0 9 7 6 8 4 5 7 9 8
split_gain=25.5335 14.9985 12.6063 4.82244 4.64683 4.46339 5.16222 4.48161 6.07907 3.71887 3.5731 3.3279 3.02015 3.72275
threshold=0.45566778900112243 0.58102025506376598 -0.20530382859149984 0.94904251866277189 0.11237373737373736 -0.88388945062352542 0.53456514813634926 -0.90733452593917707 -0.48255578093306278 0.89851963098047638 0.56574122577265595 0.30816714150047492 -0.11884584342211461 -0.46495250573206681
decision_type=2 2 2 2 2 2 2 2 2 2 2 2 2 2
left_child=2 3 4 -2 11 6 -4 8 -7 -9 -3 -1 13 -11
right_child=1 10 5 -5 -6 7 -8 9 -10 12 -12 -13 -14 -15
leaf_value=-0.002909331130960795 0.00057850857537451077 0.001344330655854804 0.00088393203644905561 0.0057296313814323594 -0.00035437481938347613 0.0021654480280211335 0.0071497707310217342 -8.1986363233054417e-05 -0.0058700943046105852 0.00068851547942242841 0.005415664284307827 -0.0007666668610341132 -0.00031547030922956767 0.0084371309329501609
leaf_weight=2749 3086 247 431 163 1386 120 155 5360 247 100 1054 866 150 122
leaf_count=2749 3086 247 431 163 1386 120 155 5360 247 100 1054 866 150 122
internal_value=4.54273e-05 0.00194957 -0.000696993 0.000853725 -0.00183459 0.000155507 0.00263343 -8.6497e-05 -0.00325492 0.000121682 0.00465886 -0.00239957 0.00298158 0.00512689
internal_weight=16236 4550 11686 3249 5001 6685 586 6099 367 5732 1301 3615 372 222
internal_count=16236 4550 11686 3249 5001 6685 586 6099 367 5732 1301 3615 372 222
is_linear=0
shrinkage=0.03


Tree=8
num_leaves=15
num_cat=0
split_feature=3 7 0 0 7 5 8 3 8 4 2 3 4 3
split_gain=27.7908 12.4634 9.96609 8.51386 7.88413 5.48638 4.4004 3.39503 3.09938 2.92882 2.9133 2.86936 3.92734 3.37193
threshold=0.4709263015551049 0.75411605937921733 0.14784456587735276 0.77913279132791335 0.78516483516483537 -0.1977011494252873 0.13867521367521365 0.77096018735363003 0.17287356321839079 0.031754032258064509 0.88303693570451447 0.28330047873838354 0.1564382530120482 -0.59537185660781156
decision_type=2 2 2 2 2 2 2 2 2 2 2 2 2 2
left_child=2 3 4 -2 5 -1 9 8 -3 -6 -5 12 13 -4
right_child=1 7 11 10 6 -7 -8 -9 -10 -11 -12 -13 -14 -15
leaf_value=-0.0025948961610474659 0.00038049503737198106 0.0057049199792131647 -0.0026614323633552435 0.0030436906438861119 0.0012631079652679286 -0.00090451201897051017 -0.00085269615860636698 0.0066999513721416916 0.00012401376153581105 0.0070933552422315065 0.0080590752812230403 0.0020724742620356063 0.0015457403192945926 -3.6135045562600153e-05
leaf_weight=3351 2662 161 558 683 158 3591 281 530 189 153 121 728 1055 1960
leaf_count=3351 2662 161 558 683 158 3591 281 530 189 153 121 728 1055 1960
internal_value=-2.87565e-05 0.00202018 -0.000782228 0.00120302 -0.00143933 -0.00172304 0.00186094 0.00518898 0.00277839 0.00426299 0.00388823 0.000369478 1.76762e-05 -0.000626139
internal_weight=16181 4346 11835 3466 7534 6942 592 880 350 311 804 4301 3573 2518
internal_count=16181 4346 11835 3466 7534 6942 592 880 350 311 804 4301 3573 2518
is_linear=0
shrinkage=0.03


Tree=9
num_leaves=15
num_cat=0
split_feature=3 5 5 1 7 6 8 1 6 8 3 6 9 4
split_gain=25.1829 9.11511 8.78853 10.4426 6.6151 6.59209 6.27173 5.67911 7.28594 5.10928 4.60962 5.21427 3.48707 3.30765
threshold=0.58102025506376598 -0.41101055806938153 0.68651074887786456 0.6777901371894699 0.94904251866277189 0.80746061167747929 0.77913279132791335 -0.3797960174842156 -0.5070478459400436 -0.57052441229656403 -0.72264957264957252 0.1895313034553541 0.64888572783309639 0.67188646929287998
decision_type=2 2 2 2 2 2 2 2 2 2 2 2 2 2
left_child=1 10 9 6 5 7 13 8 -3 -2 -1 -12 -11 -4
right_child=2 4 3 -5 -6 -7 -8 -9 -10 12 11 -13 -14 -15
leaf_value=-0.0038963160971634296 0.0039664763067019208 -0.0012314623290707034 0.0045161970280881581 0.0082054685186594718 0.0050211983158834697 0.0020906773196460349 0.0072823264368022502 -0.0010925454357331105 0.0020175820424444945 -0.00038940397190861048 -0.0022290041542137994 8.950793198689404e-05 0.0024438277910330823 -0.00028726134106221767
leaf_weight=712 460 1054 164 405 219 1025 171 4647 1485 1299 2078 1499 548 495
leaf_count=712 460 1054 164 405 219 1025 171 4647 1485 1299 2078 1499 548 495
internal_value=4.19021e-05 -0.000581389 0.00227542 0.00430853 -8.08879e-06 -0.000148172 0.00233197 -0.00046998 0.000669286 0.00117314 -0.00170557 -0.00125985 0.000459842 0.000957775
internal_weight=16261 12719 3542 1235 8430 8211 830 7186 2539 2307 4289 3577 1847 659
internal_count=16261 12719 3542 1235 8430 8211 830 7186 2539 2307 4289 3577 1847 659
is_linear=0
shrinkage=0.03


Tree=10
num_leaves=15
num_cat=0
split_feature=0 5 5 7 0 3 4 0 3 1 7 1 3 3
split_gain=21.3408 12.3837 9.43522 5.98261 4.38527 3.7621 3.72352 3.54668 3.52901 3.38499 3.21841 3.18639 2.97972 2.94536
threshold=0.61152570480928703 -0.41101055806938153 0.55863254392666173 0.92749178532311072 0.17287356321839079 0.16436803325146424 0.073622402890695673 -0.93984622342831292 -0.032795698924731158 0.22623655913978494 0.60232558139534897 -0.29679679679679671 -0.31198770491803274 0.93239382974671503
decision_type=2 2 2 2 2 2 2 2 2 2 2 2 2 2
left_child=1 4 10 5 9 11 -5 -7 -6 -1 -2 -3 -12 -4
right_child=2 3 13 6 8 7 -8 -9 -10 -11 12 -13 -14 -15
leaf_value=-0.0017881838603670498 0.00023647628680097672 0.00034318395204104409 0.0032665114021527592 -0.00037864065790263403 -0.0019837748555284807 0.0057732956237712147 0.005909644351077957 0.00047778524870869084 0.0012647373050617022 -0.003951235793798369 -0.0013314741123872605 -0.001213139141222857 0.0042717876133744875 0.0066688006313712295
leaf_weight=1858 1584 1897 892 127 605 108 238 3338 580 1023 105 3124 370 325
leaf_count=1858 1584 1897 892 127 605 108 238 3338 580 1023 105 3124 370 325
internal_value=-1.98449e-05 -0.000569315 0.00213863 6.18713e-05 -0.00193714 -0.000102236 0.00376991 0.000659975 -0.000396508 -0.00256726 0.000892752 -0.000625626 0.00303126 0.00422204
internal_weight=16174 12898 3276 8832 4066 8467 365 3446 1185 2881 2059 5021 475 1217
internal_count=16174 12898 3276 8832 4066 8467 365 3446 1185 2881 2059 5021 475 1217
is_linear=0
shrinkage=0.03


Tree=11
num_leaves=15
num_cat=0
split_feature=5 3 7 6 4 6 1 8 4 1 6 9 8 9
split_gain=20.8722 10.6164 8.69899 7.19758 6.17341 5.97377 5.40219 4.85906 4.24103 3.82198 4.37103 3.7705 3.76971 2.98239
threshold=0.015628815628815577 0.16436803325146424 0.50910294604435635 -0.90143695608176466 0.74625530963559139 0.048199767711962889 -0.21992558908639928 -0.91836356904850047 -0.78247535596933171 0.57223113964687011 0.015628815628815577 -0.74050024050024044 -0.90733452593917707 -0.13938769502502205
decision_type=2 2 2 2 2 2 2 2 2 2 2 2 2 2
left_child=8 5 4 -4 7 13 -7 -3 -1 10 -10 -5 -6 -2
right_child=1 2 3 11 12 6 -8 -9 9 -11 -12 -13 -14 -15
leaf_value=-0.0024936020035723535 -0.00024762906519704142 0.0060588721540496063 -0.0027929796218654534 0.0080973966798352955 -0.0020399302197620273 0.0033625252009825963 -3.8665864382423104e-05 -0.00021398176338808169 -0.0012836481895964686 -0.0022970178271038573 0.00043416421294249156 0.0037607607269980201 0.0039508321689654315 -0.0026716157232229039
leaf_weight=1601 1005 108 127 218 102 602 1341 1903 2656 1196 2659 1171 735 831
leaf_count=1601 1005 108 127 218 102 602 1341 1903 2656 1196 2659 1171 735 831
internal_value=-3.79858e-05 0.00103434 0.00204059 0.00386961 0.00105686 -0.000129993 0.00102695 0.000151212 -0.00111436 -0.00077191 -0.000425056 0.0044944 0.00320531 -0.00135329
internal_weight=16255 8143 4364 1516 2848 3779 1943 2011 8112 6511 5315 1389 837 1836
internal_count=16255 8143 4364 1516 2848 3779 1943 2011 8112 6511 5315 1389 837 1836
is_linear=0
shrinkage=0.03


Tree=12
num_leaves=15
num_cat=0
split_feature=5 3 7 6 9 6 1 3 1 6 1 5 6 9
split_gain=22.1683 10.8072 7.80121 6.68066 6.30678 6.0162 4.42195 4.3808 4.11617 5.08976 4.08118 4.20149 2.9221 2.86121
threshold=0.031754032258064509 0.18052538020936207 0.46305060065526032 0.038218111002921169 -0.85940202619224104 -0.90143695608176466 -0.34351679104477606 -0.18245838668373873 -0.31198770491803274 0.38548951048951058 0.70991117344553545 0.68651074887786456 0.86949116457313191 -0.46453722334004022
decision_type=2 2 2 2 2 2 2 2 2 2 2 2 2 2
left_child=7 3 10 13 -4 -6 -5 8 -1 -10 -3 -12 -8 -2
right_child=1 2 4 6 5 -7 12 -9 9 -11 11 -13 -14 -15
leaf_value=-0.00037984996429078755 0.00026985874331725393 0.00054909344152903508 0.00924196010166458 0.0035177172157017668 -0.0032776510000469225 0.0036938232047939242 -0.00054076708561761298 -0.00043785397662794939 -0.0037216226595638406 -0.0011160225380145495 0.0010719461819883459 0.006482907618372306 0.0024910647622226889 -0.002231323140163399
leaf_weight=1232 626 2115 164 514 114 1316 1036 4296 1406 1312 296 226 384 1181
leaf_count=1232 626 2115 164 514 114 1316 1036 4296 1406 1312 296 226 384 1181
internal_value=-1.26103e-05 0.00111472 0.00215149 -6.04518e-05 0.00380279 0.00311915 0.0011621 -0.00110252 -0.00182247 -0.00247258 0.00114273 0.00349245 0.000290795 -0.00136812
internal_weight=16218 7972 4231 3741 1594 1430 1934 8246 3950 2718 2637 522 1420 1807
internal_count=16218 7972 4231 3741 1594 1430 1934 8246 3950 2718 2637 522 1420 1807
is_linear=0
shrinkage=0.03


Tree=13
num_leaves=15
num_cat=0
split_feature=0 5 0 5 6 7 6 7 3 2 0 5 7 3
split_gain=19.8267 12.2722 7.91554 5.92183 5.90699 4.1373 3.77438 3.66039 3.41374 3.33626 6.03007 4.14387 3.2004 3.08202
threshold=0.77913279132791335 0.031754032258064509 0.11237373737373736 0.57223113964687011 -0.52875082617316582 -0.70473174366616986 0.35434243176178665 0.94904251866277189 -0.06580086580086579 0.73152530032763019 -0.82554347826086938 0.77096018735363003 0.30816714150047492 0.21913109756097562
decision_type=2 2 2 2 2 2 2 2 2 2 2 2 2 2
left_child=1 2 12 6 5 -3 8 13 -2 10 -7 -11 -1 -6
right_child=3 4 -4 -5 7 9 -8 -9 -10 11 -12 -13 -14 -15
leaf_value=-0.0024247927946370296 -0.0043557496146402423 0.0023310080921860885 -9.4790608247019794e-07 0.004705875944254318 0.00033491496366240103 -0.0062368644017582612 0.003508022050193849 0.0050012407622321746 0.00098498315891551512 -0.0013322008900114044 -0.0010794944174223849 0.0045845757020002154 -0.0006262725332270763 0.0019575356551662162
leaf_weight=3447 125 322 3084 858 2642 243 428 205 523 269 1088 163 1211 1748
leaf_count=3447 125 322 3084 858 2642 243 428 205 523 269 1088 163 1211 1748
internal_value=1.49703e-05 -0.000368153 -0.00118036 0.00285915 0.000573534 -0.000748386 0.0013568 0.00117368 -9.57905e-05 -0.00132079 -0.00206056 0.000953501 -0.00195955 0.000983987
internal_weight=16356 14422 7742 1934 6680 2085 1076 4595 648 1763 1331 432 4658 4390
internal_count=16356 14422 7742 1934 6680 2085 1076 4595 648 1763 1331 432 4658 4390
is_linear=0
shrinkage=0.03


Tree=14
num_leaves=15
num_cat=0
split_feature=0 5 7 7 4 0 2 0 9 2 3 4 3 0
split_gain=19.5597 14.1945 6.53154 5.56413 4.54312 4.43308 4.21871 3.37547 3.28663 2.7239 5.06505 2.54867 2.44542 3.37997
threshold=0.77913279132791335 -0.41897974493623397 0.9194594594594595 0.94160272804774092 0.96693989071038255 0.17287356321839079 0.90342013214146921 -0.59537185660781156 -0.93495505023796921 -0.1270166453265045 0.37771377935312361 0.1895313034553541 0.16436803325146424 -0.73969508752117441
decision_type=2 2 2 2 2 2 2 2 2 2 2 2 2 2
left_child=1 5 4 6 8 -1 9 -6 -3 -2 -11 -4 13 -10
right_child=3 2 11 -5 7 -7 -8 -9 12 10 -12 -13 -14 -15
leaf_value=-0.002496064933683251 0.0032968761602213846 0.0030119005010883306 0.00098597021832481186 0.0076454008856493665 0.0010173806991407323 -0.00048013716940926776 0.0064882672706153242 0.0077183307363436759 -0.0021628551212740867 -0.0025359779149887692 0.0021593754967253248 0.0054205249282812439 0.00043888139548300367 -0.00020214951024524955
leaf_weight=2859 610 296 204 186 169 1501 182 107 964 288 668 280 3697 4232
leaf_count=2859 610 296 204 186 169 1501 182 107 964 288 668 280 3697 4232
internal_value=3.84472e-06 -0.000379507 0.000246264 0.00282749 7.06693e-05 -0.00180474 0.00227426 0.00379425 -4.51749e-05 0.00174645 0.000733266 0.00360921 -0.000150197 -0.00056937
internal_weight=16243 14309 9949 1934 9465 4360 1748 276 9189 1566 956 484 8893 5196
internal_count=16243 14309 9949 1934 9465 4360 1748 276 9189 1566 956 484 8893 5196
is_linear=0
shrinkage=0.03


Tree=15
num_leaves=15
num_cat=0
split_feature=3 7 0 5 0 6 7 6 7 8 5 1 0 1
split_gain=19.6212 10.8498 6.68416 5.35475 5.16337 3.76433 2.70342 3.44033 3.24802 2.86206 2.66418 2.56622 2.51923 2.44686
threshold=0.65669642857142874 0.50910294604435635 0.038218111002921169 -0.20530382859149984 0.77913279132791335 -0.16903096903096895 -0.78247535596933171 -0.8767331433998099 0.74050024050024055 -0.73105625717566014 -0.78247535596933171 -0.73105625717566014 -0.44224170796797557 -0.52056338028169002
decision_type=2 2 2 2 2 2 2 2 2 2 2 2 2 2
left_child=2 4 3 -1 -2 6 9 -8 12 -5 -4 -7 -9 -6
right_child=1 -3 10 5 13 11 7 8 -10 -11 -12 -13 -14 -15
leaf_value=-0.0019342212602806812 -8.2128180998675978e-05 0.0046330378378548155 -0.0014661287486442997 -0.0018663384976042878 0.0074033660650587611 0.0034171210281053171 -0.0045255922694112868 -0.0025953286795814563 0.0024601880128980931 0.0042667941639528547 0.0005635868851402786 0.0001750957588377185 0.00027517200356798501 0.0022384359310178652
leaf_weight=3215 1341 1103 645 116 107 237 306 804 195 143 5236 2003 413 335
leaf_count=3215 1341 1103 645 116 107 237 306 804 195 143 5236 2003 413 335
internal_value=7.0003e-05 0.00230804 -0.000416527 -0.00101393 0.000851924 -0.00030939 -0.00126034 -0.00169094 -0.00104913 0.00155264 0.000338866 0.000531776 -0.00162689 0.0036249
internal_weight=16199 2886 13313 7432 1783 4217 1977 1718 1412 259 5881 2240 1217 442
internal_count=16199 2886 13313 7432 1783 4217 1977 1718 1412 259 5881 2240 1217 442
is_linear=0
shrinkage=0.03


Tree=16
num_leaves=15
num_cat=0
split_feature=0 7 5 5 6 7 0 9 9 4 4 6 1 6
split_gain=16.3112 8.75286 8.38187 7.2257 4.25048 4.58946 3.97687 3.67571 3.51959 3.29476 3.24562 2.99129 2.98218 4.5628
threshold=0.43263412666397744 0.86949116457313191 0.58939234281700037 -0.18245838668373873 -0.90733452593917707 0.25317269076305232 0.021167557932263773 0.74050024050024055 -0.93495505023796921 0.43263412666397744 -0.3797960174842156 -0.88433667781493852 -0.46495250573206681 -0.58863819500402892
decision_type=2 2 2 2 2 2 2 2 2 2 2 2 2 2
left_child=1 3 7 6 5 -5 -1 -2 -6 -4 -3 -11 13 -10
right_child=2 10 9 4 8 -7 -8 -9 12 11 -12 -13 -14 -15
leaf_value=-0.0022636937037527494 0.00013693477564908539 -0.0019478859271515501 -0.00029413218181702846 -0.00082965094350799116 0.0036122256461530921 -0.0077137200932466338 -0.00044994975301297684 0.002505911750607737 -0.0011509342926049569 -0.0006079690367914736 0.003799021466375575 0.0045376895433870577 -0.00051491722881092967 0.0022251360963420697
leaf_weight=3298 2621 100 180 269 235 121 1630 751 549 110 512 1052 3826 1011
leaf_count=3298 2621 100 180 269 235 121 1630 751 549 110 512 1052 3826 1011
internal_value=-1.25125e-05 -0.000619419 0.00147279 -0.000815592 -0.000116875 -0.00310492 -0.0016659 0.000670395 9.55895e-05 0.00346907 0.00284376 0.00404955 -6.4257e-05 0.00103726
internal_weight=16265 11551 4714 10939 6011 390 4928 3372 5621 1342 612 1162 5386 1560
internal_count=16265 11551 4714 10939 6011 390 4928 3372 5621 1342 612 1162 5386 1560
is_linear=0
shrinkage=0.03


Tree=17
num_leaves=15
num_cat=0
split_feature=4 0 0 7 0 5 6 4 8 4 1 9 0 6
split_gain=14.1865 8.55868 8.19742 6.84986 4.5996 4.3899 3.85864 3.68624 3.34603 3.25742 2.70626 2.64847 3.4645 2.55488
threshold=0.82807881773399028 0.16436803325146424 -0.6211556383970176 0.74050024050024055 -0.94904251866277167 -0.18245838668373873 -0.31198770491803274 -0.66479400749063666 0.30816714150047492 -0.35100035100035093 -0.45914149443561203 -0.88388945062352542 -0.79887640449438191 -0.56386946386946379
decision_type=2 2 2 2 2 2 2 2 2 2 2 2 2 2
left_child=1 3 4 5 -2 -1 -3 -8 10 -5 -4 -7 -13 -6
right_child=2 6 8 9 13 11 7 -9 -10 -11 -12 12 -14 -15
leaf_value=-0.001865370348229237 0.0048734147378127089 -0.00057100066240811979 0.0048101780219998169 -0.0016289591086855112 -0.0039814689507308813 0.0021153892530540448 -0.00075817756103596797 0.0014935835773038355 0.0059398537522907134 0.0026097339424894189 4.4071221580872166e-05 -0.002632495538481753 -0.00021822776055943242 0.00057829694810740363
leaf_weight=3683 118 1720 196 205 200 329 788 3698 564 693 224 645 2931 229
leaf_count=3683 118 1720 196 205 200 329 788 3698 564 693 224 645 2931 229
internal_value=7.56833e-05 -0.000211401 0.00281414 -0.000830199 -0.000133031 -0.00112369 0.000634709 0.00109724 0.00443731 0.00163482 0.00232839 -0.000421194 -0.000659814 -0.00158974
internal_weight=16223 14692 1531 8486 547 7588 6206 4486 984 898 420 3905 3576 429
internal_count=16223 14692 1531 8486 547 7588 6206 4486 984 898 420 3905 3576 429
is_linear=0
shrinkage=0.03


Tree=18
num_leaves=15
num_cat=0
split_feature=0 3 6 4 9 6 4 7 3 9 7 8 4 0
split_gain=16.2049 7.77473 6.42495 7.14701 5.86244 4.7136 6.82081 4.21496 3.78098 3.50912 3.38051 3.1677 3.14247 2.79012
threshold=0.77913279132791335 -0.11378020713463753 -0.86159003831417613 0.57223113964687011 -0.73105625717566014 0.031754032258064509 -0.66479400749063666 0.55863254392666173 0.63356807511737101 -0.78247535596933171 -0.17573529411764707 0.79361054766734296 0.88303693570451447 0.088421444527177942
decision_type=2 2 2 2 2 2 2 2 2 2 2 2 2 2
left_child=1 5 9 7 -2 -1 -7 13 -6 -3 -11 -5 -8 -4
right_child=4 2 3 11 8 6 12 -9 -10 10 -12 -13 -14 -15
leaf_value=-0.0021004516046737179 0.0085404408468554415 0.0017059967627333437 -0.0011731384958705258 0.0017598515258629305 0.00062057761709438631 -0.0027756583114726106 -2.699246998834189e-05 0.0015579142618806954 0.0033725239624830734 -0.00085418728413060301 -0.0057683489358705152 0.0056790559340578811 0.0045902623139697013 0.0003493642672356749
leaf_weight=2853 125 129 2222 1184 890 901 2907 1216 909 222 294 215 129 2098
leaf_count=2853 125 129 2222 1184 890 901 2907 1216 909 222 294 215 129 2098
internal_value=-9.07524e-05 -0.000437445 0.000222984 0.000490579 0.0024875 -0.00117396 -0.00049894 5.05186e-06 0.00202204 -0.00261773 -0.00371055 0.00239819 0.000183621 -0.000434639
internal_weight=16294 14370 7580 6935 1924 6790 3937 5536 1799 645 516 1399 3036 4320
internal_count=16294 14370 7580 6935 1924 6790 3937 5536 1799 645 516 1399 3036 4320
is_linear=0
shrinkage=0.03


Tree=19
num_leaves=15
num_cat=0
split_feature=3 7 5 1 3 0 1 4 2 7 0 0 1 2
split_gain=15.1043 8.05366 4.79676 7.26892 4.29015 3.82384 3.71509 3.64151 3.23259 3.02701 3.03922 2.62345 2.77572 2.61859
threshold=1.0000000180025095e-35 0.73152530032763019 0.60232558139534897 0.66249413237365062 0.77096018735363003 0.088421444527177942 -0.43308457711442783 -0.2331050228310502 -0.31198770491803274 0.90786914235190108 0.10487038491751778 0.12158167036215818 -0.8171368861024032 0.13867521367521365
decision_type=2 2 2 2 2 2 2 2 2 2 2 2 2 2
left_child=6 2 5 11 -3 7 -1 13 -7 10 -8 12 -4 -2
right_child=1 4 3 -5 -6 8 9 -9 -10 -11 -12 -13 -14 -15
leaf_value=0.00014788390235638655 -0.0038680860994194334 0.0016094782283720542 -0.0044033143688503602 0.0050436771732808054 0.0049779935435934437 0.0026702416784382876 -0.0019110814127326163 0.00011436502348123446 0.00023853562900233313 0.0023858958885409312 -0.00043899274982562534 0.0019129438184688852 0.00037545459744121347 -0.00065894947765249908
leaf_weight=2269 464 856 136 464 572 630 3697 1403 2138 187 1925 684 431 452
leaf_count=2269 464 856 136 464 572 630 3697 1403 2138 187 1925 684 431 452
internal_value=3.98466e-05 0.00094381 0.000511744 0.00187883 0.00298401 4.80713e-05 -0.000881155 -0.000848566 0.000799615 -0.00128266 -0.00140871 0.000674286 -0.000827224 -0.00230876
internal_weight=16308 8230 6802 1715 1428 5087 8078 2319 2768 5809 5622 1251 567 916
internal_count=16308 8230 6802 1715 1428 5087 8078 2319 2768 5809 5622 1251 567 916
is_linear=0
shrinkage=0.03


Tree=20
num_leaves=15
num_cat=0
split_feature=5 7 0 5 0 6 1 2 6 6 4 8 2 7
split_gain=14.4085 6.4623 5.64628 5.18255 3.64449 3.57428 6.13066 3.53491 3.31466 3.10348 2.84022 2.79445 2.83537 2.79949
threshold=0.61152570480928703 0.96850198412698418 0.62583333333333346 -0.41897974493623397 0.021167557932263773 -0.49055258467023172 -0.36489262371615311 0.88303693570451447 0.86949116457313191 -0.06580086580086579 0.89851963098047638 -0.73969508752117441 0.83584100606332823 -0.28165064102564097
decision_type=2 2 2 2 2 2 2 2 2 2 2 2 2 2
left_child=1 3 7 4 -1 -5 -7 9 11 -2 -11 13 -13 -8
right_child=2 -3 -4 5 -6 6 8 -9 -10 10 -12 12 -14 -15
leaf_value=-0.0020655835373617447 -0.00059316516949827044 0.004505290228929525 0.0036554288850152773 -0.0010761195325063862 -0.00037348178843292441 0.0019913817450714212 -0.00024196657309396961 0.0038236983399941226 0.0021284567618060852 0.00089709526119035872 0.0050349560356819567 -0.0010316232088465646 0.0018057618678308659 0.0044039110268873334
leaf_weight=2396 1057 231 1054 2062 2197 1546 280 329 485 688 183 3248 342 189
leaf_count=2396 1057 231 1054 2062 2197 1546 280 329 485 688 183 3248 342 189
internal_value=8.8703e-05 -0.000362316 0.00185204 -0.000454003 -0.00125876 3.99923e-07 0.000366063 0.000997462 -0.000190076 0.000497942 0.00181376 -0.000471662 -0.000757056 0.00168311
internal_weight=16287 12976 3311 12745 4593 8152 6090 2257 4544 1928 871 4059 3590 469
internal_count=16287 12976 3311 12745 4593 8152 6090 2257 4544 1928 871 4059 3590 469
is_linear=0
shrinkage=0.03


Tree=21
num_leaves=15
num_cat=0
split_feature=7 3 6 4 1 9 0 7 6 6 4 0 3 1
split_gain=13.5769 8.99864 4.62153 6.00351 4.80621 3.53627 3.54794 3.47899 3.11435 2.91542 2.86119 2.64413 2.54537 2.4678
threshold=0.96396103896103902 0.2022727272727273 0.097167584579071611 -0.66479400749063666 -0.32230727173318752 -0.87420886075949356 0.14784456587735276 0.37011669203450032 -0.49055258467023172 0.86949116457313191 -0.72264957264957252 -0.55424836601307181 0.25824574121058358 0.77096018735363003
decision_type=2 2 2 2 2 2 2 2 2 2 2 2 2 2
left_child=1 2 -1 -4 -5 7 10 -3 -2 -6 -7 -11 -12 -14
right_child=8 5 3 4 9 6 -8 -9 -10 11 12 -13 13 -15
leaf_value=-0.0014956266286916568 0.00033283658110751555 0.00090036242621807519 -0.0021347765387629662 0.0022138476564935029 -0.00068779873768356949 -0.0039407778145618619 0.0010831953825449589 0.0063454162565485988 0.0061660630571211007 -0.002153097848505388 0.0032279676316094527 0.0027391530616673555 -0.00087867730920060839 0.0018906347709657734
leaf_weight=4550 107 250 1086 956 2370 181 3413 178 366 119 178 447 1724 338
leaf_count=4550 107 250 1086 956 2370 181 3413 178 366 119 178 447 1724 338
internal_value=-7.3953e-05 -0.000225368 -0.000805632 -0.000173227 0.00037818 0.000657413 0.000461373 0.00325807 0.00488071 -0.000225023 -0.000416091 0.00169105 -0.000115035 -0.000417802
internal_weight=16263 15790 9528 4978 3892 6262 5834 428 473 2936 2421 566 2240 2062
internal_count=16263 15790 9528 4978 3892 6262 5834 428 473 2936 2421 566 2240 2062
is_linear=0
shrinkage=0.03


Tree=22
num_leaves=15
num_cat=0
split_feature=3 9 0 0 4 4 4 0 4 8 5 3 3 1
split_gain=11.5514 6.58069 6.35232 5.68791 4.22063 3.89071 3.46211 3.0485 2.65271 2.62121 2.41794 2.33514 2.16741 2.22151
threshold=0.66249413237365062 -0.87420886075949356 0.78516483516483537 0.14784456587735276 0.90786914235190108 -0.22623655913978494 -0.75411605937921722 -0.63911657559198531 0.89237451737451745 0.9194594594594595 0.52586975914362188 0.80746061167747929 0.28330047873838354 0.82807881773399028
decision_type=2 2 2 2 2 2 2 2 2 2 2 2 2 2
left_child=3 -2 4 5 7 -1 -5 -3 12 -7 11 -4 -8 -14
right_child=1 2 10 6 -6 9 8 -9 -10 -11 -12 -13 13 -15
leaf_value=-0.001561224589052543 0.0060619499435673749 0.0039654310146685348 0.0042961616202234479 -0.0015465274252439742 -0.0045774171829223633 -9.4265588661640652e-05 0.00019632520487206711 0.00015945083657176618 0.004570521094506572 -0.0037946749833937966 0.0044044522675753504 -0.0010332529486152175 0.0012502082500527574 0.0055246633691255183
leaf_weight=3388 283 210 111 647 140 4610 3003 1369 151 169 607 183 1210 112
leaf_count=3388 283 210 111 647 140 4610 3003 1369 151 169 607 183 1210 112
internal_value=8.08839e-05 0.00179189 0.00130936 -0.000293926 0.000234624 -0.000785104 0.000489105 0.000687399 0.000786145 -0.000232774 0.00333476 0.00105401 0.000643781 0.0016511
internal_weight=16193 2903 2620 13290 1719 8167 5123 1579 4476 4779 901 294 4325 1322
internal_count=16193 2903 2620 13290 1719 8167 5123 1579 4476 4779 901 294 4325 1322
is_linear=0
shrinkage=0.03


Tree=23
num_leaves=15
num_cat=0
split_feature=4 7 0 0 9 3 7 4 7 1 3 4 2 1
split_gain=12.1145 7.68876 6.89113 5.89951 5.06194 4.42906 3.44789 3.33818 4.18212 3.10879 3.06865 2.84523 2.50126 2.45402
threshold=0.21261798310978644 0.92749178532311072 0.11237373737373736 -0.13383084577114426 -0.93495505023796921 -0.59537185660781156 0.3371212121212121 0.89237451737451745 0.64888572783309639 -0.17573529411764707 0.73152530032763019 -0.88433667781493852 -0.6211556383970176 0.14784456587735276
decision_type=2 2 2 2 2 2 2 2 2 2 2 2 2 2
left_child=2 3 6 4 -2 -4 11 -5 10 -8 -9 -1 -13 -6
right_child=1 -3 5 7 13 -7 9 8 -10 -11 -12 12 -14 -15
leaf_value=-0.0041578659448895036 0.0043599912369843997 0.0048555494570737129 -0.0020495625607935448 0.0012505649157308371 -0.0013377659867136241 0.00067220672946348577 0.0017229485949040852 0.0086799203809027736 -0.00011151710953216374 -0.0011543464788694824 0.0025390980017792647 -0.0032228199000745102 -0.0011350818486519682 0.00048249133942052737
leaf_weight=401 193 436 620 2739 1532 3683 536 163 151 877 147 623 2956 1167
leaf_count=401 193 436 620 2739 1532 3683 536 163 151 877 147 623 2956 1167
internal_value=5.34867e-05 0.00105167 -0.000618949 0.000771919 -0.000210153 0.000276196 -0.00133236 0.00165736 0.00399641 -5.84507e-05 0.00593833 -0.00178335 -0.00150646 -0.000551843
internal_weight=16224 6528 9696 6092 2892 4303 5393 3200 461 1413 310 3980 3579 2699
internal_count=16224 6528 9696 6092 2892 4303 5393 3200 461 1413 310 3980 3579 2699
is_linear=0
shrinkage=0.03


Tree=24
num_leaves=15
num_cat=0
split_feature=4 0 3 9 8 9 1 2 1 8 8 8 0 9
split_gain=12.8633 5.50178 5.07133 4.49052 3.36372 3.69714 3.33421 3.28929 4.21391 3.18185 7.53609 2.74419 3.17021 3.90898
threshold=0.21261798310978644 0.74625530963559139 1.0000000180025095e-35 -0.87420886075949356 -0.34351679104477606 -0.6566964285714284 0.86949116457313191 -0.17573529411764707 0.038218111002921169 0.82807881773399028 0.94160272804774092 0.84168755221386804 0.021167557932263773 -0.49055258467023172
decision_type=2 2 2 2 2 2 2 2 2 2 2 2 2 2
left_child=1 6 11 -4 5 -5 -1 -6 -9 -10 -11 12 13 -2
right_child=2 -3 3 4 7 -7 -8 8 9 10 -12 -13 -14 -15
leaf_value=-0.00082204933068215781 0.0012980576206913278 0.0016044278498365309 0.004661678590389351 -0.0036383184273906339 0.0037657039076385221 0.00076148786330172279 -0.0038387574366534798 -0.00057341421003441386 0.0013579241725953351 0.0086938141776037575 -0.00041083007175475356 -0.0030061177833340478 0.0019839530026166808 -0.0017004194838153711
leaf_weight=8548 659 828 394 198 649 980 334 686 811 184 140 246 671 934
leaf_count=8548 659 828 394 198 649 980 334 686 811 184 140 246 671 934
internal_value=-2.8494e-05 -0.000721309 0.000997785 0.00165418 0.00131751 -2.43876e-06 -0.00093968 0.00194449 0.00127839 0.00239287 0.0048652 -6.16229e-05 0.00027013 -0.000459635
internal_weight=16262 9710 6552 4042 3648 1178 8882 2470 1821 1135 324 2510 2264 1593
internal_count=16262 9710 6552 4042 3648 1178 8882 2470 1821 1135 324 2510 2264 1593
is_linear=0
shrinkage=0.03


Tree=25
num_leaves=15
num_cat=0
split_feature=7 5 0 3 6 9 3 4 0 0 6 4 7 7
split_gain=11.7434 7.21199 4.8293 3.32782 3.20558 3.228 4.11926 2.91819 2.8939 3.31527 2.57486 2.90188 2.50924 2.92906
threshold=0.92749178532311072 0.021167557932263773 0.11237373737373736 -0.58044603743528456 0.50280898876404501 -0.35538545653362491 0.37771377935312361 0.073622402890695673 0.82070417145044017 -0.22623655913978494 0.30816714150047492 0.61152570480928703 0.75411605937921733 -0.66479400749063666
decision_type=2 2 2 2 2 2 2 2 2 2 2 2 2 2
left_child=1 2 -1 -4 5 12 8 -2 9 -7 11 -8 13 -3
right_child=7 4 3 -5 -6 6 10 -9 -10 -11 -12 -13 -14 -15
leaf_value=-0.0014945970590319517 0.0010063371847694117 0.0028880601965927499 -0.0021162393036920709 0.00039793226951867743 0.0015039012297835242 -0.0024535396257377596 -0.00016208910878533119 0.0049836111646558139 -0.0060222162328994805 0.00015875687072698714 -0.0027552751695248678 0.0024932600926137988 0.0041316357155197431 3.5599551409221732e-05
leaf_weight=4509 260 406 555 2926 1912 852 832 481 107 885 173 656 200 1466
leaf_count=4509 260 406 555 2926 1912 852 832 481 107 885 173 656 200 1466
internal_value=-4.3641e-05 -0.000221251 -0.000847679 -7.8333e-06 0.000447323 8.30455e-05 -0.000471592 0.00362006 -0.00144415 -0.00112929 0.000610303 0.00101738 0.00101903 0.000666301
internal_weight=16220 15479 7990 3481 7489 5577 3505 741 1844 1737 1661 1488 2072 1872
internal_count=16220 15479 7990 3481 7489 5577 3505 741 1844 1737 1661 1488 2072 1872
is_linear=0
shrinkage=0.03


Tree=26
num_leaves=15
num_cat=0
split_feature=0 4 4 1 7 4 3 1 9 1 0 7 7 4
split_gain=12.4962 5.67016 5.57469 5.04262 4.53689 3.21769 3.10399 4.25642 4.31963 3.75227 4.49724 3.56229 2.74425 2.65141
threshold=0.61152570480928703 0.21261798310978644 0.79361054766734296 0.58102025506376598 0.92749178532311072 -0.86159003831417613 -0.10741758241758236 -0.90733452593917707 -0.89309523809523805 -0.54487917146144982 0.015628815628815577 -0.71256454388984503 0.94904251866277189 0.81438415159345401
decision_type=2 2 2 2 2 2 2 2 2 2 2 2 2 2
left_child=1 3 12 5 6 -1 9 -8 -9 -3 11 -11 -2 -10
right_child=2 4 -4 -5 -6 -7 7 8 13 10 -12 -13 -14 -15
leaf_value=-0.002303465281609747 0.00084075731017785749 0.0012094200947210415 0.0042004578451375965 -0.002408453009117541 0.0046989395318510511 -0.00023928091001798062 -0.0037309183701415734 0.0050807505001257934 0.0013569043230445812 0.0016116255092658573 0.0014941493024845129 -0.003357745915731862 0.0046364216048371152 -0.0013109737293547895
leaf_weight=755 2495 658 646 1455 210 6124 153 233 1763 148 318 811 175 405
leaf_count=755 2495 658 646 1455 210 6124 153 233 1763 148 318 811 175 405
internal_value=7.81796e-05 -0.000340443 0.00171958 -0.000809957 0.000492225 -0.000468849 0.000285424 0.000970445 0.00128426 -0.000619074 -0.00156332 -0.00258212 0.00110591 0.000854792
internal_weight=16349 13033 3316 8334 4699 6879 4489 2554 2401 1935 1277 959 2670 2168
internal_count=16349 13033 3316 8334 4699 6879 4489 2554 2401 1935 1277 959 2670 2168
is_linear=0
shrinkage=0.03


Tree=27
num_leaves=15
num_cat=0
split_feature=7 3 2 8 0 0 4 4 3 8 2 5 4 7
split_gain=11.003 6.46556 5.71041 5.0647 4.38912 3.82781 3.53816 3.33562 2.86557 2.72471 2.78385 2.70066 2.63397 4.56597
threshold=0.46305060065526032 0.96396103896103902 0.90786914235190108 0.13867521367521365 0.079682539682539702 0.70209762000806786 0.84712755598831568 -0.46495250573206681 0.77913279132791335 -0.67242921013412815 0.49274752995585464 0.77096018735363003 0.038218111002921169 -0.84344362745098034
decision_type=2 2 2 2 2 2 2 2 2 2 2 2 2 2
left_child=2 3 4 6 9 11 7 -2 -5 10 12 -4 -1 -14
right_child=1 -3 5 8 -6 -7 -8 -9 -10 -11 -12 -13 13 -15
leaf_value=-0.00080993931805129838 -0.00016155909167633474 0.0056170906185219853 -0.00049650359654466233 -0.00035674999250534051 0.00010981770352344455 0.007623440221310551 -0.0026634538276994134 0.0031885943929138788 0.0024816089392251032 -0.0014250041436719776 -0.0024401327639531631 0.0049059570576177863 0.0063491751131799961 0.00053532734488564646
leaf_weight=563 330 285 253 1994 4969 103 118 1381 371 4861 315 113 152 496
leaf_count=563 330 285 253 1994 4969 103 118 1381 371 4861 315 113 152 496
internal_value=5.57363e-05 0.00132036 -0.00042398 0.00101571 -0.000558869 0.0027856 0.00219656 0.00254527 9.70804e-05 -0.00107846 2.75414e-05 0.00125759 0.00068415 0.00197484
internal_weight=16304 4479 11825 4194 11356 469 1829 1711 2365 6387 1526 366 1211 648
internal_count=16304 4479 11825 4194 11356 469 1829 1711 2365 6387 1526 366 1211 648
is_linear=0
shrinkage=0.03


Tree=28
num_leaves=15
num_cat=0
split_feature=0 7 6 3 1 6 0 8 3 7 6 0 8 2
split_gain=8.6197 4.04481 3.57944 3.30491 3.23496 4.89786 3.90661 3.52076 3.09982 3.86514 3.31011 2.51912 2.42324 3.60417
threshold=0.42444997924449984 0.86402157164869031 -0.31198770491803274 0.69321266968325801 -0.32230727173318752 0.59508740204942756 -0.94904251866277167 -0.93495505023796921 -0.58863819500402892 0.32958801498127338 0.94160272804774092 0.79361054766734296 0.44676113360323894 -0.059532246633593182
decision_type=2 2 2 2 2 2 2 2 2 2 2 2 2 2
left_child=1 4 11 -4 5 7 -6 -1 9 -8 -10 -2 13 -9
right_child=2 -3 3 -5 6 -7 8 12 10 -11 -12 -13 -14 -15
leaf_value=-0.0049835752607840633 -0.001266674132507325 0.0018458218146386273 0.0010372068160202446 0.003215841289917845 0.0036918150385806584 0.0033890853651135102 -0.0030427460348801988 -0.00045308180384114738 -0.00084102928787822893 0.0003774402008034793 0.0039369854624661162 0.0012749641845870559 -0.0014820588117493959 0.0019724822428662863
leaf_weight=125 834 635 2550 829 149 363 1225 1483 5337 389 124 591 772 865
leaf_count=125 834 635 2550 829 149 363 1225 1483 5337 389 124 591 772 865
internal_value=-1.6381e-05 -0.000463294 0.00104913 0.00157962 -0.000600237 0.00013318 -0.000966218 -0.000240332 -0.00106939 -0.00222118 -0.00072554 -0.000211024 -3.49838e-05 0.000445068
internal_weight=16271 11467 4804 3379 10832 3608 7224 3245 7075 1614 5461 1425 3120 2348
internal_count=16271 11467 4804 3379 10832 3608 7224 3245 7075 1614 5461 1425 3120 2348
is_linear=0
shrinkage=0.03


Tree=29
num_leaves=15
num_cat=0
split_feature=4 6 7 7 3 3 6 9 9 8 8 8 6 6
split_gain=10.7288 5.2237 4.50126 4.17115 3.94309 3.63058 3.33924 3.10402 2.94193 2.89427 2.60907 6.71455 2.41238 2.31578
threshold=0.57223113964687011 -0.71256454388984503 0.96850198412698418 -0.55424836601307181 -0.41897974493623397 -0.093541666666666676 0.06472559698366144 -0.87420886075949356 0.61781229345670863 0.49274752995585464 0.83584100606332823 0.97036874451273059 -0.90733452593917707 -0.84344362745098034
decision_type=2 2 2 2 2 2 2 2 2 2 2 2 2 2
left_child=2 3 4 -2 9 -3 8 -8 -6 -1 -7 -12 -5 -14
right_child=1 5 -4 12 6 10 7 -9 -10 -11 11 -13 13 -15
leaf_value=-0.0016677279940324051 0.0036162969747965687 0.00059850110901190029 0.0035573833135925732 -0.0034502813803507074 -0.00096529911064945279 0.002319575462308127 0.0046700792136252856 0.00039865943727001419 0.00086279653903194645 0.00038876371812791779 0.0075124895618646405 -0.001127881381441565 0.0023721126296465662 -0.0016453000157787578
leaf_weight=3003 182 880 249 288 3968 1374 150 3651 981 770 280 109 203 318
leaf_count=3003 182 880 249 288 3968 1374 150 3651 981 770 280 109 203 318
internal_value=5.12073e-05 0.00148713 -0.000358198 -0.000367885 -0.00043883 0.00218144 -8.88383e-05 0.000579036 -0.000601921 -0.00124812 0.00296373 0.00512382 -0.00129741 -6.47804e-05
internal_weight=16406 3634 12772 991 12523 2643 8750 3801 4949 3773 1763 389 809 521
internal_count=16406 3634 12772 991 12523 2643 8750 3801 4949 3773 1763 389 809 521
is_linear=0
shrinkage=0.03


Tree=30
num_leaves=15
num_cat=0
split_feature=3 0 9 8 5 8 5 5 6 5 6 7 1 6
split_gain=11.7843 6.53801 5.91301 6.07143 5.04355 4.09767 4.05417 3.54785 3.23422 3.13088 3.047 3.48565 3.39838 3.61732
threshold=0.66249413237365062 0.015628815628815577 -0.87420886075949356 0.55863254392666173 0.68651074887786456 -0.6557112068965516 -0.16903096903096895 0.77913279132791335 -0.6795061728395061 0.22623655913978494 -0.90733452593917707 -0.27165775401069514 -0.48255578093306278 0.06472559698366144
decision_type=2 2 2 2 2 2 2 2 2 2 2 2 2 2
left_child=1 6 -2 5 -5 7 -1 -4 -6 -3 11 -8 13 -12
right_child=2 9 3 4 8 -7 10 -9 -10 -11 12 -13 -14 -15
leaf_value=-0.0018129602522426777 0.0057661675503251873 -0.00014482199230867368 0.0042553131587024949 0.0011094921735449409 0.0013021147283840892 -0.00064758416389030084 0.000520041306552134 -0.0016302685891740195 0.0074718742923309597 0.0013395838097926321 0.00010833122170711167 -0.0066409661100866888 -0.0007479262059264778 0.0038896455166481988
leaf_weight=3285 279 4295 325 450 111 1290 104 121 276 1810 768 134 2731 314
leaf_count=3285 279 4295 325 450 111 1290 104 121 276 1810 768 134 2731 314
internal_value=-5.64477e-05 -0.000428345 0.00169162 0.00122918 0.00331154 0.000211973 -0.00103134 0.00265782 0.00577963 0.000296743 -0.00039462 -0.00361699 -0.000184551 0.00123125
internal_weight=16293 13441 2852 2573 837 1736 7336 446 387 6105 4051 238 3813 1082
internal_count=16293 13441 2852 2573 837 1736 7336 446 387 6105 4051 238 3813 1082
is_linear=0
shrinkage=0.03


Tree=31
num_leaves=15
num_cat=0
split_feature=7 5 9 6 1 7 7 7 7 8 2 1 1 9
split_gain=9.19574 6.68731 4.54493 3.85473 4.93871 3.5476 3.38705 2.99996 2.69147 3.0258 2.6234 2.56721 4.23849 2.5493
threshold=0.96396103896103902 -0.41101055806938153 -0.93495505023796921 -0.58044603743528456 -0.36489262371615311 0.37011669203450032 0.47885646217986894 -0.77388922702373697 0.58939234281700037 0.079682539682539702 0.87577160493827166 -0.077787381158167621 -0.49712643678160912 -0.57052441229656403
decision_type=2 2 2 2 2 2 2 2 2 2 2 2 2 2
left_child=1 -1 5 7 -5 -3 10 -4 9 -8 -6 12 13 -9
right_child=-2 2 3 4 6 -7 8 11 -10 -11 -12 -13 -14 -15
leaf_value=-0.00099986086300951366 0.0042263875513573364 0.0013796258421354397 0.0021117465732664281 0.0017663103371130552 -0.00055924361460873474 0.0073238739254389033 0.00693553957652012 -0.003250619892884667 0.00059693768426592308 0.0013101801185364849 0.0023165351475661548 0.00025008290745797036 -0.0043526782001980348 4.5909988654602782e-05
leaf_weight=4614 458 269 279 2206 3925 131 132 278 1367 234 298 787 427 790
leaf_count=4614 458 269 279 2206 3925 131 132 278 1367 234 298 787 427 790
internal_value=8.23043e-05 -4.09099e-05 0.000357419 0.000238663 0.000557211 0.00345752 0.000107171 -0.00077478 0.00122003 0.0034695 -0.000351318 -0.00113536 -0.00186151 -0.00083437
internal_weight=16195 15737 11123 10723 8162 400 5956 2561 1733 366 4223 2282 1495 1068
internal_count=16195 15737 11123 10723 8162 400 5956 2561 1733 366 4223 2282 1495 1068
is_linear=0
shrinkage=0.03


Tree=32
num_leaves=15
num_cat=0
split_feature=3 7 9 0 0 5 0 4 9 4 1 3 1 7
split_gain=8.2186 5.75774 3.6935 3.87438 3.13724 2.87438 3.38733 2.65328 2.52366 2.85906 2.72567 2.47687 2.2776 2.17913
threshold=0.1564382530120482 0.50910294604435635 -0.88388945062352542 0.41004623791509048 -0.75411605937921722 -0.93495505023796921 -0.6795061728395061 0.82070417145044017 0.93239382974671503 0.54884143571104049 -0.90733452593917707 0.13867521367521365 -0.3797960174842156 0.94904251866277189
decision_type=2 2 2 2 2 2 2 2 2 2 2 2 2 2
left_child=5 8 -3 4 -4 -1 -7 11 9 12 -11 -8 -2 -5
right_child=1 2 3 13 -6 6 7 -9 -10 10 -12 -13 -14 -15
leaf_value=-0.00341159834636658 0.00079191946945641014 0.0062224844834075635 0.0042573645541636755 0.0020146499513221286 -0.00065906709470815522 -0.0018011836796834463 -0.00033532408996129565 0.0027110164743063487 0.0033933126269804952 -0.003273858029426912 0.0015039190545404371 -0.0046490245959034462 -0.00098766604184396742 0.0052326705510926611
leaf_weight=326 872 160 128 873 751 1660 6913 244 191 108 1264 112 2434 243
leaf_count=326 872 160 128 873 751 1660 6913 244 191 108 1264 112 2434 243
internal_value=-9.89235e-05 0.000674288 0.00196147 0.00159041 9.66999e-05 -0.00068584 -0.000582616 -0.000302244 0.000101732 -3.96129e-05 0.00110686 -0.000410608 -0.000517305 0.0027556
internal_weight=16279 7024 2155 1995 879 9255 8929 7269 4869 4678 1372 7025 3306 1116
internal_count=16279 7024 2155 1995 879 9255 8929 7269 4869 4678 1372 7025 3306 1116
is_linear=0
shrinkage=0.03


Tree=33
num_leaves=15
num_cat=0
split_feature=3 0 6 5 0 6 1 0 5 8 0 5 8 3
split_gain=8.10014 5.27209 3.47095 3.98808 3.92201 3.37333 5.49703 3.14803 2.88306 2.70426 3.58853 2.69664 3.88855 2.80798
threshold=0.16436803325146424 0.78516483516483537 -0.82554347826086938 -0.077787381158167621 -0.8767331433998099 -0.48255578093306278 -0.16172624237140362 -0.89403508771929807 -0.75411605937921722 0.96850198412698418 0.96396103896103902 0.079682539682539702 -0.019237883832778409 -0.51316701316701308
decision_type=2 2 2 2 2 2 2 2 2 2 2 2 2 2
left_child=5 2 4 -4 -2 7 -7 -1 -8 10 -3 -9 -13 -14
right_child=1 9 3 -5 -6 6 8 11 -10 -11 -12 12 13 -15
leaf_value=-0.005442887091485318 0.0035859739294021643 0.0018542778529394802 -0.0004747489049880405 0.001284138616470368 -0.0025999981556204146 0.00069423744345693459 -0.0025901545275082887 -0.0025821396670222957 -0.00063270458129573181 -0.0015787206922882589 0.0055703369521904944 0.0019758612745427663 0.0011088868675698689 -0.0040681746360022829
leaf_weight=182 100 960 1902 2948 590 2847 809 786 3984 135 308 394 143 248
leaf_count=182 100 960 1902 2948 590 2847 809 786 3984 135 308 394 143 248
internal_value=-4.77608e-05 0.000728653 0.000310851 0.000594807 -0.00166506 -0.000621825 -0.000348356 -0.00180493 -0.000967803 0.00236455 0.00279344 -0.00135172 -0.000102744 -0.00219434
internal_weight=16336 6943 5540 4850 690 9393 7640 1753 4793 1403 1268 1571 785 391
internal_count=16336 6943 5540 4850 690 9393 7640 1753 4793 1403 1268 1571 785 391
is_linear=0
shrinkage=0.03


Tree=34
num_leaves=15
num_cat=0
split_feature=0 4 5 9 9 7 2 9 7 7 7 7 7 7
split_gain=6.58766 5.60903 3.92014 3.44993 3.35654 2.44303 2.49827 2.26168 2.12191 2.09811 2.63178 2.02221 3.0425 1.9763
threshold=0.46305060065526032 -0.88433667781493852 0.58102025506376598 0.64188317670904749 -0.93495505023796921 0.66249413237365062 -0.37284167398302598 0.89237451737451745 0.42444997924449984 0.64888572783309639 0.96396103896103902 0.49274752995585464 0.32958801498127338 0.43951219512195122
decision_type=2 2 2 2 2 2 2 2 2 2 2 2 2 2
left_child=1 -1 3 -2 8 6 -5 -6 -3 11 -11 12 -4 -8
right_child=2 4 9 5 7 -7 13 -9 -10 10 -12 -13 -14 -15
leaf_value=-0.0030226330850720321 -0.0002486847381134678 0.0010195201896251629 0.0034482612735465975 0.0042050243075074699 -0.00038690720277674947 0.0042961628201713953 0.00083729839180627004 0.0017198045886907493 0.0060286576501701189 -0.0005038216192662328 0.0043182685028882234 0.0062406950476427822 -0.0015407445601762291 -0.003645589334466918
leaf_weight=662 2201 241 545 152 10391 265 443 470 105 375 129 159 131 100
leaf_count=662 2201 241 545 152 10391 265 443 470 105 375 129 159 131 100
internal_value=1.02481e-05 -0.000360361 0.000986382 0.000407158 -0.000200546 0.00189788 0.000935454 -0.000294243 0.00266628 0.00234061 0.000790405 0.00325588 0.00247309 -3.92742e-05
internal_weight=16369 11869 4500 3161 11207 960 695 10861 346 1339 504 835 676 543
internal_count=16369 11869 4500 3161 11207 960 695 10861 346 1339 504 835 676 543
is_linear=0
shrinkage=0.03


Tree=35
num_leaves=15
num_cat=0
split_feature=7 3 1 2 3 8 9 5 5 8 1 9 8 0
split_gain=6.19533 4.60477 4.4811 4.25387 4.12481 3.80878 3.60175 3.15588 2.81243 2.53813 3.20469 2.32852 2.25405 2.1822
threshold=0.54884143571104049 -0.58863819500402892 -0.41101055806938153 0.88303693570451447 0.77096018735363003 0.14784456587735276 -0.8171368861024032 0.77096018735363003 0.78516483516483537 0.24357284113381675 -0.6795061728395061 0.87577160493827166 -0.32958801498127338 0.11237373737373736
decision_type=2 2 2 2 2 2 2 2 2 2 2 2 2 2
left_child=1 2 9 13 5 6 -2 -5 -4 10 12 -8 -1 -3
right_child=4 3 8 7 -6 -7 11 -9 -10 -11 -12 -13 -14 -15
leaf_value=-0.00070429566793637761 0.0066851749340608967 -0.00066558606818175367 -0.0026475633657378778 0.00090337624329166785 0.002936604922615378 -0.00048426146338850453 0.00063418997926968299 0.0055560422579329161 0.0017240396267449367 0.0025608882146958643 0.0013455718785288658 0.0042462571250078702 -0.0063664742062489186 0.00025939295957066441
leaf_weight=144 108 4933 1678 446 785 1613 1075 179 137 291 273 180 107 4278
leaf_count=144 108 4933 1678 446 785 1613 1075 179 137 291 273 180 107 4278
internal_value=-4.93115e-05 -0.000371357 -0.00148385 -7.26877e-05 0.00101628 0.000501601 0.00166332 0.00230241 -0.00230995 0.000361558 -0.00088491 0.00118173 -0.0032695 -0.000236169
internal_weight=16227 12466 2630 9836 3761 2976 1363 625 1815 815 524 1255 251 9211
internal_count=16227 12466 2630 9836 3761 2976 1363 625 1815 815 524 1255 251 9211
is_linear=0
shrinkage=0.03


Tree=36
num_leaves=15
num_cat=0
split_feature=3 6 5 1 4 6 7 9 1 6 5 3 5 1
split_gain=7.85219 5.58128 3.2149 3.2576 3.09691 3.96331 3.18073 3.09111 2.98938 5.7385 2.63298 2.61707 2.51588 3.12657
threshold=-0.016133229247983379 -0.032795698924731158 0.61152570480928703 0.28330047873838354 0.61152570480928703 -0.8767331433998099 -0.15438786565547127 0.66249413237365062 -0.3965259059598682 0.097167584579071611 0.16436803325146424 -0.6557112068965516 0.51765683423348574 0.58102025506376598
decision_type=2 2 2 2 2 2 2 2 2 2 2 2 2 2
left_child=8 4 3 -3 7 6 -6 -2 9 -1 -11 -12 -7 -14
right_child=1 2 -4 -5 5 12 -8 -9 -10 10 11 -13 13 -15
leaf_value=-0.00095973049380846114 -0.0010087701659775945 0.0019992559665422955 0.0030171391187626888 -4.4567666402399228e-05 0.002436212700051375 0.0055629964228247914 -0.0036462592773060212 0.0013169732098348482 -0.0010961827196746454 0.00078437830726411364 0.0067404848953773232 0.0013781187156120599 0.00024715863002305714 0.0042210993909074677
leaf_weight=1485 2713 1377 909 1420 107 148 225 625 5484 553 164 167 613 242
leaf_count=1485 2713 1377 909 1420 107 148 225 625 5484 553 164 167 613 242
internal_value=-3.09474e-05 0.000607486 0.00147524 0.000965171 -8.23803e-05 0.00113369 -0.00167203 -0.00057067 -0.00071205 0.000178049 0.00207872 0.00415475 0.00206974 0.00140774
internal_weight=16232 8379 3706 2797 4673 1335 332 3338 7853 2369 884 331 1003 855
internal_count=16232 8379 3706 2797 4673 1335 332 3338 7853 2369 884 331 1003 855
is_linear=0
shrinkage=0.03


Tree=37
num_leaves=15
num_cat=0
split_feature=7 5 3 6 3 8 9 9 5 9 8 9 8 4
split_gain=8.31875 6.39586 3.52404 3.79295 2.93649 3.51209 2.74501 2.86698 3.36093 2.69836 2.5918 2.94544 2.82518 3.40327
threshold=0.96396103896103902 0.70209762000806786 -0.11378020713463753 -0.3797960174842156 0.96396103896103902 -0.90143695608176466 -0.77388922702373697 -0.46453722334004022 0.079682539682539702 0.89237451737451745 -0.047065337763012187 0.3371212121212121 0.3228287841191067 0.79361054766734296
decision_type=2 2 2 2 2 2 2 2 2 2 2 2 2 2
left_child=1 2 3 6 5 -3 -1 8 -8 -5 11 -7 13 -12
right_child=-2 4 -4 9 -6 10 7 -9 -10 -11 12 -13 -14 -15
leaf_value=-0.0058063196906287754 0.0038697776497700186 -0.0025762197881937024 0.0001071717023376339 -0.00061060730869837328 0.0045117296234268361 0.003622871382387597 -0.002020270629334452 -0.0025091238670182942 0.0047024235983447321 0.0032929925983771679 0.00073579019605908753 -0.00051218013716111243 0.0013508537038409661 -0.0055779101193526425
leaf_weight=165 481 215 7127 4797 227 636 138 918 113 155 172 201 796 126
leaf_count=165 481 215 7127 4797 227 636 138 918 113 155 172 201 796 126
internal_value=2.42039e-05 -9.53466e-05 -0.000349559 -0.000866744 0.00133699 0.0009818 -0.00228064 -0.00173797 0.00107049 -0.000482033 0.00138919 0.00263554 0.000420386 -0.00202819
internal_weight=16267 15786 13413 6286 2373 2146 1334 1169 251 4952 1931 837 1094 298
internal_count=16267 15786 13413 6286 2373 2146 1334 1169 251 4952 1931 837 1094 298
is_linear=0
shrinkage=0.03


Tree=38
num_leaves=15
num_cat=0
split_feature=7 3 9 0 8 7 4 9 3 2 2 2 5 2
split_gain=6.61084 5.1301 4.52237 3.24161 3.27825 3.10189 2.86554 2.19331 2.58231 1.9613 2.35966 1.81045 1.96362 2.23955
threshold=0.96396103896103902 0.58102025506376598 -0.89309523809523805 0.048199767711962889 0.90786914235190108 0.73152530032763019 0.89237451737451745 -0.077787381158167621 0.97315315315315332 0.94904251866277189 -0.36489262371615311 -0.91836356904850047 -0.45914149443561203 -0.31198770491803274
decision_type=2 2 2 2 2 2 2 2 2 2 2 2 2 2
left_child=1 3 -3 4 5 -1 11 9 -9 10 -4 -5 -13 -14
right_child=-2 2 7 6 -6 -7 -8 8 -10 -11 -12 12 13 -15
leaf_value=-0.00089154786854366095 0.0035165306111565858 0.0046040033150754707 0.0019432147365242858 -0.0031783143992825651 -0.0047252793257488287 0.0013361977791858416 0.0044389322254320841 0.0015082694983126377 -0.003223955494247855 0.0032869279352219206 -0.001572031506167894 -0.00067379515672426576 0.0015995121638272107 -2.485201614984797e-06
leaf_weight=6379 456 269 208 141 177 608 128 1763 101 105 815 1706 1212 2198
leaf_count=6379 456 269 208 141 177 608 128 1763 101 105 815 1706 1212 2198
internal_value=-5.17391e-06 -0.000108907 0.000949407 -0.000384459 -0.000802057 -0.00069606 0.000171554 0.000606594 0.00123602 -0.000435245 -0.000845407 5.94188e-05 0.000154679 0.000569917
internal_weight=16266 15810 3261 12549 7164 6987 5385 2992 1864 1128 1023 5257 5116 3410
internal_count=16266 15810 3261 12549 7164 6987 5385 2992 1864 1128 1023 5257 5116 3410
is_linear=0
shrinkage=0.03


Tree=39
num_leaves=15
num_cat=0
split_feature=4 0 0 7 7 7 9 2 6 6 1 4 1 2
split_gain=6.752 5.42668 4.43365 4.56069 3.63332 2.76962 3.19345 2.53299 2.41249 2.09713 3.51092 3.26829 2.20882 2.05241
threshold=0.90342013214146921 0.038218111002921169 -0.45129664769133454 0.62583333333333346 0.74050024050024055 0.93700396825396837 0.72524509803921589 0.63356807511737101 -0.22623655913978494 0.14784456587735276 -0.28165064102564097 0.35434243176178665 0.55863254392666173 0.97036874451273059
decision_type=2 2 2 2 2 2 2 2 2 2 2 2 2 2
left_child=1 4 -2 7 13 9 -7 -4 -5 -3 -11 12 -12 -1
right_child=2 5 3 8 -6 6 -8 -9 -10 10 11 -13 -14 -15
leaf_value=-0.0010030252286215456 9.7434020529309388e-05 -0.00020896221566937939 0.0040238436336883093 -0.0024528808437541804 0.0011561015299131011 0.00039021821111597329 0.0059962856345477378 0.0098841974196525722 0.0038234203731691511 0.0025672034170411552 0.00037442975335959299 0.0021115480447421201 -0.0017629007277039823 0.0030301454621527728
leaf_weight=6946 398 3778 188 100 825 204 158 120 101 782 1313 649 639 106
leaf_count=6946 398 3778 188 100 825 204 158 120 101 782 1313 649 639 106
internal_value=-1.89301e-05 -0.000167741 0.00248201 0.00430877 -0.000717662 0.000408246 0.00293248 0.00654612 0.00073262 0.00027673 0.00081815 0.000284473 -0.000330659 -0.000938197
internal_weight=16307 15400 907 509 7877 7523 362 308 201 7161 3383 2601 1952 7052
internal_count=16307 15400 907 509 7877 7523 362 308 201 7161 3383 2601 1952 7052
is_linear=0
shrinkage=0.03


Tree=40
num_leaves=15
num_cat=0
split_feature=7 5 6 3 1 9 3 6 1 3 8 4 7 7
split_gain=5.8734 4.73951 4.93615 2.70941 3.37489 2.40704 2.27579 2.26825 3.38927 3.33361 2.64847 2.59824 3.89609 2.55698
threshold=0.92749178532311072 -0.5070478459400436 0.58939234281700037 -0.72264957264957252 0.06472559698366144 -0.90143695608176466 0.96396103896103902 -0.58044603743528456 -0.14729990356798459 0.56574122577265595 -0.64631422189128795 0.37771377935312361 -0.28989813242784374 -0.032795698924731158
decision_type=2 2 2 2 2 2 2 2 2 2 2 2 2 2
left_child=1 3 6 4 -1 -4 7 -3 11 -10 -11 12 -9 -12
right_child=-2 2 5 -5 -6 -7 -8 8 9 10 13 -13 -14 -15
leaf_value=-0.0008479596395926949 0.0026982478825451151 -0.00088412833302144059 0.0052001117431791496 -0.00061235093916911867 -0.0054648513303950435 0.0011903861407451591 0.0026513122081354978 -0.00018639561632472306 -0.00094363223920742201 0.0047393621786707835 -0.0018014754686717291 -0.00028946988093307577 0.0027835392802857887 0.0018097880278767336
leaf_weight=340 728 2644 134 3270 241 2434 259 631 2748 145 279 930 1059 444
leaf_count=340 728 2644 134 3270 241 2434 259 631 2748 145 279 930 1059 444
internal_value=8.32279e-05 -4.07904e-05 0.000259618 -0.000952337 -0.00282312 0.00141898 -6.73484e-05 -0.000149536 0.000162841 -0.000432134 0.00117952 0.000982518 0.00168007 0.000410665
internal_weight=16286 15558 11707 3851 581 2568 9139 8880 6236 3616 868 2620 1690 723
internal_count=16286 15558 11707 3851 581 2568 9139 8880 6236 3616 868 2620 1690 723
is_linear=0
shrinkage=0.03


Tree=41
num_leaves=15
num_cat=0
split_feature=4 0 8 1 1 0 3 1 0 3 0 9 5 1
split_gain=6.56692 4.61007 4.24187 3.22433 2.98814 2.96171 2.91902 2.49422 4.06686 2.4448 3.36211 2.39876 2.35122 2.31835
threshold=0.90786914235190108 0.14784456587735276 0.93700396825396837 0.52586975914362188 -0.52875082617316582 -0.59537185660781156 0.26713615023474185 -0.29679679679679671 -0.93984622342831292 -0.46495250573206681 -0.6211556383970176 0.38548951048951058 -0.8088714938030005 0.56574122577265595
decision_type=2 2 2 2 2 2 2 2 2 2 2 2 2 2
left_child=1 2 7 4 5 -2 13 -1 -9 10 -10 -5 -12 -3
right_child=3 6 -4 11 -6 -7 -8 8 9 -11 12 -13 -14 -15
leaf_value=0.00024395402189227039 -0.00044890796855966353 0.00025909118993365016 -0.0052805329428520049 0.0070980967273219266 -0.0015664759502705392 0.0052068869747302453 0.0011456657663555918 0.0041855844339801808 -0.0037771234205807558 -0.00053830321017922056 -0.0037859668752135921 0.0012548976743946205 -0.00028507795117649576 -0.0017286087728427867
leaf_weight=2933 137 2807 158 185 207 197 3174 132 565 3820 203 101 922 640
leaf_count=2933 137 2807 158 185 207 197 3174 132 565 3820 203 101 922 640
internal_value=3.51384e-05 -0.000105858 -0.000558215 0.00262286 0.00121944 0.00294138 0.000490735 -0.000465153 -0.000833563 -0.000961169 -0.00190821 0.0051467 -0.000944585 -0.000113895
internal_weight=16181 15354 8733 827 541 334 6621 8575 5642 5510 1690 286 1125 3447
internal_count=16181 15354 8733 827 541 334 6621 8575 5642 5510 1690 286 1125 3447
is_linear=0
shrinkage=0.03


Tree=42
num_leaves=15
num_cat=0
split_feature=6 5 3 6 4 3 3 4 1 1 1 8 8 3
split_gain=4.50915 5.04069 4.37408 4.02476 4.6989 3.56952 2.99807 3.84962 2.8151 2.58411 2.58325 2.51171 4.37524 2.45601
threshold=0.06472559698366144 0.18052538020936207 -0.6211556383970176 -0.90143695608176466 0.55863254392666173 -0.8088714938030005 0.56574122577265595 0.89851963098047638 -0.82554347826086938 0.59508740204942756 -0.32230727173318752 0.48683298683298687 -0.34351679104477606 -0.25760368663594463
decision_type=2 2 2 2 2 2 2 2 2 2 2 2 2 2
left_child=2 5 -1 8 9 -2 7 11 -4 -5 -7 12 -3 -13
right_child=1 6 3 4 -6 10 -8 -9 -10 -11 -12 13 -14 -15
leaf_value=-0.0019948684764523744 -0.0021400587062488682 -0.00055747780032527796 -0.0055939502609931354 4.9814682404333154e-06 0.0016156165478509795 0.0018897828640412379 0.003117554438860816 0.0050167438553228054 -0.0010697629798138177 -0.0019661160869226847 3.4198026729842562e-05 0.0012358872274603318 0.0029239787354877994 -0.002967926069587038
leaf_weight=1179 555 612 163 4562 1563 829 897 186 459 679 3461 208 676 288
leaf_count=1179 555 612 163 4562 1563 829 897 186 459 679 3461 208 676 288
internal_value=0.000166485 0.000692836 -0.0003055 -3.49632e-05 0.0001775 0.000101977 0.00168752 0.00102392 -0.00232511 -0.000253643 0.000396332 0.000581984 0.0012782 -0.00121545
internal_weight=16317 7712 8605 7426 6804 4845 2867 1970 622 5241 4290 1784 1288 496
internal_count=16317 7712 8605 7426 6804 4845 2867 1970 622 5241 4290 1784 1288 496
is_linear=0
shrinkage=0.03


Tree=43
num_leaves=15
num_cat=0
split_feature=7 3 0 3 6 0 6 1 6 3 4 2 0 2
split_gain=5.49823 4.0904 3.24037 3.03039 3.0303 4.2075 2.80086 3.54963 2.76149 3.84041 2.77091 2.40665 2.96951 2.23719
threshold=0.92749178532311072 0.1564382530120482 -0.93984622342831292 0.10487038491751778 0.54076207354895889 0.96396103896103902 -0.86159003831417613 -0.46495250573206681 0.25824574121058358 -0.016133229247983379 -0.89403508771929807 -0.66479400749063666 0.24357284113381675 0.80123456790123471
decision_type=2 2 2 2 2 2 2 2 2 2 2 2 2 2
left_child=1 3 -3 8 5 6 -4 11 -1 10 -10 12 -8 -9
right_child=-2 2 4 -5 -6 -7 7 13 9 -11 -12 -13 -14 -15
leaf_value=-0.00097035338630120692 0.0024242996684606236 0.0050782909226972 -0.0021777580209691827 -0.0031212944584528362 0.0017350138401889808 0.0039983300444087948 -0.0044852546928732112 -0.00079298799304338384 -0.0032088589793615955 0.0031641764683199812 5.1994646861103348e-05 0.0021682184060853034 0.001926820804213133 0.0012152449762020535
leaf_weight=4817 742 119 559 405 1056 215 114 2796 243 328 3209 924 128 598
leaf_count=4817 742 119 559 405 1056 215 114 2796 243 328 3209 924 128 598
internal_value=-8.10087e-05 -0.00020234 0.000370255 -0.000616313 0.00027478 -1.70153e-05 -0.000193128 5.43961e-05 -0.000494815 0.000112143 -0.000186156 0.00147521 -0.00115187 -0.00043662
internal_weight=16253 15511 6509 9002 6390 5334 5119 4560 8597 3780 3452 1166 242 3394
internal_count=16253 15511 6509 9002 6390 5334 5119 4560 8597 3780 3452 1166 242 3394
is_linear=0
shrinkage=0.03


Tree=44
num_leaves=15
num_cat=0
split_feature=5 9 1 3 5 1 2 8 3 5 3 5 3 0
split_gain=5.41908 3.79838 2.85592 3.074 2.74988 2.31401 4.89142 3.1958 3.19526 2.50901 2.64367 2.21942 2.01866 5.02466
threshold=0.68651074887786456 0.74050024050024055 0.81438415159345401 0.16436803325146424 0.84168755221386804 -0.26453684922244752 0.73152530032763019 0.23395061728395064 0.55863254392666173 0.80746061167747929 -0.28165064102564097 -0.41101055806938153 0.54884143571104049 0.61781229345670863
decision_type=2 2 2 2 2 2 2 2 2 2 2 2 2 2
left_child=1 11 5 -4 -5 12 7 9 -9 -7 -11 -1 -2 -14
right_child=2 -3 3 4 -6 6 -8 8 -10 10 -12 -13 13 -15
leaf_value=-0.0010582714103272843 0.0028104827343014291 0.00099949155392676722 -0.00044134910675612359 0.0075162546180767885 0.0022633743800718007 -0.0004720215803037767 0.0030330421578343421 -0.0016731712664477527 0.0049820366934747312 -0.00078678950466014243 -0.006869057998410426 -0.00019829854943039302 -0.0025952226903276109 0.0031402022371153026
leaf_weight=4160 582 1732 155 154 227 209 268 148 101 101 182 7684 267 263
leaf_count=4160 582 1732 155 154 227 209 268 148 101 101 182 7684 267 263
internal_value=-6.62965e-05 -0.000308964 0.00117013 0.00310671 0.00452452 0.000668451 -0.000370692 -0.00162573 0.00111446 -0.0030071 -0.00479929 -0.000500987 0.00160624 0.000256294
internal_weight=16233 13576 2657 536 381 2121 1009 741 249 492 283 11844 1112 530
internal_count=16233 13576 2657 536 381 2121 1009 741 249 492 283 11844 1112 530
is_linear=0
shrinkage=0.03


Tree=45
num_leaves=15
num_cat=0
split_feature=6 9 7 5 5 0 0 1 8 5 9 7 7 1
split_gain=4.53199 6.16016 4.28627 4.12621 4.07366 2.98804 2.94047 2.59783 2.99961 2.39965 2.57147 2.91179 2.38832 2.38002
threshold=-0.90733452593917707 -0.93495505023796921 -0.26453684922244752 0.39305778491171756 0.031754032258064509 -0.58044603743528456 -0.2331050228310502 -0.92814113597246117 0.97036874451273059 -0.93495505023796921 0.64188317670904749 0.72524509803921589 -0.24025316455696197 0.4709263015551049
decision_type=2 2 2 2 2 2 2 2 2 2 2 2 2 2
left_child=2 3 -1 -2 5 13 -6 -8 -9 -7 -11 12 -12 -3
right_child=1 4 -4 -5 6 9 7 8 -10 10 11 -13 -14 -15
leaf_value=0.00064604573293528976 0.00013660668063460402 -0.0011021441167527386 -0.0044189978644808151 0.0066161773177060542 -0.00027089526606360154 -0.0026407921309947093 0.0045925035293560559 0.0009936172949152936 -0.0028568530495215148 -0.00040931472130019723 0.0022523303409252545 0.0042438045574070184 -0.0006451589221407488 -0.0042826478522466982
leaf_weight=238 152 870 388 203 2773 348 162 4114 181 5334 398 208 679 275
leaf_count=238 152 870 388 203 2773 348 162 4114 181 5334 398 208 679 275
internal_value=-3.07828e-05 6.9763e-05 -0.00251343 0.00392158 -2.1861e-05 -0.000483088 0.000495584 0.000972001 0.000825091 -0.000248416 -0.00011884 0.00108076 0.000436464 -0.00189649
internal_weight=16323 15697 626 355 15342 8112 7230 4457 4295 6967 6619 1285 1077 1145
internal_count=16323 15697 626 355 15342 8112 7230 4457 4295 6967 6619 1285 1077 1145
is_linear=0
shrinkage=0.03


Tree=46
num_leaves=15
num_cat=0
split_feature=6 3 7 9 7 7 1 6 8 2 7 9 9 7
split_gain=4.59756 4.79069 3.66476 3.14804 2.95378 2.76755 2.63582 3.17267 2.7045 2.56963 2.21344 2.16659 2.26332 2.10625
threshold=0.72524509803921589 -0.1977011494252873 0.94904251866277189 -0.85940202619224104 -0.8171368861024032 -0.54487917146144982 -0.3797960174842156 0.13867521367521365 -0.6557112068965516 -0.59537185660781156 -0.44224170796797557 0.62583333333333346 0.47885646217986894 0.41795166858458005
decision_type=2 2 2 2 2 2 2 2 2 2 2 2 2 2
left_child=1 6 3 5 -2 -3 7 -1 -8 -10 -9 12 -5 -13
right_child=4 2 -4 11 -6 -7 8 10 9 -11 -12 13 -14 -15
leaf_value=-0.00066106390445859768 -0.0023505753737068577 -0.0011176721611386769 0.0032443471077800113 1.8598760256118582e-05 0.0016819115736765463 0.0036312999938096289 0.00065914086114394576 -0.0011094798312029416 -0.0035785341887937926 -0.0012099615216580248 0.003157836682394036 0.0017337866358305832 -0.0018610470894651686 -0.00035423990462424
leaf_weight=1311 168 144 375 5361 2187 414 543 143 499 2298 403 1197 636 675
leaf_count=1311 168 144 375 5361 2187 414 543 143 499 2298 403 1197 636 675
internal_value=0.000162104 -4.45487e-05 0.000381787 0.000250709 0.00138552 0.00240766 -0.000765967 0.000139888 -0.00126853 -0.00164377 0.00204035 9.48958e-05 -0.00018351 0.000983011
internal_weight=16354 13999 8802 8427 2355 558 5197 1857 3340 2797 546 7869 5997 1872
internal_count=16354 13999 8802 8427 2355 558 5197 1857 3340 2797 546 7869 5997 1872
is_linear=0
shrinkage=0.03


Tree=47
num_leaves=15
num_cat=0
split_feature=5 0 9 3 8 3 9 7 8 7 8 0 4 9
split_gain=5.22216 4.30599 3.85781 2.86289 2.23691 2.13449 2.28919 1.95202 2.51109 2.81602 1.92982 3.38537 1.70722 1.84058
threshold=0.021167557932263773 0.13867521367521365 0.94160272804774092 -0.59537185660781156 0.3228287841191067 0.2022727272727273 -0.89309523809523805 0.94160272804774092 0.84712755598831568 0.64888572783309639 0.97315315315315332 0.96396103896103902 0.90786914235190108 -0.25398431570958757
decision_type=2 2 2 2 2 2 2 2 2 2 2 2 2 2
left_child=1 -1 5 4 -3 7 -7 8 12 -10 11 -8 -2 -14
right_child=2 3 -4 -5 -6 6 10 -9 9 -11 -12 -13 13 -15
leaf_value=-0.0010484373030771946 -0.0001133871758138621 -0.0032613962022285834 0.0038542147802500411 0.00068926474879845042 0.00064888450640175773 0.0032545366923502962 0.00059840368314254932 0.0037988509205651691 -0.00033834108609992724 -0.0061458966655482073 -0.0028205807277358564 0.0041550996466593326 0.0042766960667007985 -0.00078459029373797507
leaf_weight=4783 3116 314 307 3011 217 348 3213 106 185 118 123 251 160 100
leaf_count=4783 3116 314 307 3011 217 348 3213 106 185 118 123 251 160 100
internal_value=6.3985e-05 -0.000462182 0.000609582 0.000330201 -0.00168095 0.000475734 0.000964036 -3.31224e-05 -0.000153528 -0.00272413 0.000733389 0.000867339 8.45496e-05 0.00237309
internal_weight=16352 8325 8027 3542 531 7720 3935 3785 3679 303 3587 3464 3376 260
internal_count=16352 8325 8027 3542 531 7720 3935 3785 3679 303 3587 3464 3376 260
is_linear=0
shrinkage=0.03


Tree=48
num_leaves=15
num_cat=0
split_feature=4 0 4 3 4 3 4 0 2 2 8 3 6 1
split_gain=4.81403 3.60821 3.06332 2.91328 3.22829 3.76757 3.1947 5.30587 3.03346 2.65676 2.36131 2.205 4.03753 4.20383
threshold=-0.6795061728395061 -0.24025316455696197 0.89237451737451745 0.58102025506376598 0.90342013214146921 -0.67242921013412815 0.80746061167747929 -0.3797960174842156 0.72524509803921589 0.74625530963559139 0.90786914235190108 -0.54487917146144982 -0.077787381158167621 0.038218111002921169
decision_type=2 2 2 2 2 2 2 2 2 2 2 2 2 2
left_child=-1 3 -3 4 10 -6 7 9 -8 -5 11 12 13 -2
right_child=1 2 -4 6 5 -7 8 -9 -10 -11 -12 -13 -14 -15
leaf_value=-0.0012180872896409305 -0.0019105435667071467 0.0004497033538112774 0.0027982264342377738 0.0050643896042187773 0.0060124291089466882 -0.00069077425541640342 -0.0049570924789446779 -0.0034051697025044769 0.0018396674821862078 0.00037133691563772465 -0.0051046049937668462 -0.00028186700885775404 -0.00035656408060622956 -0.0074062706122102724
leaf_weight=2476 427 7969 524 344 125 167 117 111 103 159 109 2567 804 174
leaf_count=2476 427 7969 524 344 125 167 117 111 103 159 109 2567 804 174
internal_value=-3.47127e-06 0.000216775 0.000597723 -0.000404535 -0.00071465 0.00228282 0.00121073 0.00231334 -0.00183334 0.00361706 -0.000934178 -0.000807201 -0.00175824 -0.00359683
internal_weight=16176 13700 8493 5207 4373 292 834 614 220 503 4081 3972 1405 601
internal_count=16176 13700 8493 5207 4373 292 834 614 220 503 4081 3972 1405 601
is_linear=0
shrinkage=0.03


Tree=49
num_leaves=15
num_cat=0
split_feature=4 6 8 2 9 7 9 1 6 9 1 2 7 6
split_gain=4.14839 4.87344 5.38598 4.86414 3.70458 4.35111 2.76664 3.31319 3.43679 2.53556 2.34067 2.41494 2.37352 4.67379
threshold=0.28330047873838354 -0.90733452593917707 -0.48255578093306278 0.96693989071038255 -0.93495505023796921 0.96396103896103902 0.74050024050024055 0.92749178532311072 0.73152530032763019 0.94904251866277189 -0.3797960174842156 0.70991117344553545 -0.32230727173318752 -0.52875082617316582
decision_type=2 2 2 2 2 2 2 2 2 2 2 2 2 2
left_child=6 2 -2 4 -3 9 7 8 10 -6 12 -12 -1 -14
right_child=1 3 -4 -5 5 -7 -8 -9 -10 -11 11 -13 13 -15
leaf_value=-0.0012097282972398133 0.0023517865286423606 0.0043474058289851604 -0.004449470820307562 0.0046416261956292275 0.00015994630541628141 0.0045448089097936944 0.00090019022286041246 -0.0046350163360272811 0.0010348344608702583 0.0044242132810854116 -0.0012918157477353005 0.00072940104400067644 -0.0018246656046818951 0.0018854086507772813
leaf_weight=813 146 222 320 279 4666 215 1290 168 1136 119 4781 592 423 1034
leaf_count=813 146 222 320 279 4666 215 1290 168 1136 119 4781 592 423 1034
internal_value=-2.75305e-05 0.000600602 -0.00231396 0.000851251 0.000640255 0.000467308 -0.000393888 -0.000581269 -0.000498508 0.000275002 -0.000727468 -0.00106818 8.01228e-05 0.000803195
internal_weight=16204 5967 466 5501 5222 5000 10237 8947 8779 4785 7643 5373 2270 1457
internal_count=16204 5967 466 5501 5222 5000 10237 8947 8779 4785 7643 5373 2270 1457
is_linear=0
shrinkage=0.03


Tree=50
num_leaves=15
num_cat=0
split_feature=7 3 4 1 5 8 0 5 1 1 0 1 8 4
split_gain=4.83328 4.0837 3.23113 2.70498 2.7032 2.67513 3.46191 2.56267 2.55694 3.16788 2.61433 2.23151 2.44447 3.96331
threshold=0.51765683423348574 0.1564382530120482 0.61152570480928703 0.72524509803921589 0.79361054766734296 0.97036874451273059 0.97036874451273059 0.41004623791509048 -0.52875082617316582 -0.93984622342831292 -0.85129906025428403 -0.89403508771929807 0.73152530032763019 0.36055555555555568
decision_type=2 2 2 2 2 2 2 2 2 2 2 2 2 2
left_child=2 11 -1 7 -5 6 -3 -4 9 -9 -10 -2 -13 -14
right_child=1 5 3 4 -6 -7 -8 8 10 -11 -12 12 13 -15
leaf_value=-0.00054681503467895651 0.0037362281769691475 0.0017149531949328034 0.0031742164673077204 0.00045584200314928111 0.0049559975330161392 -0.0019570478565852953 0.0065791146635698766 -0.0032568599216756412 -0.0050595449927091909 0.0019648269021893192 -0.000620659830660777 0.00017467547355878071 0.00030739708384822328 -0.0057812068656388684
leaf_weight=10188 116 1822 211 244 231 152 134 118 137 573 657 1440 206 169
leaf_count=10188 116 1822 211 244 231 152 134 118 137 573 657 1440 206 169
internal_value=-2.84072e-05 0.000871265 -0.000322892 0.000725614 0.0027014 0.00178099 0.00207995 0.000159663 -0.000287035 0.0010394 -0.00143997 -0.000125911 -0.000391868 -0.00251542
internal_weight=16398 4039 12359 2171 475 2108 1956 1696 1485 691 794 1931 1815 375
internal_count=16398 4039 12359 2171 475 2108 1956 1696 1485 691 794 1931 1815 375
is_linear=0
shrinkage=0.03


Tree=51
num_leaves=15
num_cat=0
split_feature=9 5 7 7 2 5 3 5 8 3 5 4 4 7
split_gain=4.43992 3.35033 2.64561 2.62823 2.57453 2.18271 2.07283 3.88528 2.42639 2.13242 1.74244 3.47442 2.61285 2.57521
threshold=0.90786914235190108 -0.41101055806938153 0.96850198412698418 -0.26453684922244752 0.96693989071038255 0.77913279132791335 0.92749178532311072 0.6777901371894699 -0.093541666666666676 0.89851963098047638 0.97315315315315332 0.96396103896103902 0.48683298683298687 0.3371212121212121
decision_type=2 2 2 2 2 2 2 2 2 2 2 2 2 2
left_child=1 -1 3 -2 6 -6 9 8 -8 10 11 12 13 -3
right_child=2 4 -4 -5 5 -7 7 -9 -10 -11 -12 -13 -14 -15
leaf_value=-0.00084092603037649351 0.0052945783747316792 -0.00010041239725599268 0.006314163088960492 0.0005830669306892644 0.0004106611234601587 0.0050390487142581621 0.0018133583021799808 0.0038341665252387947 -0.0043726310572635967 -0.0033424984008989071 -0.0027027178837129018 0.0038192693173267323 -0.00075158304399696818 0.001166328303308222
leaf_weight=4456 119 4380 105 632 198 164 106 329 104 164 199 207 2997 2144
leaf_count=4456 119 4380 105 632 198 164 106 329 104 164 199 207 2997 2144
internal_value=-3.09234e-05 -0.00014801 0.00205942 0.00138939 0.000133397 0.00258659 4.7502e-05 0.00184272 -0.00130968 -5.01169e-05 7.58417e-06 6.57457e-05 -1.97828e-05 0.000317028
internal_weight=16304 15448 856 751 10992 362 10630 539 210 10091 9927 9728 9521 6524
internal_count=16304 15448 856 751 10992 362 10630 539 210 10091 9927 9728 9521 6524
is_linear=0
shrinkage=0.03


Tree=52
num_leaves=15
num_cat=0
split_feature=3 6 6 3 7 6 7 9 0 6 5 8 7 3
split_gain=5.04049 4.7146 2.79047 2.72984 3.00342 2.29526 2.28082 3.19858 2.27962 2.39519 2.45388 3.10479 6.1305 2.88096
threshold=0.77096018735363003 -0.34351679104477606 0.59508740204942756 -0.36489262371615311 0.3371212121212121 0.88303693570451447 0.44676113360323894 0.3723210214318286 -0.93984622342831292 -0.86159003831417613 0.70209762000806786 0.079682539682539702 -0.58863819500402892 0.46305060065526032
decision_type=2 2 2 2 2 2 2 2 2 2 2 2 2 2
left_child=2 -2 3 4 -1 6 -3 -8 -5 -10 -11 12 -12 -13
right_child=1 5 -4 8 -6 -7 7 -9 9 10 11 13 -14 -15
leaf_value=-0.0016813817349392946 -0.00010577097215333625 0.0017252065000770193 0.00054683269337791663 0.0039714901095271862 0.00027016917401354528 -0.0012336851506173109 0.0076746614278942324 0.0024621722676336014 -0.0021696870766477016 -0.0002534171479187631 -0.0023197867888212205 0.0019453537576766902 0.0057319788350133401 -0.0038333718562957786
leaf_weight=2610 1010 455 3080 109 970 109 189 258 514 6253 115 162 274 132
leaf_count=2610 1010 455 3080 109 970 109 189 258 514 6253 115 162 274 132
internal_value=-5.16545e-05 0.00134645 -0.000251179 -0.000472127 -0.00115333 0.00278407 0.00327779 0.00478582 -0.000148407 -0.000213927 -6.60785e-05 0.00162795 0.00335315 -0.000689927
internal_weight=16240 2021 14219 11139 3580 1011 902 447 7559 7450 6936 683 389 294
internal_count=16240 2021 14219 11139 3580 1011 902 447 7559 7450 6936 683 389 294
is_linear=0
shrinkage=0.03


Tree=53
num_leaves=15
num_cat=0
split_feature=9 6 8 9 1 7 9 3 1 1 6 7 0 7
split_gain=4.58259 3.53095 4.68582 4.13224 3.08326 3.16691 2.74031 2.66548 2.63793 2.85682 2.72784 2.72176 2.37255 2.65498
threshold=-0.89309523809523805 -0.90733452593917707 -0.45129664769133454 0.74050024050024055 -0.32958801498127338 -0.28165064102564097 -0.073622402890695535 0.87577160493827166 -0.63911657559198531 -0.11884584342211461 -0.2331050228310502 0.89851963098047638 -0.82554347826086938 0.64232409381663125
decision_type=2 2 2 2 2 2 2 2 2 2 2 2 2 2
left_child=7 2 -2 4 5 -3 -4 -1 10 -10 -5 -11 -7 -14
right_child=1 3 6 8 -6 12 -8 -9 9 11 -12 -13 13 -15
leaf_value=0.0013775027390158039 0.0018643710405442371 -0.0007056113300619452 -0.0066463981633821476 0.00093973547657381516 -0.00054254080041388252 -0.0019137806102501606 -0.001586728326710207 0.0058953789173431638 -0.0011725329577527714 0.00094092245195832023 0.0070630723983049386 0.0047560757616071526 0.0018789677276202 -0.00032791441694493979
leaf_weight=608 156 1402 192 137 8704 216 200 139 485 1219 122 187 1864 661
leaf_count=608 156 1402 192 137 8704 216 200 139 485 1219 122 187 1864 661
internal_value=5.60843e-06 -0.000105322 -0.00244857 -1.81235e-05 -0.000222088 0.000450835 -0.00416862 0.00228495 0.00119602 0.000795864 0.00397943 0.00147835 0.00104276 0.00130223
internal_weight=16292 15545 548 14997 12847 4143 392 747 2150 1891 259 1406 2741 2525
internal_count=16292 15545 548 14997 12847 4143 392 747 2150 1891 259 1406 2741 2525
is_linear=0
shrinkage=0.03


Tree=54
num_leaves=15
num_cat=0
split_feature=0 8 5 6 7 6 2 7 3 3 4 5 0 2
split_gain=4.81674 2.97914 2.79039 2.83609 3.0726 2.59904 2.29418 2.08346 2.87732 2.06057 2.72 2.78242 1.95652 2.86606
threshold=0.43263412666397744 -0.89403508771929807 -0.41101055806938153 -0.71256454388984503 -0.73105625717566014 -0.25760368663594463 0.96396103896103902 0.37011669203450032 -0.54487917146144982 0.31467710371819962 0.79361054766734296 0.90786914235190108 -0.5070478459400436 -0.29679679679679671
decision_type=2 2 2 2 2 2 2 2 2 2 2 2 2 2
left_child=2 -2 -1 4 -4 9 7 8 12 -3 -11 -12 -5 -14
right_child=1 5 3 6 -6 -7 -8 -9 -10 10 11 -13 13 -15
leaf_value=-0.0009827699082277238 0.0054067669226601717 -0.0019933158595737844 0.0019265242296984131 -0.0025700567004887614 -0.0018102447307971833 0.0011884355903680358 0.0034176209867890811 0.00096855178555372927 0.00029672370746900226 -0.00053474328787643391 0.0051696829973251774 -0.0007844616212217962 -0.0020442380102623186 0.0021727354036226061
leaf_weight=3648 115 452 229 631 1181 3202 194 2042 3026 753 171 112 312 254
leaf_count=3648 115 452 229 631 1181 3202 194 2042 3026 753 171 112 312 254
internal_value=3.47245e-05 0.000831607 -0.000298175 2.00413e-05 -0.00119406 0.000708158 0.000286515 0.000184267 -0.000196361 -0.000326377 0.000413001 0.00286692 -0.001435 -0.000146949
internal_weight=16322 4805 11517 7869 1410 4690 6459 6265 4223 1488 1036 283 1197 566
internal_count=16322 4805 11517 7869 1410 4690 6459 6265 4223 1488 1036 283 1197 566
is_linear=0
shrinkage=0.03


Tree=55
num_leaves=15
num_cat=0
split_feature=3 9 6 6 6 4 5 8 8 8 4 4 7 7
split_gain=3.40925 4.59443 3.60806 2.53026 2.4482 2.8686 3.60992 2.15343 4.5934 3.11897 2.20187 2.0692 2.40482 1.80772
threshold=-0.11378020713463753 -0.89309523809523805 0.93700396825396837 0.23395061728395064 -0.83584100606332801 0.55863254392666173 0.41004623791509048 0.80746061167747929 0.97036874451273059 -0.099295774647887289 0.87577160493827166 0.48683298683298687 -0.24852941176470586 -0.032795698924731158
decision_type=2 2 2 2 2 2 2 2 2 2 2 2 2 2
left_child=2 3 -1 -2 -3 11 -7 9 10 13 -9 12 -6 -8
right_child=1 4 -4 -5 5 6 7 8 -10 -11 -12 -13 -14 -15
leaf_value=-0.00065909112392636569 0.0016464848731214609 -0.0013249262837961874 0.0023646115339733659 0.006399293223646684 -0.00062220918687104065 0.0047400147305661812 0.00019902977144722539 0.0025501684015954559 -0.0021825144961175897 -0.0011208020456106799 0.0081068648394625794 -0.0023670027359955861 0.00065085582927567557 0.0033552343271601084
leaf_weight=6807 315 832 365 146 2118 240 331 183 114 683 103 293 3577 315
leaf_count=6807 315 832 365 146 2118 240 331 183 114 683 103 293 3577 315
internal_value=-1.16172e-05 0.000368834 -0.00050213 0.00325562 0.000213888 0.000376251 0.00136647 0.000873623 0.0027747 0.000284992 0.00475763 4.89091e-05 0.000177136 0.00176573
internal_weight=16422 9250 7172 461 8789 7957 1969 1729 400 1329 286 5988 5695 646
internal_count=16422 9250 7172 461 8789 7957 1969 1729 400 1329 286 5988 5695 646
is_linear=0
shrinkage=0.03


Tree=56
num_leaves=15
num_cat=0
split_feature=3 7 1 7 0 2 1 8 0 7 1 0 3 8
split_gain=5.24886 2.43406 2.3945 3.24007 2.86928 2.24467 3.03728 2.02731 1.62969 1.46112 1.49204 1.98802 1.69013 1.54381
threshold=-1.0000000180025095e-35 0.92749178532311072 -0.3797960174842156 -0.29679679679679671 0.68651074887786456 -0.86159003831417613 -0.79887640449438191 -0.91836356904850047 -0.8767331433998099 0.90342013214146921 0.77913279132791335 -0.26453684922244752 -0.70473174366616986 0.097167584579071611
decision_type=2 2 2 2 2 2 2 2 2 2 2 2 2 2
left_child=2 -2 3 -1 5 6 -5 -4 -7 10 12 13 -9 -12
right_child=1 -3 7 4 -6 8 -8 9 -10 -11 11 -13 -14 -15
leaf_value=-0.0012736665677488862 0.00039535647499296556 0.0024407355596656904 0.002474743106171109 0.0011212858922873337 -0.0030724831066791204 -0.002711306167600144 0.0069040685422480739 -0.0018723079657076663 0.0010979781182388236 0.0015684988277677734 -0.0018371829142252325 -0.00053786640184747946 -0.000541869139937496 -0.0058663722034543748
leaf_weight=843 7808 552 147 206 133 102 131 1156 1068 185 186 288 3323 173
leaf_count=843 7808 552 147 206 133 102 131 1156 1068 185 186 288 3323 173
internal_value=8.8116e-06 0.000533165 -0.000543185 0.000228569 0.00100379 0.00138143 0.00350338 -0.000894054 0.000745724 -0.000991773 -0.00108705 -0.00242606 -0.000888652 -0.00388519
internal_weight=16301 8360 7941 2483 1640 1507 337 5458 1170 5311 5126 647 4479 359
internal_count=16301 8360 7941 2483 1640 1507 337 5458 1170 5311 5126 647 4479 359
is_linear=0
shrinkage=0.03


Tree=57
num_leaves=15
num_cat=0
split_feature=7 0 6 4 4 8 0 9 7 3 6 7 0 7
split_gain=4.27985 2.6557 2.68459 2.65823 2.49256 2.28384 2.23355 1.78891 4.13784 2.14709 1.93767 1.83858 1.7852 1.74048
threshold=0.92749178532311072 -0.96799795186891957 0.06472559698366144 -0.89403508771929807 0.82807881773399028 0.17287356321839079 0.96396103896103902 0.65669642857142874 0.41004623791509048 -0.36489262371615311 -1.0000000180025095e-35 0.64232409381663125 0.46305060065526032 0.87577160493827166
decision_type=2 2 2 2 2 2 2 2 2 2 2 2 2 2
left_child=1 -1 6 -4 5 -2 7 10 9 -9 13 -10 -5 -3
right_child=4 2 3 12 -6 -7 -8 8 11 -11 -12 -13 -14 -15
leaf_value=0.0037443231579919276 0.0031688508754901465 -0.00077167528782221852 -0.002121737126735196 5.460397101287638e-05 0.0057928780221513342 -0.0004577779253313398 0.0025466667231300779 -0.0020361737947114894 -0.004373254848730271 0.0022729005642672822 -0.0027579111550677551 -0.00036034593845147694 0.0011126720454821906 0.0026771173555817868
leaf_weight=146 295 6156 399 4850 130 316 193 114 163 698 432 258 2029 125
leaf_count=146 295 6156 399 4850 130 316 193 114 163 698 432 258 2029 125
internal_value=-4.39178e-05 -0.000150565 -0.000189853 0.000228639 0.00216813 0.00131604 -0.000563895 -0.000642553 0.000405135 0.00165052 -0.000835302 -0.00197946 0.000367849 -0.000698893
internal_weight=16304 15563 15417 7278 741 611 8139 7946 1233 812 6713 421 6879 6281
internal_count=16304 15563 15417 7278 741 611 8139 7946 1233 812 6713 421 6879 6281
is_linear=0
shrinkage=0.03


Tree=58
num_leaves=15
num_cat=0
split_feature=9 6 9 4 6 0 8 3 9 7 3 6 9 7
split_gain=3.62432 3.12426 3.0771 2.45683 3.43931 2.1331 2.11944 2.02726 2.1666 1.89168 1.72898 1.71387 1.766 2.20776
threshold=0.92749178532311072 0.097167584579071611 -0.89309523809523805 0.89237451737451745 0.85524707525755206 0.45566778900112243 0.38548951048951058 -0.2331050228310502 -0.93495505023796921 0.1564382530120482 0.24357284113381675 -0.8088714938030005 0.64888572783309639 0.46305060065526032
decision_type=2 2 2 2 2 2 2 2 2 2 2 2 2 2
left_child=1 7 -3 5 6 9 -5 -1 -9 -4 -2 -10 13 -13
right_child=10 2 3 4 -6 -7 -8 8 11 -11 -12 12 -14 -15
leaf_value=-0.0012273223599073206 -1.3002591888902252e-05 0.0032865612600930035 -0.00079256275800100378 -0.002734802036290675 0.0062945069684190568 0.00089360053292327445 0.003076085369803209 0.0026809932048608726 -0.0014391139723787766 0.00045667106880846789 0.0030809678104332353 -0.00076207961991586932 0.0012727681992107391 0.00088109709707165124
leaf_weight=2647 247 290 2768 103 129 1891 103 212 1032 1788 465 2881 711 978
leaf_count=2647 247 290 2768 103 129 1891 103 212 1032 1788 465 2881 711 978
internal_value=-5.55322e-05 -0.000152017 0.000313126 0.00018133 0.00264783 4.92628e-05 0.000178542 -0.00054071 -0.000226538 -0.000302375 0.00202232 -0.000341151 -9.06075e-05 -0.000344443
internal_weight=16245 15533 7072 6782 335 6447 206 8461 5814 4556 712 5602 4570 3859
internal_count=16245 15533 7072 6782 335 6447 206 8461 5814 4556 712 5602 4570 3859
is_linear=0
shrinkage=0.03


Tree=59
num_leaves=15
num_cat=0
split_feature=3 6 9 6 1 7 1 6 9 8 5 0 3 5
split_gain=3.76207 3.78461 3.42102 2.5062 2.93117 2.45161 2.97537 2.39975 2.33982 2.77196 2.61147 2.19559 2.18566 2.39964
threshold=1.0000000180025095e-35 0.93700396825396837 -0.89309523809523805 -0.83584100606332801 -0.66479400749063666 -0.28989813242784374 0.13867521367521365 -0.90143695608176466 0.74050024050024055 -0.34351679104477606 0.41795166858458005 0.6777901371894699 0.70209762000806786 0.76293487957181094
decision_type=2 2 2 2 2 2 2 2 2 2 2 2 2 2
left_child=1 -1 -2 5 12 7 11 -4 -6 10 -10 -7 13 -5
right_child=2 -3 3 4 8 6 -8 -9 9 -11 -12 -13 -14 -15
leaf_value=-0.00064936776712114198 0.0029681758988688326 0.0023170687028836894 0.0037261348118116868 0.0020613835320592864 -9.2292523650553559e-05 -0.0050688888806612988 0.0013769509948473027 -0.0021071183084157008 0.00091661571124051176 0.0021759461796271961 -0.0046927604527901047 -0.00011738934517599458 -0.00012024486470618283 0.0068391590903429163
leaf_weight=7646 436 398 132 503 4841 289 131 106 206 931 105 111 290 112
leaf_count=7646 436 398 132 503 4841 289 131 106 206 931 105 111 290 112
internal_value=-3.93541e-05 -0.0004999 0.000412875 0.000265611 0.00044498 -0.00134912 -0.00246886 0.00114793 0.000206495 0.00136253 -0.00106442 -0.00373122 0.00202819 0.00302699
internal_weight=16237 8044 8193 7757 6988 769 531 238 6083 1242 311 400 905 615
internal_count=16237 8044 8193 7757 6988 769 531 238 6083 1242 311 400 905 615
is_linear=0
shrinkage=0.03


Tree=60
num_leaves=15
num_cat=0
split_feature=4 8 3 6 6 8 1 6 8 3 5 0 0 6
split_gain=4.29492 4.14871 4.52509 3.3607 2.69415 3.05508 3.62646 2.94648 2.09408 4.83567 3.33898 3.30025 2.03737 3.11963
threshold=0.89851963098047638 0.97036874451273059 -0.11378020713463753 0.82807881773399028 -0.82554347826086938 0.82807881773399028 0.26713615023474185 0.34514106583072107 0.36055555555555568 0.74625530963559139 0.93700396825396837 -0.6211556383970176 -0.73969508752117441 -0.37284167398302598
decision_type=2 2 2 2 2 2 2 2 2 2 2 2 2 2
left_child=1 2 12 8 -4 6 -6 -7 9 11 -10 -2 13 -1
right_child=3 -3 4 -5 5 7 -8 -9 10 -11 -12 -13 -14 -15
leaf_value=-0.0041923411896816806 -0.00043862757812594135 -0.0039673163206706205 -0.0012094615882964864 0.0057582775389349436 0.0010385049496545785 0.0010458978241606252 -0.00035408217712549204 0.005353504306343705 0.0049512837739356117 -0.0044635624080052918 -0.00085951072517845371 0.0061418109011243689 -0.00034594227879127681 -0.00059782973324616054
leaf_weight=322 179 229 759 167 4143 389 2823 222 228 149 138 100 5801 641
leaf_count=322 179 229 759 167 4143 389 2823 222 228 149 138 100 5801 641
internal_value=7.6868e-05 -4.56651e-05 1.63952e-05 0.00201175 0.00048395 0.000654952 0.000474455 0.00267202 0.00116193 -0.000267141 0.00279574 0.00205086 -0.000559686 -0.00183047
internal_weight=16290 15329 15100 961 8336 7577 6966 611 794 428 366 279 6764 963
internal_count=16290 15329 15100 961 8336 7577 6966 611 794 428 366 279 6764 963
is_linear=0
shrinkage=0.03


Tree=61
num_leaves=15
num_cat=0
split_feature=7 1 9 4 0 1 2 4 4 1 0 3 2 4
split_gain=3.59499 2.51295 2.78728 4.75886 2.41622 2.32127 2.13669 2.24353 2.57777 1.93252 2.4805 2.15042 1.89738 3.33197
threshold=0.96396103896103902 -0.3797960174842156 -0.93495505023796921 0.43951219512195122 0.11237373737373736 0.97315315315315332 0.66249413237365062 0.86402157164869031 0.3228287841191067 -0.8767331433998099 -0.6795061728395061 0.82070417145044017 -0.41897974493623397 0.86949116457313191
decision_type=2 2 2 2 2 2 2 2 2 2 2 2 2 2
left_child=1 6 3 -3 5 12 9 8 -8 10 -1 -11 -4 -14
right_child=-2 2 4 -5 -6 -7 7 -9 -10 11 -12 -13 13 -15
leaf_value=-0.0033885562661677021 0.0026192187418024523 -0.0015330727586199428 -0.0016319853213691007 0.006782038247382099 0.00016052067743596945 -0.0044652345670358638 0.00059597835362005928 0.0021205409966560816 -0.0045115625487908671 0.000861158574995549 0.00042348210021456335 0.0037382994579328887 -0.00051859167349083439 0.0034638352153794553
leaf_weight=198 473 111 1329 122 4938 137 144 119 214 3327 581 243 4224 188
leaf_count=198 473 111 1329 122 4938 137 144 119 214 3327 581 243 4224 188
internal_value=6.95223e-05 -8.04768e-06 -0.000257484 0.00292069 -0.000328583 -0.000739045 0.000562381 -0.00132497 -0.00249676 0.000771951 -0.000576099 0.00106689 -0.000642515 -0.000341447
internal_weight=16348 15875 11049 233 10816 5878 4826 477 358 4349 779 3570 5741 4412
internal_count=16348 15875 11049 233 10816 5878 4826 477 358 4349 779 3570 5741 4412
is_linear=0
shrinkage=0.03


Tree=62
num_leaves=15
num_cat=0
split_feature=0 7 0 9 2 1 1 3 0 9 5 3 9 7
split_gain=3.86274 2.65837 3.12386 2.42623 2.18675 3.91339 3.75364 2.74497 2.88343 1.83071 1.78192 1.90091 1.52887 2.82461
threshold=0.77913279132791335 0.73152530032763019 -0.83584100606332801 -0.73105625717566014 -0.31198770491803274 0.055050505050505023 -0.56386946386946379 0.63356807511737101 0.89851963098047638 -0.77388922702373697 -0.084541556054727393 0.82807881773399028 0.57223113964687011 0.42444997924449984
decision_type=2 2 2 2 2 2 2 2 2 2 2 2 2 2
left_child=1 12 -3 -2 10 6 -6 8 -7 -4 -5 -12 -1 -14
right_child=3 2 9 4 5 7 -8 -9 -10 -11 11 -13 13 -15
leaf_value=-0.00045674171210856605 0.0050867795645525415 0.0049977610919785757 0.0034718347631048324 0.0053741274432487487 0.0015506083332002163 0.0018964609837489163 -0.0035307948830445978 0.003193722615058577 -0.0036956719420057661 0.00019614274080655318 9.6749199498722793e-06 0.0046476976868251099 0.00094688943213193182 -0.0015619291192878876
leaf_weight=10349 130 146 162 142 203 192 336 443 131 1446 258 105 1816 509
leaf_count=10349 130 146 162 142 203 192 336 443 131 1446 258 105 1816 509
internal_value=2.03231e-05 -0.000148955 0.000942398 0.00127357 0.000973254 0.000317396 -0.00162363 0.00168654 -0.000414428 0.000545574 0.00262902 0.00143989 -0.000300616 0.00039331
internal_weight=16368 14428 1754 1940 1810 1305 539 766 323 1608 505 363 12674 2325
internal_count=16368 14428 1754 1940 1810 1305 539 766 323 1608 505 363 12674 2325
is_linear=0
shrinkage=0.03


Tree=63
num_leaves=15
num_cat=0
split_feature=0 7 9 1 9 5 5 2 6 2 7 1 1 2
split_gain=4.29763 2.93123 2.84758 2.17604 2.26389 2.60901 1.90113 2.4133 2.50395 2.82326 2.63718 2.53655 2.79454 3.00547
threshold=0.43263412666397744 0.80123456790123471 -0.75411605937921722 -0.71256454388984503 -0.22150072150072145 0.3228287841191067 -0.41101055806938153 0.53456514813634926 -0.72264957264957252 0.31467710371819962 -0.73105625717566014 -0.45914149443561203 -0.61242176215695709 -0.43308457711442783
decision_type=2 2 2 2 2 2 2 2 2 2 2 2 2 2
left_child=1 6 -3 -4 5 -5 -1 8 10 11 -8 12 13 -10
right_child=-2 2 3 4 -6 -7 7 -9 9 -11 -12 -13 -14 -15
leaf_value=-0.0010547880297135522 0.00073427135645161529 0.0050682326925389869 0.004018567194477381 -0.0058742533286567774 0.00098096632112104165 0.0006099783617932096 0.0021460746264145257 -0.0011677609396453805 0.0014968726566344183 0.0022966112153070756 -0.0022165685880898038 -0.00042312707318807862 0.0034201935649339084 -0.002260258955981372
leaf_weight=3487 4766 138 126 102 497 108 145 1723 584 601 656 2628 357 273
leaf_count=3487 4766 138 126 102 497 108 145 1723 584 601 656 2628 357 273
internal_value=-2.15593e-05 -0.000337224 0.00123143 0.000543222 -0.000123555 -0.00266336 -0.000483964 -0.000197162 0.000123359 0.000402363 -0.0014101 0.000100854 0.00122933 0.000287761
internal_weight=16191 11425 971 833 707 210 10454 6967 5244 4443 801 3842 1214 857
internal_count=16191 11425 971 833 707 210 10454 6967 5244 4443 801 3842 1214 857
is_linear=0
shrinkage=0.03


Tree=64
num_leaves=15
num_cat=0
split_feature=0 4 7 0 2 5 3 1 5 1 1 8 3 8
split_gain=4.41192 2.25849 2.89098 2.06052 2.02145 1.92236 2.4773 1.89019 2.17384 2.36755 2.34513 2.24354 1.87986 1.80199
threshold=0.61152570480928703 0.74625530963559139 0.66249413237365062 0.80746061167747929 0.74050024050024055 0.11237373737373736 -0.58044603743528456 0.97315315315315332 -0.41101055806938153 0.088421444527177942 0.96396103896103902 0.43951219512195122 -0.71256454388984503 0.21261798310978644
decision_type=2 2 2 2 2 2 2 2 2 2 2 2 2 2
left_child=7 5 3 -3 -5 6 -2 8 9 -1 11 -10 -11 -7
right_child=1 2 -4 4 -6 13 -8 -9 10 12 -12 -13 -14 -15
leaf_value=-0.00017178060199890115 -0.0020116431412292176 0.0065359351878786186 0.00010795229266438147 0.00026993229567932967 0.005350577477527701 0.00095617730498259658 0.0017667713664367146 -0.0031731763719126762 0.00020382694335397078 -0.0038845323379033468 0.0041627880576997995 -0.000945028775439139 -0.0012147110442620112 -0.001385001588625614
leaf_weight=2186 172 158 312 185 105 505 1148 195 6651 274 110 1976 1584 687
leaf_count=2186 172 158 312 185 105 505 1148 195 6651 274 110 1976 1584 687
internal_value=-6.63766e-05 0.000916404 0.00233864 0.00385587 0.00222651 0.000478544 0.00126301 -0.000314707 -0.000268649 -0.000842794 -2.24092e-06 -6.0106e-05 -0.00162712 -0.00039344
internal_weight=16248 3272 760 448 290 2512 1320 12976 12781 4044 8737 8627 1858 1192
internal_count=16248 3272 760 448 290 2512 1320 12976 12781 4044 8737 8627 1858 1192
is_linear=0
shrinkage=0.03


Tree=65
num_leaves=15
num_cat=0
split_feature=7 6 9 3 9 8 8 9 0 6 4 4 4 9
split_gain=2.87734 2.34419 3.7557 2.44058 2.61135 2.48598 3.65601 2.64457 2.40776 3.21 3.01932 2.08337 1.96228 1.88422
threshold=0.94904251866277189 -0.24852941176470586 -0.89309523809523805 -0.41897974493623397 0.34580419580419591 0.87577160493827166 0.82070417145044017 0.016133229247983331 -0.72264957264957252 -0.52875082617316582 0.39305778491171756 0.96396103896103902 -0.54487917146144982 0.82070417145044017
decision_type=2 2 2 2 2 2 2 2 2 2 2 2 2 2
left_child=1 3 -3 4 8 6 12 -7 -1 10 -10 -4 -5 -2
right_child=13 2 11 5 -6 7 -8 -9 9 -11 -12 -13 -14 -15
leaf_value=-0.0029369317605841944 0.00093401479955690977 0.0031914317224989034 9.5442522961631057e-05 -0.0015290755081043507 -0.0046155433445548011 -0.0058705775016905182 0.0048411479391400657 -0.00041446021998762286 6.3385662312308937e-05 -0.0020760529125109315 0.0061345158354784157 0.0032602849987418392 0.00016177164652241628 0.004740169381645197
leaf_weight=352 354 372 9462 741 215 127 127 196 206 290 105 181 3473 170
leaf_count=352 354 372 9462 741 215 127 127 196 206 290 105 181 3473 170
internal_value=6.85225e-05 -4.46141e-06 0.000273903 -0.000482132 -0.00170231 -0.000173576 1.80079e-05 -0.00267162 -0.00100397 0.000157684 0.00224038 0.000158163 -0.000138467 0.00223448
internal_weight=16371 15847 10015 5832 1168 4664 4341 323 953 601 311 9643 4214 524
internal_count=16371 15847 10015 5832 1168 4664 4341 323 953 601 311 9643 4214 524
is_linear=0
shrinkage=0.03


Tree=66
num_leaves=15
num_cat=0
split_feature=6 3 7 6 9 2 8 1 6 6 7 9 8 2
split_gain=2.49389 3.01038 2.98758 2.82099 2.59793 2.22016 2.21673 2.06594 1.96012 3.97131 1.90593 1.79698 1.73236 1.72188
threshold=-0.90733452593917707 -0.11378020713463753 -0.66479400749063666 0.26713615023474185 -0.16172624237140362 0.28330047873838354 -0.10741758241758236 -0.66479400749063666 -0.83584100606332801 -0.71256454388984503 0.46305060065526032 -0.77388922702373697 0.96850198412698418 -0.68898343036274057
decision_type=2 2 2 2 2 2 2 2 2 2 2 2 2 2
left_child=2 3 -1 8 6 -6 -4 -3 -2 -10 -9 -12 -13 -11
right_child=1 7 4 -5 5 -7 -8 10 9 13 11 12 -14 -15
leaf_value=0.0025983391717277664 0.002209688402632842 0.0015243654980551849 -0.0013244968858093788 0.0002050665638844556 -0.0034075150527514333 0.0021982294231102885 -0.0069929464779154961 -0.00010280952102786625 -0.0043339743636988141 0.00056586233959023959 0.0033807541158073291 0.00088441039786489606 -0.0025128895298207866 -0.0011764148211920213
leaf_weight=101 154 1246 107 3244 113 122 159 5260 312 630 233 1863 136 2570
leaf_count=101 154 1246 107 3244 113 122 159 5260 312 630 233 1863 136 2570
internal_value=-4.50332e-05 2.84249e-05 -0.00192372 -0.000439142 -0.00286836 -0.000526359 -0.00484338 0.000398255 -0.0010082 -0.00115518 0.000209189 0.000941633 0.000641921 -0.00083271
internal_weight=16250 15648 602 6910 501 235 266 8738 3666 3512 7492 2232 1999 3200
internal_count=16250 15648 602 6910 501 235 266 8738 3666 3512 7492 2232 1999 3200
is_linear=0
shrinkage=0.03


Tree=67
num_leaves=15
num_cat=0
split_feature=0 9 6 6 7 7 3 9 2 4 7 9 6 7
split_gain=3.15559 2.99711 1.77172 3.32024 3.2512 2.66054 2.4406 3.86167 2.51064 2.2867 2.11879 2.06954 1.90108 3.19605
threshold=0.77913279132791335 -0.73105625717566014 0.41004623791509048 0.42444997924449984 -0.51316701316701308 -0.61242176215695709 -0.35100035100035093 -0.099295774647887289 -0.8088714938030005 0.50280898876404501 0.93700396825396837 0.28790341304852568 -0.86159003831417613 -0.16903096903096895
decision_type=2 2 2 2 2 2 2 2 2 2 2 2 2 2
left_child=2 -2 6 -4 5 11 7 -1 -8 -9 12 -5 13 -10
right_child=1 -3 3 4 -6 -7 8 9 10 -11 -12 -13 -14 -15
leaf_value=-5.9622503631452202e-05 0.0053422470660283786 0.00080468222596207656 0.0054377483768569945 -0.0013319572429390594 0.00068698520993901917 -0.0041614449202539358 -0.0024386848052865319 -0.0016787680384743016 0.00066814225567417718 -0.0050077686459650238 0.0032369612454361207 0.0022310856427184213 0.00015314415302983104 -0.0034737868695725303
leaf_weight=1566 132 1794 103 567 3191 214 369 1188 311 216 175 187 5891 347
leaf_count=1566 132 1794 103 567 3191 214 369 1188 311 216 175 187 5891 347
internal_value=4.81512e-06 0.00114166 -0.000148723 0.000363372 0.000224961 -0.00128955 -0.000365757 -0.0010862 -6.29858e-05 -0.00222272 7.08157e-05 -0.000430649 -1.8595e-05 -0.00153543
internal_weight=16251 1926 14325 4262 4159 968 10063 2970 7093 1404 6724 754 6549 658
internal_count=16251 1926 14325 4262 4159 968 10063 2970 7093 1404 6724 754 6549 658
is_linear=0
shrinkage=0.03


Tree=68
num_leaves=15
num_cat=0
split_feature=0 1 5 1 6 8 4 3 6 9 3 5 9 0
split_gain=3.27217 2.6982 2.95567 3.63727 3.33366 2.43762 2.1763 5.24647 2.05157 2.0161 2.09353 2.08437 2.03456 2.12769
threshold=0.038218111002921169 0.97315315315315332 0.021167557932263773 0.89851963098047638 0.015628815628815577 0.73152530032763019 0.87577160493827166 0.64888572783309639 -0.86159003831417613 0.097167584579071611 -0.72264957264957252 -0.92814113597246117 0.68651074887786456 -0.41101055806938153
decision_type=2 2 2 2 2 2 2 2 2 2 2 2 2 2
left_child=1 2 8 5 -5 6 -4 -8 -1 11 -11 -10 -12 -14
right_child=-2 -3 3 4 -6 -7 7 -9 9 10 12 -13 13 -15
leaf_value=-0.0044719903986475875 0.00045717874156737785 -0.0043798283382639053 0.0005681894725575753 -0.00046556431495330548 0.0065343069801947059 -0.0023445543697942577 0.00037568021869430174 -0.0068363613512103013 -0.0034078844321936545 -0.0038455076586968936 -0.0016556162435927035 7.867208534998486e-05 -0.0021739705038463114 0.0025901133091247174
leaf_weight=128 7970 140 2970 100 143 342 315 117 156 280 1142 2188 121 230
leaf_count=128 7970 140 2970 100 143 342 315 117 156 280 1142 2188 121 230
internal_value=2.23885e-05 -0.000391576 -0.000318517 0.000267785 0.00374916 3.24453e-05 0.000277574 -0.00168806 -0.00086852 -0.000745921 -0.00150624 -0.00016686 -0.00104487 0.000933067
internal_weight=16342 8372 8232 3987 243 3744 3402 432 4245 4117 1773 2344 1493 351
internal_count=16342 8372 8232 3987 243 3744 3402 432 4245 4117 1773 2344 1493 351
is_linear=0
shrinkage=0.03


Tree=69
num_leaves=15
num_cat=0
split_feature=7 2 7 1 9 5 5 6 3 2 2 3 5 4
split_gain=3.95782 3.91296 3.20505 2.8025 2.78899 2.24046 1.81401 1.80695 2.64416 2.38705 3.85557 2.19183 3.24187 2.94103
threshold=0.46305060065526032 0.96693989071038255 -0.96799795186891957 -0.3797960174842156 0.74050024050024055 -0.41101055806938153 -0.91836356904850047 -0.59537185660781156 0.14784456587735276 -0.040547945205479489 0.4709263015551049 -0.59537185660781156 0.53456514813634926 0.25824574121058358
decision_type=2 2 2 2 2 2 2 2 2 2 2 2 2 2
left_child=1 2 -1 6 -5 -2 -4 8 -7 -10 -11 12 13 -9
right_child=5 -3 3 4 -6 7 -8 11 9 10 -12 -13 -14 -15
leaf_value=-0.0049211220821895954 -0.00071322055049501652 0.0036983309787860432 -0.0033467995707750172 -0.00081563604188139224 0.00091025089736506738 -0.0027523548390516743 0.00053659004569858531 0.0039414348769123142 -0.0021336647596772308 0.0067814264417243881 0.00025151141519225866 0.0010551544557319244 0.0074686818639747793 -0.0017182980532026184
leaf_weight=127 757 208 102 7078 948 242 3334 197 150 107 270 2467 115 130
leaf_count=127 757 208 102 7078 948 242 3334 197 150 107 270 2467 115 130
internal_value=2.87516e-06 -0.000284378 -0.000358987 -0.000304192 -0.000610902 0.000765883 0.000411931 0.00107142 -0.000219679 0.000972931 0.00223217 0.0014123 0.00333828 0.00170717
internal_weight=16232 11797 11589 11462 8026 4435 3436 3678 769 527 377 2909 442 327
internal_count=16232 11797 11589 11462 8026 4435 3436 3678 769 527 377 2909 442 327
is_linear=0
shrinkage=0.03


Tree=70
num_leaves=15
num_cat=0
split_feature=4 9 6 7 9 1 2 0 2 3 6 2 9 4
split_gain=2.60011 2.42843 2.41009 3.27374 2.74266 2.31451 2.62998 2.81318 2.26885 3.20474 2.72903 3.23805 2.39719 2.15428
threshold=-0.78247535596933171 -0.16912242686890569 -0.90733452593917707 -0.67242921013412815 -0.93495505023796921 -0.3965259059598682 0.78516483516483537 0.77913279132791335 0.70991117344553545 -0.21992558908639928 -0.073622402890695535 0.52586975914362188 0.86949116457313191 0.74050024050024055
decision_type=2 2 2 2 2 2 2 2 2 2 2 2 2 2
left_child=1 -1 3 -2 13 6 7 -6 10 -10 11 12 -7 -4
right_child=2 -3 4 -5 5 8 -8 -9 9 -11 -12 -13 -14 -15
leaf_value=-0.0032072552210957849 0.0028744767762014065 -0.00050705089766586958 0.0011266359246405954 -0.0027318974241933068 0.00059313519414473182 -0.00092742403029729033 -0.0027543917265446748 0.0031335623373670058 -0.0018027011063717025 0.0014012769614560226 5.2841673100013156e-05 -0.0034201985106992175 0.0027369356880231422 0.0061633880323042041
leaf_weight=385 106 1265 246 505 3336 2144 177 436 336 1503 5100 449 164 105
leaf_count=385 106 1265 246 505 3336 2144 177 436 336 1503 5100 449 164 105
internal_value=-2.75038e-05 -0.00115262 0.000100291 -0.00172864 0.000181311 0.000112943 0.000724205 0.000894289 -0.000136503 0.000809301 -0.000358624 -0.00111721 -0.000656361 0.00276235
internal_weight=16257 1650 14607 611 13996 13645 3949 3772 9696 1839 7857 2757 2308 351
internal_count=16257 1650 14607 611 13996 13645 3949 3772 9696 1839 7857 2757 2308 351
is_linear=0
shrinkage=0.03


Tree=71
num_leaves=15
num_cat=0
split_feature=0 7 0 0 9 4 7 4 3 3 8 3 2 2
split_gain=2.39665 2.6849 4.6477 2.94939 2.7974 2.65723 2.49634 2.51501 2.47004 2.46993 2.27096 2.99387 2.95639 4.988
threshold=-0.94904251866277167 0.47885646217986894 -0.83584100606332801 -0.85129906025428403 -0.77388922702373697 0.74625530963559139 0.42444997924449984 0.96396103896103902 -0.58863819500402892 0.65669642857142874 0.23395061728395064 -0.63911657559198531 0.49274752995585464 -0.028991596638655467
decision_type=2 2 2 2 2 2 2 2 2 2 2 2 2 2
left_child=5 2 -2 -3 9 -1 7 8 10 -5 11 12 13 -4
right_child=1 3 6 4 -6 -7 -8 -9 -10 -11 -12 -13 -14 -15
leaf_value=-0.00061337046600203581 -0.002594123170512629 0.0041550783854627021 -0.0017838351477965425 0.00087482403178699313 0.00015312012314506782 0.0053038858881962921 -0.0023656143709683978 0.0035071297001559288 0.00011981204065332456 0.0057976382353123936 0.00045358365482762206 -0.0052708668698229497 -0.0056643140233833995 0.0028345919819716837
leaf_weight=117 732 188 870 240 3763 148 426 166 8368 143 631 175 109 267
leaf_count=117 732 188 870 240 3763 148 426 166 8368 143 631 175 109 267
internal_value=-1.29596e-05 -6.04205e-05 -0.000295918 0.000576927 0.000405069 0.00276406 -0.000140934 -4.9261e-05 -0.000109226 0.0028136 -0.00103929 -0.00170074 -0.00116134 -0.000684039
internal_weight=16343 16078 11744 4334 4146 265 11012 10586 10420 383 2052 1421 1246 1137
internal_count=16343 16078 11744 4334 4146 265 11012 10586 10420 383 2052 1421 1246 1137
is_linear=0
shrinkage=0.03


Tree=72
num_leaves=15
num_cat=0
split_feature=0 8 3 5 8 8 7 8 9 9 0 3 9 1
split_gain=2.63721 2.56127 2.59352 1.94983 1.91125 1.86435 1.42713 2.72621 2.25161 3.32538 2.20251 2.23914 2.82835 2.31644
threshold=0.77913279132791335 0.97036874451273059 0.41795166858458005 -0.93495505023796921 0.80746061167747929 -0.051956815114709891 0.46305060065526032 0.13867521367521365 -0.77388922702373697 -0.61492122335495825 0.72524509803921589 0.77913279132791335 -0.82637681159420284 -0.89403508771929807
decision_type=2 2 2 2 2 2 2 2 2 2 2 2 2 2
left_child=3 2 -2 -1 5 -4 -5 8 -8 -10 11 12 -9 -14
right_child=1 -3 4 6 -6 -7 7 10 9 -11 -12 -13 13 -15
leaf_value=-0.0020725492454424965 -2.1867010642489476e-05 -0.0024005812439721768 0.0035575069543673518 -0.00012658023012239908 0.0044649262835864895 0.00059748966055906088 0.0041364971990209996 -0.0047707435416308149 -0.0031026124934555948 0.0014668126554671799 -0.0042447926819972372 0.0031650233050254549 0.0040893174584011715 -0.000304051431199155
leaf_weight=390 647 157 283 10414 282 568 229 109 151 1336 105 175 107 1396
leaf_count=390 647 157 283 10414 282 568 229 109 151 1336 105 175 107 1396
internal_value=0.000132755 0.00116908 0.00149558 -7.24216e-06 0.00235473 0.00161173 5.16372e-05 0.000564966 0.00142725 0.000985177 -0.000220498 3.82664e-05 -0.000318597 3.36773e-05
internal_weight=16349 1937 1780 14412 1133 851 14022 3608 1716 1487 1892 1787 1612 1503
internal_count=16349 1937 1780 14412 1133 851 14022 3608 1716 1487 1892 1787 1612 1503
is_linear=0
shrinkage=0.03


Tree=73
num_leaves=15
num_cat=0
split_feature=6 4 7 3 6 1 9 3 7 1 1 4 4 9
split_gain=3.4637 3.84923 3.00432 2.41333 3.42067 2.20946 2.19687 2.38068 2.3057 2.15556 3.3301 2.29674 3.40763 2.65542
threshold=-0.58044603743528456 -0.66479400749063666 -0.74625530963559117 -0.44224170796797557 -0.077787381158167621 0.097167584579071611 -0.76393188854489147 0.46305060065526032 0.41004623791509048 0.56574122577265595 0.70209762000806786 0.82070417145044017 0.47885646217986894 -0.33030303030303027
decision_type=2 2 2 2 2 2 2 2 2 2 2 2 2 2
left_child=2 -2 -1 4 5 -3 7 -5 -9 11 -11 12 -6 -14
right_child=1 3 -4 6 9 -7 -8 8 -10 10 -12 -13 13 -15
leaf_value=0.0015736725485620607 -0.00090436676124137439 -0.00092075741729379047 -0.001225358664982198 0.0036201483604279073 0.0011332630977526686 -0.0044696408529759932 0.00054290455487318969 -0.0018837662144147568 0.0028311228654770686 -0.0045917334154566974 0.00028539825810913977 0.0049955246073974148 -0.0052006974203484312 0.00073723189965930092
leaf_weight=383 2340 508 2893 449 1358 224 6889 189 166 177 383 101 141 119
leaf_count=383 2340 508 2893 449 1358 224 6889 189 166 177 383 101 141 119
internal_value=-2.37726e-05 0.000195385 -0.000894328 0.000436421 -0.000282932 -0.00205236 0.000717974 0.00219294 0.000338105 0.000291879 -0.00130964 0.000818164 0.000528318 -0.00255631
internal_weight=16320 13044 3276 10704 3011 732 7693 804 355 2279 560 1719 1618 260
internal_count=16320 13044 3276 10704 3011 732 7693 804 355 2279 560 1719 1618 260
is_linear=0
shrinkage=0.03


Tree=74
num_leaves=15
num_cat=0
split_feature=4 6 7 5 7 1 5 8 0 9 7 1 4 7
split_gain=2.8371 2.11356 3.3215 3.76612 3.14049 2.41779 2.16867 2.3519 2.0925 2.22088 2.11431 2.62977 1.91235 3.21838
threshold=-0.6795061728395061 -0.54487917146144982 -0.70473174366616986 0.67188646929287998 -0.29679679679679671 -0.28989813242784374 0.68651074887786456 -0.73969508752117441 -0.6795061728395061 -0.87420886075949356 0.74050024050024055 0.61152570480928703 0.86402157164869031 0.61781229345670863
decision_type=2 2 2 2 2 2 2 2 2 2 2 2 2 2
left_child=-1 2 3 -2 -3 -6 7 -7 10 -10 11 -4 -11 -14
right_child=1 4 8 -5 5 6 -8 -9 9 12 -12 -13 13 -15
leaf_value=-0.00097437933274334963 0.00013075584568885974 -0.00041704069865331275 -0.0039981273399215681 0.0060766295326704321 0.0015183004137401344 0.0026846117468459331 0.0016925020049277104 -0.00016386725870182027 0.0035543724073049347 -0.0010391217514587017 0.0015087088502037363 0.0012021218325077953 0.0046139284001185076 -0.0021788402324592745
leaf_weight=2503 352 3423 474 122 2177 270 845 3810 107 1777 101 102 138 101
leaf_count=2503 352 3423 474 122 2177 270 845 3810 107 1777 101 102 138 101
internal_value=-4.72391e-05 0.000121519 -0.000543112 0.00175506 0.000328584 0.000688039 0.000318705 3.0738e-05 -0.000937021 -0.000468841 -0.00237699 -0.00307245 -0.000698865 0.00177113
internal_weight=16302 13799 3274 474 10525 7102 4925 4080 2800 2123 677 576 2016 239
internal_count=16302 13799 3274 474 10525 7102 4925 4080 2800 2123 677 576 2016 239
is_linear=0
shrinkage=0.03


Tree=75
num_leaves=15
num_cat=0
split_feature=7 6 1 9 8 7 5 9 1 1 3 5 1 6
split_gain=2.97935 2.16961 2.71685 2.69624 3.30692 2.56754 3.09204 2.54089 2.68991 2.18188 2.31361 2.17058 2.72755 2.26213
threshold=0.96396103896103902 -0.36489262371615311 -0.52875082617316582 -0.54487917146144982 -0.099295774647887289 0.70209762000806786 0.80123456790123471 -0.77388922702373697 0.70209762000806786 -0.11884584342211461 -0.92814113597246117 -0.37284167398302598 0.75411605937921733 0.80746061167747929
decision_type=2 2 2 2 2 2 2 2 2 2 2 2 2 2
left_child=1 2 3 4 -1 6 -5 8 -3 10 -9 12 -11 -13
right_child=-2 7 -4 5 -6 -7 -8 9 -10 11 -12 13 -14 -15
leaf_value=0.00067749458295368993 0.0022410134568187677 0.00074128447121308574 -0.0011978584911225805 0.00094536062042305995 -0.0039179749657341743 -0.0020872541194611911 0.0056173615707490821 0.0041977017302066086 0.0045845976981641811 -0.00068420300017887914 0.00038739557286636899 -0.00032100879289427618 -0.0036192001247682048 0.0014211376699332689
leaf_weight=297 479 830 3099 932 254 193 139 140 196 2035 3372 3186 323 839
leaf_count=297 479 830 3099 932 254 193 139 140 196 2035 3372 3186 323 839
internal_value=-6.54062e-05 -0.000136544 -0.000659361 0.000261616 -0.001473 0.00102339 0.00159807 9.90894e-05 0.00151265 -4.88602e-05 0.000550774 -0.000379131 -0.00109983 4.47588e-05
internal_weight=16314 15835 4914 1815 551 1264 1071 10921 1026 9895 3512 6383 2358 4025
internal_count=16314 15835 4914 1815 551 1264 1071 10921 1026 9895 3512 6383 2358 4025
is_linear=0
shrinkage=0.03


Tree=76
num_leaves=15
num_cat=0
split_feature=4 6 6 4 1 2 5 5 7 0 5 4 4 4
split_gain=3.41262 3.04841 2.71927 2.52823 2.26588 2.13766 2.08693 2.34502 1.83296 1.85809 1.91828 1.67354 2.10282 2.68079
threshold=0.90342013214146921 -0.88433667781493852 0.06472559698366144 -0.89403508771929807 -0.34351679104477606 0.96693989071038255 0.90342013214146921 0.73152530032763019 0.92749178532311072 0.96693989071038255 0.94904251866277189 0.84712755598831568 0.74625530963559139 0.70991117344553545
decision_type=2 2 2 2 2 2 2 2 2 2 2 2 2 2
left_child=2 -2 8 -4 -5 -6 7 -3 9 10 11 12 13 -1
right_child=1 6 3 4 5 -7 -8 -9 -10 -11 -12 -13 -14 -15
leaf_value=-0.00053525270216410068 -0.0017158967135420251 0.0010464980235944193 -0.0018861552806822882 0.0015819910869943649 0.00018044483562040971 0.0042798289097845553 0.0010660426962704522 0.0060925747406436132 0.0019922755668830895 0.0033043380332147252 0.0033252134047772569 -0.0031324486893912159 0.0015099502536468207 -0.0043422203046972283
leaf_weight=6697 163 134 396 1494 5407 107 357 230 273 106 105 215 430 161
leaf_count=6697 163 134 396 1494 5407 107 357 230 273 106 105 215 430 161
internal_value=0.00010781 0.00190973 3.14133e-06 0.000417014 0.000549661 0.000267598 0.00274166 0.0043126 -0.000380563 -0.000467009 -0.000523823 -0.000582042 -0.000502615 -0.000630818
internal_weight=16275 884 15391 7404 7008 5514 721 364 7987 7714 7608 7503 7288 6858
internal_count=16275 884 15391 7404 7008 5514 721 364 7987 7714 7608 7503 7288 6858
is_linear=0
shrinkage=0.03


Tree=77
num_leaves=15
num_cat=0
split_feature=9 7 5 1 8 2 4 8 5 0 2 7 7 8
split_gain=1.91705 2.36433 2.3979 1.65866 1.62885 1.5076 3.55121 3.42577 1.74003 1.64681 2.38848 3.46327 3.64107 4.16726
threshold=0.89237451737451745 0.90786914235190108 0.48683298683298687 -0.35100035100035093 -0.43308457711442783 -0.89403508771929807 -0.1270166453265045 0.83584100606332823 -0.53752345215759834 -0.74625530963559117 0.9194594594594595 -0.74625530963559117 0.021167557932263773 -0.53752345215759834
decision_type=2 2 2 2 2 2 2 2 2 2 2 2 2 2
left_child=5 2 3 -2 -5 6 -1 -8 -7 10 11 -10 -13 -14
right_child=1 -3 -4 4 -6 8 7 -9 9 -11 -12 12 13 -15
leaf_value=0.0022774743715175583 0.00442534529419919 0.0042077503813824687 -0.0024895630385576477 0.0035418281899115374 -0.00032701522546963097 -0.00063980974893925412 -0.003799883546579755 0.0018992171059512802 0.0023601652500327935 0.00028319294304430409 0.0027125576544858631 -0.0034516359077392594 0.0031950126038003098 -0.001941884348923513
leaf_weight=168 119 185 176 119 401 3377 435 114 205 9589 150 584 209 395
leaf_count=168 119 185 176 119 401 3377 435 114 205 9589 150 584 209 395
internal_value=-2.73152e-05 0.00123843 0.00052158 0.00137652 0.000608477 -0.000111204 -0.00144437 -0.00260366 -4.43728e-05 0.000136671 -0.000769853 -0.00116151 -0.00178383 -0.000141295
internal_weight=16226 1000 815 639 520 15226 717 549 14509 11132 1543 1393 1188 604
internal_count=16226 1000 815 639 520 15226 717 549 14509 11132 1543 1393 1188 604
is_linear=0
shrinkage=0.03


Tree=78
num_leaves=15
num_cat=0
split_feature=3 5 1 3 6 8 4 1 0 1 6 2 0 3
split_gain=2.62074 4.5218 2.64653 2.04239 1.99233 2.76185 2.72645 2.27393 2.05379 1.84779 3.09133 2.65631 2.18657 2.00447
threshold=0.96693989071038255 0.69321266968325801 0.97315315315315332 0.58102025506376598 0.79361054766734296 -0.83584100606332801 0.89851963098047638 0.96396103896103902 0.96850198412698418 -0.49712643678160912 -0.84344362745098034 -0.93984622342831292 0.93700396825396837 -0.3965259059598682
decision_type=2 2 2 2 2 2 2 2 2 2 2 2 2 2
left_child=2 -2 4 -4 7 -6 -7 8 9 10 13 -12 -11 -1
right_child=1 -3 3 -5 5 6 -8 -9 -10 12 11 -13 -14 -15
leaf_value=0.0018416312273724803 -0.0015150000180570583 0.0046771908793810076 -0.0053435655431521515 1.4481421035690969e-05 -0.0031573357252063046 0.00086386271304084649 0.0056927454103960808 0.0037139099985645471 0.002723313549397195 -0.0004615216304300614 -0.0027541376154633346 0.00088593984378481825 -0.0045550707265922495 -0.0026943662339675078
leaf_weight=102 171 254 145 109 132 1473 104 121 195 9932 183 2838 109 429
leaf_count=102 171 254 145 109 132 1473 104 121 195 9932 183 2838 109 429
internal_value=-8.92183e-05 0.00220819 -0.000152087 -0.00313079 -0.000101671 0.000861978 0.00121618 -0.000220609 -0.000257804 -0.00030254 0.000284965 0.00065708 -0.000510447 -0.00180511
internal_weight=16297 425 15872 254 15618 1709 1577 13909 13788 13593 3552 3021 10041 531
internal_count=16297 425 15872 254 15618 1709 1577 13909 13788 13593 3552 3021 10041 531
is_linear=0
shrinkage=0.03


Tree=79
num_leaves=15
num_cat=0
split_feature=6 2 1 5 9 1 1 2 3 6 9 1 7 2
split_gain=2.58942 3.51499 2.80136 2.49411 2.42866 1.85315 2.80906 1.7823 1.67726 2.93307 2.15509 2.29269 2.09678 3.5431
threshold=-0.92814113597246117 0.96693989071038255 0.13867521367521365 0.52586975914362188 0.74050024050024055 -0.66479400749063666 -0.32230727173318752 -0.96799795186891957 -0.43308457711442783 0.27518115942028981 -0.7900856793145653 0.97036874451273059 -0.52056338028169002 -0.42514367816091952
decision_type=2 2 2 2 2 2 2 2 2 2 2 2 2 2
left_child=2 4 -1 -3 7 -6 -7 -2 9 -9 -10 -12 13 -11
right_child=1 3 -4 -5 5 6 -8 8 10 12 11 -13 -14 -15
leaf_value=-0.0033915190870953318 -0.0038607874473458844 -0.00014888505673365702 0.0018255636319961575 0.0047357296321525987 0.0033730011287638369 -0.0020643632460875063 0.0011388063132121322 -0.0014208849798817943 0.0014740713615561869 -0.0037833999344825068 3.2374492107697696e-05 -0.0041444725489709526 0.00081904763077015729 0.00094016140351030168
leaf_weight=364 104 151 116 237 245 283 1555 1985 949 265 8218 110 1421 291
leaf_count=364 104 151 116 237 245 283 1555 1985 949 265 8218 110 1421 291
internal_value=2.86633e-05 9.51551e-05 -0.0021192 0.00287878 2.33208e-05 0.000973478 0.000637107 -0.000125628 -9.33942e-05 -0.000609279 0.000127347 -2.76996e-05 0.000208662 -0.00133824
internal_weight=16294 15814 480 388 15426 2083 1838 13343 13239 3962 9277 8328 1977 556
internal_count=16294 15814 480 388 15426 2083 1838 13343 13239 3962 9277 8328 1977 556
is_linear=0
shrinkage=0.03


Tree=80
num_leaves=15
num_cat=0
split_feature=3 5 1 7 1 6 2 5 6 7 3 5 2 2
split_gain=2.7195 2.86649 2.69735 2.28275 2.1676 3.27606 2.90705 2.3219 2.29037 2.37115 2.26706 2.15113 1.88221 3.12442
threshold=0.96396103896103902 0.57223113964687011 0.97036874451273059 -0.96799795186891957 -0.3797960174842156 -0.49055258467023172 0.70991117344553545 0.85524707525755206 -0.64631422189128795 -0.077787381158167621 -0.6211556383970176 -0.90733452593917707 0.015628815628815577 -0.40413533834586463
decision_type=2 2 2 2 2 2 2 2 2 2 2 2 2 2
left_child=2 -2 3 -1 5 -5 8 10 9 -6 -8 -7 13 -13
right_child=1 -3 -4 4 6 11 7 -9 -10 -11 -12 12 -14 -15
leaf_value=-0.0036346118732163792 -0.0014841471051620524 0.003694979975566916 -0.0029592279725189395 -0.00038859078854551092 -0.00028346862265397958 -0.0027672618857221836 -0.0034332976435289312 0.0039764960316941147 -0.00025506952614097163 -0.0035137236110903938 0.00086232595775770837 0.0016374473342006517 0.002662272749039931 -0.00097827483492437736
leaf_weight=143 127 335 270 1888 407 108 110 190 8086 405 1423 1439 747 566
leaf_count=143 127 335 270 1888 407 108 110 190 8086 405 1423 1439 747 566
internal_value=2.6133e-05 0.00227 -4.09495e-05 1.17195e-05 4.79878e-05 0.000580167 -0.000190239 0.000934228 -0.000408784 -0.00191776 0.000533841 0.00121881 0.00138469 0.000897854
internal_weight=16244 462 15782 15512 15369 4748 10621 1723 8898 812 1533 2860 2752 2005
internal_count=16244 462 15782 15512 15369 4748 10621 1723 8898 812 1533 2860 2752 2005
is_linear=0
shrinkage=0.03


Tree=81
num_leaves=15
num_cat=0
split_feature=3 9 3 6 8 8 8 2 4 4 5 6 2 6
split_gain=3.74961 3.06159 2.09489 1.61222 1.73649 2.65504 2.21271 2.71752 1.92734 2.17903 3.01528 2.82198 1.74098 1.50597
threshold=1.0000000180025095e-35 -0.87420886075949356 0.038218111002921169 -0.82554347826086938 0.55863254392666173 0.48683298683298687 0.97036874451273059 0.96396103896103902 0.94160272804774092 0.57223113964687011 0.42444997924449984 0.1895313034553541 0.64888572783309639 0.93700396825396837
decision_type=2 2 2 2 2 2 2 2 2 2 2 2 2 2
left_child=13 -2 -3 -4 5 8 7 -6 9 -5 -11 -12 -13 -1
right_child=1 2 3 4 6 -7 -8 -9 -10 10 11 12 -14 -15
leaf_value=-0.00047296977759079791 0.0027605044961575252 0.0030244335370650964 -0.00095910728573840955 7.7896808542743474e-05 0.0012486760420886286 -0.0029314237299258822 -0.0018386903071874066 0.0060981338749334741 -0.0034986042491017052 0.0059464444266987661 0.0024163898372970825 0.00041929505765438076 -0.0043129307945174245 0.0014202193069350279
leaf_weight=7740 508 250 825 3646 1489 230 180 103 107 121 466 188 100 388
leaf_count=7740 508 250 825 3646 1489 230 180 103 107 121 466 188 100 388
internal_value=7.56144e-05 0.000527379 0.000376759 0.000284038 0.00043994 0.000145788 0.00124102 0.00159854 0.000304708 0.000402246 0.00173761 0.000993193 -0.00131343 -0.000380962
internal_weight=16341 8213 7705 7455 6630 4858 1772 1592 4628 4521 875 754 288 8128
internal_count=16341 8213 7705 7455 6630 4858 1772 1592 4628 4521 875 754 288 8128
is_linear=0
shrinkage=0.03


Tree=82
num_leaves=15
num_cat=0
split_feature=7 9 7 9 6 7 0 0 9 9 6 6 4 6
split_gain=2.18176 1.91683 1.85434 2.06442 1.79426 1.77517 1.68603 1.78989 1.71773 3.78229 2.16661 2.44029 1.48305 1.35999
threshold=-0.96799795186891957 0.90786914235190108 0.70209762000806786 0.97036874451273059 0.079682539682539702 -0.26453684922244752 0.45566778900112243 -0.93984622342831292 0.74050024050024055 0.48683298683298687 0.46305060065526032 0.6777901371894699 0.53456514813634926 -0.90733452593917707
decision_type=2 2 2 2 2 2 2 2 2 2 2 2 2 2
left_child=-1 4 5 -4 12 -3 7 -6 9 -8 -11 -12 -2 -14
right_child=1 2 3 -5 6 -7 8 -9 -10 10 11 -13 13 -15
leaf_value=-0.0035297496721761511 -0.00061403632775430816 0.0032142454871962613 0.0049761000591584323 0.00019700096617452799 0.003732791427922036 -0.00074912269334631543 0.0014234052246594132 -0.0001028978762461336 0.00297083214356168 -0.0041534569338892973 0.0033042309203130359 -0.0023108434523705259 -0.0013432944577192216 0.00063036784900783458
leaf_weight=148 5953 126 198 135 102 394 1328 4880 324 183 109 158 369 1836
leaf_count=148 5953 126 198 135 102 394 1328 4880 324 183 109 158 369 1836
internal_value=-2.16281e-05 1.28021e-05 0.00138828 0.00310086 -6.50346e-05 0.000253758 0.000284049 -1.70469e-05 0.000994384 0.00061962 -0.00173182 1.79848e-05 -0.000368138 0.000295508
internal_weight=16243 16095 853 333 15242 520 7084 4982 2102 1778 450 267 8158 2205
internal_count=16243 16095 853 333 15242 520 7084 4982 2102 1778 450 267 8158 2205
is_linear=0
shrinkage=0.03


Tree=83
num_leaves=15
num_cat=0
split_feature=0 9 8 6 2 8 0 9 6 5 6 7 9 0
split_gain=2.04697 2.21566 2.16269 2.05576 1.99932 1.71189 1.94701 2.41507 2.9197 2.5379 2.26497 2.21631 1.93289 2.15351
threshold=0.46305060065526032 -0.89309523809523805 -0.89403508771929807 -0.94904251866277167 0.96693989071038255 0.97036874451273059 0.96396103896103902 -0.093541666666666676 0.097167584579071611 0.31467710371819962 0.51765683423348574 -0.36489262371615311 0.34580419580419591 0.89237451737451745
decision_type=2 2 2 2 2 2 2 2 2 2 2 2 2 2
left_child=1 -1 -2 -3 5 6 7 8 11 -10 -8 -4 -9 -14
right_child=2 3 4 -5 -6 -7 10 12 9 -11 -12 -13 13 -15
leaf_value=0.0014823575403245086 0.0045694145586179652 -0.0034467115231774864 0.00085059027127096893 -0.00029009489197257958 0.0035991647126450694 -0.0026278401145298797 0.0039826746356148995 0.0019430151114507277 -0.001191517889659974 0.0026819744822301566 -0.0011602259471424315 -0.0037301605164964547 0.00059473178940305088 -0.002238815197756944
leaf_weight=622 105 179 121 10967 159 166 251 767 356 251 104 384 1539 276
leaf_count=622 105 179 121 10967 159 166 251 767 356 251 104 384 1539 276
internal_value=-3.83952e-05 -0.000246133 0.000506741 -0.000343833 0.000399014 0.000270063 0.000395052 0.000187987 -0.000975362 0.000427714 0.00248551 -0.00263739 0.000690841 0.000153939
internal_weight=16247 11768 4479 11146 4374 4215 4049 3694 1112 607 355 505 2582 1815
internal_count=16247 11768 4479 11146 4374 4215 4049 3694 1112 607 355 505 2582 1815
is_linear=0
shrinkage=0.03


Tree=84
num_leaves=15
num_cat=0
split_feature=6 4 5 4 4 7 7 2 7 3 0 0 4 2
split_gain=2.41618 3.37379 3.10625 2.15818 4.26368 2.08701 1.94004 1.75435 1.62831 1.57906 3.64996 2.56015 2.90323 2.85311
threshold=-0.93495505023796921 0.96396103896103902 0.89237451737451745 0.93700396825396837 0.9194594594594595 -0.26453684922244752 -0.96799795186891957 -0.94904251866277167 0.52586975914362188 -0.59537185660781156 -0.75411605937921722 -0.077787381158167621 0.45566778900112243 0.49274752995585464
decision_type=2 2 2 2 2 2 2 2 2 2 2 2 2 2
left_child=5 3 -3 4 6 -1 -2 -8 -4 10 -9 13 -13 -12
right_child=1 2 8 -5 -6 -7 7 9 -10 -11 11 12 -14 -15
leaf_value=0.00040543720214012655 -0.0036160589183898682 0.0062352242056032889 -0.0015714307463486918 -0.0038043036840556721 0.0048560199497125235 -0.0040482490507392438 -0.0027771872509799672 -0.0029446513355620681 0.0029794667375848648 0.00011112772759769258 0.0012953876516033393 -0.0018056260758433956 0.0025895464521261003 -0.003106866460663593
leaf_weight=149 131 133 133 130 147 242 204 511 131 11888 1092 967 148 141
leaf_count=149 131 133 133 130 147 242 204 511 131 11888 1092 967 148 141
internal_value=-8.36535e-05 -2.51108e-05 0.00267083 -9.6488e-05 -6.23611e-05 -0.00238328 -0.000113485 -8.03992e-05 0.000713103 -4.12369e-05 -0.000672963 -0.00016818 -0.0012044 0.000771022
internal_weight=16147 15756 397 15359 15229 391 15082 14951 264 14747 2859 2348 1115 1233
internal_count=16147 15756 397 15359 15229 391 15082 14951 264 14747 2859 2348 1115 1233
is_linear=0
shrinkage=0.03


Tree=85
num_leaves=15
num_cat=0
split_feature=9 9 7 5 4 5 5 7 8 7 9 0 3 3
split_gain=2.84557 2.89435 2.37966 2.24448 3.06752 1.98022 2.75949 1.78665 2.31091 2.66147 2.55638 1.74157 1.62907 1.73608
threshold=0.74050024050024055 0.76293487957181094 -0.96799795186891957 0.55863254392666173 0.68651074887786456 0.80746061167747929 0.92749178532311072 -0.71256454388984503 -0.77388922702373697 0.021167557932263773 -0.90733452593917707 0.055050505050505023 -0.32958801498127338 0.38548951048951058
decision_type=2 2 2 2 2 2 2 2 2 2 2 2 2 2
left_child=2 -2 -1 4 -4 -3 -7 11 9 -9 -10 -5 -6 -14
right_child=1 5 3 7 12 6 -8 8 10 -11 -12 -13 13 -15
leaf_value=-0.0039540320359272504 0.004455529952875804 0.0010505095185054107 -0.00021079005140860172 0.0039950285297856037 -0.0054929312635213137 -0.0041065434036416963 0.001590054977209644 -0.0037667253528488797 0.0041461327076367628 0.00096528464869175305 0.00043452566322052467 -0.00060830311084698354 0.0014843847403036695 -0.0036569991635042242
leaf_weight=136 190 1744 10443 238 135 161 131 230 172 187 2077 102 102 118
leaf_count=136 190 1744 10443 238 135 161 131 230 172 187 2077 102 102 118
internal_value=1.52644e-05 0.0010088 -0.000143997 -0.000103625 -0.000305487 0.000666946 -0.00158285 0.000620105 0.00035411 -0.00167179 0.000735481 0.00263611 -0.0030091 -0.00131237
internal_weight=16166 2226 13940 13804 10798 2036 292 3006 2666 417 2249 340 355 220
internal_count=16166 2226 13940 13804 10798 2036 292 3006 2666 417 2249 340 355 220
is_linear=0
shrinkage=0.03


Tree=86
num_leaves=15
num_cat=0
split_feature=6 4 3 6 7 2 5 9 6 5 3 2 2 6
split_gain=2.01889 2.19343 2.9221 1.94291 2.11729 1.62563 2.8482 3.09699 2.74726 2.52996 2.52154 3.2436 2.42143 2.01164
threshold=0.72524509803921589 0.92749178532311072 0.84712755598831568 0.68651074887786456 0.96850198412698418 0.80123456790123471 0.74625530963559139 -0.59775280898876393 -0.077787381158167621 0.29847345636819328 1.0000000180025095e-35 0.88303693570451447 0.60232558139534897 0.42444997924449984
decision_type=2 2 2 2 2 2 2 2 2 2 2 2 2 2
left_child=3 2 -2 4 5 12 8 -8 9 -7 -10 -12 -1 -14
right_child=1 -3 -4 -5 -6 6 7 -9 10 -11 11 -13 13 -15
leaf_value=-7.133074895992294e-05 0.00081478786471843756 0.0040193559926507685 -0.0042029031479561864 -0.0023680016085515909 0.0024630172195730313 0.00073549209931765547 -0.00073495354689657685 0.0046484312064676856 -0.0013997755004239716 -0.0029142957153222098 0.0076681027986077507 0.00060450389110248721 -0.00095233727815484664 -0.0043545106356288046
leaf_weight=10564 2114 170 100 325 284 326 140 281 117 342 100 129 1195 172
leaf_count=10564 2114 170 100 325 284 326 140 281 117 342 100 129 1195 172
internal_value=2.69883e-05 0.000831986 0.000570274 -0.000110833 -5.53969e-05 -0.000110709 0.000839785 0.00288272 -2.82821e-05 -0.00114854 0.00210603 0.00388083 -0.000225638 -0.00140892
internal_weight=16359 2384 2214 13975 13650 13366 1435 421 1014 668 346 229 11931 1367
internal_count=16359 2384 2214 13975 13650 13366 1435 421 1014 668 346 229 11931 1367
is_linear=0
shrinkage=0.03


Tree=87
num_leaves=15
num_cat=0
split_feature=5 3 2 2 8 1 8 8 5 4 8 8 7 1
split_gain=3.89911 3.56783 2.00167 2.35017 2.95913 2.83272 2.63912 2.84892 2.76749 2.29906 2.23226 2.16126 1.87415 1.81812
threshold=0.60232558139534897 0.93239382974671503 0.96693989071038255 0.073622402890695673 -0.82554347826086938 0.80746061167747929 -0.059532246633593182 0.74050024050024055 0.79361054766734296 0.58939234281700037 0.37011669203450032 0.87577160493827166 -0.77388922702373697 0.35434243176178665
decision_type=2 2 2 2 2 2 2 2 2 2 2 2 2 2
left_child=13 2 3 5 -5 12 8 9 -6 -8 -11 -9 -2 -1
right_child=1 -3 -4 4 6 -7 7 11 -10 10 -12 -13 -14 -15
leaf_value=2.3876354857044441e-05 0.0041849276916338845 0.0034147822731350054 0.0036532807117594141 -0.0038055210579275795 -0.0005454929010918388 0.005441642688118092 0.00059271618283154176 0.0042429777156412314 0.0040855123678920791 -0.006377154659668479 -0.001407387246217318 -0.0010025392701718838 0.00036576567001661456 -0.00074082065810024595
leaf_weight=8844 120 441 165 199 221 121 158 121 230 148 183 147 1072 4083
leaf_count=8844 120 441 165 199 221 121 158 121 230 148 183 147 1072 4083
internal_value=1.77839e-05 0.000932253 0.00054229 0.000340881 -0.000509561 0.00124917 6.01853e-05 -0.00101852 0.00185361 -0.00236401 -0.00375137 0.00143321 0.000781863 -0.00021804
internal_weight=16253 3326 2885 2720 1407 1313 1208 757 451 489 331 268 1192 12927
internal_count=16253 3326 2885 2720 1407 1313 1208 757 451 489 331 268 1192 12927
is_linear=0
shrinkage=0.03


Tree=88
num_leaves=15
num_cat=0
split_feature=0 5 2 4 6 5 5 3 1 2 4 1 2 4
split_gain=2.95293 2.70168 2.53582 2.83897 1.94926 2.60631 2.35139 1.90581 2.94929 2.2487 1.76003 1.60744 2.06994 1.85388
threshold=-0.96799795186891957 0.97315315315315332 -0.94904251866277167 0.96396103896103902 0.41004623791509048 0.93239382974671503 0.90342013214146921 -0.59537185660781156 -0.28165064102564097 -0.028991596638655467 0.93700396825396837 0.29847345636819328 -0.7900856793145653 -0.89403508771929807
decision_type=2 2 2 2 2 2 2 2 2 2 2 2 2 2
left_child=-1 2 -2 4 5 6 7 8 9 -4 -3 13 -13 -6
right_child=1 10 3 -5 11 -7 -8 -9 -10 -11 -12 12 -14 -15
leaf_value=0.0041753782093799955 -0.0029315221518680283 -0.00042646207419844964 -0.00065527868585664179 0.0028572294927516561 -0.0023472564006615159 0.003065034515091351 -0.004259935758535319 -8.8005714991899842e-05 -0.0023971116250247138 0.0033909225291930711 -0.0051846917823808181 -0.0037723324880789733 0.00015000881008123094 0.0012627678352739838
leaf_weight=139 254 134 586 304 127 200 124 8886 857 146 141 118 2234 2163
leaf_count=139 254 134 586 304 127 200 124 8886 857 146 141 118 2234 2163
internal_value=-2.87809e-05 -6.72316e-05 -1.56475e-05 3.32225e-05 -2.41893e-05 -0.00024516 -0.000310452 -0.000259681 -0.00121317 0.000186574 -0.00296245 0.000489291 -6.19131e-05 0.00105323
internal_weight=16413 16274 15999 15745 15441 10799 10599 10475 1589 732 275 4642 2352 2290
internal_count=16413 16274 15999 15745 15441 10799 10599 10475 1589 732 275 4642 2352 2290
is_linear=0
shrinkage=0.03


Tree=89
num_leaves=15
num_cat=0
split_feature=7 4 9 9 5 8 2 2 9 1 8 2 5 4
split_gain=1.46621 2.23474 2.09475 2.48037 1.76153 1.47671 2.29668 1.72185 2.34283 2.31094 3.15609 2.23827 1.89847 1.72261
threshold=0.92749178532311072 0.86402157164869031 0.87577160493827166 -0.67242921013412815 0.11237373737373736 0.97036874451273059 0.06472559698366144 -0.66479400749063666 -0.63275862068965505 -0.10741758241758236 -0.18245838668373873 -0.75411605937921722 0.97315315315315332 0.96693989071038255
decision_type=2 2 2 2 2 2 2 2 2 2 2 2 2 2
left_child=5 2 3 -2 -5 7 -7 8 -1 -10 -11 -12 13 -9
right_child=1 -3 -4 4 -6 6 -8 12 9 10 11 -13 -14 -15
leaf_value=-0.0023915421483895307 0.0033415964727116897 0.005112189213287527 0.0032204077786716313 0.00095111567243609746 -0.003418189537430769 0.00076201295315781055 -0.0046313913549798037 0.00013831019962537832 0.00052456182990147956 0.0009499852291269071 -0.0014585932925980111 -0.0062526599231396652 -0.0027656188127584756 0.0030944268402333061
leaf_weight=574 103 108 181 128 209 126 146 12518 1253 239 227 142 190 170
leaf_count=574 103 108 181 128 209 126 146 12518 1253 239 227 142 190 170
internal_value=1.85422e-05 0.00132423 0.000594879 -0.000532731 -0.00177905 -4.33423e-05 -0.00219455 -3.72384e-06 -0.000733613 -0.000212198 -0.00171447 -0.00341976 0.000134747 0.000180323
internal_weight=16314 729 621 440 337 15585 272 15313 2435 1861 608 369 12878 12688
internal_count=16314 729 621 440 337 15585 272 15313 2435 1861 608 369 12878 12688
is_linear=0
shrinkage=0.03


Tree=90
num_leaves=15
num_cat=0
split_feature=6 1 4 9 5 1 1 1 8 8 4 8 5 1
split_gain=2.57274 2.19076 2.28965 2.42062 1.76098 2.66104 2.28478 1.64645 1.62871 2.31952 2.062 2.32385 1.94413 1.93114
threshold=0.088421444527177942 0.96850198412698418 -0.90733452593917707 0.32230727173318757 -0.43308457711442783 -0.8767331433998099 -0.90143695608176466 0.94160272804774092 -0.64631422189128795 -0.4752049180327868 0.94904251866277189 0.96850198412698418 0.82807881773399028 -0.38688172043010749
decision_type=2 2 2 2 2 2 2 2 2 2 2 2 2 2
left_child=4 2 3 -2 -1 6 -6 8 12 -10 11 13 -4 -11
right_child=1 -3 7 -5 5 -7 -8 -9 9 10 -12 -13 -14 -15
leaf_value=-0.00094923571596142251 -0.0040469237250317265 -0.0022537454832420351 0.0021702646123916663 0.00097977791261790251 -0.00086920425094397452 0.00021865521617677478 -0.005334639993093129 0.0040688215472685692 -0.0012689413102906103 0.0018643562237273485 0.0046651686244111165 -0.0034472676884061437 -0.0017133749254159072 0.00038162297345273576
leaf_weight=2283 180 238 975 152 472 5769 124 121 612 983 104 116 124 3919
leaf_count=2283 180 238 975 152 472 5769 124 121 612 983 104 116 124 3919
internal_value=0.000116433 0.000521756 0.000615383 -0.00178419 -0.000236404 2.03624e-05 -0.00187095 0.000732342 0.000667399 0.000462899 0.000671897 0.000580021 0.00172058 0.000682146
internal_weight=16172 7524 7286 332 8648 6365 596 6954 6833 5734 5122 5018 1099 4902
internal_count=16172 7524 7286 332 8648 6365 596 6954 6833 5734 5122 5018 1099 4902
is_linear=0
shrinkage=0.03


Tree=91
num_leaves=15
num_cat=0
split_feature=3 8 0 9 7 4 1 7 0 4 6 8 9 7
split_gain=2.08327 2.44024 2.5594 2.29232 2.24962 1.99966 1.78333 1.69959 1.62778 1.5347 1.44354 1.28753 1.2382 1.22456
threshold=-0.78247535596933171 0.97036874451273059 0.96396103896103902 0.39305778491171756 0.68651074887786456 0.90342013214146921 0.43951219512195122 0.47885646217986894 -0.26453684922244752 -0.89403508771929807 0.50910294604435635 0.24357284113381675 -0.13423734983618493 0.96396103896103902
decision_type=2 2 2 2 2 2 2 2 2 2 2 2 2 2
left_child=3 2 9 4 5 6 10 -4 -5 -2 11 -1 -3 -11
right_child=1 12 7 8 -6 -7 -8 -9 -10 13 -12 -13 -14 -15
leaf_value=-0.0021468832916580138 -0.0012351711804504016 -0.0050058182845400135 0.0001327861154992023 -0.0058575487577086239 0.0034218716352351478 0.0029698438964912604 -0.0032603990602537349 0.0040934527205193742 -0.0011647095006766812 0.00020234940173786267 0.0012951812495510758 0.00087079142339949525 -0.0009800304160111305 0.0019439845724793317
leaf_weight=440 646 100 159 121 115 106 269 245 148 12994 270 171 201 364
leaf_count=440 646 100 159 121 115 106 269 245 148 12994 270 171 201 364
internal_value=8.08339e-05 0.000194101 0.000250687 -0.000930068 -0.000422338 -0.000798565 -0.00116852 0.00257553 -0.0034099 0.000181827 -0.000500374 -0.00130191 -0.00243545 0.000251227
internal_weight=16349 14709 14408 1640 1371 1256 1150 404 269 14004 881 611 301 13358
internal_count=16349 14709 14408 1640 1371 1256 1150 404 269 14004 881 611 301 13358
is_linear=0
shrinkage=0.03


Tree=92
num_leaves=15
num_cat=0
split_feature=6 0 6 7 1 3 1 0 6 7 1 3 6 0
split_gain=2.20447 2.18979 2.26842 2.08839 1.73057 1.5462 2.38052 2.18667 1.94518 2.58827 2.24827 2.20574 2.01295 1.95823
threshold=0.72524509803921589 -0.94904251866277167 0.68651074887786456 -0.13383084577114426 -0.72264957264957252 0.60232558139534897 -0.29679679679679671 -0.6795061728395061 0.06472559698366144 -0.032795698924731158 -0.8767331433998099 -0.67242921013412815 -0.040547945205479489 -0.53752345215759834
decision_type=2 2 2 2 2 2 2 2 2 2 2 2 2 2
left_child=1 3 5 -1 -2 6 8 -8 10 11 13 -10 -12 -3
right_child=4 2 -4 -5 -6 -7 7 -9 9 -11 12 -13 -14 -15
leaf_value=0.0056103977147828445 0.0039226965320024948 -0.004829147469746403 -0.0028145669491737553 0.00015008722627447602 0.00052343682165846615 0.00036219339643815175 -0.0020731606188893288 -0.00053814549925997556 0.0025463985435352351 0.0025160815685661003 0.00039149488087305624 -0.0015896811641708719 -0.0025680744151460764 -0.00066896833181316769
leaf_weight=100 134 154 308 149 2217 2897 976 5561 157 611 2128 371 219 279
leaf_count=100 134 154 308 149 2217 2897 976 5561 157 611 2128 371 219 279
internal_value=-0.000114746 -0.000258448 -0.000310043 0.00247493 0.000732978 -0.000250211 -0.000420071 -0.000770146 0.000164337 0.00120284 -0.000263937 -0.000335353 0.000105612 -0.00222418
internal_weight=16261 13910 13661 249 2351 13353 10456 6537 3919 1139 2780 528 2347 433
internal_count=16261 13910 13661 249 2351 13353 10456 6537 3919 1139 2780 528 2347 433
is_linear=0
shrinkage=0.03


Tree=93
num_leaves=15
num_cat=0
split_feature=4 9 9 8 4 9 0 9 8 4 7 9 8 3
split_gain=1.85242 1.74826 1.72507 1.31144 1.70286 1.20298 1.02345 3.10337 3.02229 2.77007 2.39621 2.39006 2.25194 2.22114
threshold=-0.86159003831417613 0.93239382974671503 -0.18245838668373873 0.16436803325146424 0.048199767711962889 0.97036874451273059 -0.55424836601307181 -0.11378020713463753 0.42444997924449984 0.93239382974671503 0.61152570480928703 -0.30886644219977549 -0.49712643678160912 -0.84344362745098034
decision_type=2 2 2 2 2 2 2 2 2 2 2 2 2 2
left_child=2 6 -1 4 -3 -5 7 11 10 -8 13 -2 -13 -9
right_child=1 3 -4 5 -6 -7 9 8 -10 -11 -12 12 -14 -15
leaf_value=-0.0033193903450888613 -0.00012342043489010584 0.00075994952639233163 -0.00042196865633231933 0.0021828794862801533 0.0054605093445628883 -0.0012148802541943396 0.0001869346137130177 -0.0051786528834757411 -0.0045025089365663008 0.0028262566795723659 0.0030519637343968497 0.0055698167198561946 0.00074089912110181569 -0.00068923480085101836
leaf_weight=233 1814 136 790 179 140 177 11024 108 242 360 118 127 248 651
leaf_count=233 1814 136 790 179 140 177 11024 108 242 360 118 127 248 651
internal_value=0.000122151 0.000204918 -0.00110763 0.0017374 0.00325185 0.000506507 0.000137859 -0.000325964 -0.00160376 0.000272806 -0.000762135 0.000331559 0.00247849 -0.00138708
internal_weight=16347 15324 1023 632 276 356 14692 3308 1119 11384 877 2189 375 759
internal_count=16347 15324 1023 632 276 356 14692 3308 1119 11384 877 2189 375 759
is_linear=0
shrinkage=0.03


Tree=94
num_leaves=15
num_cat=0
split_feature=6 4 2 1 1 8 4 9 8 5 3 3 3 1
split_gain=2.41478 3.24005 2.10186 2.04874 4.53104 3.54064 2.87572 7.52454 2.13408 2.05239 3.87928 1.92953 2.27283 1.77959
threshold=-0.59537185660781156 -0.86159003831417613 0.96693989071038255 0.35434243176178665 0.38548951048951058 -0.85129906025428403 0.86402157164869031 0.17990752416981928 -0.82554347826086938 0.77913279132791335 0.58102025506376598 -0.605448480355819 0.23395061728395064 -0.11378020713463753
decision_type=2 2 2 2 2 2 2 2 2 2 2 2 2 2
left_child=13 -2 3 8 -5 -6 -7 -8 9 10 11 -3 -13 -1
right_child=1 2 -4 4 5 6 7 -9 -10 -11 -12 12 -14 -15
leaf_value=-0.0012395250380535512 -0.0015020374992321002 -0.0044093421232742321 0.0029456060375694345 -0.0044554025632402251 0.0037228155812926694 -0.00044315510577900858 0.0069978698094722474 -0.0029144441510640805 0.00073920781505189628 -0.0045956221743186643 0.0047201577678996336 0.0019297337248515816 -0.003479793147998862 0.00024776550949579299
leaf_weight=1985 897 132 266 207 207 3554 149 114 7016 111 102 176 102 1132
leaf_count=1985 897 132 266 207 207 3554 149 114 7016 111 102 176 102 1132
internal_value=4.84503e-05 0.000227928 0.000356925 0.000296483 -0.000232753 -5.02816e-06 -0.000216393 0.00275191 0.000589532 -0.00108111 -0.000245738 -0.00156413 -0.000106967 -0.000700321
internal_weight=16150 13033 12136 11870 4231 4024 3817 263 7639 623 512 410 278 3117
internal_count=16150 13033 12136 11870 4231 4024 3817 263 7639 623 512 410 278 3117
is_linear=0
shrinkage=0.03


Tree=95
num_leaves=15
num_cat=0
split_feature=4 1 1 7 3 9 0 3 9 7 9 4 1 0
split_gain=1.5558 1.81252 1.80813 3.25337 2.63145 2.52733 4.53755 2.21013 5.42819 4.36992 2.44924 2.86902 2.69584 2.24523
threshold=0.58102025506376598 0.97036874451273059 0.59508740204942756 -0.73969508752117441 0.65669642857142874 -0.77388922702373697 -0.63019943019943014 0.84712755598831568 0.06472559698366144 0.69321266968325801 -0.23746867167919797 0.64888572783309639 -0.70473174366616986 0.1895313034553541
decision_type=2 2 2 2 2 2 2 2 2 2 2 2 2 2
left_child=1 -1 3 -2 -4 6 -5 10 -9 -10 -7 -12 13 -13
right_child=2 -3 4 5 -6 7 -8 8 9 -11 11 12 -14 -15
leaf_value=-0.00011928249221687535 0.0034046068342524719 -0.0036401227403246566 0.0002285368425555995 -0.0054129412315976977 0.003258542605566479 0.0022542257935618077 0.00098931960124580358 -0.0058864088615257588 0.0052803974586124172 -0.0028313229314613437 0.0029921026711250604 -0.0011807995865181567 -0.0024682283826168365 0.0042211149761995932
leaf_weight=12610 234 123 571 202 463 576 183 157 109 111 186 145 457 117
leaf_count=12610 234 123 571 202 463 576 183 157 109 111 186 145 457 117
internal_value=-1.89007e-06 -0.000156123 0.000556308 0.000114471 0.00160352 -0.000242359 -0.00242178 0.000219791 -0.00180169 0.00124251 0.000743007 -0.000232954 -0.00109685 0.00129801
internal_weight=16244 12733 3511 2477 1034 2243 385 1858 377 220 1481 905 719 262
internal_count=16244 12733 3511 2477 1034 2243 385 1858 377 220 1481 905 719 262
is_linear=0
shrinkage=0.03


Tree=96
num_leaves=15
num_cat=0
split_feature=5 1 8 8 8 5 2 9 0 1 0 0 8 7
split_gain=2.68222 4.05968 2.81982 3.50669 3.38621 2.60653 2.19847 2.8812 2.81794 1.86086 2.04987 1.85021 1.79104 1.94114
threshold=0.61152570480928703 0.64888572783309639 -0.90143695608176466 -0.059532246633593182 -0.44224170796797557 0.82807881773399028 -0.014709063378758378 -0.16912242686890569 -0.29679679679679671 0.96850198412698418 0.89851963098047638 -0.86159003831417613 0.94904251866277189 0.96850198412698418
decision_type=2 2 2 2 2 2 2 2 2 2 2 2 2 2
left_child=12 2 5 4 6 -2 8 -8 -4 10 11 -3 13 -1
right_child=1 9 3 -5 -6 -7 7 -9 -10 -11 -12 -13 -14 -15
leaf_value=-0.00020108724967435239 1.7494129254513938e-05 0.0058819169322424352 0.0046693920511752373 -0.00060303854795976542 0.0041696671992699566 -0.0059390048523034365 -0.0036644541606503096 0.0021646800606923049 -0.001036109126477935 -1.7747134312030371e-05 0.0068208518877533094 0.0015407825083857611 -0.0024483303375060135 0.0025804082565414515
leaf_weight=12475 139 103 170 1209 341 116 180 119 132 208 111 468 303 220
leaf_count=12475 139 103 170 1209 341 116 180 119 132 208 111 468 303 220
internal_value=-1.23713e-05 0.000750667 0.000107244 0.000464974 0.00182764 -0.00281399 0.000452309 -0.00134952 0.00222232 0.00246956 0.00321745 0.00241162 -0.000206289 -0.000150892
internal_weight=16294 3296 2406 2151 942 255 601 299 302 890 682 571 12998 12695
internal_count=16294 3296 2406 2151 942 255 601 299 302 890 682 571 12998 12695
is_linear=0
shrinkage=0.03


Tree=97
num_leaves=15
num_cat=0
split_feature=5 0 1 7 1 8 7 1 8 1 8 1 5 7
split_gain=1.86081 1.73056 2.16203 1.62454 1.86518 1.60643 1.59911 1.55517 1.5981 2.38485 3.42969 2.02141 1.92208 1.84804
threshold=0.97315315315315332 0.038218111002921169 -0.86159003831417613 0.78516483516483537 -0.49055258467023172 0.9194594594594595 0.21913109756097562 -0.6557112068965516 0.83584100606332823 1.0000000180025095e-35 0.94904251866277189 0.29073091057574524 -0.75411605937921722 0.14784456587735276
decision_type=2 2 2 2 2 2 2 2 2 2 2 2 2 2
left_child=1 3 6 5 -5 -1 -3 -4 11 -10 -11 12 13 -9
right_child=-2 2 7 4 -6 -7 -8 8 9 10 -12 -13 -14 -15
leaf_value=-0.00042750977750100272 -0.0024693406355144527 0.00015328352286347321 0.0016669126884408174 0.0034628600924159398 5.0987468196333128e-05 -0.0034970987148606665 -0.0035035531306276458 -6.1440607701678646e-05 -0.0010385878359356318 0.0044338015687878617 -0.000521892888236393 -0.00060267908570641501 0.00079883399165566837 -0.0042689875749647053
leaf_weight=7301 283 200 752 190 518 147 221 321 223 331 196 2391 3033 123
leaf_count=7301 283 200 752 190 518 147 221 321 223 331 196 2391 3033 123
internal_value=-0.00010021 -5.66451e-05 0.000262939 -0.000361875 0.00100208 -0.000492702 -0.00180309 0.000383241 0.000235083 0.00152951 0.0026153 6.732e-05 0.00052846 -0.0012954
internal_weight=16230 15947 7791 8156 708 7448 421 7370 6618 750 527 5868 3477 444
internal_count=16230 15947 7791 8156 708 7448 421 7370 6618 750 527 5868 3477 444
is_linear=0
shrinkage=0.03


Tree=98
num_leaves=15
num_cat=0
split_feature=9 0 2 9 7 1 2 2 8 2 3 3 4 4
split_gain=1.72593 1.73432 1.33403 2.1393 1.69966 1.59788 4.46714 4.05843 2.87399 1.89974 2.25048 2.28084 1.8702 2.09795
threshold=0.90786914235190108 0.92749178532311072 0.96693989071038255 -0.032795698924731158 -0.96799795186891957 -0.3797960174842156 0.60232558139534897 -0.89403508771929807 -0.90733452593917707 0.70991117344553545 -0.21992558908639928 0.43951219512195122 0.3228287841191067 0.80746061167747929
decision_type=2 2 2 2 2 2 2 2 2 2 2 2 2 2
left_child=2 -2 4 -4 -1 6 8 -7 -6 -9 -11 -12 -8 -14
right_child=1 -3 3 -5 5 7 12 9 -10 10 11 -13 13 -15
leaf_value=-0.0033050833739761312 0.00081551207916956935 0.0048717357414689924 0.0035947111809199535 -0.00076245884121237128 -0.0027477425713682683 -0.0044633414817680352 0.0004275471298170438 -0.00035469476206618345 0.00089715069790477216 -0.0016548228800695921 0.0029343807084406524 0.00031815389598390664 -0.0054550887286958965 -0.00071292642363399823
leaf_weight=136 742 100 217 178 195 193 159 8454 4025 270 477 788 193 149
leaf_count=136 742 100 217 178 195 193 159 8454 4025 270 477 788 193 149
internal_value=3.43171e-05 0.00134877 -3.82198e-05 0.00166088 -8.39208e-05 -5.2329e-05 0.000403347 -0.000263797 0.000722628 -0.000178273 0.000789372 0.00131995 -0.00224752 -0.00346801
internal_weight=16276 842 15434 395 15039 14903 4721 10182 4220 9989 1535 1265 501 342
internal_count=16276 842 15434 395 15039 14903 4721 10182 4220 9989 1535 1265 501 342
is_linear=0
shrinkage=0.03


Tree=99
num_leaves=15
num_cat=0
split_feature=4 0 5 5 6 8 6 6 4 5 1 8 5 6
split_gain=2.40512 1.77491 2.72822 2.7503 2.74536 2.67909 2.63167 1.93079 1.77981 1.83751 1.97021 1.80575 1.67846 2.15914
threshold=-0.6795061728395061 0.77913279132791335 -0.1977011494252873 0.57223113964687011 -0.30320054477357838 0.079682539682539702 -0.59537185660781156 0.88303693570451447 0.57223113964687011 0.80746061167747929 0.038218111002921169 0.83584100606332823 -0.6557112068965516 -0.077787381158167621
decision_type=2 2 2 2 2 2 2 2 2 2 2 2 2 2
left_child=-1 12 -3 4 6 -6 -4 8 -5 10 -10 -11 13 -2
right_child=1 2 3 7 5 -7 -8 -9 9 11 -12 -13 -14 -15
leaf_value=-0.00080923070117773044 -0.0032107491330064545 0.0041765248070160547 -0.00022685839701443909 -0.00077592177057664812 0.0042070411150701911 -0.00076190376562080555 -0.0068105543909425083 -0.0018422334937781284 0.0021639867066120615 -0.00016738364472985268 0.0075299811030907389 0.004170525598716229 0.0001618374560457805 0.00010212437511793823
leaf_weight=2479 302 215 110 133 120 384 100 108 137 221 122 131 11305 408
leaf_count=2479 302 215 110 133 120 384 100 108 137 221 122 131 11305 408
internal_value=4.91932e-05 0.000203918 0.00108496 0.000636702 -0.000731573 0.00048001 -0.00352902 0.00177854 0.0023216 0.00299749 0.00487756 0.00151762 7.2526e-05 -0.00133204
internal_weight=16275 13796 1781 1566 714 504 210 852 744 611 259 352 12015 710
internal_count=16275 13796 1781 1566 714 504 210 852 744 611 259 352 12015 710
is_linear=0
shrinkage=0.03


Tree=100
num_leaves=15
num_cat=0
split_feature=9 7 3 9 6 7 2 0 5 7 6 5 8 9
split_gain=1.74912 1.87985 1.69334 2.46883 2.19939 2.89296 3.28908 2.57175 2.6744 1.99339 1.9692 2.74749 3.00274 3.32727
threshold=0.74050024050024055 0.89851963098047638 -0.44224170796797557 -0.89309523809523805 -0.093541666666666676 -0.51316701316701308 -1.0000000180025095e-35 -0.55424836601307181 0.38548951048951058 -0.61242176215695709 -0.49055258467023172 0.86402157164869031 0.57223113964687011 -0.68057971014492746
decision_type=2 2 2 2 2 2 2 2 2 2 2 2 2 2
left_child=2 -2 4 -4 7 6 9 -1 -9 -6 11 12 13 -5
right_child=1 -3 3 10 5 -7 -8 8 -10 -11 -12 -13 -14 -15
leaf_value=-0.0030662134233294279 0.00042320229661820403 0.0029474005363632929 0.0020316061840655849 -0.0033901236909299102 -0.0018561562987815703 0.00046572561125814881 0.0012920503782479799 -0.001309085524532604 0.0031773661052020602 -0.0061019783725907257 0.00024069159676209137 0.0020452868135260606 -0.0029696761774321979 8.7891665409611108e-05
leaf_weight=605 1926 299 542 284 434 1955 232 598 139 126 6749 280 552 1564
leaf_count=605 1926 299 542 284 434 1955 232 598 139 126 6749 280 552 1564
internal_value=-5.537e-06 0.000774079 -0.000129374 8.15651e-05 -0.000642692 -0.000154579 -0.00167248 -0.0016333 -0.000431722 -0.00290176 -3.25612e-05 -0.000719026 -0.00104868 -0.000461978
internal_weight=16285 2225 14060 9971 4089 2747 792 1342 737 560 9429 2680 2400 1848
internal_count=16285 2225 14060 9971 4089 2747 792 1342 737 560 9429 2680 2400 1848
is_linear=0
shrinkage=0.03


Tree=101
num_leaves=15
num_cat=0
split_feature=4 9 7 7 1 3 4 8 8 1 0 1 4 1
split_gain=1.90608 1.88359 1.66168 1.98633 1.94524 1.40718 2.67458 1.58578 2.15087 2.07945 2.8065 2.33995 1.70352 1.3824
threshold=-0.96521476104053228 0.90786914235190108 0.74625530963559139 -0.28165064102564097 0.54884143571104049 0.94160272804774092 0.50910294604435635 -0.83584100606332801 -0.8088714938030005 0.26713615023474185 -0.028991596638655467 0.50280898876404501 0.39305778491171756 -1.0000000180025095e-35
decision_type=2 2 2 2 2 2 2 2 2 2 2 2 2 2
left_child=-1 5 3 -3 -5 7 -7 9 -9 10 13 -11 -12 -2
right_child=1 2 -4 4 -6 6 -8 8 -10 11 12 -13 -14 -15
leaf_value=-0.0028717859455160968 -0.0024407206006511269 0.0036082922208309173 0.0030569827285616947 0.00060397715768453308 -0.0038246819503893626 -0.0025014421750881501 0.0025553835381633872 0.0030046336946956964 -0.00015308438616066383 0.0036506474476822831 0.0030764967074529046 -0.0012915963175050881 -0.0020287419674364297 -0.006278650541020476
leaf_weight=211 441 115 301 299 116 114 394 187 13408 131 116 213 101 105
leaf_count=211 441 115 301 299 116 114 394 187 13408 131 116 213 101 105
internal_value=-0.00010465 -6.64847e-05 0.00131567 0.000288436 -0.000694779 -0.000142814 0.0013942 -0.000196834 -0.000107473 -0.00128348 -0.00214795 0.000640439 0.000715631 -0.00327843
internal_weight=16252 16041 831 530 415 15210 508 14702 13595 1107 763 344 217 546
internal_count=16252 16041 831 530 415 15210 508 14702 13595 1107 763 344 217 546
is_linear=0
shrinkage=0.03


Tree=102
num_leaves=15
num_cat=0
split_feature=0 1 3 1 1 2 6 8 8 4 1 2 1 4
split_gain=2.41399 2.03068 2.02819 1.90191 1.96391 2.54351 1.9481 2.40285 2.39253 2.96441 2.09392 2.06847 1.9788 1.65396
threshold=-0.96799795186891957 0.97315315315315332 0.62583333333333346 0.96396103896103902 -0.29679679679679671 -0.89403508771929807 0.80746061167747929 -0.8171368861024032 -0.54487917146144982 0.36055555555555568 0.41004623791509048 0.97036874451273059 0.21261798310978644 0.83584100606332823
decision_type=2 2 2 2 2 2 2 2 2 2 2 2 2 2
left_child=-1 3 -3 4 -2 -6 7 10 -8 12 -7 13 -10 -9
right_child=1 2 -4 -5 5 6 8 11 9 -11 -12 -13 -14 -15
leaf_value=0.0038930200796959726 0.00046952833804044891 -0.0047754338641704027 0.00027426058181943434 0.0029497285337368052 -0.0037684341249938978 7.4715648756124253e-05 -0.0018003776601491202 -0.00043867626676927565 0.002881241872633711 0.003956817230628803 0.0034941250679459959 0.0028029453697647052 -0.0006860886795180479 -0.0025049087182679747
leaf_weight=135 5494 148 129 191 170 420 218 7660 193 315 252 161 442 356
leaf_count=135 5494 148 129 191 170 420 218 7660 193 315 252 161 442 356
internal_value=3.94416e-05 4.83774e-06 -0.00249615 5.00296e-05 1.28528e-05 -0.000233658 -0.00016997 -0.00032222 0.000976451 0.00162578 0.00138943 -0.000464412 0.000426016 -0.000533447
internal_weight=16284 16149 277 15872 15681 10187 10017 8849 1168 950 672 8177 635 8016
internal_count=16284 16149 277 15872 15681 10187 10017 8849 1168 950 672 8177 635 8016
is_linear=0
shrinkage=0.03


Tree=103
num_leaves=15
num_cat=0
split_feature=6 6 7 5 9 7 9 9 9 6 7 8 8 2
split_gain=2.65814 2.62102 2.68737 1.90071 1.64607 2.81504 1.99773 1.88384 1.63569 1.63107 2.86497 2.19409 3.24714 2.33933
threshold=0.41004623791509048 0.42444997924449984 -0.86159003831417613 -0.96799795186891957 0.11200716845878135 0.94904251866277189 0.06472559698366144 0.92749178532311072 0.97036874451273059 -0.93495505023796921 0.11237373737373736 -0.72264957264957252 -0.79887640449438191 0.94160272804774092
decision_type=2 2 2 2 2 2 2 2 2 2 2 2 2 2
left_child=3 -2 -3 -1 5 6 9 -6 -9 10 -5 12 -11 -13
right_child=1 2 -4 4 7 -7 -8 8 -10 11 -12 13 -14 -15
leaf_value=-0.0039651732372435475 0.0047246759202807468 -0.0024977273252056098 0.00062451125975174074 0.00014289941755123435 -0.00083519225130679017 0.0045138416066765781 0.0024325150625744097 0.0025068587048552829 -0.00090291215893175086 -0.00016886127410664748 -0.0060415922322895671 0.00012798935629211507 -0.0040246235506430743 0.0037334581037742152
leaf_weight=114 123 253 4437 166 4449 117 280 292 211 652 103 4535 272 158
leaf_count=114 123 253 4437 166 4449 117 280 292 211 652 103 4535 272 158
internal_value=-2.0174e-05 0.000569911 0.000451128 -0.000270705 -0.000229725 9.26967e-05 1.6325e-06 -0.000638169 0.0010868 -0.000117935 -0.00235681 -6.71715e-06 -0.00133483 0.000257056
internal_weight=16162 4813 4690 11349 11235 6283 6166 4952 503 5886 269 5617 924 4693
internal_count=16162 4813 4690 11349 11235 6283 6166 4952 503 5886 269 5617 924 4693
is_linear=0
shrinkage=0.03


Tree=104
num_leaves=15
num_cat=0
split_feature=0 0 7 4 5 8 8 4 9 7 7 2 8 6
split_gain=1.62588 1.86229 4.34193 1.50644 3.94211 1.98981 1.56033 1.68863 1.51142 1.70913 2.52178 1.40648 1.37673 1.94342
threshold=-0.96521476104053228 -0.88433667781493852 0.57223113964687011 0.96396103896103902 0.89237451737451745 0.61152570480928703 0.94904251866277189 0.93700396825396837 0.93239382974671503 0.90786914235190108 0.41795166858458005 0.26713615023474185 0.82807881773399028 -0.64631422189128795
decision_type=2 2 2 2 2 2 2 2 2 2 2 2 2 2
left_child=-1 2 -2 6 -5 -6 7 8 12 10 -10 -12 -3 -14
right_child=1 3 -4 4 5 -7 -8 -9 9 -11 11 -13 13 -15
leaf_value=0.0025832780498811709 -0.0027982897012361991 -3.1154019949361418e-05 0.0038082699636844074 0.0059778018482029432 -0.0028917944860130324 0.0025028482584380789 -0.0017501981595463196 -0.0033656786371931784 0.002843256985701351 0.0044306561120271261 0.00054324168151928271 -0.0038268930029768783 -0.0016783948949647739 0.0019207177164386386
leaf_weight=214 489 13224 100 128 124 104 422 117 239 133 148 107 160 674
leaf_count=214 489 13224 100 128 124 104 422 117 239 133 148 107 160 674
internal_value=4.49121e-05 9.74036e-06 -0.00163178 7.28048e-05 0.00197476 -0.00042931 2.70622e-05 7.88787e-05 0.000108594 0.0015379 0.00068662 -0.00136571 4.37981e-05 0.00121854
internal_weight=16383 16169 589 15580 356 228 15224 14802 14685 627 494 255 14058 834
internal_count=16383 16169 589 15580 356 228 15224 14802 14685 627 494 255 14058 834
is_linear=0
shrinkage=0.03


Tree=105
num_leaves=15
num_cat=0
split_feature=1 8 5 5 8 1 0 7 7 8 6 0 1 9
split_gain=1.5005 1.95212 1.43845 2.81666 1.73761 1.56615 1.62272 1.65429 1.53741 1.47732 1.48856 1.62577 1.44827 1.43547
threshold=0.97315315315315332 0.43951219512195122 0.93239382974671503 0.90786914235190108 0.88303693570451447 0.52586975914362188 -0.8088714938030005 0.06472559698366144 -0.96799795186891957 0.82807881773399028 0.80746061167747929 0.96850198412698418 0.54884143571104049 -0.64140834290088011
decision_type=2 2 2 2 2 2 2 2 2 2 2 2 2 2
left_child=2 -2 3 4 8 6 -4 -8 -1 10 11 -10 -6 -12
right_child=1 -3 5 -5 12 -7 7 -9 9 -11 13 -13 -14 -15
leaf_value=-0.0030134743071344853 -0.0052934808778491889 -0.00023339166789530561 -0.002463334914673829 -0.00394954458998939 -0.0021151236260009794 0.0037535161237874249 0.0044775197841227053 7.331175510998725e-05 -6.8320081595825728e-05 0.0018554883203821169 -0.0009136424350592318 0.0031267895483379736 0.00054009004096899709 0.0015109943302369915
leaf_weight=132 100 185 116 153 586 175 104 236 12427 420 269 135 263 1065
leaf_count=132 100 185 116 153 586 175 104 236 12427 420 269 135 263 1065
internal_value=-7.88959e-06 -0.00212812 3.09859e-05 -2.67722e-05 1.50178e-05 0.00142354 0.000468008 0.00150992 9.2893e-05 0.000123619 6.9977e-05 -3.15234e-05 -0.00129589 0.00101891
internal_weight=16366 285 16081 15450 15297 631 456 340 14448 14316 13896 12562 849 1334
internal_count=16366 285 16081 15450 15297 631 456 340 14448 14316 13896 12562 849 1334
is_linear=0
shrinkage=0.03


Tree=106
num_leaves=15
num_cat=0
split_feature=4 1 2 0 3 2 6 7 7 6 7 6 3 2
split_gain=1.37502 1.69925 1.69223 2.08307 2.09915 2.69398 2.14214 2.0683 1.92835 1.67288 2.56634 1.82047 1.66984 2.23642
threshold=0.74050024050024055 0.57223113964687011 0.96693989071038255 0.94904251866277189 0.9194594594594595 0.75411605937921733 -0.71256454388984503 0.61781229345670863 0.27518115942028981 -0.49055258467023172 0.94904251866277189 0.40279123861213423 -0.53752345215759834 -0.79887640449438191
decision_type=2 2 2 2 2 2 2 2 2 2 2 2 2 2
left_child=1 9 3 4 5 6 8 -4 -2 -1 12 -12 13 -11
right_child=2 -3 7 -5 -6 -7 -8 -9 -10 10 11 -13 -14 -15
leaf_value=-0.00058468520848794787 0.00081531013342378252 -0.00077061874970517016 0.005684871530878966 -0.0022036880500798609 0.0035544039623838074 -0.0019877071489718856 0.0017883066727749271 -6.1301880742649779e-05 -0.0035360294252954768 0.0013686909547931795 0.005708181180614438 0.00032890579214186539 0.00043792910638814166 -0.00097666008076412723
leaf_weight=2778 226 2808 117 233 203 332 905 101 141 447 121 102 5979 1838
leaf_count=2778 226 2808 117 233 203 332 905 101 141 447 121 102 5979 1838
internal_value=-1.34459e-06 -0.000111746 0.00068419 0.000408083 0.000755127 0.000381027 0.00100996 0.00313673 -0.000905908 5.30278e-05 0.000262209 0.00336742 0.000174448 -0.000513889
internal_weight=16331 14073 2258 2040 1807 1604 1272 218 367 11265 8487 223 8264 2285
internal_count=16331 14073 2258 2040 1807 1604 1272 218 367 11265 8487 223 8264 2285
is_linear=0
shrinkage=0.03


Tree=107
num_leaves=15
num_cat=0
split_feature=0 3 0 7 4 3 3 4 1 4 4 7 3 3
split_gain=2.18623 2.40519 1.98771 2.32677 2.74948 7.84435 3.01084 2.08301 2.5307 1.79778 1.53584 3.62396 4.19318 1.42123
threshold=-0.94904251866277167 -0.22623655913978494 -0.605448480355819 0.86402157164869031 0.84712755598831568 -0.6955588929414287 -0.6955588929414287 0.74050024050024055 0.51765683423348574 -0.34351679104477606 0.93239382974671503 0.63356807511737101 0.73152530032763019 0.4709263015551049
decision_type=2 2 2 2 2 2 2 2 2 2 2 2 2 2
left_child=1 -1 3 4 6 -6 9 8 -8 -2 -4 12 -12 -10
right_child=2 -3 10 -5 5 -7 7 -9 13 -11 11 -13 -14 -15
leaf_value=7.3017691132388538e-05 0.00033439272498199304 0.0057177193916383351 6.5351017934201208e-05 0.0025756972369978602 0.002684744187546047 -0.0064257377089932555 0.00045127927503099658 0.0032159389174959965 -0.003343459317398126 -0.0033326757223833413 0.0075854884537960021 -0.0015061819568080337 -0.00021803425906711263 0.00069127451109774743
leaf_weight=148 161 116 12817 168 122 240 1129 161 293 447 132 161 109 102
leaf_count=148 161 116 12817 168 122 240 1129 161 293 447 132 161 109 102
internal_value=1.42636e-05 0.00267142 -3.11017e-05 -0.000752255 -0.000971712 -0.00336572 -0.000580792 7.56857e-05 -0.000274862 -0.00237193 0.000123357 0.0019263 0.00418802 -0.00231024
internal_weight=16306 264 16042 2823 2655 362 2293 1685 1524 608 13219 402 241 395
internal_count=16306 264 16042 2823 2655 362 2293 1685 1524 608 13219 402 241 395
is_linear=0
shrinkage=0.03


Tree=108
num_leaves=15
num_cat=0
split_feature=7 5 5 8 5 8 4 1 1 9 2 1 4 8
split_gain=1.79809 1.86203 2.23886 1.84388 3.00075 2.47167 2.28948 1.65685 1.71454 2.52616 1.59232 1.45457 3.64256 3.3724
threshold=-0.96799795186891957 0.97315315315315332 0.96396103896103902 -0.86949116457313169 0.83584100606332823 -0.83584100606332801 0.96396103896103902 0.38548951048951058 -0.051956815114709891 -0.36489262371615311 -1.0000000180025095e-35 0.22623655913978494 0.29073091057574524 0.76293487957181094
decision_type=2 2 2 2 2 2 2 2 2 2 2 2 2 2
left_child=-1 2 3 4 7 -5 11 8 9 -2 -3 13 -13 -7
right_child=1 10 -4 5 -6 6 -8 -9 -10 -11 -12 12 -14 -15
leaf_value=-0.0031477642656069578 -0.00017006742126285667 0.00020284370893983885 0.0034027408303800208 -0.0027311515279306478 -0.0030010132397673712 0.00052353476271120157 0.003139714930981937 0.0046276331989950426 -0.0011718201034509853 0.0044448525449619272 -0.0042151583381214294 -0.00084847232051937121 0.00073198510281834259 -0.0013344060618743548
leaf_weight=142 195 132 181 271 109 7628 211 175 169 224 153 3800 1993 984
leaf_count=142 195 132 181 271 109 7628 211 175 169 224 153 3800 1993 984
internal_value=0.000100136 0.000130483 0.000174085 0.000134868 0.00146765 5.58682e-05 0.000109375 0.0021366 0.00133023 0.0023432 -0.00223141 6.28405e-05 -0.000304414 0.000309947
internal_weight=16367 16225 15940 15759 872 14887 14616 763 588 419 285 14405 5793 8612
internal_count=16367 16225 15940 15759 872 14887 14616 763 588 419 285 14405 5793 8612
is_linear=0
shrinkage=0.03


Tree=109
num_leaves=15
num_cat=0
split_feature=6 7 3 3 3 6 6 6 9 2 9 2 8 8
split_gain=1.93679 1.50503 1.28016 2.10255 4.25577 3.03847 2.27587 2.71856 1.43545 2.35237 2.10611 2.7358 5.36588 2.18273
threshold=-0.94904251866277167 0.25317269076305232 1.0000000180025095e-35 0.097167584579071611 0.1564382530120482 0.63356807511737101 0.22623655913978494 -0.3965259059598682 0.93239382974671503 -0.21261798310978638 0.3371212121212121 0.3228287841191067 0.11237373737373736 0.42444997924449984
decision_type=2 2 2 2 2 2 2 2 2 2 2 2 2 2
left_child=1 -1 -2 5 6 -4 7 -5 10 -10 -6 12 -12 -14
right_child=2 -3 3 4 8 -7 -8 -9 9 -11 11 -13 13 -15
leaf_value=-0.00051510336763101682 -0.00018297199239599875 -0.0049889402626426653 0.0010328728999678062 -0.0038138048366551671 0.00068788784493857883 0.0063780152871394935 -0.004865653645427021 0.0017719456622845343 0.0057178721804546345 0.00079546385956690544 -0.0035174699129540761 0.0005944516656913012 0.0031005493840319102 -0.00072500456853701576
leaf_weight=163 7947 109 608 132 4029 105 198 166 105 382 570 1138 190 400
leaf_count=163 7947 109 608 132 4029 105 198 166 105 382 570 1138 190 400
internal_value=4.33325e-05 -0.00242127 8.67983e-05 0.000353908 0.000200978 0.00189735 -0.00245406 -0.000745772 0.000397555 0.00195046 0.000275136 -0.000448373 -0.00146776 0.000538097
internal_weight=16242 272 15970 8023 7310 713 496 298 6814 487 6327 2298 1160 590
internal_count=16242 272 15970 8023 7310 713 496 298 6814 487 6327 2298 1160 590
is_linear=0
shrinkage=0.03


Tree=110
num_leaves=15
num_cat=0
split_feature=2 1 1 5 1 4 1 7 0 9 1 3 4 2
split_gain=2.62424 2.20702 1.8992 1.96735 3.29925 2.65263 1.90609 2.04911 3.1296 2.57152 1.97962 1.93119 1.94242 2.38769
threshold=0.80123456790123471 -0.37284167398302598 -0.49712643678160912 0.90786914235190108 0.52586975914362188 0.62583333333333346 -0.8767331433998099 -0.28165064102564097 -0.77388922702373697 0.40279123861213423 -0.90143695608176466 0.74050024050024055 0.89237451737451745 -0.87577160493827144
decision_type=2 2 2 2 2 2 2 2 2 2 2 2 2 2
left_child=2 -2 6 -4 5 -5 10 8 -8 -10 11 12 13 -1
right_child=1 -3 3 4 -6 -7 7 -9 9 -11 -12 -13 -14 -15
leaf_value=-0.0031279854614298199 -0.0013581301002233898 0.0015668883192405689 -0.00025535013174559105 -0.0014515018228883855 0.00085130211583013277 -0.0081252604992213557 0.0040548322933487771 0.001373052677188889 -0.0018051447003359022 0.0021309265939635225 -0.0035572316039957706 -0.0035830808225038803 0.0038793637750363396 0.0014600918224470605
leaf_weight=155 268 1452 10323 115 156 100 119 1936 675 182 175 104 122 258
leaf_count=155 268 1452 10323 115 156 100 119 1936 675 182 175 104 122 258
internal_value=1.80489e-06 0.00110591 -0.000130567 -0.000333747 -0.00245118 -0.00477874 0.000451914 0.000810283 -0.000308634 -0.000954309 -0.000824388 -3.26783e-05 0.000710574 -0.000295066
internal_weight=16140 1720 14420 10694 371 215 3726 2912 976 857 814 639 535 413
internal_count=16140 1720 14420 10694 371 215 3726 2912 976 857 814 639 535 413
is_linear=0
shrinkage=0.03


Tree=111
num_leaves=15
num_cat=0
split_feature=6 6 9 9 4 1 7 7 9 4 2 1 1 5
split_gain=1.64371 1.77901 1.54176 2.05297 1.61207 1.72396 1.49157 1.58706 1.55416 1.37234 1.40914 3.66178 3.20152 2.15326
threshold=0.39305778491171756 0.43263412666397744 -0.89309523809523805 -0.64140834290088011 0.93239382974671503 0.97036874451273059 -0.16172624237140362 -0.63019943019943014 -0.72264957264957252 -0.96521476104053228 0.70991117344553545 -0.3797960174842156 -0.5070478459400436 0.61781229345670863
decision_type=2 2 2 2 2 2 2 2 2 2 2 2 2 2
left_child=9 -2 -3 6 5 -5 7 -4 -8 -1 11 -11 -12 -14
right_child=1 2 3 4 -6 -7 8 -9 -10 10 12 -13 13 -15
leaf_value=-0.0031449066133653692 0.0025602098742411252 0.0027831668547792904 -0.00051369279992349187 0.00035935777029942877 0.003372170747167641 -0.0034358245647839597 0.0009593452766854712 -0.0054637976818005833 -0.0029369236304540268 0.00035345446218772717 -0.0022476706993371938 -0.00087243616105251603 0.00026696713652562594 0.0026138749832163508
leaf_weight=138 305 194 106 3688 145 101 272 126 127 3614 306 5550 1043 523
leaf_count=138 305 194 106 3688 145 101 272 126 127 3614 306 5550 1043 523
internal_value=-7.14713e-05 0.000376421 0.000231389 0.000117099 0.000372773 0.000249415 -0.00145786 -0.0033168 -0.000322306 -0.000274609 -0.000235902 -0.000389124 0.000512246 0.00106238
internal_weight=16238 5064 4759 4565 3934 3789 631 232 399 11174 11036 9164 1872 1566
internal_count=16238 5064 4759 4565 3934 3789 631 232 399 11174 11036 9164 1872 1566
is_linear=0
shrinkage=0.03


Tree=112
num_leaves=15
num_cat=0
split_feature=6 2 0 4 8 8 0 3 2 7 7 5 4 0
split_gain=1.7117 2.28451 2.18846 1.73714 1.68149 1.94112 1.62082 2.74025 3.35408 2.07992 1.64438 2.03812 2.1892 1.51702
threshold=0.39305778491171756 0.89851963098047638 0.77913279132791335 0.42444997924449984 0.87577160493827166 0.82807881773399028 0.66249413237365062 -0.41897974493623397 -0.31198770491803274 0.51765683423348574 -0.77388922702373697 -0.26453684922244752 -0.4752049180327868 -0.8088714938030005
decision_type=2 2 2 2 2 2 2 2 2 2 2 2 2 2
left_child=1 4 3 -3 5 6 10 -8 -9 -10 11 12 -1 -5
right_child=-2 2 -4 13 -6 -7 7 8 9 -11 -12 -13 -14 -15
leaf_value=0.00088157003686265304 0.00040071806817034745 0.0025205525737445446 0.004385418858529699 0.0020716330852698192 -0.0018938029906599629 0.0023188950450691794 -0.0055602621111273762 0.001773611966346837 -0.0027225004247385131 0.00049144591441248537 -0.00035599582745514987 0.0019984765110540223 -0.0034456308720702371 -0.0021810995889637542
leaf_weight=292 5035 211 157 100 609 242 115 309 630 249 7240 621 152 235
leaf_count=292 5035 211 157 100 609 242 115 309 630 249 7240 621 152 235
internal_value=-5.79761e-05 -0.000265059 0.00137857 0.000450634 -0.000376746 -0.000281125 -0.000348956 -0.00132853 -0.000875904 -0.00181678 -0.000193853 0.00090147 -0.000643079 -0.000888376
internal_weight=16197 11162 703 546 10459 9850 9608 1303 1188 879 8305 1065 444 335
internal_count=16197 11162 703 546 10459 9850 9608 1303 1188 879 8305 1065 444 335
is_linear=0
shrinkage=0.03


Tree=113
num_leaves=15
num_cat=0
split_feature=1 5 4 8 7 1 0 7 1 0 2 4 8 2
split_gain=2.34748 2.00626 1.6997 1.67753 1.5661 1.49084 1.54487 3.07542 3.11408 4.81273 2.17359 3.38413 1.93075 2.04575
threshold=0.97036874451273059 -0.41101055806938153 -0.35538545653362491 0.43951219512195122 -0.41897974493623397 0.96396103896103902 -0.82554347826086938 0.73152530032763019 -0.8088714938030005 -0.96521476104053228 -0.70473174366616986 0.81438415159345401 -0.051956815114709891 0.73152530032763019
decision_type=2 2 2 2 2 2 2 2 2 2 2 2 2 2
left_child=1 2 -1 -2 -4 6 7 8 -3 -10 -11 -12 13 -8
right_child=3 5 4 -5 -6 -7 12 -9 9 10 11 -13 -14 -15
leaf_value=-0.00019332568965087232 -0.0050920432610863835 -0.0048171207625418901 -0.003956165576230357 -0.00075362060323210531 -0.00086246993119961453 0.003355319725913586 0.00059990346161953821 0.0035676443888697515 0.0047676154237527111 0.0022303737682461545 -0.00088683569336065599 -0.0061315897980007946 -3.9680848683949062e-06 0.002580030029143799
leaf_weight=3946 121 180 201 218 515 132 4064 119 120 108 432 141 5450 523
leaf_count=3946 121 180 201 218 515 132 4064 119 120 108 432 141 5450 523
internal_value=3.02716e-05 8.35396e-05 -0.000439286 -0.00240368 -0.00177348 0.000300031 0.000260841 -0.000801715 -0.00136239 -0.000536224 -0.00152629 -0.00226047 0.000377973 0.000830795
internal_weight=16270 15931 4662 339 716 11269 11137 1100 981 801 681 573 10037 4587
internal_count=16270 15931 4662 339 716 11269 11137 1100 981 801 681 573 10037 4587
is_linear=0
shrinkage=0.03


Tree=114
num_leaves=15
num_cat=0
split_feature=2 5 3 2 5 9 3 9 3 5 5 2 9 5
split_gain=2.04129 1.63873 1.62724 2.0772 2.46778 1.67172 1.41467 1.62288 1.89129 3.7525 2.90033 2.33981 2.93598 1.46038
threshold=-0.96799795186891957 0.97315315315315332 -0.18245838668373873 0.53456514813634926 0.70209762000806786 0.82807881773399028 -0.24852941176470586 -0.014709063378758378 -0.72264957264957252 -0.059532246633593182 -0.90143695608176466 -0.53752345215759834 0.36417112299465243 -0.90143695608176466
decision_type=2 2 2 2 2 2 2 2 2 2 2 2 2 2
left_child=-1 2 3 4 5 6 7 13 9 -9 -10 -12 -13 -2
right_child=1 -3 -4 -5 -6 -7 -8 8 10 -11 11 12 -14 -15
leaf_value=-0.0035414866586467504 -0.0026760461934062902 -0.0022327949347204922 0.00028899243301317389 -0.0017770724227328658 0.002041835907021746 0.0019699944958666911 -0.0022048551610464708 -0.0038576100712214311 0.0037964431607563579 0.0011290266469873378 0.0011845667536765562 -0.0034684067831914373 -4.4949393310449326e-05 0.00040709297394367659
leaf_weight=138 137 281 9422 775 425 264 367 420 130 193 386 399 503 2333
leaf_count=138 137 281 9422 775 425 264 367 420 130 193 386 399 503 2333
internal_value=-3.43909e-05 -2.01986e-06 3.9161e-05 -0.000332457 -0.000128155 -0.000311482 -0.000438995 -0.000290443 -0.000916525 -0.00229467 -0.000308856 -0.000749267 -0.00158074 0.000225984
internal_weight=16173 16035 15754 6332 5557 5132 4868 4501 2031 613 1418 1288 902 2470
internal_count=16173 16035 15754 6332 5557 5132 4868 4501 2031 613 1418 1288 902 2470
is_linear=0
shrinkage=0.03


Tree=115
num_leaves=15
num_cat=0
split_feature=4 5 9 9 8 1 1 1 8 0 0 8 7 1
split_gain=2.44697 1.99588 4.05969 2.88115 2.41518 3.03308 2.43573 2.91757 1.88694 3.67327 2.8013 3.40352 2.32542 2.07319
threshold=0.57223113964687011 0.42444997924449984 -0.57052441229656403 -0.93984622342831292 0.89851963098047638 0.92749178532311072 0.89851963098047638 0.96850198412698418 -0.059532246633593182 -0.83584100606332801 -0.71256454388984503 -0.35538545653362491 0.43951219512195122 -0.74625530963559117
decision_type=2 2 2 2 2 2 2 2 2 2 2 2 2 2
left_child=-1 2 -2 -3 6 -6 8 -8 9 -5 -11 13 -10 -12
right_child=1 3 -4 4 5 -7 7 -9 12 10 11 -13 -14 -15
leaf_value=-0.00013190946559729432 -0.0025338840926838616 0.0042465055037311395 0.0041153822966747879 -0.0025074126890851059 0.0039480691615026448 -0.0019366747186603868 0.0053248058648840075 -0.00058032413789381584 -0.00010251389240401851 0.0046708888257341969 0.0023975833448079916 0.0037698765819032601 -0.0029208995601414131 -0.0017943985545471738
leaf_weight=12652 100 163 348 286 290 100 145 143 608 172 133 198 456 407
leaf_count=12652 100 163 348 286 290 100 145 143 608 172 133 198 456 407
internal_value=6.34797e-05 0.000758445 0.00260825 0.000483679 0.000261222 0.00242847 -7.86964e-05 0.00247166 -0.000413154 0.000403509 0.00133568 0.000506316 -0.00132634 -0.000737109
internal_weight=16201 3549 448 3101 2938 390 2548 288 2260 1196 910 738 1064 540
internal_count=16201 3549 448 3101 2938 390 2548 288 2260 1196 910 738 1064 540
is_linear=0
shrinkage=0.03


Tree=116
num_leaves=15
num_cat=0
split_feature=8 7 0 8 6 7 1 4 1 2 4 7 1 1
split_gain=1.54942 1.90531 2.95229 2.71309 2.1285 1.87759 2.12483 1.86084 1.52762 1.5759 1.60469 2.76718 3.05413 4.01954
threshold=0.97036874451273059 0.54884143571104049 -0.86949116457313169 0.90342013214146921 -0.85129906025428403 0.58939234281700037 0.12922201138519931 0.75411605937921733 -0.93495505023796921 0.90342013214146921 0.79361054766734296 0.37771377935312361 0.088421444527177942 0.66249413237365062
decision_type=2 2 2 2 2 2 2 2 2 2 2 2 2 2
left_child=1 8 -3 4 -4 6 -6 -5 -1 10 -10 12 -12 -14
right_child=-2 2 3 7 5 -7 -8 -9 9 -11 11 -13 13 -15
leaf_value=0.0019869018266196244 -0.0020702250400345826 0.0042844204134155957 -0.0032445115211885422 0.0011714559368368599 0.0050524051343121667 7.4953959944399983e-05 -0.00035742972420937404 0.0062059807957016988 -0.00022366032360381541 0.0013188356805084781 0.00073070710302320318 -0.0057361872481159499 -0.0067055301739515471 7.447610690217951e-06
leaf_weight=271 330 174 150 176 141 2765 113 102 10726 540 445 113 139 174
leaf_count=271 330 174 150 176 141 2765 113 102 10726 540 445 113 139 174
internal_value=-6.61695e-05 -2.36456e-05 0.000580864 0.000382061 0.000128287 0.000306024 0.00272329 0.00317 -0.000200384 -0.000250818 -0.000324981 -0.001556 -0.000866252 -0.00308902
internal_weight=16359 16029 3621 3447 3169 3019 254 278 12408 12137 11597 871 758 313
internal_count=16359 16029 3621 3447 3169 3019 254 278 12408 12137 11597 871 758 313
is_linear=0
shrinkage=0.03


Tree=117
num_leaves=15
num_cat=0
split_feature=0 6 0 7 3 4 4 4 4 4 9 6 6 7
split_gain=1.6718 1.74047 1.72342 2.44015 1.88418 1.63472 1.68519 1.60172 1.70111 1.53803 1.32535 2.88774 1.53031 1.34455
threshold=-0.96799795186891957 0.72524509803921589 -0.24025316455696197 0.47885646217986894 0.87577160493827166 0.77096018735363003 0.62583333333333346 0.41795166858458005 0.048199767711962889 -0.64631422189128795 0.63356807511737101 -0.89403508771929807 0.68651074887786456 0.92749178532311072
decision_type=2 2 2 2 2 2 2 2 2 2 2 2 2 2
left_child=-1 10 3 7 5 6 9 8 -3 -4 12 -12 -2 -13
right_child=1 2 4 -5 -6 -7 -8 -9 -10 -11 11 13 -14 -15
leaf_value=0.003314289616934698 -0.00013850959672958131 -0.0011633322646107888 -0.00057368993719227707 0.0023738919881690131 -0.0023192399315153942 0.0044232171129700622 -0.0021648820885851725 0.00064918439146208695 -0.0058215810245072297 0.0021136351793388936 -0.0038944462440937059 0.00055142057120688491 -0.0025361116678759574 0.0029233371490947745
leaf_weight=135 10971 216 232 196 107 162 108 193 100 1000 115 2253 235 229
leaf_count=135 10971 216 232 196 107 162 108 193 100 1000 115 2253 235 229
internal_value=0.000107332 7.84312e-05 0.000837971 -0.000395078 0.00137735 0.00165428 0.00128925 -0.00148652 -0.00277082 0.00160704 -4.94161e-05 0.00055993 -0.000191006 0.000781117
internal_weight=16252 16117 2314 705 1609 1502 1340 509 316 1232 13803 2597 11206 2482
internal_count=16252 16117 2314 705 1609 1502 1340 509 316 1232 13803 2597 11206 2482
is_linear=0
shrinkage=0.03


Tree=118
num_leaves=15
num_cat=0
split_feature=4 6 2 3 7 4 2 8 0 7 4 6 7 3
split_gain=1.49706 2.66978 2.51279 2.82181 2.6503 2.3282 2.0653 1.87823 2.68369 2.44026 1.69942 2.48799 1.60703 1.60626
threshold=0.57223113964687011 -0.93495505023796921 0.96693989071038255 0.96396103896103902 0.68651074887786456 0.68651074887786456 -0.63911657559198531 0.89237451737451745 0.90786914235190108 0.58939234281700037 0.49274752995585464 0.67188646929287998 -0.96799795186891957 0.73152530032763019
decision_type=2 2 2 2 2 2 2 2 2 2 2 2 2 2
left_child=10 -2 3 5 -4 6 -3 8 13 -9 12 -12 -1 -7
right_child=1 2 4 -5 -6 7 -8 9 -10 -11 11 -13 -14 -15
leaf_value=-0.0035771295989457611 -0.0024685574614678523 -0.0010446746630115294 0.0060381872892664489 0.0035933381153519456 -0.00017467278408239017 0.00024411522175590635 0.0023840997292454008 -0.0011902116490527987 -0.0043115296190821681 0.0046219038717901784 -0.0024958465103473927 0.002358641233295202 -4.3982128617374265e-05 -0.0019615253206635296
leaf_weight=107 239 202 147 237 101 1262 645 110 153 138 530 107 11956 378
leaf_count=107 239 202 147 237 101 1262 645 110 153 138 530 107 11956 378
internal_value=-5.33794e-06 0.000532712 0.000752041 0.000515327 0.00359925 0.000251206 0.00156373 -0.00029845 -0.000639676 0.00209774 -0.000158663 -0.00165656 -7.82585e-05 -0.000273065
internal_weight=16312 3612 3373 3125 248 2888 847 2041 1793 248 12700 637 12063 1640
internal_count=16312 3612 3373 3125 248 2888 847 2041 1793 248 12700 637 12063 1640
is_linear=0
shrinkage=0.03


Tree=119
num_leaves=15
num_cat=0
split_feature=9 9 3 5 8 8 5 1 0 8 0 0 3 7
split_gain=1.51552 2.42033 1.74411 1.66416 1.58307 1.55538 1.46645 1.86215 2.43147 2.9666 2.05185 2.04423 2.34392 2.0563
threshold=0.073622402890695673 0.055050505050505023 -0.8088714938030005 -0.70473174366616986 0.94160272804774092 -0.43308457711442783 0.60232558139534897 0.41795166858458005 0.12922201138519931 -0.6557112068965516 0.82807881773399028 -0.3797960174842156 0.84712755598831568 -0.66479400749063666
decision_type=2 2 2 2 2 2 2 2 2 2 2 2 2 2
left_child=1 6 3 -2 -4 -5 -1 11 9 -9 -10 13 -13 -8
right_child=2 -3 4 5 -6 -7 7 8 10 -11 -12 12 -14 -15
leaf_value=-4.0923140149038704e-05 -0.0050063780283268822 0.0042709527562626382 -0.00012803406678602028 -0.0036632411176711322 -0.0022900841749918452 0.00048928691543859691 0.0023453224732850986 0.0072475655892289661 -0.0026555449046663472 0.0017973681210414697 0.0027956214154308489 0.0023763971251564778 -0.001605635799508727 -0.0018174306673436774
leaf_weight=6520 120 122 6890 115 309 226 125 123 133 309 100 509 171 514
leaf_count=6520 120 122 6890 115 309 226 125 123 133 309 100 509 171 514
internal_value=-3.30523e-05 0.000239534 -0.000339926 -0.00210884 -0.000223883 -0.000975594 0.00017675 0.000888705 0.00217046 0.00347802 -0.00029722 0.000231012 0.00136628 -0.00097953
internal_weight=16286 8626 7660 461 7199 341 8504 1984 665 432 233 1319 680 639
internal_count=16286 8626 7660 461 7199 341 8504 1984 665 432 233 1319 680 639
is_linear=0
shrinkage=0.03


Tree=120
num_leaves=15
num_cat=0
split_feature=6 7 2 9 5 0 2 3 4 4 9 5 5 6
split_gain=1.47444 1.97295 1.89254 2.89784 1.86362 1.78009 1.68408 1.88595 1.60193 2.02616 1.89374 1.67123 1.71616 1.52163
threshold=-0.93495505023796921 0.021167557932263773 0.96693989071038255 -0.028991596638655467 0.66249413237365062 0.43951219512195122 0.60232558139534897 -0.605448480355819 0.37771377935312361 -0.78247535596933171 -0.89309523809523805 0.51765683423348574 0.29073091057574524 0.13867521367521365
decision_type=2 2 2 2 2 2 2 2 2 2 2 2 2 2
left_child=1 4 6 -4 -1 -5 -2 -8 9 -9 -10 12 13 -11
right_child=2 -3 3 5 -6 -7 7 8 10 11 -12 -13 -14 -15
leaf_value=-0.0024374509426072621 0.00014627257058143827 -0.0039763210731717747 0.0048366854871698733 -0.0030410809685391454 0.0029772697624451078 0.0023219146237469616 -0.0031647921860172984 -0.0028735947724227314 0.002362853621598333 0.0016368683643802932 -0.0016295700376425619 0.0041887387197867441 -0.0027406236788738167 -0.00076318497111695625
leaf_weight=107 12659 183 175 100 102 103 238 154 110 638 1058 101 134 368
leaf_count=107 12659 183 175 100 102 103 238 154 110 638 1058 101 134 368
internal_value=5.30447e-06 -0.00178895 5.08141e-05 0.00212022 0.000220422 -0.000338697 -1.12102e-06 -0.000665411 -0.00042192 0.000264226 -0.0012367 0.000673467 0.00032831 0.000760046
internal_weight=16230 392 15838 378 209 203 15460 2801 2563 1395 1168 1241 1140 1006
internal_count=16230 392 15838 378 209 203 15460 2801 2563 1395 1168 1241 1140 1006
is_linear=0
shrinkage=0.03


Tree=121
num_leaves=15
num_cat=0
split_feature=5 1 5 0 9 2 9 2 4 7 4 1 4 5
split_gain=1.47984 0.993337 2.20193 2.41908 1.52252 2.62517 1.71519 1.81896 1.46283 1.37351 1.09706 4.16659 1.88315 2.36036
threshold=-0.96799795186891957 -0.45914149443561203 0.98876404494382031 0.98876404494382031 -0.68057971014492746 -0.87577160493827144 -0.74625530963559117 -0.15438786565547127 0.71852992957746487 -0.78247535596933171 0.9194594594594595 0.41795166858458005 0.84712755598831568 0.79361054766734296
decision_type=2 2 2 2 2 2 2 2 2 2 2 2 2 2
left_child=-1 4 3 10 5 -2 7 -7 -9 -6 12 -12 -3 -14
right_child=1 2 -4 -5 9 6 -8 8 -10 -11 11 -13 13 -15
leaf_value=-0.0030487466485070802 -0.0045166528094428733 -0.00016939729867740034 -0.0036713817590697212 0.0035252010102267374 0.0026436029095453038 0.0024254443648365287 -0.0027357822772305965 0.00071538669208215703 -0.0036434212036796708 0.00044531899123050555 -0.0026969106121793049 0.0041508155600992894 -0.005352979187155142 -0.00031951494592189714
leaf_weight=139 132 10913 151 150 269 276 155 175 102 3187 122 196 134 204
leaf_count=139 132 10913 151 150 269 276 155 175 102 3187 122 196 134 204
internal_value=-7.26533e-05 -4.5195e-05 -0.00018666 -0.000138667 0.000345202 -0.000793892 -4.65789e-05 0.000742381 -0.000960685 0.000623557 -0.000189175 0.00152157 -0.000238836 -0.00241151
internal_weight=16305 16166 11870 11719 4296 840 708 553 277 3456 11569 318 11251 338
internal_count=16305 16166 11870 11719 4296 840 708 553 277 3456 11569 318 11251 338
is_linear=0
shrinkage=0.03


Tree=122
num_leaves=15
num_cat=0
split_feature=5 0 2 1 0 9 9 4 3 4 8 9 9 3
split_gain=1.29624 1.13418 1.15045 0.997465 1.42405 1.6587 3.35735 2.67007 2.09345 2.34429 1.65096 1.42225 2.42377 2.1699
threshold=-0.96799795186891957 -0.96799795186891957 -0.96799795186891957 -0.45914149443561203 0.43263412666397744 0.34580419580419591 0.06472559698366144 0.27518115942028981 0.088421444527177942 0.015628815628815577 0.12158167036215818 -0.032795698924731158 0.35538545653362491 -0.32958801498127338
decision_type=2 2 2 2 2 2 2 2 2 2 2 2 2 2
left_child=-1 -2 -3 -4 11 6 8 10 9 -6 -8 -5 13 -13
right_child=1 2 3 4 5 -7 7 -9 -10 -11 -12 12 -14 -15
leaf_value=-0.0027507424989464476 0.0025849186255911131 -0.0026600587306342817 0.00039635836873394564 3.8054246297943078e-05 -0.00018935407630665027 -0.00026710332152588484 0.0037395560378208756 0.0062536368979082555 -0.00086652149490295074 0.0038299197446414615 -0.00058507996426638339 -0.002831997567394471 -0.00012787515948498203 -0.00069131409757254591
leaf_weight=146 141 138 4151 4108 286 1795 140 157 694 229 164 730 2404 1026
leaf_count=146 141 138 4151 4108 286 1795 140 157 694 229 164 730 2404 1026
internal_value=-2.91967e-05 -2.92744e-06 -2.72997e-05 -2.76705e-06 -0.00014419 0.000365651 0.00104331 0.00319212 0.000204488 0.00163677 0.0014622 -0.000358041 -0.000748338 -0.00159223
internal_weight=16309 16163 16022 15884 11733 3465 1670 461 1209 515 304 8268 4160 1756
internal_count=16309 16163 16022 15884 11733 3465 1670 461 1209 515 304 8268 4160 1756
is_linear=0
shrinkage=0.03


Tree=123
num_leaves=15
num_cat=0
split_feature=0 9 7 1 3 1 7 3 8 0 1 5 5 9
split_gain=1.47382 1.27513 1.58527 1.46113 2.15099 1.85172 1.30908 1.71545 1.42805 1.35771 1.84258 1.6594 1.88661 1.82612
threshold=-0.96799795186891957 -0.93495505023796921 0.56574122577265595 0.97036874451273059 0.66249413237365062 0.96396103896103902 0.96396103896103902 0.97036874451273059 -0.42514367816091952 -0.5070478459400436 -0.8767331433998099 0.89237451737451745 0.94160272804774092 -0.10741758241758236
decision_type=2 2 2 2 2 2 2 2 2 2 2 2 2 2
left_child=-1 2 -2 5 -5 6 7 9 -8 10 -3 13 -13 -12
right_child=1 3 -4 4 -6 -7 8 -9 -10 -11 11 12 -14 -15
leaf_value=0.0030614349533860017 0.00042979735565642195 -0.0029701512355703435 0.0045261684269089957 -0.0039848751999670634 0.0010746915725565825 0.0033684534195884568 0.0046112763471901413 -0.0027703442954138588 0.00063097701697791019 0.00017826631481857082 0.00049803881682602914 -0.005228255186229944 0.00022448683989984271 -0.0010298923714986473
leaf_weight=139 269 243 116 182 119 141 100 191 325 11266 1751 116 103 1163
leaf_count=139 269 243 116 182 119 141 100 191 325 11266 1751 116 103 1163
internal_value=9.14495e-05 6.38979e-05 0.00174737 2.15294e-05 -0.00201434 6.26054e-05 2.98697e-05 -1.76896e-05 0.00165199 2.00841e-05 -0.000506751 -0.000306844 -0.00276591 -0.000113207
internal_weight=16224 16085 385 15700 301 15399 15258 14833 425 14642 3376 3133 219 2914
internal_count=16224 16085 385 15700 301 15399 15258 14833 425 14642 3376 3133 219 2914
is_linear=0
shrinkage=0.03


Tree=124
num_leaves=15
num_cat=0
split_feature=9 6 7 0 7 0 3 9 1 8 5 1 3 6
split_gain=1.44832 1.78547 2.18245 2.01559 3.98851 1.69428 1.87389 1.74276 2.58337 1.66623 1.85973 1.62686 1.83455 2.96549
threshold=-0.93495505023796921 -0.58044603743528456 0.83584100606332823 -0.70473174366616986 -0.6795061728395061 -0.6211556383970176 -0.48255578093306278 -0.56386946386946379 -0.073622402890695535 -0.13938769502502205 0.61152570480928703 -0.3797960174842156 -0.68898343036274057 -0.21261798310978638
decision_type=2 2 2 2 2 2 2 2 2 2 2 2 2 2
left_child=-1 2 3 4 -2 -5 -7 8 -8 10 -6 -3 13 -13
right_child=1 11 -4 5 9 6 7 -9 -10 -11 -12 12 -14 -15
leaf_value=0.0017948972447821071 0.0032350645283965962 0.00072533680368221381 -0.0033721340202340264 0.0029456282528174437 -0.0036358602601551234 0.0021635153152329062 -0.0043957588245367362 -0.00013820832683330279 0.0012563524722426602 -0.0047370492107245941 0.001013281684202753 -0.0047462925222853938 0.00011772008296536604 -0.00053741550762621555
leaf_weight=397 105 3194 236 153 146 249 211 1538 103 243 147 162 8115 1246
leaf_count=397 105 3194 236 153 146 249 211 1538 103 243 147 162 8115 1246
internal_value=2.78421e-05 -1.75274e-05 -0.000658086 -0.000425991 -0.00189639 -1.30454e-06 -0.000228845 -0.000560387 -0.00256017 -0.00294246 -0.00134689 0.000140575 -5.61083e-05 -0.00105173
internal_weight=16245 15848 3131 2895 641 2254 2101 1852 314 536 293 12717 9523 1408
internal_count=16245 15848 3131 2895 641 2254 2101 1852 314 536 293 12717 9523 1408
is_linear=0
shrinkage=0.03


Tree=125
num_leaves=15
num_cat=0
split_feature=1 1 9 1 8 1 4 8 7 1 8 6 1 9
split_gain=2.38416 2.55252 1.21549 1.88266 2.33321 1.68987 2.00796 1.97807 2.7598 2.1652 1.69729 1.64285 1.84345 1.86421
threshold=0.96850198412698418 0.96396103896103902 0.73152530032763019 -0.29679679679679671 -0.90143695608176466 0.015628815628815577 0.43263412666397744 -0.019237883832778409 0.44676113360323894 -0.59537185660781156 -0.16903096903096895 0.93700396825396837 0.40279123861213423 -0.16912242686890569
decision_type=2 2 2 2 2 2 2 2 2 2 2 2 2 2
left_child=1 2 3 4 -1 7 -7 9 -9 -4 -8 -5 -13 -14
right_child=-2 -3 5 11 -6 6 10 8 -10 -11 -12 12 13 -15
leaf_value=-0.0022402823303959195 -0.002364921323473592 0.0045637332663141386 0.0048012456425020221 -0.00046670884860011285 0.0005145131558724229 0.00060095591795013433 -4.3300885495475747e-05 0.00073345830673946346 -0.0034269388468531571 -5.6748024784706974e-05 0.0045489592974384619 -0.001034006853164597 0.0054573158138630194 0.00026823504468587438
leaf_weight=284 373 101 105 8231 4742 862 100 272 287 292 251 155 126 117
leaf_count=284 373 101 105 8231 4742 862 100 272 287 292 251 155 126 117
internal_value=-2.59245e-05 3.03099e-05 -1.48957e-06 -0.000106416 0.000354711 0.000656534 0.00139538 -0.000285673 -0.00142525 0.00131451 0.00327567 -0.000375101 0.00148444 0.00306822
internal_weight=16298 15925 15824 13655 5026 2169 1213 956 559 397 351 8629 398 243
internal_count=16298 15925 15824 13655 5026 2169 1213 956 559 397 351 8629 398 243
is_linear=0
shrinkage=0.03


Tree=126
num_leaves=15
num_cat=0
split_feature=1 1 3 2 3 8 5 4 9 9 7 7 9 2
split_gain=1.07566 2.40203 1.00629 0.916591 2.23016 1.24116 1.78982 3.39388 0.888656 0.754818 1.83659 1.80346 1.10363 1.43381
threshold=0.96850198412698418 0.94904251866277189 0.65669642857142874 0.96693989071038255 0.84712755598831568 0.94904251866277189 0.68651074887786456 0.25824574121058358 0.016133229247983331 0.90786914235190108 -0.28165064102564097 0.23395061728395064 0.84712755598831568 0.079682539682539702
decision_type=2 2 2 2 2 2 2 2 2 2 2 2 2 2
left_child=1 3 8 5 -5 9 7 -7 -2 12 -11 -12 -1 -14
right_child=2 -3 -4 4 -6 6 -8 -9 -10 10 11 -13 13 -15
leaf_value=-8.1169765665062394e-05 -0.0048072191712486998 0.0036709815785046906 0.0002067565771212685 0.0034909299644186828 -0.0018521254012707324 0.00041949816800830559 0.0012173471997746011 -0.0060480504611041394 -0.00092896178133378268 0.0040610127039888708 -0.002822761764540009 0.00101982131642452 5.7852311150693306e-05 -0.0032868541913727918
leaf_weight=13859 105 144 150 182 103 135 122 146 110 122 132 477 236 215
leaf_count=13859 105 144 150 182 103 135 122 146 110 122 132 477 236 215
internal_value=-9.51553e-05 -5.75999e-05 -0.00168327 -9.4046e-05 0.0015626 -0.000125609 -0.00174813 -0.00303323 -0.00295247 -8.10032e-05 0.000852732 0.000154799 -0.000129264 -0.00157334
internal_weight=16238 15873 365 15729 285 15444 403 281 215 15041 731 609 14310 451
internal_count=16238 15873 365 15729 285 15444 403 281 215 15041 731 609 14310 451
is_linear=0
shrinkage=0.03


Tree=127
num_leaves=15
num_cat=0
split_feature=8 8 4 7 4 8 9 2 1 9 4 7 8 1
split_gain=1.32188 1.73526 1.80404 4.49185 2.58085 2.14348 1.71842 1.6758 1.63685 3.3134 2.337 1.48649 2.46387 1.8564
threshold=0.97036874451273059 0.81438415159345401 0.93700396825396837 -0.24852941176470586 0.9194594594594595 0.35434243176178665 0.22055910191503417 -0.96521476104053228 -0.22623655913978494 0.18795289855072464 0.42444997924449984 0.46305060065526032 0.1564382530120482 0.29847345636819328
decision_type=2 2 2 2 2 2 2 2 2 2 2 2 2 2
left_child=1 2 4 -4 7 -5 -2 -1 9 10 -3 -9 13 -13
right_child=6 8 3 5 -6 -7 -8 11 -10 -11 -12 12 -14 -15
leaf_value=-0.003583640439390409 0.00044436877023926966 0.0045028215739561393 0.0023323817371221425 -0.0056721106579387991 0.0039818534782116721 -0.00048723637703652222 -0.0038840831687662475 -0.00024001026919623399 0.001868052532319416 -0.0028946311350446195 -0.00093943711092814481 0.0018902913864210097 -0.00040804991768503144 -0.00014972412182639043
leaf_weight=113 147 138 144 204 131 111 173 10605 790 230 131 1224 1511 593
leaf_count=113 147 138 144 204 131 111 173 10605 790 230 131 1224 1511 593
internal_value=-6.31374e-05 -2.4178e-05 -0.000117367 -0.00194798 -5.67677e-05 -0.00391627 -0.00194249 -9.724e-05 0.0010267 -0.000315824 0.00191382 -6.64145e-05 0.000485827 0.00122733
internal_weight=16245 15925 14636 459 14177 315 320 14046 1289 499 269 13933 3328 1817
internal_count=16245 15925 14636 459 14177 315 320 14046 1289 499 269 13933 3328 1817
is_linear=0
shrinkage=0.03


Tree=128
num_leaves=15
num_cat=0
split_feature=7 8 4 8 2 7 5 2 4 7 7 6 9 8
split_gain=1.14555 2.67811 2.40291 1.8243 2.74472 2.73081 2.05524 1.85964 1.78334 1.70402 2.28046 2.08402 1.6445 1.69685
threshold=0.46305060065526032 0.1564382530120482 0.84712755598831568 0.16436803325146424 -0.86159003831417613 0.42444997924449984 0.40279123861213423 0.76293487957181094 -0.46495250573206681 0.58939234281700037 0.84712755598831568 0.63356807511737101 0.97036874451273059 0.60232558139534897
decision_type=2 2 2 2 2 2 2 2 2 2 2 2 2 2
left_child=3 2 8 4 6 7 -1 -5 -2 -10 11 -11 13 -3
right_child=1 12 -4 5 -6 -7 -8 -9 9 10 -12 -13 -14 -15
leaf_value=-0.00084148634296770275 -0.00048071375002723131 -0.0011067969877570749 -0.0023359546152641997 0.00019295616838102255 -0.00036075504717192542 -0.0032840007557116786 -0.0054797274181951896 0.0020601913567576961 0.0039751540878282142 -0.00038703482725064859 0.0031672574335079588 0.0035754807578437277 -0.0036609342972543542 0.00051324140951800783
leaf_weight=185 325 931 150 3617 7049 175 158 544 294 595 416 139 113 1515
leaf_count=185 325 931 150 3617 7049 175 158 544 294 595 416 139 113 1515
internal_value=-4.84211e-05 0.000359269 0.00120347 -0.000204259 -0.000490577 0.000283861 -0.00307276 0.000441428 0.00151504 0.00196444 0.00142055 0.000401331 -0.000276021 -0.000105376
internal_weight=16206 4478 1919 11728 7392 4336 343 4161 1769 1444 1150 734 2559 2446
internal_count=16206 4478 1919 11728 7392 4336 343 4161 1769 1444 1150 734 2559 2446
is_linear=0
shrinkage=0.03


Tree=129
num_leaves=15
num_cat=0
split_feature=6 7 0 4 3 0 0 4 4 1 3 8 0 1
split_gain=1.69199 1.92602 2.63264 3.2035 2.20466 2.69907 2.77034 2.12801 1.91088 1.88817 1.8195 1.69195 1.52943 1.49879
threshold=-0.53752345215759834 -0.77388922702373697 -0.6795061728395061 0.89851963098047638 -0.49055258467023172 -0.58044603743528456 -0.45914149443561203 0.015628815628815577 0.86402157164869031 -0.72264957264957252 0.87577160493827166 0.088421444527177942 -0.46495250573206681 0.97315315315315332
decision_type=2 2 2 2 2 2 2 2 2 2 2 2 2 2
left_child=1 7 3 9 11 -6 -7 -1 -8 -3 -10 -4 -9 -2
right_child=13 2 4 -5 5 6 8 12 10 -11 -12 -13 -14 -15
leaf_value=-0.0016067325877025722 9.0237837530730705e-05 0.001211999635993862 -0.00071109253841523934 -0.0061967688208309614 0.0030135772198061402 -0.0047091483143645576 -0.0010787353736241049 0.0050640227167826632 0.0040992033010762603 -0.0024604199349493395 -0.0010713560821424271 0.0038576563813892953 0.00041620742011053315 -0.0022745961873726806
leaf_weight=140 12367 169 120 154 148 162 1685 128 125 433 106 166 122 236
leaf_count=140 12367 169 120 154 148 162 1685 128 125 433 106 166 122 236
internal_value=-0.00012082 -0.000687892 -0.00092616 -0.00246643 -0.000454665 -0.000775121 -0.0010581 0.00128191 -0.000726553 -0.0014265 0.00178056 0.00198144 0.00289913 4.41864e-05
internal_weight=16261 3658 3268 756 2512 2226 2078 390 1916 602 231 286 250 12603
internal_count=16261 3658 3268 756 2512 2226 2078 390 1916 602 231 286 250 12603
is_linear=0
shrinkage=0.03


Tree=130
num_leaves=15
num_cat=0
split_feature=6 1 5 1 8 2 1 4 8 1 6 7 1 2
split_gain=2.24058 2.57083 2.92676 2.34856 2.59238 3.33626 2.09255 1.24921 1.01455 1.43252 1.36824 1.34549 1.07794 2.65314
threshold=-0.90733452593917707 -0.82554347826086938 0.52586975914362188 -0.90143695608176466 0.49274752995585464 -0.79887640449438191 -0.8767331433998099 0.53456514813634926 0.97036874451273059 0.96396103896103902 0.17287356321839079 -0.15438786565547127 -0.3797960174842156 0.81438415159345401
decision_type=2 2 2 2 2 2 2 2 2 2 2 2 2 2
left_child=1 -1 -3 4 5 -2 -5 -6 9 12 -10 -11 13 -8
right_child=3 2 -4 6 7 -7 8 -9 10 11 -12 -13 -14 -15
leaf_value=-0.0047336958353257465 -0.0031999942677322069 -0.0031372090136559988 0.0017032663321386338 -0.0031834090319839683 0.0016855921028181909 0.0029356253463128914 0.00060946914364101766 0.0061832751398501187 -0.004113933898869061 -0.0010730924347577533 0.00012458827363810053 0.0027633224731922292 -0.00014620119990824875 -0.0033880052825686737
leaf_weight=176 138 196 238 175 110 163 3608 128 114 105 152 307 10505 146
leaf_count=176 138 196 238 175 110 163 3608 128 114 105 152 307 10505 146
internal_value=-1.23888e-05 -0.00178117 -0.000504178 5.76428e-05 0.00198511 0.000110174 -1.23716e-05 0.0042563 2.68849e-05 6.07447e-05 -0.00177516 0.00178334 9.75716e-06 0.000445412
internal_weight=16261 610 434 15651 539 301 15112 238 14937 14671 266 412 14259 3754
internal_count=16261 610 434 15651 539 301 15112 238 14937 14671 266 412 14259 3754
is_linear=0
shrinkage=0.03


Tree=131
num_leaves=15
num_cat=0
split_feature=9 5 0 8 0 9 6 7 5 8 5 8 7 8
split_gain=1.36782 1.26787 1.82843 1.43528 1.25973 1.06735 2.17656 2.84195 1.86982 1.68764 1.12434 1.61981 1.09318 2.17897
threshold=0.92749178532311072 0.13867521367521365 0.28330047873838354 0.079682539682539702 -0.96521476104053228 -0.89309523809523805 0.29073091057574524 0.41795166858458005 0.97315315315315332 -0.72264957264957252 0.94160272804774092 0.16436803325146424 0.69321266968325801 0.96850198412698418
decision_type=2 2 2 2 2 2 2 2 2 2 2 2 2 2
left_child=4 3 -3 -2 -1 6 7 9 10 -6 12 -12 -7 -14
right_child=1 2 -4 -5 5 8 -8 -9 -10 -11 11 -13 13 -15
leaf_value=0.0022874677393976426 -0.0017072631352046874 0.0058389882518079233 0.0010553372734190001 0.0017389770263782989 -0.0043571286884434811 2.0980967562088015e-05 0.0035026653662860786 0.0031894267553946483 -0.0027443299772438863 5.1739867710109264e-05 0.0046487564757804979 -0.00050529702337747762 -0.00048646797955173056 -0.0047120915932986783
leaf_weight=202 187 101 221 233 118 12254 219 152 226 200 100 106 1866 107
leaf_count=202 187 101 221 233 118 12254 219 152 226 200 100 106 1866 107
internal_value=5.11295e-05 0.00130073 0.00268648 0.000200559 -9.29548e-06 -4.09937e-05 0.00110436 -6.28333e-05 -9.55437e-05 -0.00166722 -5.21962e-05 0.00209606 -8.47523e-05 -0.000738239
internal_weight=16292 742 322 420 15550 15348 689 470 14659 318 14433 206 14227 1973
internal_count=16292 742 322 420 15550 15348 689 470 14659 318 14433 206 14227 1973
is_linear=0
shrinkage=0.03


Tree=132
num_leaves=15
num_cat=0
split_feature=8 0 1 9 6 2 9 0 4 0 1 9 8 9
split_gain=1.27271 1.83167 2.04903 1.82495 1.59374 1.6842 1.82283 1.65372 1.54727 1.84482 1.63167 1.58025 1.54039 1.71456
threshold=0.97036874451273059 0.96396103896103902 -0.58044603743528456 0.54884143571104049 0.59508740204942756 0.94160272804774092 0.16436803325146424 -0.54487917146144982 -0.64631422189128795 -0.26453684922244752 -0.36489262371615311 0.032795698924731227 0.87577160493827166 0.21329895008288827
decision_type=2 2 2 2 2 2 2 2 2 2 2 2 2 2
left_child=1 4 -3 -4 5 12 7 -7 11 10 -10 -6 -1 -14
right_child=-2 2 3 -5 8 6 -8 -9 9 -11 -12 -13 13 -15
leaf_value=-0.00025918000739493527 -0.0018862146995046265 0.0053486550810109626 -0.0018000952671405348 0.0028382692667805859 0.0013945376005192469 0.00042387841587984248 -0.00083871337739419352 0.0055014371076184841 0.0022739487196329631 0.0013099173471406947 -0.00097715475508213922 -0.0021141086601398585 -0.00023941718779193859 -0.0038037210717863802
leaf_weight=11477 341 104 141 145 161 104 153 125 162 1827 716 354 251 228
leaf_count=11477 341 104 141 145 161 104 153 125 162 1827 716 354 251 228
internal_value=-9.92645e-05 -5.98979e-05 0.00194466 0.000567964 -0.000111364 -0.000266494 0.00166915 0.00330969 0.000482029 0.000769069 -0.000358441 -0.00101156 -0.000329682 -0.00197909
internal_weight=16289 15948 390 286 15558 12338 382 229 3220 2705 878 515 11956 479
internal_count=16289 15948 390 286 15558 12338 382 229 3220 2705 878 515 11956 479
is_linear=0
shrinkage=0.03


Tree=133
num_leaves=15
num_cat=0
split_feature=6 3 1 2 1 9 2 9 9 9 2 7 9 1
split_gain=1.31673 2.51214 2.23009 2.1711 1.98339 2.9429 1.56204 2.1978 1.63497 2.58127 1.8096 1.44032 1.68473 1.42414
threshold=-0.49055258467023172 0.56574122577265595 -0.94904251866277167 -0.36489262371615311 -0.21992558908639928 -0.35538545653362491 -0.64631422189128795 -0.71256454388984503 0.1564382530120482 0.68651074887786456 -0.51316701316701308 0.27518115942028981 0.90342013214146921 0.29073091057574524
decision_type=2 2 2 2 2 2 2 2 2 2 2 2 2 2
left_child=2 -2 -1 -3 5 -5 7 -4 10 -10 -8 -11 -13 -6
right_child=1 3 6 4 13 -7 8 -9 9 11 -12 12 -14 -15
leaf_value=0.0030085925685386814 3.1133307408445692e-05 0.0031676365853416759 -0.005655980545640686 0.0022774261281439012 0.0027112635797065113 -0.0027871022708463988 0.0037520862061290005 -0.00099533166909638714 -0.0021703851134386117 0.0021055652646980475 1.3173565584964382e-05 -0.0032693701913314205 0.0016262113739354297 0.00063951763152223634
leaf_weight=157 9977 382 108 149 412 288 114 427 794 255 1928 130 107 1054
leaf_count=157 9977 382 108 149 412 288 114 427 794 255 1928 130 107 1054
internal_value=8.25678e-05 0.000237027 -0.00038799 0.00113197 0.000708915 -0.00104798 -0.000533446 -0.00202269 -0.000288697 -0.00112227 0.000239176 0.000578744 -0.00108277 0.00123618
internal_weight=16282 12262 4020 2285 1903 437 3863 535 3328 1286 2042 492 237 1466
internal_count=16282 12262 4020 2285 1903 437 3863 535 3328 1286 2042 492 237 1466
is_linear=0
shrinkage=0.03


Tree=134
num_leaves=15
num_cat=0
split_feature=2 9 7 9 7 6 2 7 6 5 9 4 4 5
split_gain=1.03976 2.0678 2.34009 2.00283 2.29573 2.1083 1.74199 1.62886 1.57501 1.50018 1.485 2.97225 3.49149 3.56187
threshold=-0.77388922702373697 -0.54487917146144982 -0.084541556054727393 0.55863254392666173 -0.35100035100035093 -0.58044603743528456 -0.74625530963559117 0.41004623791509048 -0.077787381158167621 -1.0000000180025095e-35 -0.56386946386946379 0.038218111002921169 0.94904251866277189 -0.040547945205479489
decision_type=2 2 2 2 2 2 2 2 2 2 2 2 2 2
left_child=1 2 -1 4 9 -6 -2 -4 -5 -3 11 -8 13 -13
right_child=6 3 7 8 5 -7 10 -9 -10 -11 -12 12 -14 -15
leaf_value=-0.0042732512737067687 0.0027698788990288279 -0.0036096864012206955 0.0019182357609572023 -0.0049095385309345521 -0.0014375829962200097 0.0025541629456074587 -0.00045669271573914506 -0.0025895531826951937 -0.00038408618654412125 0.00089459485488897945 -0.00010342593618166791 -0.0028982100449502467 -0.002604801458032692 0.0023842671291209264
leaf_weight=251 205 143 139 104 148 502 1225 130 181 112 11470 117 160 1361
leaf_count=251 205 143 139 104 148 502 1225 130 181 112 11470 117 160 1361
internal_value=7.04177e-06 -0.000690485 -0.00224913 3.67001e-06 0.000696669 0.00163726 8.95051e-05 -0.000274983 -0.00214592 -0.00167223 4.92642e-05 0.000659215 0.00149147 0.00194943
internal_weight=16248 1710 520 1190 905 650 14538 269 285 255 14333 2863 1638 1478
internal_count=16248 1710 520 1190 905 650 14538 269 285 255 14333 2863 1638 1478
is_linear=0
shrinkage=0.03


Tree=135
num_leaves=15
num_cat=0
split_feature=5 1 8 8 9 3 0 4 8 0 1 0 3 5
split_gain=1.09327 2.18696 2.24072 2.84956 1.98368 2.07402 2.75003 4.61872 4.47565 2.42097 1.6975 2.07059 1.53565 2.24408
threshold=0.60232558139534897 0.58102025506376598 0.35434243176178665 0.43951219512195122 -0.93984622342831292 -0.74625530963559117 -0.44224170796797557 0.87577160493827166 -0.028991596638655467 -0.17573529411764707 -0.56386946386946379 -0.83584100606332801 -0.58863819500402892 0.43263412666397744
decision_type=2 2 2 2 2 2 2 2 2 2 2 2 2 2
left_child=1 12 -3 -4 -2 -6 7 8 10 -8 -7 -12 13 -1
right_child=4 2 3 -5 5 6 9 -9 -10 -11 11 -13 -14 -15
leaf_value=-0.00035377888067838602 0.0035743991001348559 -0.0017020003668169153 0.0041632986386470937 -0.00047943437161300132 0.0024566034621133219 -0.0011749009188969392 0.0036328779108129269 -0.0045200112004360584 -0.0034000380356939367 0.00025829036787890707 -0.00011922703759200805 0.0052028546333312987 0.00022955076649469619 -0.0036486760845589566
leaf_weight=2048 164 1463 126 941 341 101 205 276 198 1757 103 170 8156 195
leaf_count=2048 164 1463 126 941 341 101 205 276 198 1757 103 170 8156 195
internal_value=-2.9774e-05 -0.000154442 -0.000943614 0.000102383 0.000455452 0.000282326 1.06964e-05 -0.00140711 0.000146768 0.000627519 0.00206413 0.00326163 3.828e-05 -0.000655151
internal_weight=16244 12929 2530 1067 3315 3151 2810 848 572 1962 374 273 10399 2243
internal_count=16244 12929 2530 1067 3315 3151 2810 848 572 1962 374 273 10399 2243
is_linear=0
shrinkage=0.03


Tree=136
num_leaves=15
num_cat=0
split_feature=1 3 2 4 7 4 2 5 6 6 2 6 4 4
split_gain=0.964463 2.47631 1.36529 3.17703 0.865911 2.416 1.98878 2.54298 1.37348 2.20771 2.00391 1.40135 1.36751 1.20296
threshold=0.97315315315315332 0.82070417145044017 0.96693989071038255 0.77913279132791335 -0.70473174366616986 0.038218111002921169 -1.0000000180025095e-35 -0.36489262371615311 -0.58863819500402892 0.021167557932263773 0.32958801498127338 0.43951219512195122 -0.16172624237140362 -0.8088714938030005
decision_type=2 2 2 2 2 2 2 2 2 2 2 2 2 2
left_child=2 -2 4 -4 5 6 13 -8 10 -10 -7 -11 -9 -1
right_child=1 -3 3 -5 -6 8 7 12 9 11 -12 -13 -14 -15
leaf_value=0.0010447653818230788 -0.0035867797036522198 0.0020051491592418063 -0.00063985583019153817 0.0051965256051594152 -0.00016101557909050954 0.0051905825563562024 0.0026493804695437084 -0.0028986414919898043 -0.0011688858490159785 0.0044948602091664305 5.3015418461192462e-05 0.00084942570758927884 0.0013148387338003237 -0.0020618360539006913
leaf_weight=133 200 100 193 136 13416 177 323 163 282 146 108 258 108 561
leaf_count=133 200 100 193 136 13416 177 323 163 282 146 108 258 108 561
internal_value=-6.08804e-05 -0.00171825 -2.8759e-05 0.00185487 -6.94516e-05 0.000472652 -0.000379027 0.000887301 0.00159472 0.000844152 0.00331151 0.00224359 -0.00123243 -0.0014601
internal_weight=16304 300 16004 329 15675 2259 1288 594 971 686 285 404 271 694
internal_count=16304 300 16004 329 15675 2259 1288 594 971 686 285 404 271 694
is_linear=0
shrinkage=0.03


Tree=137
num_leaves=15
num_cat=0
split_feature=4 1 5 1 5 1 7 3 1 1 1 2 1 2
split_gain=3.19908 1.70189 3.35648 2.40699 2.40388 2.3927 2.79631 2.02809 2.54271 1.45697 1.91355 1.42124 1.57507 2.03138
threshold=0.74625530963559139 0.57223113964687011 0.61152570480928703 0.34514106583072107 0.79361054766734296 -0.49712643678160912 -0.32958801498127338 -0.014709063378758378 -0.41101055806938153 -0.77388922702373697 -0.90143695608176466 0.32958801498127338 0.77913279132791335 0.86402157164869031
decision_type=2 2 2 2 2 2 2 2 2 2 2 2 2 2
left_child=-1 3 -3 4 7 6 -6 -2 -9 10 -8 -4 -13 -14
right_child=1 2 11 -5 5 -7 9 8 -10 -11 -12 12 13 -15
leaf_value=-0.00017439082880775489 -9.186200460427487e-05 -0.0025409572997034109 0.0054627410166098603 -0.0034157449461120204 0.004824986745491624 -0.0025663421114182306 0.00054049571990262633 0.0015828462059768599 0.0067482589694046104 0.0024428142050827114 -0.0045961123433064764 0.0052259484339991337 -0.0015910651292161721 0.0028715310636039633
leaf_weight=14045 211 106 158 122 115 260 154 236 133 106 101 105 142 226
leaf_count=14045 211 106 158 122 115 260 154 236 133 106 101 105 142 226
internal_value=-8.37945e-06 0.00105953 0.00222197 0.000452522 0.000834185 -0.000305563 0.000956713 0.00226115 0.00357357 -0.000372401 -0.00159067 0.00304924 0.00214663 0.00115301
internal_weight=16220 2175 737 1438 1316 736 476 580 369 361 255 631 473 368
internal_count=16220 2175 737 1438 1316 736 476 580 369 361 255 631 473 368
is_linear=0
shrinkage=0.03


Tree=138
num_leaves=15
num_cat=0
split_feature=5 6 6 0 7 8 1 0 3 7 0 3 3 9
split_gain=1.90812 1.6125 1.74684 1.49823 2.48479 2.32012 1.74316 2.30953 1.99303 2.15081 1.45348 1.71566 2.2792 1.56636
threshold=-0.93495505023796921 0.41004623791509048 0.42444997924449984 0.61152570480928703 0.82070417145044017 -0.45129664769133454 -0.073622402890695535 -0.077787381158167621 0.60232558139534897 -0.78247535596933171 -0.59537185660781156 -0.27165775401069514 -0.051956815114709891 -0.11378020713463753
decision_type=2 2 2 2 2 2 2 2 2 2 2 2 2 2
left_child=-1 -2 -3 6 5 -5 -4 10 9 -9 -8 -12 -13 -14
right_child=1 2 3 4 -6 -7 7 8 -10 -11 11 12 13 -15
leaf_value=-0.0020477507638372817 -0.00017695796671750874 0.0038215831426196617 0.0010805726754970204 -0.0013798555951341513 -0.0017231141529209799 0.0026447080727801287 -0.0007367472514944694 -0.0047828058225111037 -0.0046545318043988912 -0.00038633710028822249 0.0025611730090452337 -0.0037848302116205465 -0.0012054334563296287 0.0034042992054581127
leaf_weight=401 11038 127 1084 148 189 768 495 102 131 970 435 103 115 135
leaf_count=401 11038 127 1084 148 189 768 495 102 131 970 435 103 115 135
internal_value=-2.96559e-05 2.26932e-05 0.000481031 0.000382318 0.0013423 0.00198657 8.22614e-05 -0.000355629 -0.00129478 -0.000844995 0.000528169 0.00132203 -0.000233448 0.00131902
internal_weight=16241 15840 4802 4675 1105 916 3570 2486 1203 1072 1283 788 353 250
internal_count=16241 15840 4802 4675 1105 916 3570 2486 1203 1072 1283 788 353 250
is_linear=0
shrinkage=0.03


Tree=139
num_leaves=15
num_cat=0
split_feature=0 6 9 2 1 2 7 0 6 6 7 6 7 6
split_gain=1.15574 1.30876 1.30068 2.15225 1.98274 1.56441 1.23298 1.10128 1.8853 1.67516 1.47393 1.33496 1.69634 1.2704
threshold=-0.96799795186891957 0.079682539682539702 -0.70473174366616986 -0.68898343036274057 -0.8088714938030005 -0.099295774647887289 -0.93984622342831292 0.015628815628815577 0.9194594594594595 0.84168755221386804 0.048199767711962889 0.80123456790123471 0.13867521367521365 0.1895313034553541
decision_type=2 2 2 2 2 2 2 2 2 2 2 2 2 2
left_child=-1 6 3 -3 -4 -5 -2 8 9 11 -11 12 -6 -14
right_child=1 2 4 5 7 -7 -8 -9 -10 10 -12 -13 13 -15
leaf_value=0.0026364221295267836 -0.0024864578189130889 -0.001255545690517848 0.002562665479290821 0.0037741373061049837 -0.0012755250444645685 0.00093696018710226275 -0.00019539446741735308 0.00037027848227624567 0.0020409151786531547 -0.0056355092548341906 -0.00072595757940109443 0.0026406464210426634 0.0029820594318895315 -8.2019059524275213e-05
leaf_weight=141 207 218 280 289 1302 444 8383 3587 243 100 117 111 137 707
leaf_count=141 207 218 280 289 1302 444 8383 3587 243 100 117 111 137 707
internal_value=2.40276e-05 -4.35483e-07 0.000287936 0.00131902 0.000137231 0.00209131 -0.000253431 2.56137e-05 -0.000429104 -0.000678953 -0.00313702 -0.000429826 -0.000600155 0.000444444
internal_weight=16266 16125 7535 951 6584 733 8590 6304 2717 2474 217 2257 2146 844
internal_count=16266 16125 7535 951 6584 733 8590 6304 2717 2474 217 2257 2146 844
is_linear=0
shrinkage=0.03


Tree=140
num_leaves=15
num_cat=0
split_feature=3 0 7 6 1 3 1 3 1 7 3 4 0 9
split_gain=2.9263 1.74048 1.51676 1.32341 2.66027 1.3204 1.95269 1.95597 2.08762 1.78112 1.68413 1.43829 1.35075 1.40566
threshold=-0.92814113597246117 -0.8767331433998099 0.25824574121058358 -0.93495505023796921 -0.6795061728395061 0.92749178532311072 0.97036874451273059 0.89851963098047638 0.96396103896103902 -0.96799795186891957 0.29073091057574524 0.86949116457313191 0.18052538020936207 0.016133229247983331
decision_type=2 2 2 2 2 2 2 2 2 2 2 2 2 2
left_child=1 -1 -3 4 -2 6 7 8 9 -5 -8 12 -7 -14
right_child=3 2 -4 5 -6 11 10 -9 -10 -11 -12 -13 13 -15
leaf_value=0.0053953276690459108 -0.0042115296642731854 -0.00028513240545422218 0.003738080856383295 -0.0036238306182701397 0.00056998361267048762 0.0030703256432062539 -0.0049978733986305694 -0.0029691091329133246 0.0039132029435420337 -1.2507896922721726e-05 -0.00021525072861908816 0.0031272998553927706 -0.0032094980190907202 0.00065954689759919311
leaf_weight=113 193 227 123 114 212 107 125 194 111 14050 132 228 116 249
leaf_count=113 193 227 123 114 212 107 125 194 111 14050 132 228 116 249
internal_value=-1.39803e-05 0.00231123 0.0011933 -8.34005e-05 -0.00175519 -3.84001e-05 -9.926e-05 -5.23114e-05 -1.06208e-05 -4.41101e-05 -0.00264149 0.00122528 0.000260693 -0.000622864
internal_weight=16294 463 350 15831 405 15426 14726 14469 14275 14164 257 700 472 365
internal_count=16294 463 350 15831 405 15426 14726 14469 14275 14164 257 700 472 365
is_linear=0
shrinkage=0.03


Tree=141
num_leaves=15
num_cat=0
split_feature=7 9 2 7 7 1 5 1 4 5 5 7 4 0
split_gain=1.73274 1.2671 3.56162 3.39022 2.73087 2.64628 4.92376 1.72968 1.50757 1.50568 2.98671 1.41412 1.37583 1.40219
threshold=-0.96799795186891957 -0.75411605937921722 -0.86159003831417613 0.61781229345670863 -0.76393188854489147 0.49274752995585464 0.76293487957181094 -0.18953130345535404 0.64888572783309639 0.97315315315315332 0.96396103896103902 0.56574122577265595 -0.52056338028169002 -0.64631422189128795
decision_type=2 2 2 2 2 2 2 2 2 2 2 2 2 2
left_child=-1 2 -2 4 -4 6 12 -5 -7 10 -3 -11 -6 -14
right_child=1 9 3 7 5 8 -8 -9 -10 11 -12 -13 13 -15
leaf_value=-0.0032332972254604099 -0.0030633392546035761 -9.6454613370144858e-05 0.0034663330605770311 0.0060469144864685161 -0.0024027194625798713 0.00051188833460476268 -0.005545533348381872 0.0017513866094953339 0.0050692636436341617 -0.0049585066859356378 0.0042165862346603853 -2.6623659005219283e-05 0.0030391393386607329 -0.00018100557639444056
leaf_weight=140 189 14071 218 155 138 159 159 197 104 100 136 100 169 377
leaf_count=140 189 14071 218 155 138 159 159 197 104 100 136 100 169 377
internal_value=-2.37092e-05 5.87407e-06 0.0007395 0.00118397 0.000476678 -0.000138383 -0.000959954 0.00375767 0.00243372 -8.95415e-05 -5.22301e-05 -0.00261126 0.000170539 0.00085244
internal_weight=16412 16272 1865 1676 1324 1106 843 352 263 14407 14207 200 684 546
internal_count=16412 16272 1865 1676 1324 1106 843 352 263 14407 14207 200 684 546
is_linear=0
shrinkage=0.03


Tree=142
num_leaves=15
num_cat=0
split_feature=0 3 4 5 4 8 8 2 5 5 8 1 1 1
split_gain=1.84307 2.59585 1.27206 1.31093 1.50793 2.51396 1.85805 1.15314 1.36483 1.2974 1.16983 1.02798 0.933521 0.927016
threshold=-0.94904251866277167 -0.6211556383970176 -0.89403508771929807 0.97315315315315332 0.96396103896103902 0.94904251866277189 -0.35538545653362491 -0.96799795186891957 0.93239382974671503 0.90786914235190108 0.16436803325146424 -0.059532246633593182 0.76293487957181094 0.56574122577265595
decision_type=2 2 2 2 2 2 2 2 2 2 2 2 2 2
left_child=1 -1 -2 4 5 7 -6 -4 9 13 -10 -7 -13 -9
right_child=2 -3 3 -5 6 11 -8 8 10 -11 -12 12 -14 -15
leaf_value=-0.0012416938709264452 -0.0012161850070440045 0.0047279650228356437 -0.0028764041858774262 -0.0020604390616426826 -0.0011271949586966498 -0.0037278840105609912 0.0037268585447519497 0.00027326299005287982 0.0043558585824212057 -0.0028800688426248557 9.6347432297009676e-05 0.0012889427945545289 -0.0024068590855212324 -0.00032004944318149637
leaf_weight=100 717 163 104 246 100 196 206 10757 118 119 107 103 127 3030
leaf_count=100 717 163 104 246 100 196 206 10757 118 119 107 103 127 3030
internal_value=5.16784e-05 0.00249579 9.78631e-06 6.83282e-05 0.000104669 6.04337e-05 0.00215509 0.000129074 0.000153212 0.000114813 0.00242052 -0.00218356 -0.000767038 0.000142732
internal_weight=16193 263 15930 15213 14967 14661 306 14235 14131 13906 225 426 230 13787
internal_count=16193 263 15930 15213 14967 14661 306 14235 14131 13906 225 426 230 13787
is_linear=0
shrinkage=0.03


Tree=143
num_leaves=15
num_cat=0
split_feature=0 7 6 7 1 5 9 7 5 5 1 0 0 5
split_gain=1.95142 2.0136 1.64587 2.16536 1.91652 2.0778 1.66471 2.95629 1.41416 2.13111 1.57679 1.32702 1.38106 2.49208
threshold=-0.94904251866277167 -0.093541666666666676 -0.92814113597246117 -0.28165064102564097 -0.6955588929414287 0.98876404494382031 0.66249413237365062 0.24357284113381675 0.92749178532311072 0.90342013214146921 0.55863254392666173 0.54076207354895889 -0.55424836601307181 -0.06580086580086579
decision_type=2 2 2 2 2 2 2 2 2 2 2 2 2 2
left_child=1 -1 3 -2 6 8 11 -8 9 -6 -10 12 -4 -14
right_child=2 -3 4 -5 5 -7 7 -9 10 -11 -12 -13 13 -15
leaf_value=0.0055094291172467927 0.00087368871879086576 0.00022697096979363432 -0.00036169495753529565 -0.0033845344095607289 -8.0803174785500071e-05 -0.0036797387009036954 0.0067690190379466626 0.00061649019889865474 -3.9360299082108711e-05 -0.0042188541714794341 0.0042305789468809959 -0.00096466118909564237 -0.00023282092564581294 0.0029133919397566423
leaf_weight=107 166 148 471 278 12877 135 103 192 169 103 134 412 382 542
leaf_count=107 166 148 471 278 12877 135 103 192 169 103 134 412 382 542
internal_value=1.4501e-05 0.00256779 -2.78658e-05 -0.00180832 2.42015e-05 -0.000107942 0.000864249 0.00291616 -6.88997e-05 -0.000116862 0.00192383 0.00051506 0.000955837 0.00162412
internal_weight=16219 255 15964 444 15520 13418 2102 295 13283 12980 303 1807 1395 924
internal_count=16219 255 15964 444 15520 13418 2102 295 13283 12980 303 1807 1395 924
is_linear=0
shrinkage=0.03


Tree=144
num_leaves=15
num_cat=0
split_feature=7 1 5 7 8 5 2 7 1 1 7 9 1 5
split_gain=1.07707 1.1785 2.18437 1.70797 1.45665 1.53579 4.39679 2.31348 2.12665 2.01226 1.81712 1.697 2.23657 2.10118
threshold=-0.96799795186891957 -0.52056338028169002 0.97036874451273059 -0.94904251866277167 0.96850198412698418 0.80123456790123471 0.73152530032763019 0.68651074887786456 0.59508740204942756 0.83584100606332823 0.72524509803921589 0.64188317670904749 0.68651074887786456 0.3371212121212121
decision_type=2 2 2 2 2 2 2 2 2 2 2 2 2 2
left_child=-1 2 -2 -3 5 10 8 -8 -7 -10 -5 12 13 -12
right_child=1 3 -4 4 -6 6 7 -9 9 -11 11 -13 -14 -15
leaf_value=-0.0024928220447648754 0.000351602241301413 0.0036075920696285639 0.0042535369665320242 -0.00014167369683261809 -0.0023958025286047475 -0.0037610958476758331 0.0031025134416995566 -0.0020760301093717941 0.0022816972434520719 -0.0030238544759227004 5.8887444442078247e-05 0.0026214623477363542 -0.002281885128927809 0.0034863284992953311
leaf_weight=144 3662 100 124 9576 244 451 242 104 125 113 527 407 218 222
leaf_count=144 3662 100 124 9576 244 451 242 104 125 113 527 407 218 222
internal_value=4.18628e-06 2.80311e-05 0.000490268 -0.000114195 -0.000147552 -9.98214e-05 -0.00119866 0.00153137 -0.00257192 -0.000257681 5.04076e-06 0.00102119 0.000327718 0.00110731
internal_weight=16259 16115 3786 12329 12229 11985 1035 346 689 238 10950 1374 967 749
internal_count=16259 16115 3786 12329 12229 11985 1035 346 689 238 10950 1374 967 749
is_linear=0
shrinkage=0.03


Tree=145
num_leaves=15
num_cat=0
split_feature=7 8 8 7 3 2 7 8 4 4 2 3 9 2
split_gain=1.25048 1.28525 2.88723 2.49671 3.58751 3.85613 2.2489 2.15645 2.12576 2.58306 2.48338 1.98015 2.15046 3.7402
threshold=-0.96521476104053228 -0.051956815114709891 -0.014709063378758378 0.34514106583072107 -0.58044603743528456 0.53456514813634926 -1.0000000180025095e-35 -0.27165775401069514 0.41004623791509048 -0.1270166453265045 -0.22623655913978494 0.097167584579071611 0.41839323467230455 0.25824574121058358
decision_type=2 2 2 2 2 2 2 2 2 2 2 2 2 2
left_child=-1 3 6 4 5 8 -3 -5 9 -2 -11 -6 -13 -14
right_child=1 2 -4 7 11 -7 -8 -9 -10 10 -12 12 13 -15
leaf_value=-0.0022637478904365452 -0.00040841275921345429 -0.00054441131135592093 -9.4801156620888719e-05 0.0006663071037671124 0.001137307786041345 -0.0062267069663556121 -0.0053647057136993297 0.0030023936227392368 0.0013892966975225136 -0.0061143689694681336 -0.00042938153794783309 0.00040076550282309672 -0.0036179349085757612 0.0010182379108066887
leaf_weight=205 606 185 8367 1351 1946 122 159 477 290 165 117 1673 357 267
leaf_count=205 606 185 8367 1351 1946 122 159 477 290 165 117 1673 357 267
internal_value=9.04625e-06 3.94067e-05 -0.000207195 0.000330724 1.29781e-05 -0.00135974 -0.002861 0.00128891 -0.000807525 -0.00153244 -0.00385119 0.000435771 -0.00016092 -0.00164942
internal_weight=16287 16082 8711 7371 5543 1300 344 1828 1178 888 282 4243 2297 624
internal_count=16287 16082 8711 7371 5543 1300 344 1828 1178 888 282 4243 2297 624
is_linear=0
shrinkage=0.03


Tree=146
num_leaves=15
num_cat=0
split_feature=5 9 0 4 8 6 3 4 5 9 2 5 0 3
split_gain=1.4048 1.40204 1.68428 1.48514 1.78372 1.38169 2.05693 1.88729 1.71949 2.18333 2.54736 1.64647 3.15736 1.59443
threshold=-0.96799795186891957 0.94160272804774092 0.94904251866277189 0.038218111002921169 0.58102025506376598 0.86949116457313191 0.75411605937921733 -0.66479400749063666 0.81438415159345401 0.61152570480928703 0.90342013214146921 0.89851963098047638 -0.8088714938030005 0.24357284113381675
decision_type=2 2 2 2 2 2 2 2 2 2 2 2 2 2
left_child=-1 2 5 -3 -5 8 7 -7 -2 10 11 -10 -13 -14
right_child=1 3 -4 4 -6 6 -8 -9 9 -11 -12 12 13 -15
leaf_value=-0.002918260176796336 -0.00011197453711525444 -5.6192865011116765e-05 -0.0017072745780319428 0.0049801520141231461 0.00026011381709181209 -0.0018471586155475745 -0.0028440530638803134 0.0019663027115723289 0.0024648886375610445 -0.0015764216121043201 0.0053303767839560697 -0.0038240033949448454 -0.00093588867718353869 0.0032163575277880914
leaf_weight=133 12850 277 485 162 126 126 100 899 379 220 137 138 140 183
leaf_count=133 12850 277 485 162 126 126 100 899 379 220 137 138 140 183
internal_value=4.22237e-05 6.82788e-05 1.4838e-05 0.00152319 0.00299316 7.09767e-05 0.00107781 0.00148421 -1.03679e-05 0.00107229 0.00167865 0.00102737 -0.000181696 0.00144256
internal_weight=16355 16222 15657 565 288 15172 1125 1025 14047 1197 977 840 461 323
internal_count=16355 16222 15657 565 288 15172 1125 1025 14047 1197 977 840 461 323
is_linear=0
shrinkage=0.03


Tree=147
num_leaves=15
num_cat=0
split_feature=1 1 3 7 0 9 7 6 6 8 6 0 6 7
split_gain=1.30639 2.52775 1.73985 1.90563 1.50379 1.19979 1.16514 1.8061 1.13191 1.67344 1.0537 1.63861 2.33246 1.42944
threshold=-0.90143695608176466 -0.8767331433998099 0.48683298683298687 0.23395061728395064 -0.073622402890695535 0.94904251866277189 0.97036874451273059 0.37771377935312361 0.39305778491171756 0.12158167036215818 0.39305778491171756 0.81438415159345401 0.89237451737451745 -0.85129906025428403
decision_type=2 2 2 2 2 2 2 2 2 2 2 2 2 2
left_child=2 -2 3 -1 -5 6 10 -8 9 -7 -3 13 -13 -12
right_child=1 5 -4 4 -6 8 7 -9 -10 -11 11 12 -14 -15
leaf_value=0.00062251706774471192 -0.0032224212407038128 -4.148417295380171e-05 -0.00069856236120528076 0.0067537648309609986 0.0015957530970508987 0.0025861604523379354 0.00045564180590156321 -0.0048017625032543117 0.0035615402112205968 -0.0015086598986915 -0.0017174805924630129 0.003358652191127378 -0.0010345819491091408 0.00045696661547615816
leaf_weight=244 193 10029 226 112 101 170 123 100 162 170 283 363 148 3841
leaf_count=244 193 10029 226 112 101 170 123 100 162 170 283 363 148 3841
internal_value=0.000160279 0.000103527 0.00143484 0.00248224 0.00448918 0.000147305 9.81283e-05 -0.00200684 0.00157526 0.000554143 0.000131485 0.000505031 0.00209081 0.000303957
internal_weight=16265 15582 683 457 213 15389 14887 223 502 340 14664 4635 511 4124
internal_count=16265 15582 683 457 213 15389 14887 223 502 340 14664 4635 511 4124
is_linear=0
shrinkage=0.03


Tree=148
num_leaves=15
num_cat=0
split_feature=4 0 2 9 1 9 0 3 3 4 3 2 4 4
split_gain=0.964843 1.25763 1.00673 1.0241 2.23044 1.50704 3.83625 2.22232 1.60902 1.71812 3.20513 1.77848 1.30894 2.16158
threshold=0.98876404494382031 -0.44224170796797557 -0.96799795186891957 0.62583333333333346 -0.63911657559198531 0.32449982449982456 0.85524707525755206 -0.73969508752117441 0.1564382530120482 -0.040547945205479489 0.72524509803921589 0.22623655913978494 0.94160272804774092 0.90342013214146921
decision_type=2 2 2 2 2 2 2 2 2 2 2 2 2 2
left_child=2 -2 -1 5 -5 12 7 -7 -9 11 -11 -10 13 -4
right_child=1 -3 3 4 -6 6 -8 8 9 10 -12 -13 -14 -15
leaf_value=-0.0025404978816929674 -0.0040131026643700895 0.00024129628333354131 3.4026600660135362e-05 0.0025751685356638701 0.00019110668928380947 -0.0033601333990193687 -0.0045985501054868405 0.00065654500803832578 -0.0014574979560848275 -0.0038970395366513082 0.0015832501859069138 0.0024317143043753723 -0.0022274424581209549 0.0029511835561014518
leaf_weight=130 115 123 9936 396 2731 197 206 1115 219 320 129 187 212 224
leaf_count=130 115 123 9936 396 2731 197 206 1115 219 320 129 187 212 224
internal_value=-3.64463e-05 -0.00189333 -7.6634e-06 1.46684e-05 0.000500268 -0.000104773 -0.000785099 -0.000403126 -9.19482e-05 -0.00106436 -0.00232233 0.000349232 5.14846e-05 0.00010118
internal_weight=16240 238 16002 15872 3127 12745 2373 2167 1970 855 449 406 10372 10160
internal_count=16240 238 16002 15872 3127 12745 2373 2167 1970 855 449 406 10372 10160
is_linear=0
shrinkage=0.03


Tree=149
num_leaves=15
num_cat=0
split_feature=1 1 8 4 9 9 7 7 9 6 0 7 6 5
split_gain=1.48977 2.46184 1.42786 1.15069 0.870268 2.86224 1.80965 2.25191 2.23419 1.61501 1.76186 2.41378 2.13181 2.3236
threshold=0.97036874451273059 0.96396103896103902 0.43951219512195122 -0.93495505023796921 0.1564382530120482 0.21329895008288827 0.46305060065526032 0.48683298683298687 0.041960093896713631 0.50280898876404501 -0.49712643678160912 -0.85129906025428403 -0.6557112068965516 -1.0000000180025095e-35
decision_type=2 2 2 2 2 2 2 2 2 2 2 2 2 2
left_child=1 3 -2 -1 6 -6 -5 -8 -9 10 12 -12 -7 -14
right_child=2 -3 -4 4 5 9 7 8 -10 -11 11 -13 13 -15
leaf_value=-0.0014894916424827446 -0.0045732648861116897 0.0038429262299301487 -0.00042179866360399768 7.6873771541283371e-05 -0.0024405519264090493 -0.004514987562137817 0.0052371199387503233 0.00051102411288711535 0.0037213126743567996 0.00086534608113025097 0.0034070825721712761 -0.00017138499080334834 -0.0024724340017900945 0.0016389673697451749
leaf_weight=394 107 149 212 6648 440 166 101 1912 208 1565 168 3605 266 215
leaf_count=394 107 149 212 6648 440 166 101 1912 208 1565 168 3605 266 215
internal_value=8.72481e-05 0.000128678 -0.00191098 9.09759e-05 0.000132638 -0.000133129 0.000325102 0.00106444 0.000841988 4.02939e-05 -0.000253128 -3.46181e-06 -0.00168685 -0.000638746
internal_weight=16156 15837 319 15688 15294 6425 8869 2221 2120 5985 4420 3773 647 481
internal_count=16156 15837 319 15688 15294 6425 8869 2221 2120 5985 4420 3773 647 481
is_linear=0
shrinkage=0.03


Tree=150
num_leaves=15
num_cat=0
split_feature=4 4 9 9 1 8 5 0 1 4 5 5 5 1
split_gain=1.41477 1.92816 1.84195 3.1471 2.02477 1.52815 2.40663 1.48374 1.39452 1.87589 2.22354 2.11692 1.95641 2.23255
threshold=0.74625530963559139 0.76293487957181094 -0.93984622342831292 -0.8171368861024032 0.96850198412698418 0.94904251866277189 0.3371212121212121 -0.93495505023796921 0.57223113964687011 0.1564382530120482 0.38548951048951058 0.29847345636819328 0.60232558139534897 0.75411605937921733
decision_type=2 2 2 2 2 2 2 2 2 2 2 2 2 2
left_child=5 -2 -3 -4 -5 7 -7 -1 -9 11 -11 -10 -12 -14
right_child=1 2 3 4 -6 6 -8 8 9 10 12 -13 13 -15
leaf_value=-0.0025102395796634748 0.004377401519450359 0.0040778576614203177 -0.0028376928942281886 0.0011237982151159208 -0.0024054337113543793 -6.5157261655427685e-05 -0.0054037698510695578 0.00021691673585438079 -0.0008835874034854469 0.0019006809147893253 -0.002495087253711452 -0.0050117017072243766 -0.002341137718589556 0.0027723426159526054
leaf_weight=194 118 117 235 1556 152 205 111 10967 1460 485 298 112 114 194
leaf_count=194 118 117 235 1556 152 205 111 10967 1460 485 298 112 114 194
internal_value=9.1352e-05 0.000801256 0.000576252 0.000345598 0.000797548 -1.84843e-05 -0.00204867 2.93705e-05 6.73314e-05 -0.000547211 0.000406546 -0.00120752 -0.000800698 0.000865587
internal_weight=16318 2178 2060 1943 1708 14140 316 13824 13630 2663 1091 1572 606 308
internal_count=16318 2178 2060 1943 1708 14140 316 13824 13630 2663 1091 1572 606 308
is_linear=0
shrinkage=0.03


Tree=151
num_leaves=15
num_cat=0
split_feature=2 6 1 8 8 6 5 2 1 1 4 4 2 7
split_gain=2.25349 2.30354 1.32125 1.85499 3.46799 2.37428 3.31888 1.20637 1.29422 2.75377 2.65863 1.90898 2.22414 1.92461
threshold=-0.96799795186891957 0.59508740204942756 -0.74625530963559117 -0.49712643678160912 -0.6211556383970176 0.69321266968325801 0.70209762000806786 -0.86159003831417613 0.69321266968325801 0.50280898876404501 0.74050024050024055 -0.5070478459400436 0.34514106583072107 0.16436803325146424
decision_type=2 2 2 2 2 2 2 2 2 2 2 2 2 2
left_child=-1 -2 -3 4 5 -4 -7 -5 9 10 -9 -10 13 -13
right_child=1 2 3 7 -6 6 -8 8 11 -11 -12 12 -14 -15
leaf_value=-0.0037551312055438754 -0.00022094451445591381 0.0032224874543892437 0.0039353203030773228 0.0034898812984408552 -0.0042918046172744839 0.00086713938656149902 -0.0051757657365365459 0.0013185296733428879 -0.0013340563638015619 -0.0021231919997238688 -0.003493960261908605 0.0016678475087078717 0.00088071301723212684 0.0068167309516242568
leaf_weight=138 12772 162 121 143 181 311 100 1132 145 340 104 133 382 137
leaf_count=138 12772 162 121 143 181 311 100 1132 145 340 104 133 382 137
internal_value=-7.01053e-05 -3.63401e-05 0.000657567 0.000519332 -0.000823223 0.000414289 -0.00069117 0.000901547 0.00073158 0.000229718 0.000888804 0.00170883 0.00239547 0.00443058
internal_weight=16301 16163 3391 3229 713 532 411 2516 2373 1576 1236 797 652 270
internal_count=16301 16163 3391 3229 713 532 411 2516 2373 1576 1236 797 652 270
is_linear=0
shrinkage=0.03


Tree=152
num_leaves=15
num_cat=0
split_feature=7 1 1 5 9 3 9 9 5 7 2 1 1 2
split_gain=1.16586 0.722115 2.41168 1.38705 0.765477 3.86138 1.88797 1.87823 1.76692 1.63055 2.66835 3.23468 2.50503 2.22592
threshold=-0.96799795186891957 0.96850198412698418 0.94160272804774092 0.40279123861213423 -1.0000000180025095e-35 -0.72264957264957252 -0.077787381158167621 0.80746061167747929 0.3371212121212121 -0.74625530963559117 -0.68898343036274057 0.60232558139534897 0.28330047873838354 -0.3965259059598682
decision_type=2 2 2 2 2 2 2 2 2 2 2 2 2 2
left_child=-1 2 4 -4 6 7 9 -6 -7 10 -2 12 13 -12
right_child=1 -3 3 -5 5 8 -8 -9 -10 -11 11 -13 -14 -15
leaf_value=-0.0025217664324542043 -0.0024483013130636114 -0.0012433062555612868 0.00064713916538113893 0.0055818185004006537 -0.0026585885582685836 0.00037934202143043492 0.0019364516984898882 0.0014354741528691832 -0.00066838087121924811 -3.2350794704811988e-05 0.0050348027965067318 -0.0024908884382341054 0.0062120171178953326 0.00059706374784799479
leaf_weight=147 135 355 100 102 702 5087 561 111 2014 6187 129 115 142 392
leaf_count=147 135 355 100 102 702 5087 561 111 2014 6187 129 115 142 392
internal_value=5.10197e-05 7.60115e-05 0.000106466 0.00328467 6.31656e-05 -0.00014368 0.000276751 -0.00208897 8.16627e-05 0.000143072 0.00131931 0.00199584 0.00279953 0.00176998
internal_weight=16279 16132 15777 202 15575 7914 7661 813 7101 7100 913 778 663 521
internal_count=16279 16132 15777 202 15575 7914 7661 813 7101 7100 913 778 663 521
is_linear=0
shrinkage=0.03


Tree=153
num_leaves=15
num_cat=0
split_feature=8 0 1 8 8 6 1 1 8 4 8 1 8 8
split_gain=1.4696 1.73794 3.0353 1.98831 1.97834 1.82985 1.83615 3.1219 3.08606 2.70655 2.23604 2.04851 1.94865 1.52476
threshold=0.97036874451273059 0.11237373737373736 -0.93495505023796921 0.90786914235190108 0.86949116457313191 -0.94904251866277167 0.71852992957746487 0.74625530963559139 -0.90143695608176466 0.13867521367521365 0.90342013214146921 0.89851963098047638 -0.86949116457313169 0.82807881773399028
decision_type=2 2 2 2 2 2 2 2 2 2 2 2 2 2
left_child=1 2 -1 4 13 -4 8 -8 -7 11 12 -9 -10 -3
right_child=-2 3 5 -5 -6 6 7 9 10 -11 -12 -13 -14 -15
leaf_value=0.00307794844917953 -0.0019549990344097505 0.00026920791978656027 -0.003606115904909338 0.0025559140615746333 -0.0025419902602491313 -0.0029134727463081427 0.0054355496796480839 -8.0128294528518032e-05 0.0027911223341230179 0.0015103361600799195 -0.0043367287464493309 -0.0042186523219157907 -0.00032370378252327529 0.0027572016635018844
leaf_weight=230 333 6287 142 349 209 427 107 339 176 676 112 148 6483 220
leaf_count=230 333 6287 142 349 209 427 107 339 176 676 112 148 6483 220
internal_value=-1.21333e-05 2.9747e-05 -0.000250487 0.000380245 0.000263554 -0.000342868 -0.000283957 0.000763702 -0.000469607 0.000291201 -0.00031142 -0.00139741 -0.000237316 0.000357428
internal_weight=16238 15905 8840 7065 6716 8610 8468 1270 7198 1163 6771 487 6659 6507
internal_count=16238 15905 8840 7065 6716 8610 8468 1270 7198 1163 6771 487 6659 6507
is_linear=0
shrinkage=0.03


Tree=154
num_leaves=15
num_cat=0
split_feature=9 1 9 4 2 5 4 5 9 9 4 1 2 1
split_gain=1.26337 1.20101 2.0504 1.68941 1.65017 1.6736 2.13724 1.83838 1.95902 1.94585 1.48941 2.00107 2.53493 3.70676
threshold=0.90786914235190108 0.22623655913978494 -0.87420886075949356 0.58102025506376598 -0.77388922702373697 0.93700396825396837 0.75411605937921733 0.61152570480928703 0.30195644149132533 -0.18245838668373873 0.39305778491171756 0.12158167036215818 -0.20530382859149984 -0.1977011494252873
decision_type=2 2 2 2 2 2 2 2 2 2 2 2 2 2
left_child=1 10 3 -3 -4 6 -6 -8 9 -9 -1 12 13 -12
right_child=-2 2 4 -5 5 -7 7 8 -10 -11 11 -13 -14 -15
leaf_value=0.00039483133920473288 0.0011106533930198453 -4.8207216445476777e-05 -0.0029304830099911175 0.0046975330995129684 -0.00052844807499126119 -0.0031891186301537017 -0.0019433185094499988 0.0017647682493313764 -0.00037947162814816693 0.0067459620676330609 0.00090820196944746542 0.0026649628656963673 -0.0015361935361124378 -0.0038981828565222468
leaf_weight=6613 864 145 234 116 4663 178 117 224 182 101 1150 167 1352 155
leaf_count=6613 864 145 234 116 4663 178 117 224 182 101 1150 167 1352 155
internal_value=1.09892e-06 -6.1844e-05 -0.000394894 0.00215652 -0.000515315 -0.000406739 -0.000307219 0.00132823 0.00210619 0.00346793 0.000148691 -0.000427058 -0.000630664 0.000312026
internal_weight=16261 15397 5960 261 5699 5465 5287 624 507 325 9437 2824 2657 1305
internal_count=16261 15397 5960 261 5699 5465 5287 624 507 325 9437 2824 2657 1305
is_linear=0
shrinkage=0.03


Tree=155
num_leaves=15
num_cat=0
split_feature=6 4 9 1 9 2 0 0 1 0 6 6 1 9
split_gain=1.56449 1.71931 1.53671 1.17306 3.43719 2.39357 1.71391 1.26126 1.11612 2.41209 1.47547 2.58048 2.65365 1.888
threshold=-0.24852941176470586 -0.86159003831417613 0.20530382859149979 -0.8088714938030005 -0.29935064935064931 -0.63911657559198531 0.073622402890695673 0.98876404494382031 -0.3797960174842156 0.88303693570451447 -0.51316701316701308 -0.41897974493623397 -0.77388922702373697 -0.8171368861024032
decision_type=2 2 2 2 2 2 2 2 2 2 2 2 2 2
left_child=8 2 -2 4 5 -3 -6 -5 9 10 13 -12 -13 -1
right_child=1 3 -4 7 6 -7 -8 -9 -10 -11 11 12 -14 -15
leaf_value=-0.0031096359095876898 -0.0027397697212415933 -0.0034072518053141479 1.7964506564405246e-05 0.00017769508470104838 0.0067654164580644334 0.0024554768685246184 0.0018400275640189647 0.0030583262379220919 -0.00078143510225240633 0.0033567307007741991 0.0031200542934685434 -0.0037433045896039783 0.0010880670764751934 -0.00027573768798708578
leaf_weight=236 316 137 411 8859 106 100 165 129 3324 174 282 142 304 1531
leaf_count=236 316 137 411 8859 106 100 165 129 3324 174 282 142 304 1531
internal_value=-3.0957e-05 0.000194617 -0.00120163 0.000302663 0.00169118 -0.000934265 0.00393877 0.000222392 -0.000415429 4.16136e-05 -0.000202058 0.000926459 -0.000498529 -0.000669602
internal_weight=16216 10223 727 9496 508 237 271 8988 5993 2669 2495 728 446 1767
internal_count=16216 10223 727 9496 508 237 271 8988 5993 2669 2495 728 446 1767
is_linear=0
shrinkage=0.03


Tree=156
num_leaves=15
num_cat=0
split_feature=0 1 9 7 3 3 1 1 4 7 3 2 7 2
split_gain=1.63143 1.36894 1.33543 2.1731 2.81397 1.88421 1.50594 1.51321 3.42911 1.88835 1.99053 2.51307 1.39162 1.27261
threshold=-0.94904251866277167 -0.34351679104477606 0.63356807511737101 -0.55424836601307181 0.088421444527177942 0.59508740204942756 -0.52875082617316582 -0.24852941176470586 0.3371212121212121 -0.38688172043010749 -0.48255578093306278 -0.1270166453265045 0.038218111002921169 -0.45914149443561203
decision_type=2 2 2 2 2 2 2 2 2 2 2 2 2 2
left_child=1 -1 -2 4 -4 -6 12 8 -8 -9 -11 13 -5 -12
right_child=2 -3 3 6 5 -7 7 9 -10 10 11 -13 -14 -15
leaf_value=-0.00039095002667897418 -0.00020600587204164955 0.0039364306938961232 0.0053606135944385879 0.0044526682073738784 -0.0022904847711324693 0.0029963500924029595 0.00018639742677774407 -0.0028334785993782835 -0.0061521994828795772 -0.0017858594684640608 0.001053766948418652 0.00017642280657130614 0.00074217412279786786 0.0045785650204800601
leaf_weight=105 12852 159 168 113 115 108 222 161 107 285 178 1093 371 200
leaf_count=105 12852 159 168 113 115 108 222 161 107 285 178 1093 371 200
internal_value=-3.14625e-05 0.00226386 -7.0792e-05 0.000484886 0.00254725 0.000288664 0.000181289 -0.000147923 -0.00199576 0.000177918 0.000468501 0.000914383 0.00168107 0.00298868
internal_weight=16237 264 15973 3121 391 223 2730 2246 329 1917 1756 1471 484 378
internal_count=16237 264 15973 3121 391 223 2730 2246 329 1917 1756 1471 484 378
is_linear=0
shrinkage=0.03


Tree=157
num_leaves=15
num_cat=0
split_feature=4 4 4 4 6 1 7 9 1 2 6 4 4 5
split_gain=0.754641 1.24158 1.7462 1.44801 1.2729 1.74172 2.40063 1.90716 1.56143 1.76758 1.41093 1.63627 1.19003 1.172
threshold=0.98876404494382031 0.96396103896103902 0.93700396825396837 0.92749178532311072 -0.82554347826086938 -0.1270166453265045 -0.6795061728395061 0.11200716845878135 -0.85129906025428403 0.088421444527177942 -0.92814113597246117 0.26713615023474185 0.84712755598831568 0.72524509803921589
decision_type=2 2 2 2 2 2 2 2 2 2 2 2 2 2
left_child=1 2 3 4 5 6 -1 8 -8 -10 -7 -12 -6 -14
right_child=-2 -3 -4 -5 12 10 7 -9 9 -11 11 -13 13 -15
leaf_value=0.0022386901646953175 -0.0016204861991863031 0.0022016397370146468 -0.0030932783260913112 0.0031837890791533469 0.00011919024298657661 0.0031383171547415918 0.0012120531876949039 -0.0048413649364586241 -0.0050757868827751547 -0.00014450117796592469 -0.0035073692920956421 0.0010739849306499729 -0.0037203638520567554 -0.00046607835422724658
leaf_weight=101 247 221 154 119 13999 122 138 210 124 129 100 185 128 371
leaf_count=101 247 221 154 119 13999 122 138 210 124 129 100 185 128 371
internal_value=-7.66069e-06 1.80716e-05 -1.36833e-05 1.84208e-05 -7.73763e-06 -0.000982653 -0.00187846 -0.00259568 -0.0012989 -0.00266251 0.000570442 -0.00059791 6.74628e-05 -0.00135754
internal_weight=16348 16101 15880 15726 15607 1109 702 601 391 253 407 285 14498 499
internal_count=16348 16101 15880 15726 15607 1109 702 601 391 253 407 285 14498 499
is_linear=0
shrinkage=0.03


Tree=158
num_leaves=15
num_cat=0
split_feature=6 3 6 0 0 6 2 9 7 0 6 9 9 7
split_gain=1.63419 1.96646 1.51475 1.67952 1.55663 1.76316 1.68888 2.31169 1.77847 1.75735 1.48074 1.42357 1.1917 2.12154
threshold=-0.49055258467023172 -0.016133229247983379 -0.42514367816091952 0.30816714150047492 0.18052538020936207 -0.25760368663594463 0.18052538020936207 0.40279123861213423 0.69321266968325801 -0.77388922702373697 0.93700396825396837 -0.41897974493623397 0.64188317670904749 -0.53752345215759834
decision_type=2 2 2 2 2 2 2 2 2 2 2 2 2 2
left_child=-1 10 3 -3 6 -6 7 9 -8 -4 12 -12 -2 -14
right_child=1 2 4 -5 5 -7 8 -9 -10 -11 11 -13 13 -15
leaf_value=-0.00050858101277580995 -0.00045615325995196641 0.0044758319546331143 0.003352387190900807 4.2577564286497915e-05 -0.00098680580749136728 0.0011827968276836706 0.001242083920158841 -0.0030506390175908497 -0.0016121459988559163 -0.00061098522999512178 -0.00059663184246620587 0.0030457590448993359 0.0045973105527394049 0.0001716153623438737
leaf_weight=4003 5229 173 106 133 377 2716 980 318 236 753 156 232 102 759
leaf_count=4003 5229 173 106 133 377 2716 980 318 236 753 156 232 102 759
internal_value=1.70066e-05 0.00018875 0.000589924 0.00261128 0.000472629 0.00091602 -0.000101889 -0.0009081 0.000679507 -8.89584e-05 -0.000170296 0.0016031 -0.000285724 0.000742676
internal_weight=16273 12270 5792 306 5486 3093 2393 1177 1216 859 6478 388 6090 861
internal_count=16273 12270 5792 306 5486 3093 2393 1177 1216 859 6478 388 6090 861
is_linear=0
shrinkage=0.03


Tree=159
num_leaves=15
num_cat=0
split_feature=5 1 0 3 5 2 8 9 7 1 1 1 1 7
split_gain=1.29276 1.98931 1.42274 1.61735 0.948536 0.967359 0.933381 1.91132 3.1225 2.47277 2.37085 2.01398 2.78945 2.6347
threshold=0.97315315315315332 -0.4752049180327868 0.96850198412698418 0.89851963098047638 0.96396103896103902 -0.96521476104053228 -0.059532246633593182 0.63356807511737101 0.42444997924449984 0.76293487957181094 -0.94904251866277167 0.36055555555555568 0.038218111002921169 0.67188646929287998
decision_type=2 2 2 2 2 2 2 2 2 2 2 2 2 2
left_child=2 -2 4 -4 5 -1 -7 10 -9 11 -8 12 13 -10
right_child=1 -3 3 -5 -6 6 7 8 9 -11 -12 -13 -14 -15
leaf_value=-0.0021896263438414042 0.00097757623215594634 -0.0039461108246037074 0.0037063176532319631 -0.00039741168501921759 0.0021724462780186873 0.00017371184688371829 0.0036619421475793884 0.001701389277171282 0.00081493328141809347 0.0022429184256461112 -0.00061555424625951097 -0.0046260493567765312 0.00263491747891713 -0.0047454925456217358
leaf_weight=187 117 176 182 154 157 7231 109 975 132 171 6237 152 143 165
leaf_count=187 117 176 182 154 157 7231 109 975 132 171 6237 152 143 165
internal_value=-7.13508e-05 -0.00201262 -3.45549e-05 0.00186832 -7.65517e-05 -0.000100715 -7.37964e-05 -0.000295129 0.000583992 -0.000847413 -0.000536437 -0.00176249 -0.000692441 -0.00232815
internal_weight=16288 293 15995 336 15659 15502 15315 8084 1738 763 6346 592 440 297
internal_count=16288 293 15995 336 15659 15502 15315 8084 1738 763 6346 592 440 297
is_linear=0
shrinkage=0.03


Tree=160
num_leaves=15
num_cat=0
split_feature=2 5 4 5 4 1 4 5 7 1 9 7 4 8
split_gain=0.908329 2.63277 3.18965 2.97995 2.84049 2.4909 2.6566 2.22823 2.77669 2.33419 2.17996 2.27779 2.68385 2.07073
threshold=-0.16172624237140362 0.41004623791509048 0.59508740204942756 0.54076207354895889 0.68651074887786456 0.57223113964687011 0.93700396825396837 0.39305778491171756 -0.72264957264957252 0.84168755221386804 0.77096018735363003 0.10487038491751778 0.51765683423348574 -0.90143695608176466
decision_type=2 2 2 2 2 2 2 2 2 2 2 2 2 2
left_child=7 2 -2 -3 -4 6 10 -1 -9 13 11 12 -5 -10
right_child=1 3 4 5 -6 -7 -8 8 9 -11 -12 -13 -14 -15
leaf_value=-9.277356005716727e-05 9.0107902455452337e-06 -0.0027381820152056657 0.007030105040757917 0.0015406451398294857 0.00030450155088190166 0.00075699240814879813 -0.0043863711267819305 0.0041972036315168172 -0.0034276195997450529 0.00490719850776209 -0.0035990569610429468 0.0010953608012423137 -0.0029163487112347153 0.00069438092805512654
leaf_weight=4811 6235 637 102 168 116 945 194 223 109 100 189 589 386 1405
leaf_count=4811 6235 637 102 168 116 945 194 223 109 100 189 589 386 1405
internal_value=-2.20158e-05 -0.000209196 0.000136471 -0.000925024 0.00362166 -0.000448457 -0.00119502 0.000247092 0.00113287 0.00068624 -0.000700991 -0.000194725 -0.00156142 0.000377075
internal_weight=16209 9561 6453 3108 218 2471 1526 6648 1837 1614 1332 1143 554 1514
internal_count=16209 9561 6453 3108 218 2471 1526 6648 1837 1614 1332 1143 554 1514
is_linear=0
shrinkage=0.03


Tree=161
num_leaves=15
num_cat=0
split_feature=4 3 8 3 1 4 7 3 3 3 7 3 2 3
split_gain=1.34788 2.35927 3.91514 3.58256 1.43889 1.45323 1.30709 1.32004 2.48064 1.24733 2.1179 2.44472 2.06726 2.0292
threshold=0.90786914235190108 0.70991117344553545 0.67188646929287998 0.93239382974671503 0.97036874451273059 0.60232558139534897 0.60232558139534897 0.23395061728395064 -0.67242921013412815 -0.59537185660781156 -0.3965259059598682 -0.66479400749063666 -0.028991596638655467 -0.8088714938030005
decision_type=2 2 2 2 2 2 2 2 2 2 2 2 2 2
left_child=4 6 3 -3 9 -6 7 8 -2 10 11 12 -1 -14
right_child=1 2 -4 -5 5 -7 -8 -9 -10 -11 -12 -13 13 -15
leaf_value=-0.0018475821997153321 0.0051022814636378262 -0.0064591953956655091 0.0029857216084779926 0.001035869318891216 -0.004368790463386312 0.00026175536005757747 -0.00036962125107476655 0.005886292561407395 -0.00080126230417226904 0.00018632049134609453 9.5067731509573052e-05 -0.0046815060602680304 -0.0013202187101500973 0.0037556899994766963
leaf_weight=610 112 116 156 101 124 110 100 124 130 12188 1929 178 132 134
leaf_count=610 112 116 156 101 124 110 100 124 130 12188 1929 178 132 134
internal_value=7.91159e-05 0.00124283 -0.000530672 -0.00307875 1.49718e-05 -0.00227052 0.00264371 0.00345496 0.00202501 5.16961e-05 -0.00049714 -0.00157169 -0.000894077 0.00128025
internal_weight=16244 839 373 217 15405 234 466 366 242 15171 2983 1054 876 266
internal_count=16244 839 373 217 15405 234 466 366 242 15171 2983 1054 876 266
is_linear=0
shrinkage=0.03


Tree=162
num_leaves=15
num_cat=0
split_feature=4 4 4 8 1 5 6 8 1 4 4 3 4 8
split_gain=1.66631 1.48258 3.1557 2.72796 1.66509 1.69095 1.04222 1.18697 1.00507 1.54349 3.30609 3.12883 2.23224 1.98365
threshold=-0.92814113597246117 0.92749178532311072 0.93700396825396837 0.93700396825396837 -0.6557112068965516 0.90342013214146921 -0.90143695608176466 -0.48255578093306278 -0.45914149443561203 0.37771377935312361 0.21261798310978644 0.69321266968325801 -0.019237883832778409 -0.41101055806938153
decision_type=2 2 2 2 2 2 2 2 2 2 2 2 2 2
left_child=-1 6 -3 4 -4 -6 7 -2 9 10 11 12 13 -8
right_child=1 2 3 -5 5 -7 8 -9 -10 -11 -12 -13 -14 -15
leaf_value=-0.0017183074257460607 0.00098944084364319985 0.0057827666021700282 0.0017685070438668703 0.0045881148973996397 0.00060463512064715531 -0.0036340278570329951 -0.0013480208660881761 -0.0021198259246664056 -9.714132921082563e-05 -0.00034501585835046493 0.0034545734345038485 0.0047627411745220635 -0.0017573468129440035 0.001337533420616381
leaf_weight=478 145 112 185 109 151 176 317 396 10943 1293 383 129 434 1020
leaf_count=478 145 112 185 109 151 176 317 396 10943 1293 383 129 434 1020
internal_value=8.27084e-06 6.15827e-05 0.0013698 0.000494868 -0.000447747 -0.00171686 -2.95737e-06 -0.00128364 4.56135e-05 0.000481513 0.00094909 0.000428595 8.79251e-05 0.000695513
internal_weight=16271 15793 733 621 512 327 15060 541 14519 3576 2283 1900 1771 1337
internal_count=16271 15793 733 621 512 327 15060 541 14519 3576 2283 1900 1771 1337
is_linear=0
shrinkage=0.03


Tree=163
num_leaves=15
num_cat=0
split_feature=9 9 4 4 1 5 5 0 2 0 5 0 3 5
split_gain=1.2712 1.68047 2.38121 2.95625 3.53804 1.63247 4.26082 2.22686 1.93741 1.60361 1.59867 1.57382 1.52883 1.85664
threshold=0.41004623791509048 0.63356807511737101 -0.032795698924731158 -0.28165064102564097 0.06472559698366144 0.80123456790123471 0.87577160493827166 -0.41101055806938153 -0.21261798310978638 0.29847345636819328 -0.28165064102564097 0.43263412666397744 0.40279123861213423 0.3371212121212121
decision_type=2 2 2 2 2 2 2 2 2 2 2 2 2 2
left_child=-1 2 3 -2 -5 7 -7 10 -9 -10 -3 -11 -13 -14
right_child=1 5 -4 4 -6 6 -8 8 9 11 -12 12 13 -15
leaf_value=0.00016192390239931395 -0.0011034960922390183 -0.0043733516719657922 -0.0024406907008632061 0.0061236582123001424 -0.00090936459745797845 -0.0057018140481343467 0.00057999708820445986 0.0018827252873987262 0.001326803396726813 -0.003413852791319478 -0.00026371524996451429 -0.0017515681274600738 0.0023562080700010538 -0.0010459598811233745
leaf_weight=11268 798 134 738 118 125 144 259 730 547 149 212 334 300 262
leaf_count=11268 798 134 738 118 125 144 259 730 547 149 212 334 300 262
internal_value=-1.28695e-05 -0.000418464 -0.00114936 -0.000219373 0.0026129 7.28985e-06 -0.00174833 0.000278014 0.00061442 2.47259e-05 -0.00193345 -0.000662956 -0.000172865 0.000779586
internal_weight=16118 4850 1779 1041 243 3071 403 2668 2322 1592 346 1045 896 562
internal_count=16118 4850 1779 1041 243 3071 403 2668 2322 1592 346 1045 896 562
is_linear=0
shrinkage=0.03


Tree=164
num_leaves=15
num_cat=0
split_feature=6 7 1 4 7 4 0 2 7 1 4 3 7 3
split_gain=1.19851 3.7462 2.21132 1.42196 2.97986 4.02543 2.20341 1.41698 1.38502 1.44274 1.2085 1.58562 1.27759 1.11023
threshold=-0.90733452593917707 -0.26453684922244752 -0.093541666666666676 0.90342013214146921 0.69321266968325801 0.93700396825396837 -0.84344362745098034 -0.059532246633593182 0.98876404494382031 0.21913109756097562 0.84712755598831568 0.66249413237365062 0.031754032258064509 0.38548951048951058
decision_type=2 2 2 2 2 2 2 2 2 2 2 2 2 2
left_child=1 -1 13 8 5 -5 -7 -8 10 -10 -2 12 -12 -3
right_child=3 2 -4 4 -6 6 7 -9 9 -11 11 -13 -14 -15
leaf_value=0.0016939153458600143 9.3203156948180725e-05 -0.0018167171164138896 0.00046667234960574009 0.0059583879042416805 -0.0016604997326752969 -0.0028592081378699969 -0.0005107978736813148 0.0039353345972812093 -0.00012659847493404927 0.0046863752072911803 -0.00043317585866051639 0.00072163582856618082 -0.0048881872413230349 -0.0060482353876743994
leaf_weight=238 14373 101 111 190 200 105 106 147 105 109 100 159 135 158
leaf_count=238 14373 101 111 190 200 105 106 147 105 109 100 159 135 158
internal_value=9.6699e-05 -0.00119935 -0.00305603 0.000147528 0.00141525 0.00254743 0.000624419 0.00212394 8.33287e-05 0.00242464 4.77811e-05 -0.0015705 -0.0030875 -0.00452699
internal_weight=16337 608 370 15729 748 548 358 253 14981 214 14767 394 235 259
internal_count=16337 608 370 15729 748 548 358 253 14981 214 14767 394 235 259
is_linear=0
shrinkage=0.03


Tree=165
num_leaves=15
num_cat=0
split_feature=3 3 1 3 2 6 9 1 0 6 0 8 9 8
split_gain=1.07454 1.72862 1.88451 1.68226 1.12457 1.0112 2.23914 2.01552 1.43989 1.64417 1.5945 1.81786 2.66481 1.79127
threshold=-0.92814113597246117 -0.93984622342831292 -0.49055258467023172 -0.90143695608176466 -0.40413533834586463 -0.58044603743528456 -0.77388922702373697 0.97036874451273059 0.79361054766734296 -0.86159003831417613 0.4709263015551049 -0.040547945205479489 -0.073622402890695535 -0.90733452593917707
decision_type=2 2 2 2 2 2 2 2 2 2 2 2 2 2
left_child=1 2 -1 -2 -4 8 -7 -8 10 -10 13 -12 -13 -5
right_child=3 -3 4 5 -6 6 7 -9 9 -11 11 12 -14 -15
leaf_value=0.0032321976149668457 -0.0026143525400915729 0.0041339095218119607 0.000691694068535399 -0.0033087360147558351 -0.0034808735752721192 0.0014251430708530231 0.00010111774690520429 -0.0025563668653885959 0.0040045773246696684 -0.0001508648490465908 0.00021498473382667999 -0.0072070147189453749 -0.0012247019685347074 -0.00012333498097713075
leaf_weight=112 207 139 112 161 105 1147 10987 253 123 239 163 108 167 2256
leaf_count=112 207 139 112 161 105 1147 10987 253 123 239 163 108 167 2256
internal_value=5.12846e-05 0.00145265 0.000231311 8.91273e-06 -0.00139169 4.53646e-05 0.000168473 3.90815e-05 -0.000427715 0.00133076 -0.000654547 -0.00229912 -0.00374456 -0.000348278
internal_weight=16279 468 329 15811 217 15604 12387 11240 3217 362 2855 438 275 2417
internal_count=16279 468 329 15811 217 15604 12387 11240 3217 362 2855 438 275 2417
is_linear=0
shrinkage=0.03


Tree=166
num_leaves=15
num_cat=0
split_feature=3 7 3 9 5 5 5 4 4 9 9 2 0 2
split_gain=1.03525 2.13758 2.10767 1.49158 2.81822 2.56916 2.29621 1.93787 1.87956 5.0583 2.95564 4.50484 2.26841 2.22303
threshold=1.0000000180025095e-35 0.96396103896103902 0.031754032258064509 -0.014709063378758378 0.46305060065526032 0.079682539682539702 0.78516483516483537 0.83584100606332823 0.47885646217986894 -0.78247535596933171 -0.10741758241758236 -0.54487917146144982 0.28330047873838354 0.43263412666397744
decision_type=2 2 2 2 2 2 2 2 2 2 2 2 2 2
left_child=1 3 -2 6 5 -5 8 -6 10 -10 12 -12 -1 -11
right_child=2 -3 -4 4 7 -7 -8 -9 9 13 11 -13 -14 -15
leaf_value=0.0003010032046179137 0.0032718318711267781 0.0037950969598098483 0.00015367082851530994 -0.00078350519252069317 -0.0038296683201086562 0.0014812277069073032 0.0024185813039068874 0.00025901634655892846 -0.0063094373100226926 0.00087340943047268637 0.0077129130829661358 0.00045187674536753222 -0.00179512405853121 -0.0033189866646174703
leaf_weight=2206 190 106 8037 2681 386 532 337 140 145 435 103 245 578 143
leaf_count=2206 190 106 8037 2681 386 532 337 140 145 435 103 245 578 143
internal_value=-6.86195e-06 -0.000248866 0.000229568 -0.000307626 -0.000742407 -0.000405084 8.1015e-05 -0.0027569 -0.000129061 -0.00149673 0.000190413 0.00275639 -0.000139051 -0.000202615
internal_weight=16264 8037 8227 7931 3739 3213 4192 526 3855 723 3132 348 2784 578
internal_count=16264 8037 8227 7931 3739 3213 4192 526 3855 723 3132 348 2784 578
is_linear=0
shrinkage=0.03


Tree=167
num_leaves=15
num_cat=0
split_feature=0 6 6 4 5 6 6 0 3 7 6 2 0 5
split_gain=1.82153 0.984208 1.39829 2.64826 3.2849 2.26168 2.03075 1.75833 1.70001 1.60489 1.34904 2.15284 1.45035 1.27469
threshold=-0.96799795186891957 0.35434243176178665 0.83584100606332823 0.92749178532311072 0.83584100606332823 0.79361054766734296 0.77096018735363003 0.81438415159345401 -0.43308457711442783 -0.58044603743528456 0.90786914235190108 -0.028991596638655467 0.079682539682539702 0.36055555555555568
decision_type=2 2 2 2 2 2 2 2 2 2 2 2 2 2
left_child=-1 -2 5 4 9 6 7 -3 -7 -4 12 -12 -11 -9
right_child=1 2 3 -5 -6 8 -8 13 -10 10 11 -13 -14 -15
leaf_value=0.003268583120376456 -0.00018512796598274515 0.00031135467809509523 -0.0026174085581218464 0.0035226605363491482 -0.0053679205193607644 5.3065961138123558e-05 -0.0026646434421080251 0.0042489818249204078 0.0045639136945937082 -0.0029356438092688311 0.0025274945025233041 -0.0012424514977563475 0.00048102397805890965 0.00072738692529150857
leaf_weight=143 10777 2991 224 126 122 116 176 177 205 197 349 212 238 193
leaf_count=143 10777 2991 224 126 122 116 176 177 205 197 349 212 238 193
internal_value=1.06558e-05 -2.02862e-05 0.000312988 -0.000472798 -0.000871211 0.000612435 0.000389335 0.000556688 0.00298468 -0.000381554 0.000142308 0.00110604 -0.00109749 0.00247952
internal_weight=16246 16103 5326 1468 1342 3858 3537 3361 321 1220 996 561 435 370
internal_count=16246 16103 5326 1468 1342 3858 3537 3361 321 1220 996 561 435 370
is_linear=0
shrinkage=0.03


Tree=168
num_leaves=15
num_cat=0
split_feature=2 1 1 3 2 8 8 2 3 5 9 3 9 3
split_gain=1.56073 1.56366 2.63558 2.24574 2.03237 1.90087 1.97915 2.60513 1.80399 1.89405 1.99186 1.85669 3.20557 1.65111
threshold=0.58102025506376598 -0.3797960174842156 -0.016133229247983379 0.3371212121212121 -0.54487917146144982 -0.6795061728395061 -0.4752049180327868 0.079682539682539702 -0.18245838668373873 -0.32230727173318752 0.29478609625668456 0.088421444527177942 0.12922201138519931 0.12158167036215818
decision_type=2 2 2 2 2 2 2 2 2 2 2 2 2 2
left_child=1 -1 3 8 -4 -6 7 13 9 -3 -11 -10 -13 -7
right_child=-2 2 4 -5 5 6 -8 -9 11 10 -12 12 -14 -15
leaf_value=0.00061712312003220403 -0.00055943905270631339 0.00010701175053071093 -0.00092531867261981722 -0.0023859066972632256 0.0019690449065780519 -0.0014814536965116478 0.00053278613942987492 0.00088045497814471076 0.0021283963716441511 -0.0033121947611094468 0.00071061951434844503 0.001726898833629534 -0.0039997598421672043 -0.0062153346706936884
leaf_weight=4312 3522 586 1048 656 693 187 3592 239 407 429 144 188 149 101
leaf_count=4312 3522 586 1048 656 693 187 3592 239 407 429 144 188 149 101
internal_value=-1.42952e-06 0.00015326 -8.47687e-05 -0.000886083 0.00026607 0.000526922 0.000280112 -0.00141995 -0.000359296 -0.00109567 -0.00230638 0.000787142 -0.000847366 -0.00329446
internal_weight=16253 12731 8419 2559 5860 4812 4119 527 1903 1159 573 744 337 288
internal_count=16253 12731 8419 2559 5860 4812 4119 527 1903 1159 573 744 337 288
is_linear=0
shrinkage=0.03


Tree=169
num_leaves=15
num_cat=0
split_feature=3 5 5 5 6 2 2 2 0 1 9 3 1 9
split_gain=1.22336 1.76846 1.50711 1.13841 2.40411 1.17441 1.02167 2.20134 0.974808 0.930253 1.02173 0.9907 0.939321 3.25189
threshold=0.93239382974671503 0.61152570480928703 0.90342013214146921 0.86402157164869031 -0.58863819500402892 -0.94904251866277167 0.58102025506376598 -0.014709063378758378 -0.41101055806938153 -0.92814113597246117 -0.96521476104053228 0.18052538020936207 -0.8767331433998099 -0.30886644219977549
decision_type=2 2 2 2 2 2 2 2 2 2 2 2 2 2
left_child=2 -2 3 5 -5 -1 7 8 -4 11 -11 -7 13 -12
right_child=1 -3 6 4 -6 9 -8 -9 -10 10 12 -13 -14 -15
leaf_value=-0.0021932975383034707 -0.00083370198858559528 0.0023684306993238527 -0.0024000416680796744 0.0053579651478423982 -0.00022024290110244588 0.0031130065708140169 0.00021977712202817201 -0.0048368328932170456 0.00080240328306038127 -0.0028070056053590689 -0.0052997025378135731 -0.00040832133270626847 2.0672589749203863e-05 0.00098441732327046337
leaf_weight=214 234 428 147 100 187 164 240 168 180 109 118 119 13754 170
leaf_count=214 234 428 147 100 187 164 240 168 180 109 118 119 13754 170
internal_value=-1.24462e-05 0.001241 -6.61572e-05 -4.67286e-07 0.00183834 -3.77249e-05 -0.00138304 -0.00214912 -0.000665727 -4.26982e-06 -3.88859e-05 0.00166891 -1.54163e-05 -0.00168177
internal_weight=16332 662 15670 14935 287 14648 735 495 327 14434 14151 283 14042 288
internal_count=16332 662 15670 14935 287 14648 735 495 327 14434 14151 283 14042 288
is_linear=0
shrinkage=0.03


Tree=170
num_leaves=15
num_cat=0
split_feature=6 9 4 9 1 1 9 8 4 5 3 8 8 0
split_gain=1.50692 1.83647 2.57605 2.30839 2.04537 2.28699 2.19747 1.84133 1.79359 3.57785 3.73429 2.08822 1.84385 1.78148
threshold=-0.52875082617316582 -0.13423734983618493 1.0000000180025095e-35 -0.71256454388984503 -0.83584100606332801 -0.49055258467023172 0.3371212121212121 0.86949116457313191 0.079682539682539702 0.26713615023474185 -0.040547945205479489 -0.032795698924731158 0.59508740204942756 -0.82554347826086938
decision_type=2 2 2 2 2 2 2 2 2 2 2 2 2 2
left_child=1 2 3 -1 6 -6 -3 13 -7 -10 -11 -12 -13 -4
right_child=-2 4 7 -5 5 8 -8 -9 9 10 11 12 -14 -15
leaf_value=-0.004742426072721774 8.8547527229336433e-05 -0.00080621949607326141 -0.00082516369618364238 -0.00039516143883914302 0.00086606547544317795 -0.00024623221326744514 -0.0066803247234249706 -0.0029497985270739132 -0.0062224460388446944 -0.0061170839845118199 -0.0025784397775378935 0.0044442244946150174 -0.00067273656154672303 0.0017299536454772192
leaf_weight=149 12532 114 325 363 474 511 112 102 171 100 146 114 125 935
leaf_count=149 12532 114 325 363 474 511 112 102 171 100 146 114 125 935
internal_value=-6.92793e-05 -0.000596811 6.71751e-05 -0.0017269 -0.00126009 -0.000878392 -0.003877 0.00074927 -0.00158828 -0.00261429 -0.00124212 0.000146906 0.00184845 0.00106959
internal_weight=16273 3741 1874 512 1867 1641 226 1362 1167 656 485 385 239 1260
internal_count=16273 3741 1874 512 1867 1641 226 1362 1167 656 485 385 239 1260
is_linear=0
shrinkage=0.03


Tree=171
num_leaves=15
num_cat=0
split_feature=3 0 9 9 8 8 5 3 3 5 3 8 7 8
split_gain=1.40833 1.80916 1.65155 2.13077 1.88288 2.71253 3.31355 2.28461 3.19569 2.22784 2.32208 2.04113 1.66223 1.92858
threshold=-0.43308457711442783 -0.94904251866277167 -0.077787381158167621 -0.059532246633593182 -0.059532246633593182 -0.72264957264957252 0.70209762000806786 0.84168755221386804 -0.13938769502502205 0.66249413237365062 0.34514106583072107 -0.4752049180327868 -0.37284167398302598 0.055050505050505023
decision_type=2 2 2 2 2 2 2 2 2 2 2 2 2 2
left_child=-1 -2 4 -4 5 7 -7 8 -3 10 -10 -8 -6 -14
right_child=1 2 3 -5 12 6 11 -9 9 -11 -12 -13 13 -15
leaf_value=-0.00050611004572311718 0.0032834705544810272 0.0019414639511127969 0.0043914042666363413 0.0003058597479442737 0.00079666381696801925 0.00030050212356110201 0.00069986710758056746 0.0027207345431265622 -0.0038549710955124599 -0.0056917130317559791 0.00083648553554817946 0.0058586167353604519 -0.0039482826146678149 -0.00096082917435783629
leaf_weight=4536 150 148 107 6631 407 1458 119 105 181 169 183 165 210 1815
leaf_count=4536 150 148 107 6631 407 1458 119 105 181 169 183 165 210 1815
internal_value=-5.71977e-05 0.00011495 7.15512e-05 0.00037715 -0.000343519 0.000229566 0.000888515 -0.00122367 -0.00186241 -0.00293494 -0.00153705 0.00379436 -0.000937726 -0.00128852
internal_weight=16384 11848 11698 6738 4960 2528 1742 786 681 533 364 284 2432 2025
internal_count=16384 11848 11698 6738 4960 2528 1742 786 681 533 364 284 2432 2025
is_linear=0
shrinkage=0.03


Tree=172
num_leaves=15
num_cat=0
split_feature=9 6 1 1 4 4 1 3 2 4 4 1 6 2
split_gain=1.65477 1.91066 2.98654 1.67474 3.34573 2.04809 1.66674 1.21519 1.71085 1.16496 1.78423 1.38957 1.88765 1.61748
threshold=0.74050024050024055 -0.8171368861024032 -0.66479400749063666 0.021167557932263773 0.3228287841191067 0.021167557932263773 0.18052538020936207 -0.32958801498127338 -0.22623655913978494 0.21261798310978644 0.17287356321839079 0.58102025506376598 0.24357284113381675 0.64888572783309639
decision_type=2 2 2 2 2 2 2 2 2 2 2 2 2 2
left_child=9 -2 -3 4 7 6 -5 -4 -9 10 11 13 -13 -1
right_child=1 2 3 5 -6 -7 -8 8 -10 -11 -12 12 -14 -15
leaf_value=-0.00024410214677496396 -0.0023216833581069579 0.0042327373553506442 0.003013121306287999 0.0030446042803426582 -0.0039038762743187011 0.0023874810310115682 -0.00081694766554331962 0.0023713115107329942 -0.0021267191059156716 0.00019668622392980813 -0.0027167940300215766 -0.0024847761761772375 -0.00021553586860601273 0.0014311986140869723
leaf_weight=6322 161 217 137 116 189 638 489 118 178 5569 270 554 800 555
leaf_count=6322 161 217 137 116 189 638 489 118 178 5569 270 554 800 555
internal_value=-1.95907e-05 0.000735303 0.000981666 0.000582834 -0.000680756 0.00121552 -3.90841e-05 0.000782468 -0.000314691 -0.00014037 -0.000361148 -0.000280673 -0.00115542 -0.000107017
internal_weight=16313 2243 2082 1865 622 1243 605 433 296 14070 8501 8231 1354 6877
internal_count=16313 2243 2082 1865 622 1243 605 433 296 14070 8501 8231 1354 6877
is_linear=0
shrinkage=0.03


Tree=173
num_leaves=15
num_cat=0
split_feature=6 9 6 2 7 6 1 8 0 0 7 0 0 1
split_gain=1.13584 1.63358 0.928638 1.44878 1.38949 1.27963 1.56303 1.51273 1.64291 1.32092 1.23288 1.25469 1.02486 0.996814
threshold=-0.94904251866277167 -0.26953601953601952 0.59508740204942756 0.85524707525755206 0.57223113964687011 0.61781229345670863 -0.73969508752117441 -0.41897974493623397 0.94160272804774092 0.82807881773399028 0.94904251866277189 0.073622402890695673 -0.96799795186891957 0.69321266968325801
decision_type=2 2 2 2 2 2 2 2 2 2 2 2 2 2
left_child=1 -1 10 5 -5 -4 -7 -8 9 13 12 -12 -2 -9
right_child=2 -3 3 4 -6 6 7 8 -10 -11 11 -13 -14 -15
leaf_value=-0.003855305486329042 0.002751639296260217 0.00071246443178042543 0.0032066237128206662 0.00044012232825321995 -0.0040523440842158524 0.0032841144902787723 -0.00076126183109790442 0.00030060320073906121 -0.0027819880518046292 0.0033984923005206161 -0.00096476474650583025 0.0027994064438104068 -9.3899797856621255e-05 0.0018461910104538108
leaf_weight=147 105 123 165 128 107 169 748 1325 100 177 108 255 12113 517
leaf_count=147 105 123 165 128 107 169 748 1325 100 177 108 255 12113 517
internal_value=7.10502e-05 -0.0018233 0.000104101 0.000540435 -0.0016873 0.000708728 0.000562891 0.000391627 0.000800257 0.00099052 -1.54005e-05 0.00168365 -6.72153e-05 0.000742035
internal_weight=16287 270 16017 3436 235 3201 3036 2867 2119 2019 12581 363 12218 1842
internal_count=16287 270 16017 3436 235 3201 3036 2867 2119 2019 12581 363 12218 1842
is_linear=0
shrinkage=0.03


Tree=174
num_leaves=15
num_cat=0
split_feature=5 6 3 1 1 9 4 4 0 9 3 8 0 8
split_gain=1.05024 1.00821 1.22049 1.6553 1.17125 1.1404 0.833556 1.89552 1.05834 1.68542 1.27356 2.54351 3.16348 2.13278
threshold=-0.96799795186891957 -0.49055258467023172 0.92749178532311072 0.97036874451273059 0.21261798310978644 0.38548951048951058 0.93239382974671503 0.98876404494382031 -0.82554347826086938 -0.86754385964912273 -0.48255578093306278 0.51765683423348574 0.51053093462044774 0.18052538020936207
decision_type=2 2 2 2 2 2 2 2 2 2 2 2 2 2
left_child=-1 6 3 -3 -4 -6 8 -8 -2 -10 13 -12 -13 -11
right_child=1 2 4 -5 5 -7 7 -9 9 10 11 12 -14 -15
leaf_value=-0.002501274568161794 -0.0018770321442647593 0.0001764323957208182 -0.00018023731478349455 -0.0023008238361357904 0.0049073437941226641 0.00084432908066651687 0.0028483524439199006 -0.0019458519893114342 0.0023887692077491939 -0.00082681686133146283 -0.00014250061614403124 -0.00385705251269171 9.4898985201441002e-05 0.0033704849633459859
leaf_weight=137 427 11535 169 238 127 123 194 108 187 240 1943 425 313 185
leaf_count=137 427 11535 169 238 127 123 194 108 187 240 1943 425 313 185
internal_value=2.3092e-05 4.59502e-05 0.000181827 0.000124443 0.0017537 0.0030177 -0.000365365 0.00112645 -0.00048917 -0.000304069 -0.00047334 -0.000715522 -0.00220209 0.00103572
internal_weight=16351 16214 12192 11773 419 250 4022 302 3720 3293 3106 2681 738 425
internal_count=16351 16214 12192 11773 419 250 4022 302 3720 3293 3106 2681 738 425
is_linear=0
shrinkage=0.03


Tree=175
num_leaves=15
num_cat=0
split_feature=8 7 6 0 4 6 0 6 0 3 4 4 4 6
split_gain=1.18004 1.88066 1.01351 2.08559 2.40837 1.69592 1.60119 1.92465 1.55981 2.82653 1.43971 1.7649 2.40147 1.49478
threshold=0.97036874451273059 0.64888572783309639 0.80746061167747929 -0.84344362745098034 0.89237451737451745 0.82807881773399028 0.96850198412698418 -0.25760368663594463 -0.94904251866277167 -0.44224170796797557 0.68651074887786456 0.35434243176178665 0.54076207354895889 0.86949116457313191
decision_type=2 2 2 2 2 2 2 2 2 2 2 2 2 2
left_child=2 -2 6 -4 5 -5 8 -8 9 -1 11 13 -13 -7
right_child=1 -3 3 4 -6 10 7 -9 -10 -11 -12 12 -14 -15
leaf_value=-0.0012012269245009989 0.00086681034859744895 -0.0035758094320303239 -0.003296172621508909 0.0035768284663019773 0.0049272344895367193 -0.0021106634065999009 -0.00046200371326973836 0.0045880822841123953 -0.00019238428920714622 0.0051070887800968882 -0.0023254070960377392 0.005462484169984236 -0.00034637485298195052 0.00071704669347441986
leaf_weight=114 139 201 101 144 117 218 127 132 13829 127 161 130 116 632
leaf_count=114 139 201 101 144 117 218 127 132 13829 127 161 130 116 632
internal_value=-6.35371e-05 -0.00178669 -2.57041e-05 0.000683418 0.000968039 0.000604822 -0.000106247 0.00218667 -0.000149978 0.0021941 0.00023881 0.000633108 0.00281681 -2.42875e-05
internal_weight=16288 340 15948 1619 1518 1401 14329 259 14070 241 1257 1096 246 850
internal_count=16288 340 15948 1619 1518 1401 14329 259 14070 241 1257 1096 246 850
is_linear=0
shrinkage=0.03


Tree=176
num_leaves=15
num_cat=0
split_feature=8 0 1 4 8 4 1 6 7 1 5 5 8 8
split_gain=0.769315 2.46445 1.69211 1.32342 1.26084 1.19803 1.00894 1.5106 1.33555 1.18122 3.05184 2.82985 1.73467 1.56598
threshold=-0.90143695608176466 0.45566778900112243 -0.6955588929414287 0.55863254392666173 -0.88433667781493852 0.13867521367521365 -0.49055258467023172 0.78516483516483537 0.13867521367521365 -0.86949116457313169 0.76293487957181094 0.47885646217986894 -0.18245838668373873 -0.61242176215695709
decision_type=2 2 2 2 2 2 2 2 2 2 2 2 2 2
left_child=1 2 -1 5 -2 -4 7 9 -9 11 13 -6 -12 -11
right_child=4 -3 3 -5 6 -7 -8 8 -10 10 12 -13 -14 -15
leaf_value=-0.0048278971611842754 0.0029189725681901613 0.0032084240038199601 -0.00046940826007945313 0.0010606702500537261 0.0013829100412362208 -0.0043548317257720492 -6.8073510406742191e-05 -0.0042413655251919017 0.00046169060439003249 -0.001380867123064634 0.0064282017992442755 -0.0020676985270435323 0.0018231565655844511 0.00086525846906431478
leaf_weight=112 131 101 175 191 419 114 11737 101 103 313 117 417 204 2093
leaf_count=112 131 101 175 191 419 114 11737 101 103 313 117 417 204 2093
internal_value=5.12485e-05 -0.000919649 -0.00166553 -0.000844173 9.48426e-05 -0.00209645 6.91141e-05 0.000495604 -0.00195617 0.000641063 0.000942695 -0.000342363 0.00364513 0.000568551
internal_weight=16328 693 592 480 15635 289 15504 3767 204 3563 2727 836 321 2406
internal_count=16328 693 592 480 15635 289 15504 3767 204 3563 2727 836 321 2406
is_linear=0
shrinkage=0.03


Tree=177
num_leaves=15
num_cat=0
split_feature=9 6 5 8 5 3 8 8 5 9 0 1 1 8
split_gain=1.15286 2.05459 1.79284 1.76582 1.33657 1.07779 0.916231 3.2947 1.34812 1.32168 1.76854 1.2315 4.1223 2.28726
threshold=-0.89309523809523805 0.23395061728395064 0.65669642857142874 -0.1270166453265045 0.88303693570451447 -0.10741758241758236 -0.83584100606332801 -0.85129906025428403 0.87577160493827166 -0.34351679104477606 -0.59537185660781156 0.35434243176178665 0.40279123861213423 0.22623655913978494
decision_type=2 2 2 2 2 2 2 2 2 2 2 2 2 2
left_child=1 2 5 -3 -4 -1 7 8 9 10 -2 -8 13 -13
right_child=6 3 4 -5 -6 -7 11 -9 -10 -11 -12 12 -14 -15
leaf_value=-0.0036614082077304358 0.00076789464942734456 0.0058093205847399073 0.0042877329848225003 0.00079342241175997421 -0.00040784098095768555 -1.6252487839665263e-05 0.00019596522218151956 -0.0053482444097541952 -0.0031870341651319039 0.001096324471143112 -0.0034629894416443566 -0.00150110617476394 -0.00014452010000755931 -0.0065133358398619902
leaf_weight=112 178 118 106 132 100 182 9529 122 116 509 162 220 4568 129
leaf_count=112 178 118 106 132 100 182 9529 122 116 509 162 220 4568 129
internal_value=-1.06647e-05 0.00113021 5.29851e-06 0.0032933 0.00209497 -0.00147965 -6.64428e-05 -0.00090229 -0.000291122 0.000137046 -0.00128934 -2.96824e-06 -0.000388111 -0.00348359
internal_weight=16283 750 500 250 206 294 15533 1087 965 849 340 14446 4917 349
internal_count=16283 750 500 250 206 294 15533 1087 965 849 340 14446 4917 349
is_linear=0
shrinkage=0.03


Tree=178
num_leaves=15
num_cat=0
split_feature=6 0 4 8 4 0 5 2 8 4 7 4 5 2
split_gain=1.69667 1.3942 2.29607 1.0621 1.53565 1.33515 1.31618 0.974928 1.18949 0.970104 4.50992 2.16664 1.6494 1.77577
threshold=0.94904251866277189 0.74050024050024055 0.41795166858458005 0.94904251866277189 0.89237451737451745 0.96396103896103902 0.34514106583072107 -0.099295774647887289 0.61152570480928703 0.93700396825396837 -0.24852941176470586 0.96693989071038255 0.93239382974671503 0.49274752995585464
decision_type=2 2 2 2 2 2 2 2 2 2 2 2 2 2
left_child=3 2 -2 5 6 9 -5 -7 -9 12 -11 -12 -1 -14
right_child=1 -3 -4 4 -6 7 -8 8 -10 10 11 -13 13 -15
leaf_value=-0.000105461367367205 0.00036778094960594331 -0.0011623354237235617 0.0048897552385275805 -0.00062716889580769928 0.0015038229501610541 0.0038523029003205683 -0.0042961231573272933 -0.0016352842079270316 0.0025947823747229136 0.0027400142345993797 -0.0068883873111284947 -0.0014603454253224075 0.00043642099567465652 0.0051614621874283666
leaf_weight=14193 221 118 179 182 109 119 168 108 112 141 105 173 211 100
leaf_count=14193 221 118 179 182 109 119 168 108 112 141 105 173 211 100
internal_value=-4.3363e-05 0.00162944 0.00246127 -9.94818e-05 -0.0015057 -5.62321e-05 -0.00245868 0.00177807 0.000537391 -9.90641e-05 -0.00150505 -0.0036785 -5.74382e-05 0.00206919
internal_weight=16239 518 400 15721 459 15262 350 339 220 14923 419 278 14504 311
internal_count=16239 518 400 15721 459 15262 350 339 220 14923 419 278 14504 311
is_linear=0
shrinkage=0.03


Tree=179
num_leaves=15
num_cat=0
split_feature=2 1 3 5 2 1 2 3 5 4 1 3 5 1
split_gain=0.927583 0.936025 1.44346 0.995304 0.893922 1.44591 0.903782 1.93298 1.50631 2.45262 1.85083 2.02255 1.2118 2.40634
threshold=-0.96799795186891957 0.96850198412698418 0.79361054766734296 -0.96799795186891957 -0.93495505023796921 -0.8767331433998099 0.80123456790123471 -0.58044603743528456 0.29073091057574524 0.80746061167747929 -0.11884584342211461 0.58102025506376598 0.90786914235190108 0.55863254392666173
decision_type=2 2 2 2 2 2 2 2 2 2 2 2 2 2
left_child=-1 3 -3 -2 5 -5 12 -8 -9 10 -10 -12 -6 -14
right_child=1 2 -4 4 6 -7 7 8 9 -11 11 -13 13 -15
leaf_value=-0.0022563225459720044 -0.0024029651278356366 -0.0027678149143579383 0.0010890772448771673 -0.00079316633188173617 6.2783127254099089e-05 0.0036321005841278937 -0.0030587397828207327 0.0022876764063480869 -0.0037087957722679622 0.0021852745181019165 -0.0024037832439145336 0.0018809104739392008 -0.002338239761744524 0.0023479019935558161
leaf_weight=148 133 238 128 108 13296 151 101 543 149 358 158 232 448 117
leaf_count=148 133 238 128 108 13296 151 101 543 149 358 158 232 448 117
internal_value=3.11913e-05 5.35238e-05 -0.00142587 8.86867e-05 0.000111367 0.00182593 8.13687e-05 0.000768145 0.0010558 0.000293084 -0.000980608 0.000128362 4.51748e-06 -0.00134388
internal_weight=16308 16160 366 15794 15661 259 15402 1541 1440 897 539 390 13861 565
internal_count=16308 16160 366 15794 15661 259 15402 1541 1440 897 539 390 13861 565
is_linear=0
shrinkage=0.03


Tree=180
num_leaves=15
num_cat=0
split_feature=7 8 7 7 2 1 4 9 1 8 4 0 7 9
split_gain=1.03899 1.25698 2.09591 2.50908 4.21398 2.81897 2.73937 2.30791 1.70105 1.55063 1.54513 1.4698 1.38419 1.67716
threshold=-0.96799795186891957 -0.6557112068965516 0.80123456790123471 -0.75411605937921722 0.29847345636819328 0.71852992957746487 0.038218111002921169 -0.71256454388984503 0.43951219512195122 -0.82554347826086938 -0.49055258467023172 0.46305060065526032 -0.58044603743528456 -0.3797960174842156
decision_type=2 2 2 2 2 2 2 2 2 2 2 2 2 2
left_child=-1 2 3 4 6 7 10 9 11 -5 -2 12 -9 -14
right_child=1 -3 -4 5 -6 -7 -8 8 -10 -11 -12 -13 13 -15
leaf_value=-0.00246328140513367 0.0038501984232759755 -7.8649082837968946e-05 0.0037027239713837757 -0.0045868719649550162 -0.0015450232027661662 0.0032411793738720005 0.0059219365572302481 0.0023625455327042988 -0.0026858957672181226 -0.00058421246415414543 -0.00089162390926605332 0.0029139876182450622 -0.0029314629830823743 0.00027767567893821057
leaf_weight=141 101 13590 177 180 205 182 217 164 170 167 133 173 193 522
leaf_count=141 101 13590 177 180 205 182 217 164 170 167 133 173 193 522
internal_value=1.37035e-05 3.68058e-05 0.000641978 0.000402517 0.00196992 -0.000192554 0.00356648 -0.000608862 1.09723e-05 -0.00273084 0.00122897 0.000467965 -4.08106e-05 -0.000617053
internal_weight=16315 16174 2584 2407 656 1751 451 1569 1222 347 234 1052 879 715
internal_count=16315 16174 2584 2407 656 1751 451 1569 1222 347 234 1052 879 715
is_linear=0
shrinkage=0.03


Tree=181
num_leaves=15
num_cat=0
split_feature=9 7 4 5 6 6 4 3 9 9 1 4 7 1
split_gain=1.1023 1.5764 1.54362 2.11031 2.2628 1.4403 1.14091 3.31016 1.81079 1.58021 0.948431 2.83823 3.37396 1.80931
threshold=-0.88388945062352542 0.6777901371894699 0.84712755598831568 0.60232558139534897 0.28330047873838354 -0.45914149443561203 0.93239382974671503 -0.28165064102564097 -0.57052441229656403 0.44151846785225718 0.22623655913978494 0.37771377935312361 0.94160272804774092 0.14784456587735276
decision_type=2 2 2 2 2 2 2 2 2 2 2 2 2 2
left_child=1 2 3 4 5 -1 10 -8 -9 -10 11 -2 13 -13
right_child=6 -3 -4 -5 -6 -7 7 8 9 -11 -12 12 -14 -15
leaf_value=0.0010589258632043728 0.00038664070363386927 0.0035659190796485003 -0.0023999528593655365 0.004198501725913956 0.003183275745358578 -0.003417118518767547 0.0051500156111372953 -0.0033911418869891868 0.002754430370826517 -0.001270504614232846 -0.00042480766990101972 -0.0012693538655302132 0.0040285570519726453 0.0025739067183950769
leaf_weight=101 6545 166 134 134 119 153 135 102 189 149 5951 2165 113 107
leaf_count=101 6545 166 134 134 119 153 135 102 189 149 5951 2165 113 107
internal_value=-2.40387e-05 0.00104992 0.000353585 0.00111369 -7.5214e-05 -0.00166458 -8.07557e-05 0.00121892 -7.48588e-05 0.000994602 -0.00013176 6.37858e-05 -0.000820119 -0.00107787
internal_weight=16263 807 641 507 373 254 15456 575 440 338 14881 8930 2385 2272
internal_count=16263 807 641 507 373 254 15456 575 440 338 14881 8930 2385 2272
is_linear=0
shrinkage=0.03


Tree=182
num_leaves=15
num_cat=0
split_feature=6 1 1 7 7 6 6 6 3 4 9 0 7 3
split_gain=0.832131 1.94981 1.66463 1.86134 1.58242 1.30761 2.28039 0.729935 1.56143 3.0109 2.63256 2.17856 1.68385 1.26278
threshold=-0.93495505023796921 -0.88433667781493852 -0.90143695608176466 0.44676113360323894 0.76293487957181094 -0.68898343036274057 1.0000000180025095e-35 0.86949116457313191 -0.31198770491803274 0.13867521367521365 -0.62426470588235283 -0.084541556054727393 0.34514106583072107 -0.61242176215695709
decision_type=2 2 2 2 2 2 2 2 2 2 2 2 2 2
left_child=1 -1 3 5 -5 -2 -7 -4 9 13 -10 -12 -13 -9
right_child=2 -3 7 4 -6 6 -8 8 10 -11 11 12 -14 -15
leaf_value=-0.0046722967028617864 0.0025346494372934102 -6.0568971854477828e-05 -0.00011145898478068739 0.0058182337280066514 0.00079560973106519034 -0.0036172728335261868 0.002028487849674391 -0.0014782375527545809 -0.0043330437153941241 0.0041622017559343836 -0.0030680660687518856 0.0034085335445059981 -0.0006534012190320275 0.0023647234622293559
leaf_weight=105 130 293 13969 122 105 132 109 215 113 251 103 206 155 107
leaf_count=105 130 293 13969 122 105 132 109 215 113 251 103 206 155 107
internal_value=-2.43399e-05 -0.00136193 1.03761e-05 0.00154949 0.00362659 0.000216767 -0.00108471 -5.14842e-05 0.000671707 0.00176742 -0.000427979 0.000594389 0.00169389 -0.000168466
internal_weight=16115 398 15717 598 227 371 241 15119 1150 573 577 464 361 322
internal_count=16115 398 15717 598 227 371 241 15119 1150 573 577 464 361 322
is_linear=0
shrinkage=0.03


Tree=183
num_leaves=15
num_cat=0
split_feature=0 1 2 2 3 0 3 5 8 2 0 5 8 5
split_gain=1.0326 1.04637 1.81497 1.27507 2.48672 3.80753 2.16696 2.11886 2.09591 1.46515 2.80597 1.35075 1.91753 1.32139
threshold=-0.96799795186891957 0.96850198412698418 0.74050024050024055 0.70991117344553545 -0.21992558908639928 -0.073622402890695535 0.79361054766734296 -0.605448480355819 0.70991117344553545 0.58102025506376598 0.72524509803921589 0.29847345636819328 0.50280898876404501 0.82807881773399028
decision_type=2 2 2 2 2 2 2 2 2 2 2 2 2 2
left_child=-1 3 -3 9 5 -5 7 -6 -8 13 -11 -9 -13 -2
right_child=1 2 -4 4 6 -7 8 11 -10 10 -12 12 -14 -15
leaf_value=0.0025956786506584274 0.00018917700793686892 0.001081099271774292 -0.0032357200241109373 0.00062197350588814838 -0.0014272760910956238 -0.0058095876649632804 -0.001474293502806307 0.0035011976608873476 0.0020868184230768108 -0.0017749358163131432 0.0023039723114186041 0.0025619919056208023 -0.0010036763331243911 -0.00099123882637161998
leaf_weight=139 11650 140 208 253 142 112 408 515 221 857 175 393 198 911
leaf_count=139 11650 140 208 253 142 112 408 515 221 857 175 393 198 911
internal_value=0.000109557 8.66132e-05 -0.00151738 0.000122799 0.000783975 -0.00145384 0.00122454 0.00194348 -0.000210015 1.32499e-05 -0.00106779 0.00238517 0.00137058 0.000102846
internal_weight=16322 16183 348 15835 2242 365 1877 1248 629 13593 1032 1106 591 12561
internal_count=16322 16183 348 15835 2242 365 1877 1248 629 13593 1032 1106 591 12561
is_linear=0
shrinkage=0.03


Tree=184
num_leaves=15
num_cat=0
split_feature=7 7 6 3 9 2 9 2 2 1 9 9 1 6
split_gain=0.966209 1.1169 0.812587 1.64792 1.12325 1.76127 1.13801 1.62415 0.875338 2.48528 1.3525 3.05159 2.54365 1.24472
threshold=-0.96799795186891957 -0.94904251866277167 0.89851963098047638 0.42444997924449984 -0.43308457711442783 -0.3965259059598682 0.4709263015551049 0.1564382530120482 0.87577160493827166 0.97315315315315332 0.17990752416981928 0.75411605937921733 0.83584100606332823 -0.13938769502502205
decision_type=2 2 2 2 2 2 2 2 2 2 2 2 2 2
left_child=-1 -2 8 4 5 -4 7 -6 9 -3 12 13 -10 -12
right_child=1 2 3 -5 6 -7 -8 -9 10 -11 11 -13 -14 -15
leaf_value=-0.0022905517949163286 0.002767002361360937 3.5457207257454196e-05 0.0025300417360173718 -0.0014296142139540212 0.0018655948479981139 -0.0024049797382232918 0.00042985685934984416 0.0064740682779387991 0.00040291760837587944 -0.0040851785856670236 -0.00063716139305721635 0.0023334733376639614 0.0044778099584260158 -0.0049963775705042721
leaf_weight=139 134 13803 114 195 219 127 173 100 408 123 133 193 200 101
leaf_count=139 134 13803 114 195 219 127 173 100 408 123 133 193 200 101
internal_value=0.000114367 0.000136646 0.000112736 0.000969301 0.00161814 -6.27771e-05 0.00242636 0.00346313 5.8993e-05 -3.84317e-06 0.000896405 -0.000393631 0.00179411 -0.00264636
internal_weight=16162 16023 15889 928 733 241 492 319 14961 13926 1035 427 608 234
internal_count=16162 16023 15889 928 733 241 492 319 14961 13926 1035 427 608 234
is_linear=0
shrinkage=0.03


Tree=185
num_leaves=15
num_cat=0
split_feature=2 9 1 9 7 0 7 9 7 2 4 2 9 0
split_gain=0.750053 0.689558 1.56478 1.21505 1.52184 1.64061 1.2917 2.11588 1.63751 1.47017 1.38939 1.36527 1.34346 1.3094
threshold=-0.96799795186891957 0.97315315315315332 1.0000000180025095e-35 0.92749178532311072 0.82070417145044017 0.32958801498127338 0.65669642857142874 -0.77388922702373697 0.61152570480928703 0.96693989071038255 0.41795166858458005 0.55863254392666173 0.3723210214318286 0.90786914235190108
decision_type=2 2 2 2 2 2 2 2 2 2 2 2 2 2
left_child=-1 3 -3 6 5 -5 8 10 9 13 -8 -9 -10 -2
right_child=1 2 -4 4 -6 -7 7 11 12 -11 -12 -13 -14 -15
leaf_value=-0.0021313113310383572 4.9161436153948318e-05 0.0012687582955848364 -0.0031342090294516132 0.0028591855828995474 0.0042490780959255937 -0.001355771143363798 0.0037690906016618615 -0.00049214375147021126 0.0033138644349228049 0.0023220496377290554 -0.00023139890619055476 -0.0021388783574731751 -0.000728397945294509 -0.0017283431678139544
leaf_weight=141 11943 112 176 133 123 189 139 1589 238 239 162 629 101 375
leaf_count=141 11943 112 176 133 123 189 139 1589 238 239 162 629 101 375
internal_value=-2.67689e-05 -7.08491e-06 -0.00143683 1.97666e-05 0.00154768 0.000418871 -2.53158e-05 -0.00064527 9.61871e-05 3.9819e-05 0.00167779 -0.000966643 0.00212317 -6.30966e-06
internal_weight=16289 16148 288 15860 445 322 15415 2519 12896 12557 301 2218 339 12318
internal_count=16289 16148 288 15860 445 322 15415 2519 12896 12557 301 2218 339 12318
is_linear=0
shrinkage=0.03


Tree=186
num_leaves=15
num_cat=0
split_feature=1 1 8 8 2 8 8 6 5 6 8 3 3 7
split_gain=1.39168 2.32095 2.89247 1.5449 3.13392 2.13088 2.09534 1.80197 2.10259 2.50231 1.89208 1.81587 1.67606 1.42852
threshold=0.35434243176178665 0.40279123861213423 0.21261798310978644 -0.85129906025428403 0.21261798310978644 0.35434243176178665 0.42444997924449984 0.097167584579071611 0.72524509803921589 0.28330047873838354 -0.49055258467023172 -0.8088714938030005 0.37011669203450032 0.76293487957181094
decision_type=2 2 2 2 2 2 2 2 2 2 2 2 2 2
left_child=-1 2 -2 4 -3 7 -7 10 9 -9 12 -11 -5 -8
right_child=1 3 -4 5 -6 6 13 8 -10 11 -12 -13 -14 -15
leaf_value=0.00019205776975277837 -0.00053585066587619656 0.005431240520836037 -0.0058247418334713662 -0.0016174219475030454 -0.00091273990974570648 0.0033300998427368924 -0.00039426846825179051 0.0018674157022961389 0.0026938525846074385 -0.0046187411330986848 -0.0025626189862690222 -0.00082542889465912588 0.002649367867196177 0.0015939967246139158
leaf_weight=10919 241 117 144 191 151 188 1365 279 184 119 812 1022 131 416
leaf_count=10919 241 117 144 191 151 188 1365 279 184 119 812 1022 131 416
internal_value=-2.25877e-06 -0.000397727 -0.00261141 -0.000221521 0.00195258 -0.000349184 0.000402366 -0.00088915 -0.000238767 -0.000634949 -0.00179896 -0.00125774 0.000145961 7.64508e-05
internal_weight=16279 5360 385 4975 268 4707 1969 2738 1604 1420 1134 1141 322 1781
internal_count=16279 5360 385 4975 268 4707 1969 2738 1604 1420 1134 1141 322 1781
is_linear=0
shrinkage=0.03


Tree=187
num_leaves=15
num_cat=0
split_feature=2 0 7 2 2 7 5 0 2 0 2 2 2 6
split_gain=1.27524 1.10623 1.6294 0.952349 0.780965 0.689234 0.71537 1.41491 4.24227 1.49288 1.41645 1.94221 1.85642 1.77218
threshold=0.96693989071038255 0.51053093462044774 0.048199767711962889 0.94904251866277189 -0.96799795186891957 -0.96799795186891957 0.68651074887786456 -0.8171368861024032 -0.58044603743528456 -0.8767331433998099 -0.59537185660781156 -0.16172624237140362 -0.79887640449438191 0.88303693570451447
decision_type=2 2 2 2 2 2 2 2 2 2 2 2 2 2
left_child=3 2 -2 4 -1 -6 -7 8 -8 -10 12 -12 -9 -13
right_child=1 -3 -4 -5 5 6 7 10 9 -11 11 13 -14 -15
leaf_value=-0.0021563898742291104 0.0032320117188334866 0.0035126587574636297 -0.0014098181627722906 -0.0026853690424869796 -0.0019540358842612669 -3.8411012978552317e-06 0.0035479692362476627 0.001169904183566282 -0.0012654680645836022 -0.0056059649991379544 0.0034669137177425584 0.0011797907609281577 -0.0028016336396375157 -0.0025466653825931768
leaf_weight=134 102 165 164 106 141 13132 127 226 227 100 300 1076 183 119
leaf_count=134 102 165 164 106 141 13132 127 226 227 100 300 1076 183 119
internal_value=6.72013e-05 0.00165849 0.000422743 2.29706e-05 4.28715e-05 6.30918e-05 8.27018e-05 0.000562651 -0.000927802 -0.0027198 0.000921034 0.00134716 -0.000631546 0.00079065
internal_weight=16302 431 266 15871 15765 15631 15490 2358 454 327 1904 1495 409 1195
internal_count=16302 431 266 15871 15765 15631 15490 2358 454 327 1904 1495 409 1195
is_linear=0
shrinkage=0.03


Tree=188
num_leaves=15
num_cat=0
split_feature=0 8 3 9 8 5 6 1 8 9 5 9 8 6
split_gain=0.997593 1.57641 2.5887 1.76466 1.60015 1.78961 1.57873 1.35371 1.56387 1.67986 2.22225 1.92136 1.4408 1.37975
threshold=0.51765683423348574 0.46305060065526032 -0.74625530963559117 -0.051956815114709891 0.79361054766734296 -0.64631422189128795 0.80746061167747929 0.82807881773399028 0.97036874451273059 -0.093541666666666676 0.81438415159345401 0.25456962445995351 -0.6557112068965516 0.45566778900112243
decision_type=2 2 2 2 2 2 2 2 2 2 2 2 2 2
left_child=1 -1 3 -3 5 -4 -7 8 9 10 12 -11 -2 -9
right_child=7 2 4 -5 -6 6 -8 13 -10 11 -12 -13 -14 -15
leaf_value=3.3910480972962473e-05 0.0017102333765391629 0.0033416307711301653 0.00034273229238001825 -0.00090259045680924764 -4.8897855525998829e-05 -0.0025774539213120153 0.00096355450787503297 0.00034208915189624386 -0.0028836346308464627 0.0023132220873703317 0.0024289843904670705 0.00030122048134597067 -0.0017035504399107596 0.0037024834741589048
leaf_weight=9482 121 202 302 145 781 1105 121 232 132 549 168 1828 790 203
leaf_count=9482 121 202 302 145 781 1105 121 232 132 549 168 1828 790 203
internal_value=-1.15482e-05 -0.000147265 -0.000791769 0.0015925 -0.0011554 -0.00171697 -0.00222301 0.000397281 0.000203118 0.000328994 -0.000648706 0.000773663 -0.00123648 0.00195823
internal_weight=16161 12138 2656 347 2309 1528 1226 4023 3588 3456 1079 2377 911 435
internal_count=16161 12138 2656 347 2309 1528 1226 4023 3588 3456 1079 2377 911 435
is_linear=0
shrinkage=0.03


Tree=189
num_leaves=15
num_cat=0
split_feature=1 3 4 1 1 3 8 1 3 6 3 1 8 4
split_gain=1.094 1.50275 0.943477 3.38444 2.95588 2.38971 2.54381 2.60756 2.40941 2.18136 2.56933 2.69037 2.54435 2.12367
threshold=0.97315315315315332 0.79361054766734296 0.21261798310978644 0.52586975914362188 0.86949116457313191 0.71852992957746487 0.86949116457313191 -0.75411605937921722 0.76293487957181094 -0.86159003831417613 0.69321266968325801 -0.41897974493623397 -0.40413533834586463 0.12922201138519931
decision_type=2 2 2 2 2 2 2 2 2 2 2 2 2 2
left_child=2 -2 4 5 9 6 -4 -8 -7 -1 13 -12 -13 -11
right_child=1 -3 3 -5 -6 8 7 -9 -10 10 11 12 -14 -15
leaf_value=-0.0029011942378626798 -0.0033792401508275253 0.00098566375819868169 0.00045640662065536138 0.0013804038455628119 -0.0029867572376102254 -0.0048011959513939283 0.00045204642179440583 -0.0051738498672642104 -0.00080846387912984936 -7.4024032041096266e-05 0.0054536509405422422 0.0041230967389856233 -0.00056170150978872865 -0.0020746038011898557
leaf_weight=239 191 104 3176 1700 328 149 141 143 990 7983 130 134 372 498
leaf_count=239 191 104 3176 1700 328 149 141 143 990 7983 130 134 372 498
internal_value=-7.87255e-05 -0.00185856 -4.47333e-05 0.000240832 -0.000230537 -0.000182487 0.000210597 -0.00246034 -0.00136802 -0.000130825 -5.51009e-05 0.00176883 0.000734798 -0.000193802
internal_weight=16278 295 15983 6299 9684 4599 3460 284 1139 9356 9117 636 506 8481
internal_count=16278 295 15983 6299 9684 4599 3460 284 1139 9356 9117 636 506 8481
is_linear=0
shrinkage=0.03


Tree=190
num_leaves=15
num_cat=0
split_feature=5 2 2 5 9 1 7 5 6 1 8 1 7 5
split_gain=1.06764 1.24795 1.99082 1.92608 1.7763 1.67972 1.55088 2.01074 1.85465 1.63899 1.47888 2.16508 1.45082 1.90709
threshold=-0.93495505023796921 -0.2331050228310502 -0.019237883832778409 0.3371212121212121 -0.84291694205772194 -0.64631422189128795 0.41795166858458005 0.22623655913978494 0.22623655913978494 -0.36489262371615311 -0.605448480355819 0.14784456587735276 -0.89403508771929807 0.54076207354895889
decision_type=2 2 2 2 2 2 2 2 2 2 2 2 2 2
left_child=-1 -2 4 5 -3 -4 7 -7 -9 -8 11 -6 -5 -14
right_child=1 2 3 12 10 6 9 8 -10 -11 -12 -13 13 -15
leaf_value=-0.001485023749627424 0.00038737491262697736 0.0025035383532876552 0.0024105705273321414 0.0026854444500058888 -0.0014767092230442143 0.00033917024296117686 0.0023196709359958518 0.0010380743546233152 0.0058789608404361477 -0.0010287973093970019 -0.0018412341781176124 0.0035033305708384432 -0.0018829815608607582 -0.0002129808532788579
leaf_weight=414 5854 105 334 110 194 3183 139 199 106 1142 1228 118 846 2201
leaf_count=414 5854 105 334 110 194 3183 139 199 106 1142 1228 118 846 2201
internal_value=5.34747e-07 4.04784e-05 -0.000164726 2.55261e-05 -0.00111442 0.000385601 0.000239034 0.000566577 0.0028537 -0.000650305 -0.00137566 0.000457073 -0.000555882 -0.0006813
internal_weight=16173 15759 9905 8260 1645 5103 4769 3488 305 1281 1540 312 3157 3047
internal_count=16173 15759 9905 8260 1645 5103 4769 3488 305 1281 1540 312 3157 3047
is_linear=0
shrinkage=0.03


Tree=191
num_leaves=15
num_cat=0
split_feature=6 2 2 3 1 5 5 1 2 0 9 5 8 8
split_gain=0.814888 2.04135 2.16457 2.0676 2.19526 1.78969 1.90881 1.63362 2.09484 2.32684 1.45798 1.41369 1.45828 1.40418
threshold=-0.059532246633593182 -0.7900856793145653 -0.30320054477357838 -0.6955588929414287 -0.90733452593917707 0.39305778491171756 0.16436803325146424 -0.32230727173318752 -0.79887640449438191 -0.6955588929414287 -0.72264957264957252 0.021167557932263773 0.40279123861213423 -0.73105625717566014
decision_type=2 2 2 2 2 2 2 2 2 2 2 2 2 2
left_child=1 -1 5 -4 -5 6 11 8 -2 -10 -7 12 -3 -6
right_child=7 2 3 4 13 10 -8 -9 9 -11 -12 -13 -14 -15
leaf_value=-0.0018229544293821421 0.0026273229804384046 0.0011463484104026818 -0.0025901176782334393 -0.0036138639172485815 -0.0013973365980806613 0.0054412847016057052 -0.0022431601863967155 -4.7871459929333811e-05 0.0036331680311228738 -2.5483234886087173e-05 0.0014571981915933866 0.0037518300842202734 -0.0017192047979106349 9.9262036976344905e-05
leaf_weight=662 482 556 346 156 643 101 218 6643 166 1407 376 118 213 4143
leaf_count=662 482 556 346 156 643 101 218 6643 166 1407 376 118 213 4143
internal_value=-1.65669e-05 -0.000244833 -9.03348e-05 -0.000381693 -0.000222158 0.00087984 0.000210085 0.000181153 0.000918146 0.000381129 0.0023952 0.00083131 0.000340758 -0.000104301
internal_weight=16230 7532 6870 5288 4942 1582 1105 8698 2055 1573 477 887 769 4786
internal_count=16230 7532 6870 5288 4942 1582 1105 8698 2055 1573 477 887 769 4786
is_linear=0
shrinkage=0.03


Tree=192
num_leaves=15
num_cat=0
split_feature=8 1 8 1 3 7 5 2 8 5 0 0 8 8
split_gain=1.00996 3.0013 1.96522 1.56021 1.85011 1.62338 0.965725 1.43803 2.32366 1.31628 1.30905 1.80396 1.43284 1.41011
threshold=-0.90143695608176466 0.26713615023474185 -0.86949116457313169 -0.051956815114709891 0.14784456587735276 -0.31198770491803274 0.86402157164869031 -0.93984622342831292 0.50280898876404501 0.83584100606332823 0.94904251866277189 -0.44224170796797557 -0.20530382859149984 0.50910294604435635
decision_type=2 2 2 2 2 2 2 2 2 2 2 2 2 2
left_child=1 3 -2 4 -1 -6 7 8 -4 -9 11 12 -8 -14
right_child=2 -3 6 -5 5 -7 10 9 -10 -11 -12 -13 13 -15
leaf_value=0.00089278414967607284 0.0026270313077033139 0.0019739046025856887 -0.0047046101076136286 -0.0054570418838901739 -0.0004847366735339164 -0.0055687813017486539 0.0016932673280274397 7.202880595841441e-06 0.00076424673551486592 -0.0025469862764863215 -0.0013828228514175863 0.0025003315064809663 -0.0041528196840992437 0.00066127308458089826
leaf_weight=173 250 194 142 104 110 111 180 13844 125 174 185 504 105 100
leaf_count=173 250 194 142 104 110 111 180 13844 125 174 185 504 105 100
internal_value=-9.40391e-06 -0.00112256 4.06332e-05 -0.00234393 -0.00140745 -0.00316879 -3.14774e-06 -6.86103e-05 -0.00220912 -2.62943e-05 0.000860154 0.0013371 -0.000210414 -0.00188295
internal_weight=16301 692 15609 498 394 221 15359 14285 267 14018 1074 889 385 205
internal_count=16301 692 15609 498 394 221 15359 14285 267 14018 1074 889 385 205
is_linear=0
shrinkage=0.03


Tree=193
num_leaves=15
num_cat=0
split_feature=7 2 9 8 0 2 8 0 4 8 2 2 3 7
split_gain=1.1032 0.859516 2.03322 1.96543 1.13211 1.64618 3.48086 1.12524 1.87347 1.83119 1.69232 2.01464 3.26471 2.17533
threshold=-0.96799795186891957 0.96693989071038255 -0.059532246633593182 0.72524509803921589 0.94904251866277189 0.46305060065526032 0.43951219512195122 0.038218111002921169 0.89237451737451745 0.30816714150047492 -0.89403508771929807 -0.31198770491803274 -0.4752049180327868 0.29847345636819328
decision_type=2 2 2 2 2 2 2 2 2 2 2 2 2 2
left_child=-1 4 -3 -4 7 6 -6 -2 10 -10 -9 12 -12 -13
right_child=1 2 3 -5 5 -7 -8 8 9 -11 11 13 -14 -15
leaf_value=-0.0025323777731303889 -0.00014687734019382421 0.0036086755996542186 -0.0030649132324765561 0.0023683026822621778 0.0040430994726484643 -0.0035164722649875025 -0.0025105156316872564 -0.0021822695634098814 0.00020419354255733299 0.0051502742039990588 -0.00070475821380949571 0.00052516100610578256 0.001956053953567355 -0.00080120421356048778
leaf_weight=136 8057 191 118 103 110 184 176 234 129 133 585 2940 1383 1777
leaf_count=136 8057 191 118 103 110 184 176 234 129 133 585 2940 1383 1777
internal_value=6.37778e-05 8.72373e-05 0.00142335 -0.000539787 5.13096e-05 -0.00138329 6.15406e-05 9.64365e-05 0.000369256 0.00281203 0.000272832 0.000361901 0.00116555 2.48515e-05
internal_weight=16256 16120 412 221 15708 470 286 15238 7181 262 6919 6685 1968 4717
internal_count=16256 16120 412 221 15708 470 286 15238 7181 262 6919 6685 1968 4717
is_linear=0
shrinkage=0.03


Tree=194
num_leaves=15
num_cat=0
split_feature=7 7 2 0 3 0 6 1 7 9 9 2 2 6
split_gain=1.2767 1.57505 2.8813 2.42933 1.41027 1.39798 1.68329 2.2277 1.45547 0.95748 1.41286 1.32704 2.81 1.01608
threshold=0.65669642857142874 0.73152530032763019 0.75411605937921733 -0.11884584342211461 -0.13938769502502205 -0.8767331433998099 -0.49055258467023172 -0.82554347826086938 0.87577160493827166 0.64188317670904749 0.47885646217986894 -0.1270166453265045 0.52586975914362188 0.32958801498127338
decision_type=2 2 2 2 2 2 2 2 2 2 2 2 2 2
left_child=-1 2 3 -2 -5 -3 7 -7 -9 10 13 -11 -13 -8
right_child=1 5 -4 4 -6 6 9 8 -10 11 -12 12 -14 -15
leaf_value=0.0001327368992675266 -0.0035591168282312277 0.0030435620495853455 -0.0061716913036171123 -0.0017747502050270104 0.0022062215174082664 -0.0056440776391952696 0.00099794313861537921 -0.0023848994627213953 0.0013133978187678415 0.0032588686381429645 -0.0026823275881301006 -0.0029963422366683194 0.0021909545155057424 -0.00088661200639230807
leaf_weight=13469 183 104 106 121 198 102 507 210 161 166 193 148 222 503
leaf_count=13469 183 104 106 121 198 102 507 210 161 166 193 148 222 503
internal_value=9.29779e-06 -0.000557822 -0.0019036 -0.000899429 0.000688151 -0.000197861 -0.000363272 -0.00193007 -0.00078763 7.14879e-05 -0.000398523 0.00111436 9.17878e-05 5.99065e-05
internal_weight=16393 2924 608 502 319 2316 2212 473 371 1739 1203 536 370 1010
internal_count=16393 2924 608 502 319 2316 2212 473 371 1739 1203 536 370 1010
is_linear=0
shrinkage=0.03


Tree=195
num_leaves=15
num_cat=0
split_feature=7 5 1 1 9 9 7 7 4 4 5 4 1 2
split_gain=1.27736 1.32867 1.40505 2.25981 2.78202 2.738 2.10392 3.76385 4.74604 2.55486 1.89505 1.86112 1.69183 1.9138
threshold=-0.96799795186891957 0.74625530963559139 -0.49712643678160912 0.58939234281700037 0.61152570480928703 -0.10741758241758236 0.015628815628815577 0.73152530032763019 0.84712755598831568 0.85524707525755206 0.92749178532311072 0.81438415159345401 0.70991117344553545 0.25824574121058358
decision_type=2 2 2 2 2 2 2 2 2 2 2 2 2 2
left_child=-1 -2 6 4 5 10 9 8 -8 -3 11 -4 -5 -14
right_child=1 2 3 12 -6 -7 7 -9 -10 -11 -12 -13 13 -15
leaf_value=-0.0028723455507783813 -0.00011129594516775907 0.00071832162218497082 0.0022011635697434667 0.00460462607908994 -0.0042863251168187184 0.0029369667822902552 0.0025975757280526602 0.0038885903616927646 -0.0048838719466265095 0.0063098646342884031 -0.0045392265086840891 -0.0027369321653649449 0.0035687125412048768 -0.00037409638338635248
leaf_weight=131 13957 143 144 110 169 182 128 168 163 148 112 114 140 418
leaf_count=131 13957 143 144 110 169 182 128 168 163 148 112 114 140 418
internal_value=-2.93574e-05 -4.45025e-06 0.000689993 0.000121664 -0.00103631 1.72804e-05 0.00172709 0.000438645 -0.00161609 0.00367728 -0.00145838 -1.49403e-06 0.00136836 0.000660552
internal_weight=16227 16096 2139 1389 721 552 750 459 291 291 370 258 668 558
internal_count=16227 16096 2139 1389 721 552 750 459 291 291 370 258 668 558
is_linear=0
shrinkage=0.03


Tree=196
num_leaves=15
num_cat=0
split_feature=0 0 1 0 5 8 2 6 0 3 8 1 3 1
split_gain=0.84922 1.0459 1.52322 2.67522 2.91873 1.56337 1.43009 1.42073 1.35092 2.4913 2.45168 2.18451 2.13423 2.70805
threshold=-0.96521476104053228 0.015628815628815577 -0.7900856793145653 -0.6795061728395061 -0.2331050228310502 0.90342013214146921 -0.89403508771929807 -0.35100035100035093 -0.3797960174842156 0.58102025506376598 0.77096018735363003 -0.32230727173318752 0.39305778491171756 0.47885646217986894
decision_type=2 2 2 2 2 2 2 2 2 2 2 2 2 2
left_child=-1 2 3 -2 -5 8 -3 -6 9 11 12 -4 -10 -14
right_child=1 6 5 4 7 -7 -8 -9 10 -11 -12 -13 13 -15
leaf_value=0.0018829973227952399 -0.0011847453490822172 -0.0017433257020278482 0.00093653087789815248 -0.0016990402688471865 0.0020329785027011792 -0.0032151391266742884 0.00030971007272550285 0.0059333045113831757 -0.0005738623376923029 0.0019343464628232073 0.003501287854864801 -0.00072887637968898961 -0.0040320149187732914 0.00045349163247547188
leaf_weight=206 308 308 976 116 231 163 7752 140 2227 526 104 2515 380 173
leaf_count=206 308 308 976 116 231 163 7752 140 2227 526 104 2515 380 173
internal_value=1.45616e-05 -1.07838e-05 -0.000256877 0.000980268 0.0023458 -0.000397298 0.000229194 0.0036219 -0.000326185 2.97532e-05 -0.000820346 -0.000261923 -0.000993988 -0.00264564
internal_weight=16125 15919 7859 795 487 7064 8060 371 6901 4017 2884 3491 2780 553
internal_count=16125 15919 7859 795 487 7064 8060 371 6901 4017 2884 3491 2780 553
is_linear=0
shrinkage=0.03


Tree=197
num_leaves=15
num_cat=0
split_feature=2 4 9 2 6 1 4 4 1 4 4 4 8 0
split_gain=1.40123 1.33865 1.19048 0.959818 0.9138 1.17107 1.32132 1.89695 1.9318 1.82901 2.55866 1.39967 2.01941 1.90155
threshold=0.96693989071038255 0.80746061167747929 0.041960093896713631 -0.96799795186891957 0.39305778491171756 -0.96521476104053228 0.87577160493827166 0.97036874451273059 -0.83584100606332801 0.93700396825396837 0.90342013214146921 0.74050024050024055 0.73152530032763019 -0.63911657559198531
decision_type=2 2 2 2 2 2 2 2 2 2 2 2 2 2
left_child=3 2 -2 -1 5 -5 11 8 -8 10 -10 -7 13 -13
right_child=1 -3 -4 4 -6 6 7 -9 9 -11 -12 12 -14 -15
leaf_value=-0.0024257845323824999 0.0023216748121781508 0.0035578648801892995 -0.0018164542958733032 0.0024412310749292376 0.00030057733254336525 -0.00024101130829186837 -0.005964461552824726 0.0011078591164014192 -0.002854794616048986 -0.0041467060532201731 0.0032903942901913712 0.0042223164486975559 -0.0018801044302571349 0.0005833110947989754
leaf_weight=143 109 180 122 140 4922 9404 104 169 111 126 113 202 147 341
leaf_count=143 109 180 122 140 4922 9404 104 169 111 126 113 202 147 341
internal_value=-1.59396e-05 0.0016924 0.000151483 -6.10722e-05 -3.81188e-05 -0.000191801 -0.000228441 -0.00155814 -0.00255304 -0.00140184 0.000253369 -0.000144911 0.00114957 0.00198892
internal_weight=16333 411 231 15922 15779 10857 10717 623 454 350 224 10094 690 543
internal_count=16333 411 231 15922 15779 10857 10717 623 454 350 224 10094 690 543
is_linear=0
shrinkage=0.03


Tree=198
num_leaves=15
num_cat=0
split_feature=5 7 1 0 1 0 2 6 8 1 8 4 6 6
split_gain=0.898368 1.52367 1.35453 0.698263 1.50713 1.858 1.35794 0.849145 2.36707 2.48777 1.97872 1.03219 1.80447 2.23349
threshold=-0.91836356904850047 -0.5070478459400436 -0.28989813242784374 -0.92814113597246117 -0.7900856793145653 -0.94904251866277167 0.39305778491171756 -0.90733452593917707 -0.48255578093306278 -0.86159003831417613 0.12158167036215818 0.63356807511737101 -0.45129664769133454 -0.63911657559198531
decision_type=2 2 2 2 2 2 2 2 2 2 2 2 2 2
left_child=1 -1 -3 4 -2 6 -6 8 -5 -10 -11 -9 13 -13
right_child=3 2 -4 7 5 -7 -8 11 9 10 -12 12 -14 -15
leaf_value=-0.0034095306498174733 -0.0041462797236100236 -0.0029332109287550502 0.00096756294486507522 0.0020467710442278746 -0.0007014543739413576 -0.0025355460695017967 0.0037999773076735441 5.1997168194996297e-06 -0.0060222414403182014 -0.0039468918992458159 0.0010740390414020464 0.00078141044358898246 9.5273337066917286e-05 0.0041461008651291617
leaf_weight=175 101 100 285 149 116 163 110 12103 105 101 186 606 1668 245
leaf_count=175 101 100 285 149 116 163 110 12103 105 101 186 606 1668 245
internal_value=-2.00425e-06 -0.0011719 -9.42332e-05 4.05714e-05 -0.00106254 -0.000178034 0.00155769 7.6896e-05 -0.00107934 -0.00228893 -0.000766308 0.000120384 0.000671599 0.001787
internal_weight=16213 560 385 15653 490 389 226 15163 541 392 287 14622 2519 851
internal_count=16213 560 385 15653 490 389 226 15163 541 392 287 14622 2519 851
is_linear=0
shrinkage=0.03


Tree=199
num_leaves=15
num_cat=0
split_feature=7 9 7 5 9 9 8 8 9 8 5 8 7 1
split_gain=1.32432 1.94025 1.39415 1.92222 2.27694 1.63165 2.01575 1.5356 2.73691 1.35969 1.33704 1.37155 1.98394 1.31578
threshold=0.54884143571104049 -0.77388922702373697 0.63356807511737101 -0.40413533834586463 0.53456514813634926 -0.4032469232783451 0.62583333333333346 0.14784456587735276 0.87577160493827166 0.14784456587735276 -0.55424836601307181 0.66249413237365062 0.89851963098047638 -0.077787381158167621
decision_type=2 2 2 2 2 2 2 2 2 2 2 2 2 2
left_child=-1 9 3 -3 -5 6 -4 8 -7 -2 -9 -12 -13 -14
right_child=1 2 5 4 -6 7 -8 10 -10 -11 11 12 13 -15
leaf_value=-0.00017519598685307469 0.0040041495660143728 -0.0016017329537971045 -0.0027172763330773229 0.0038030490010595797 -0.00061792618192703234 0.00041423548402295246 0.0014929053703505364 0.0025164954568070354 0.0045561895876501998 0.00052976371084736756 -0.0017821893029988988 -0.0010850206966925827 -0.00057420419185961547 0.0035591485019540411
leaf_weight=12549 212 131 368 320 150 722 133 123 170 193 534 422 104 184
leaf_count=12549 212 131 368 320 150 722 133 123 170 193 534 422 104 184
internal_value=-2.70977e-05 0.00046555 0.000225883 0.00152258 0.00240862 -6.09534e-05 -0.00159226 0.00028418 0.00124538 0.00240112 -0.000347517 -0.000648504 0.000217065 0.00209737
internal_weight=16315 3766 3361 601 470 2760 501 2259 892 405 1367 1244 710 288
internal_count=16315 3766 3361 601 470 2760 501 2259 892 405 1367 1244 710 288
is_linear=0
shrinkage=0.03


Tree=200
num_leaves=15
num_cat=0
split_feature=6 1 0 9 7 4 2 7 2 9 9 0 4 7
split_gain=1.66539 1.43687 1.88123 1.87691 1.65711 1.76652 1.61345 2.14748 2.32517 2.34878 3.04708 1.69007 1.5533 1.57311
threshold=-0.24852941176470586 -0.46495250573206681 -0.82554347826086938 -0.51316701316701308 0.84168755221386804 0.89237451737451745 0.59508740204942756 -0.18953130345535404 0.3371212121212121 0.22874354561101554 -0.3797960174842156 -0.11378020713463753 0.94904251866277189 0.9194594594594595
decision_type=2 2 2 2 2 2 2 2 2 2 2 2 2 2
left_child=1 2 3 -1 5 6 7 -4 9 10 11 -9 13 -3
right_child=-2 12 4 -5 -6 -7 -8 8 -10 -11 -12 -13 -14 -15
leaf_value=-0.0038216658440920022 0.00020747658466586073 -0.00079839803966754732 -0.00054221617043297284 0.00091909671583630906 -0.0021240461349075462 0.003525880898602984 -0.0018533662248025589 0.0020215310733374598 0.005777324214087505 -0.0012660341547802091 0.00437244284997362 -0.0028072918438992928 -0.0041069455398814528 0.0023752777092158795
leaf_weight=185 10337 3451 611 117 189 177 227 133 104 240 276 110 113 137
leaf_count=185 10337 3451 611 117 189 177 227 133 104 240 276 110 113 137
internal_value=-2.40887e-05 -0.000418129 0.000158478 -0.00201442 0.000484121 0.000756464 0.000449366 0.000814092 0.00176956 0.00115242 0.00227358 -0.000188917 -0.000786646 -0.000670953
internal_weight=16407 6070 2369 302 2067 1878 1701 1474 863 759 519 243 3701 3588
internal_count=16407 6070 2369 302 2067 1878 1701 1474 863 759 519 243 3701 3588
is_linear=0
shrinkage=0.03


Tree=201
num_leaves=15
num_cat=0
split_feature=7 8 8 4 7 8 8 1 5 9 1 4 4 1
split_gain=1.27189 1.22253 1.98585 1.80617 2.76609 2.31327 2.00129 2.8498 1.81564 1.6558 3.55977 1.93154 2.30164 1.58915
threshold=-0.96799795186891957 0.86949116457313191 0.82807881773399028 0.93700396825396837 -0.17573529411764707 0.36055555555555568 -0.86949116457313169 0.23395061728395064 0.76293487957181094 0.74050024050024055 0.81438415159345401 0.62583333333333346 0.46305060065526032 0.56574122577265595
decision_type=2 2 2 2 2 2 2 2 2 2 2 2 2 2
left_child=-1 2 3 6 -5 -6 7 8 -2 13 11 12 -11 -8
right_child=1 -3 -4 4 5 -7 9 -9 -10 10 -12 -13 -14 -15
leaf_value=-0.0026726119177272684 0.0012607829971665206 -0.00087607124862405415 0.0023999159702152366 0.0013894853437842246 -0.0052438943794645039 0.00011389446221599895 9.4903514206389527e-05 0.0041616163836677034 -0.0027911512778941976 0.00049374590024443648 0.0047792320035359003 -0.0020410844099734951 0.0050394387786191971 -0.00077145244597013512
leaf_weight=146 427 1180 327 161 197 111 9241 251 119 1171 181 231 100 2390
leaf_count=146 427 1180 327 161 197 111 9241 251 119 1171 181 231 100 2390
internal_value=2.32194e-05 4.93309e-05 0.000123122 7.04478e-05 -0.00174134 -0.00337014 0.000131856 0.00158251 0.000343352 4.38945e-05 0.000920487 0.000426952 0.000887941 -8.36297e-05
internal_weight=16233 16087 14907 14580 469 308 14111 797 546 13314 1683 1502 1271 11631
internal_count=16233 16087 14907 14580 469 308 14111 797 546 13314 1683 1502 1271 11631
is_linear=0
shrinkage=0.03


Tree=202
num_leaves=15
num_cat=0
split_feature=1 5 1 5 0 6 6 8 3 6 7 7 7 5
split_gain=0.934585 2.04734 1.45315 1.06694 0.833255 0.620052 2.01 1.82408 3.05403 2.21749 1.77359 1.34269 2.12825 1.40251
threshold=0.96850198412698418 0.84168755221386804 0.96396103896103902 0.61152570480928703 -0.96799795186891957 0.72524509803921589 0.68651074887786456 -0.49712643678160912 0.10487038491751778 0.75411605937921733 0.96850198412698418 -0.58044603743528456 -0.2331050228310502 0.74625530963559139
decision_type=2 2 2 2 2 2 2 2 2 2 2 2 2 2
left_child=2 3 4 -2 -1 6 10 8 -7 -9 -6 -11 -13 -14
right_child=1 -3 -4 -5 5 7 -8 9 -10 11 -12 12 13 -15
leaf_value=0.0023828211117103665 -0.0014172086829256096 -0.0046724163409823383 0.0035305340990678153 0.0023083158738077861 -2.2153910775812844e-05 0.00049606315901396967 -0.0023907113362850083 0.0041108062142460686 -0.0044545798202010765 -0.001725145402063193 0.0023344098048626765 0.0035744173267992902 -0.00010907610846703964 0.0027035259730038568
leaf_weight=129 166 109 100 104 12863 359 306 174 152 184 284 220 895 184
leaf_count=129 166 109 100 104 12863 359 306 174 152 184 284 220 895 184
internal_value=5.87437e-05 -0.00139408 9.43403e-05 4.89974e-05 7.02968e-05 4.96875e-05 -2.63192e-05 0.000519285 -0.00103377 0.00100156 3.04879e-05 0.00061166 0.000953313 0.000390974
internal_weight=16229 379 15850 270 15750 15621 13453 2168 511 1657 13147 1483 1299 1079
internal_count=16229 379 15850 270 15750 15621 13453 2168 511 1657 13147 1483 1299 1079
is_linear=0
shrinkage=0.03


Tree=203
num_leaves=15
num_cat=0
split_feature=1 1 5 5 1 1 7 6 6 6 8 5 5 8
split_gain=1.32499 2.21425 2.49414 1.06269 1.34616 2.20734 1.66329 1.19262 2.46321 2.15463 1.36692 1.75034 1.66174 1.44595
threshold=0.97315315315315332 0.94160272804774092 0.23395061728395064 0.94160272804774092 0.57223113964687011 -0.48255578093306278 0.53456514813634926 -0.36489262371615311 -0.32958801498127338 -0.42514367816091952 0.64232409381663125 0.29847345636819328 0.73152530032763019 0.67188646929287998
decision_type=2 2 2 2 2 2 2 2 2 2 2 2 2 2
left_child=1 3 -3 7 5 6 -5 9 -9 -1 -10 13 -13 -12
right_child=-2 2 -4 4 -6 -7 -8 8 10 -11 11 12 -14 -15
leaf_value=-0.00026313002496833522 -0.0020411946657916597 -0.0010595094835436022 0.0047246361524630031 2.3229550373491265e-05 0.0040808903427969195 -0.0021149865734801324 0.0050199266963384366 0.0029413526990828172 -0.00013658632985953697 -0.0023527728228838253 0.0047178382802842951 -0.0015520049289284221 0.0016758165478603828 0.0011384954356836645
leaf_weight=4282 280 101 173 132 110 167 100 256 8542 486 106 412 208 943
leaf_count=4282 280 101 173 132 110 167 100 256 8542 486 106 412 208 943
internal_value=-3.14862e-05 4.89575e-06 0.00263029 -4.24358e-05 0.00129257 0.00044288 0.00229542 -8.78569e-05 9.13382e-05 -0.000480605 1.70777e-05 0.000799665 -0.000459711 0.00154132
internal_weight=16298 16018 274 15744 509 399 232 15235 10467 4768 10211 1669 620 1049
internal_count=16298 16018 274 15744 509 399 232 15235 10467 4768 10211 1669 620 1049
is_linear=0
shrinkage=0.03


Tree=204
num_leaves=15
num_cat=0
split_feature=2 2 9 9 0 1 1 0 5 6 6 1 4 9
split_gain=1.13179 0.927576 1.10888 2.48168 1.35837 1.05075 0.910208 0.87457 2.32168 1.52807 2.56014 1.25544 1.27973 1.61161
threshold=-0.96799795186891957 0.92749178532311072 0.16436803325146424 0.77096018735363003 -0.49055258467023172 0.96850198412698418 0.94904251866277189 -0.82554347826086938 0.9194594594594595 -0.49055258467023172 -0.26453684922244752 0.92749178532311072 0.96396103896103902 0.016133229247983331
decision_type=2 2 2 2 2 2 2 2 2 2 2 2 2 2
left_child=-1 5 4 -4 -3 6 7 8 9 -2 -11 12 -9 -14
right_child=1 2 3 -5 -6 -7 -8 11 -10 10 -12 -13 13 -15
leaf_value=-0.0025613086521609567 -0.0017469337828420659 0.00011464524590124132 -0.0025882443137622128 0.0025470708769862538 0.0036388242858688994 -0.0019879996709822288 0.0027794886898954174 0.00010946627432984332 -0.004359004703409811 0.0046492705094244545 -0.00026457353084530054 -0.0025014498311043518 0.0047092388288640392 -0.00029916119242373568
leaf_weight=136 358 169 170 150 228 216 101 13632 131 109 477 153 113 107
leaf_count=136 358 169 170 150 228 216 101 13632 131 109 477 153 113 107
internal_value=6.82814e-05 9.20495e-05 0.00113921 -0.000176826 0.00217828 4.25779e-05 7.27592e-05 5.28006e-05 -0.000767811 -0.000228989 0.000712107 0.000116292 0.00014699 0.00236624
internal_weight=16250 16114 717 320 397 15397 15181 15080 1075 944 586 14005 13852 220
internal_count=16250 16114 717 320 397 15397 15181 15080 1075 944 586 14005 13852 220
is_linear=0
shrinkage=0.03


Tree=205
num_leaves=15
num_cat=0
split_feature=1 4 2 5 0 2 2 0 4 6 5 2 2 2
split_gain=0.778424 2.54454 1.9294 2.54174 3.10264 1.94336 1.6376 1.4304 1.9678 2.77883 2.3093 1.9364 1.76954 1.82989
threshold=0.86402157164869031 0.2022727272727273 0.25317269076305232 0.84168755221386804 0.25824574121058358 0.93239382974671503 0.73152530032763019 -0.86159003831417613 0.90342013214146921 0.60232558139534897 0.90786914235190108 0.22623655913978494 -0.71256454388984503 0.83584100606332823
decision_type=2 2 2 2 2 2 2 2 2 2 2 2 2 2
left_child=7 -2 -3 5 -5 6 -4 12 -9 10 11 -10 -1 -14
right_child=1 2 3 4 -6 -7 -8 8 9 -11 -12 -13 13 -15
leaf_value=0.0013810209535656821 -0.002632739433636708 0.0027081214661642508 0.0016197708149080757 0.00047770042475816366 -0.0067448834669650405 0.003033373403022923 -0.0028935780098739389 8.0662779622536133e-05 -0.00012252630377081685 0.0059921381777247127 -0.0016599085490684954 0.0050667833682635551 -0.0024895724782715858 0.001510239196686598
leaf_weight=196 402 204 122 101 101 179 152 13645 121 108 190 128 572 118
leaf_count=196 402 204 122 101 101 179 152 13645 121 108 190 128 572 118
internal_value=1.87244e-05 -0.000694296 0.000232725 -0.000567368 -0.0032814 0.000687598 -0.000897711 7.87762e-05 0.000152071 0.00189992 0.000782146 0.0026377 -0.00108385 -0.00179374
internal_weight=16339 1261 859 655 202 453 274 15078 14192 547 439 249 886 690
internal_count=16339 1261 859 655 202 453 274 15078 14192 547 439 249 886 690
is_linear=0
shrinkage=0.03


Tree=206
num_leaves=15
num_cat=0
split_feature=9 1 9 3 5 5 1 2 0 3 5 0 0 4
split_gain=0.946783 1.37097 1.0123 0.96076 0.916041 2.64805 0.960549 0.84253 0.822669 1.12801 0.724111 2.26928 2.54655 1.26658
threshold=-0.93495505023796921 0.3371212121212121 -0.90143695608176466 0.39305778491171756 0.97315315315315332 0.96693989071038255 0.088421444527177942 -0.22623655913978494 -0.96521476104053228 -0.93984622342831292 0.90342013214146921 -0.49712643678160912 0.88303693570451447 0.93239382974671503
decision_type=2 2 2 2 2 2 2 2 2 2 2 2 2 2
left_child=1 3 7 -1 5 8 -6 -2 -4 -10 13 -12 -13 -11
right_child=2 -3 4 -5 6 -7 -8 -9 9 10 11 12 -14 -15
leaf_value=0.0021002018816915213 -0.0038239676331648146 0.0043201777570118956 0.0023781336239103853 -0.0011887141884238059 0.00021261810908375383 0.0044395653846696385 -0.0034925003548463185 -0.00044484016806131503 -0.0018700629109516739 3.270793648744324e-05 -0.004276633482085357 0.0026319863255751335 -0.0031190407935431912 0.0021496796960655674
leaf_weight=143 101 100 122 158 116 113 125 173 275 14216 132 167 104 249
leaf_count=143 101 100 122 158 116 113 125 173 275 14216 132 167 104 249
internal_value=3.05676e-05 0.00145218 -6.19207e-06 0.000391083 2.60665e-05 5.53738e-05 -0.0017717 -0.00178122 2.00344e-05 -5.2061e-07 3.52923e-05 -0.00120337 0.000392494 7.06093e-05
internal_weight=16294 401 15893 301 15619 15378 241 274 15265 15143 14868 403 271 14465
internal_count=16294 401 15893 301 15619 15378 241 274 15265 15143 14868 403 271 14465
is_linear=0
shrinkage=0.03


Tree=207
num_leaves=15
num_cat=0
split_feature=8 8 0 1 6 8 7 7 0 8 8 1 2 4
split_gain=0.878475 2.02022 1.96684 1.8329 1.78916 1.52488 1.38783 1.26321 3.2131 2.12344 1.59688 1.32153 1.31414 1.04703
threshold=-0.83584100606332801 -0.86949116457313169 0.45566778900112243 -0.76393188854489147 -0.28165064102564097 -0.79887640449438191 0.031754032258064509 -0.82554347826086938 -0.68898343036274057 -0.084541556054727393 -0.49712643678160912 -0.15438786565547127 0.1895313034553541 0.66249413237365062
decision_type=2 2 2 2 2 2 2 2 2 2 2 2 2 2
left_child=1 2 3 -1 -3 6 -2 8 -7 10 11 -10 -12 -5
right_child=5 4 -4 13 -6 7 -8 -9 9 -11 12 -13 -14 -15
leaf_value=-0.0041895898591309527 0.00056051317052501523 -5.5733955313646511e-05 0.0031063131165380278 -0.00090353169442322211 -0.0047660359659202319 0.0033631435915872096 0.0047849415464175709 3.8524208044656019e-05 0.0011196279522364602 0.0016390506030343796 -0.0056053558628706961 -0.0024895518998132096 -0.0013636585848299085 0.0015595443701822975
leaf_weight=106 198 119 134 473 177 116 101 13741 141 128 183 227 112 219
leaf_count=106 198 119 134 473 177 116 101 13741 141 128 183 227 112 219
internal_value=-5.3021e-05 -0.000820995 -0.000125216 -0.000699582 -0.00293607 1.05801e-05 0.00209617 -3.33926e-05 -0.00111147 -0.00180146 -0.00248018 -0.00111365 -0.00409246 -0.00011292
internal_weight=16175 1228 932 798 296 14947 299 14648 907 791 663 368 295 692
internal_count=16175 1228 932 798 296 14947 299 14648 907 791 663 368 295 692
is_linear=0
shrinkage=0.03


Tree=208
num_leaves=15
num_cat=0
split_feature=9 4 5 2 9 9 2 3 0 0 0 7 4 7
split_gain=1.05055 1.99108 1.17463 1.17372 2.08906 1.97364 3.15929 2.56522 2.44765 2.39792 2.10722 1.98989 1.94486 2.90141
threshold=-0.93495505023796921 0.28330047873838354 0.97315315315315332 -0.59537185660781156 -0.57052441229656403 -0.37284167398302598 -0.72264957264957252 -0.64631422189128795 -0.7900856793145653 -0.55424836601307181 -0.36489262371615311 -0.45129664769133454 0.038218111002921169 -0.31198770491803274
decision_type=2 2 2 2 2 2 2 2 2 2 2 2 2 2
left_child=1 -1 3 5 12 11 8 -8 -7 -10 -11 -2 13 -5
right_child=2 -3 -4 4 -6 6 7 -9 9 10 -12 -13 -14 -15
leaf_value=-0.0016247585763696081 -0.0036294284122244964 0.002812974505810713 -0.002002474817968817 0.0020964986956151766 -8.1730513800536519e-05 0.0051482193774011519 -0.004732323306062344 -0.00054890175035371522 -0.0028857847339076566 0.004637380360163661 0.00050518325809548648 -0.00075947631496987281 0.0017534649787036211 -0.0012363665369649016
leaf_weight=124 300 284 267 357 10420 102 166 540 153 118 867 754 1185 644
leaf_count=124 300 284 267 357 10420 102 166 540 153 118 867 754 1185 644
internal_value=-2.69422e-05 0.00145765 -6.59959e-05 -3.16039e-05 9.54164e-05 -0.000563887 4.12229e-06 -0.0015849 0.000914278 0.000493247 0.00104184 -0.00160278 0.000936349 -3.87425e-05
internal_weight=16281 408 15873 15606 12606 3000 1946 706 1240 1138 985 1054 2186 1001
internal_count=16281 408 15873 15606 12606 3000 1946 706 1240 1138 985 1054 2186 1001
is_linear=0
shrinkage=0.03


Tree=209
num_leaves=15
num_cat=0
split_feature=7 0 7 4 8 0 2 2 4 5 4 9 9 4
split_gain=1.03092 0.963504 1.13014 1.08076 1.53929 1.34166 1.11223 0.837894 1.05153 3.90053 1.8283 1.265 1.47846 1.7866
threshold=-0.96799795186891957 -0.94904251866277167 -0.13938769502502205 0.96396103896103902 0.35434243176178665 0.77096018735363003 -0.96799795186891957 -0.93495505023796921 0.84712755598831568 0.60232558139534897 0.83584100606332823 0.80123456790123471 0.055050505050505023 0.9194594594594595
decision_type=2 2 2 2 2 2 2 2 2 2 2 2 2 2
left_child=-1 2 -2 6 -5 -6 -3 -8 10 -10 -9 12 13 -11
right_child=1 3 -4 4 5 -7 7 8 9 11 -12 -13 -14 -15
leaf_value=-0.0024763084938932279 0.0039410834094742312 -0.0027950509042659801 0.00012613752584185131 -0.00042038805899210276 0.0055128504334217201 0.0007136934829329181 0.0017715390088051208 -5.0412679489494975e-05 -0.0063868049339983954 -0.0023449541265335009 0.0035936209829337895 -0.0031654277201251762 0.0024636355781633601 0.0017696415496846803
leaf_weight=143 110 124 169 197 102 105 214 14271 100 235 115 104 180 146
leaf_count=143 110 124 169 197 102 105 214 14271 100 235 115 104 180 146
internal_value=-2.53043e-05 -2.1145e-06 0.00171456 -3.33098e-05 0.00147945 0.00322357 -7.36963e-05 -4.99306e-05 -7.68094e-05 -0.00115325 -1.88067e-05 -0.000283285 0.000297095 -0.000763298
internal_weight=16315 16172 279 15893 404 207 15489 15365 15151 765 14386 665 561 381
internal_count=16315 16172 279 15893 404 207 15489 15365 15151 765 14386 665 561 381
is_linear=0
shrinkage=0.03


Tree=210
num_leaves=15
num_cat=0
split_feature=4 6 1 0 1 1 4 3 4 3 7 9 4 8
split_gain=1.20423 1.03935 1.67329 1.54915 1.9786 2.39426 3.29515 1.84081 1.47896 2.07587 1.80022 1.41928 1.30271 1.12075
threshold=-0.90733452593917707 0.088421444527177942 -0.37284167398302598 -0.77388922702373697 -0.46495250573206681 -0.70473174366616986 0.39305778491171756 -0.63911657559198531 0.79361054766734296 0.90342013214146921 -0.92814113597246117 0.12922201138519931 0.71852992957746487 -0.73969508752117441
decision_type=2 2 2 2 2 2 2 2 2 2 2 2 2 2
left_child=-1 13 3 -3 5 7 11 -5 10 -10 -4 -7 -12 -2
right_child=1 2 8 4 -6 6 -8 -9 9 -11 12 -13 -14 -15
leaf_value=-0.0013156890532393009 -0.0010621564503034175 0.0040916888185311114 0.00329354115025225 0.0045400320682924666 0.0030655241823829837 -0.0012783186518626802 -0.0049150736902607607 0.0005558177713380271 -0.0024654681980696342 0.0021934943329039456 1.7731294749987896e-05 0.0022147629337222687 0.0026091134174436189 -6.0437237895151763e-05
leaf_weight=615 1155 140 155 139 277 225 140 360 394 101 4937 179 171 7340
leaf_count=615 1155 140 155 139 277 225 140 360 394 101 4937 179 171 7340
internal_value=-2.42687e-05 2.70816e-05 0.000291565 0.00119497 0.000859283 0.000249802 -0.00111747 0.00173304 6.08234e-05 -0.00149024 0.000209255 0.000285472 0.000109411 -0.000197722
internal_weight=16328 15713 7218 1460 1320 1043 544 499 5758 495 5263 404 5108 8495
internal_count=16328 15713 7218 1460 1320 1043 544 499 5758 495 5263 404 5108 8495
is_linear=0
shrinkage=0.03


Tree=211
num_leaves=15
num_cat=0
split_feature=7 3 3 8 7 5 2 6 2 3 3 7 7 5
split_gain=1.17446 0.727391 2.35984 2.67388 3.28463 1.70116 1.51664 3.56391 1.07823 1.81678 2.41396 2.17162 2.92042 1.9726
threshold=-0.96799795186891957 0.89851963098047638 0.92749178532311072 -0.58044603743528456 0.21913109756097562 0.61781229345670863 0.51765683423348574 -0.24852941176470586 0.70991117344553545 -0.24852941176470586 -0.74625530963559117 0.65669642857142874 0.82070417145044017 0.31467710371819962
decision_type=2 2 2 2 2 2 2 2 2 2 2 2 2 2
left_child=-1 8 -3 -4 -5 -6 -7 -8 -2 10 -10 -11 -13 -12
right_child=1 2 3 4 5 6 7 -9 9 11 13 12 -14 -15
leaf_value=-0.0025930257781420821 -8.7792000306127996e-06 -0.0034814924005065031 0.003580328354055618 -0.0046843589569784284 -0.0022613322068005801 0.0043038991322161763 -0.0036664491820506398 0.003723133554791703 0.0022680999761573351 0.0017469945667422074 -0.00027020234958666147 -0.0040012012062988316 0.0013934846228868185 -0.0053729560806654222
leaf_weight=144 13240 211 144 141 140 109 106 109 123 1275 147 146 206 119
leaf_count=144 13240 211 144 141 140 109 106 109 123 1275 147 146 206 119
internal_value=1.45082e-05 3.92472e-05 -0.00075739 4.57725e-05 -0.000840048 0.00040234 0.00158655 7.88657e-05 8.98397e-05 0.000734362 -0.00108741 0.00117391 -0.000892803 -0.00266498
internal_weight=16360 16216 960 749 605 464 324 215 15256 2016 389 1627 352 266
internal_count=16360 16216 960 749 605 464 324 215 15256 2016 389 1627 352 266
is_linear=0
shrinkage=0.03


Tree=212
num_leaves=15
num_cat=0
split_feature=8 0 1 2 5 6 2 1 2 0 8 8 2 8
split_gain=1.02495 2.80593 0.951156 2.0446 1.11142 0.799247 0.77199 0.681699 0.976253 0.838838 0.610465 0.813365 2.07996 1.24038
threshold=0.97036874451273059 0.96850198412698418 0.96396103896103902 0.39305778491171756 0.77913279132791335 0.28330047873838354 0.43263412666397744 0.93700396825396837 0.97036874451273059 0.94904251866277189 -0.96799795186891957 -0.93495505023796921 0.073622402890695673 -0.88433667781493852
decision_type=2 2 2 2 2 2 2 2 2 2 2 2 2 2
left_child=1 2 7 -4 -5 -3 -2 8 9 10 -1 12 -12 -13
right_child=6 5 3 4 -6 -7 -8 -9 -10 -11 11 13 -14 -15
leaf_value=0.0019486977323623638 -0.00023015977898040296 0.0040022106952550306 0.0046449207993704946 -0.0013561396882024838 0.0023695902461590974 0.00072522395572593523 -0.0031764654753909955 -0.0020627839633616039 0.0020922034008141891 -0.0024161732010893468 -0.0038748143147677183 0.0016530805027673058 0.0014336025528609753 -5.7801518976110734e-05
leaf_weight=130 169 192 114 183 105 108 145 138 185 123 149 382 107 14067
leaf_count=130 169 192 114 183 105 108 145 138 185 123 149 382 107 14067
internal_value=2.37528e-05 5.75806e-05 1.71184e-06 0.00142412 3.6134e-05 0.00288395 -0.00164676 -3.66146e-05 -1.68008e-05 -4.42652e-05 -2.29849e-05 -4.17281e-05 -0.00168558 -1.14575e-05
internal_weight=16297 15983 15683 402 288 300 314 15281 15143 14958 14835 14705 256 14449
internal_count=16297 15983 15683 402 288 300 314 15281 15143 14958 14835 14705 256 14449
is_linear=0
shrinkage=0.03


Tree=213
num_leaves=15
num_cat=0
split_feature=2 0 4 4 3 0 4 2 5 6 1 1 1 2
split_gain=0.752537 1.86671 1.38117 4.53726 2.56525 2.2461 1.81383 1.6586 1.61982 3.75586 1.58859 1.23313 1.73363 1.22097
threshold=0.55863254392666173 -0.94904251866277167 0.74625530963559139 0.80746061167747929 -0.45914149443561203 0.67188646929287998 0.89237451737451745 -0.57052441229656403 0.77096018735363003 -0.79887640449438191 -0.53752345215759834 0.57223113964687011 0.54076207354895889 0.4709263015551049
decision_type=2 2 2 2 2 2 2 2 2 2 2 2 2 2
left_child=2 -2 11 7 6 8 -5 -4 -6 -10 -7 12 -1 -13
right_child=1 -3 3 4 5 10 -8 -9 9 -11 -12 13 -14 -15
leaf_value=2.1404502165223833e-05 0.0033637010722330448 -0.0005540216456696521 0.00091686883776941714 -0.00068637654861122106 9.3808941575780242e-05 0.0035455558778902958 0.0042833703564280753 0.0055472634093613801 0.00093905854250558385 -0.0061868283618617083 -0.00094829674073121253 -0.0010571728438169138 0.0030692984498710482 0.0015328058742148721
leaf_weight=9448 103 3614 109 103 161 121 163 208 100 176 147 1564 161 174
leaf_count=9448 103 3614 109 103 161 121 163 208 100 176 147 1564 161 174
internal_value=-6.21128e-05 -0.000436726 4.835e-05 0.000975382 -5.33787e-05 -0.00100116 0.00240385 0.00403184 -0.00230741 -0.00366243 0.0011352 -5.76437e-05 7.56101e-05 -0.000790591
internal_weight=16352 3717 12635 1288 971 705 266 317 437 276 268 11347 9609 1738
internal_count=16352 3717 12635 1288 971 705 266 317 437 276 268 11347 9609 1738
is_linear=0
shrinkage=0.03


Tree=214
num_leaves=15
num_cat=0
split_feature=4 7 1 3 8 9 3 1 9 6 1 2 1 8
split_gain=0.875027 1.70671 2.36269 2.28159 2.1217 1.73144 3.12382 3.53537 2.70234 3.62663 3.95444 2.74593 2.36591 2.25721
threshold=0.48683298683298687 0.31467710371819962 -0.92814113597246117 0.77096018735363003 0.74625530963559139 0.097167584579071611 0.81438415159345401 -0.16172624237140362 -0.099295774647887289 0.52586975914362188 0.25824574121058358 0.51765683423348574 0.64232409381663125 0.1564382530120482
decision_type=2 2 2 2 2 2 2 2 2 2 2 2 2 2
left_child=-1 4 -3 -4 5 6 8 -8 9 10 11 13 -12 -2
right_child=1 2 3 -5 -6 -7 7 -9 -10 -11 12 -13 -14 -15
leaf_value=0.00011555681143470327 0.00059242271890866502 0.0023411971472269864 -0.0022492845133219919 -1.2370532727285957e-05 -0.0025893945917728001 0.0017171846557971892 0.00054218290633122827 -0.0062216315614952609 -0.0032189568857519096 -0.0020343846362084147 0.0084375522826925248 -0.0026423306058961571 0.0023415786177650388 0.0052972817652654353
leaf_weight=11940 374 159 1052 669 222 648 130 136 146 266 100 161 143 113
leaf_count=11940 374 159 1052 669 222 648 130 136 146 266 100 161 143 113
internal_value=-1.68354e-05 -0.000382259 -0.00105898 -0.00138483 0.000141559 0.000425423 -0.000115573 -0.00301613 0.000495021 0.000987249 0.0019019 0.000649267 0.00508455 0.00176872
internal_weight=16259 4319 1880 1721 2439 2217 1569 266 1303 1157 891 648 243 487
internal_count=16259 4319 1880 1721 2439 2217 1569 266 1303 1157 891 648 243 487
is_linear=0
shrinkage=0.03


Tree=215
num_leaves=15
num_cat=0
split_feature=6 6 5 9 4 9 5 5 4 3 9 9 1 0
split_gain=0.855013 1.92871 1.2315 1.10657 1.3726 3.5084 1.78783 2.35375 1.59107 2.11533 1.80575 1.58267 1.35183 1.27154
threshold=-0.64631422189128795 -0.63019943019943014 0.96396103896103902 0.51053093462044774 0.14784456587735276 -0.35100035100035093 0.4709263015551049 0.23395061728395064 0.56574122577265595 0.24357284113381675 -0.78247535596933171 -0.3797960174842156 0.048199767711962889 -1.0000000180025095e-35
decision_type=2 2 2 2 2 2 2 2 2 2 2 2 2 2
left_child=2 -2 3 4 5 -1 7 -6 -8 -10 -11 -12 13 -5
right_child=1 -3 -4 12 6 -7 8 -9 9 10 11 -13 -14 -15
leaf_value=-0.0038531985824124069 0.0034643472627709235 7.6592257497163648e-05 0.0022216507548798027 -0.0051909513987929501 -0.00059339461611188223 0.00030287685004537398 -0.0029539926026154713 0.0035706791668165009 0.0022354989964514971 0.0021948550077708993 -0.0045267140761949117 -0.00034889112839504226 0.00035038726583484808 -0.0014104356527416806
leaf_weight=289 143 13273 136 126 216 467 182 264 257 101 140 183 169 222
leaf_count=289 143 13273 136 126 216 467 182 264 257 101 140 183 169 222
internal_value=1.63761e-05 0.000115255 -0.000464333 -0.0006119 -0.000301744 -0.00131545 0.000274395 0.00172298 -0.000541813 0.000136272 -0.00115833 -0.00224127 -0.0018415 -0.00288601
internal_weight=16168 13416 2752 2616 2099 756 1343 480 863 681 424 323 517 348
internal_count=16168 13416 2752 2616 2099 756 1343 480 863 681 424 323 517 348
is_linear=0
shrinkage=0.03


Tree=216
num_leaves=15
num_cat=0
split_feature=2 5 7 5 1 7 3 1 5 9 7 1 9 2
split_gain=1.11555 1.01436 1.85165 1.019 1.43528 1.77587 4.04281 1.99942 2.5189 1.69266 1.6771 2.08436 1.61918 1.57353
threshold=-0.96799795186891957 0.97315315315315332 0.52586975914362188 0.70209762000806786 0.58102025506376598 -0.6557112068965516 0.44676113360323894 -0.6795061728395061 -0.38688172043010749 -0.084541556054727393 -0.90143695608176466 -0.032795698924731158 -0.51316701316701308 -0.019237883832778409
decision_type=2 2 2 2 2 2 2 2 2 2 2 2 2 2
left_child=-1 3 -3 4 5 6 7 -2 12 -8 11 -10 -9 -14
right_child=1 2 -4 -5 -6 -7 9 8 10 -11 -12 -13 13 -15
leaf_value=-0.0025471370338462289 -0.0026686066052297483 -0.0039981367071404272 0.00073131510269340886 0.00067526160615041212 -0.00062485064715588534 -3.9415024042540143e-05 0.0014466721737499675 0.0025148622957841221 -0.0030986073426716026 0.0054465694364786901 0.0026548608825922504 0.002360188711918597 -0.0026915732494870457 0.00066067939228039161
leaf_weight=140 175 142 141 2243 2748 8935 187 103 115 207 553 117 327 196
leaf_count=140 175 142 141 2243 2748 8935 187 103 115 207 553 117 327 196
internal_value=2.8131e-05 5.19601e-05 -0.00169723 8.41286e-05 -1.33382e-05 0.000141049 0.000951523 0.000267313 0.000647659 0.00363094 0.00176994 -0.000361909 -0.000765379 -0.00144645
internal_weight=16329 16189 283 15906 13663 10915 1980 1586 1411 394 785 232 626 523
internal_count=16329 16189 283 15906 13663 10915 1980 1586 1411 394 785 232 626 523
is_linear=0
shrinkage=0.03


Tree=217
num_leaves=15
num_cat=0
split_feature=3 1 0 4 5 3 4 3 3 8 8 9 4 0
split_gain=0.758044 1.31821 0.923189 1.65731 0.723359 0.74079 0.663342 2.25493 2.61979 5.05453 2.64865 3.86164 2.26115 1.80904
threshold=-0.92814113597246117 -0.72264957264957252 -0.8088714938030005 0.26713615023474185 -0.96799795186891957 -0.88433667781493852 0.81438415159345401 0.96693989071038255 0.72524509803921589 0.25317269076305232 -0.040547945205479489 -0.35100035100035093 0.89237451737451745 0.96396103896103902
decision_type=2 2 2 2 2 2 2 2 2 2 2 2 2 2
left_child=1 -1 -3 -4 -2 -6 13 8 10 -10 -8 -12 -13 -7
right_child=4 2 3 -5 5 6 7 -9 9 -11 11 12 -14 -15
leaf_value=0.0040249014045535166 -0.0021438304400509035 0.0022657589389876061 0.0011555126163910127 -0.0035842084677027409 -0.0014478237105229606 6.1215049775400762e-06 0.0015751965838356006 0.0021747093191226137 -0.0061429372104720081 0.00014352290619632253 0.00201207839984246 -0.0065162125702866976 -0.0011991023408553334 0.0025915888904021428
leaf_weight=100 139 130 159 100 321 13617 425 216 213 237 157 129 161 238
leaf_count=100 139 130 159 100 321 13617 425 216 213 237 157 129 161 238
internal_value=-2.71574e-05 0.00112418 0.000296303 -0.000739707 -6.33576e-05 -4.36028e-05 -1.33988e-05 -0.000602399 -0.00106907 -0.00290092 -0.000101556 -0.00169537 -0.00370267 5.23716e-05
internal_weight=16342 489 389 259 15853 15714 15393 1538 1322 450 872 447 290 13855
internal_count=16342 489 389 259 15853 15714 15393 1538 1322 450 872 447 290 13855
is_linear=0
shrinkage=0.03


Tree=218
num_leaves=15
num_cat=0
split_feature=6 7 5 5 9 7 5 9 9 8 9 1 9 8
split_gain=1.63113 1.99418 2.08816 2.60752 1.88169 4.27408 1.60582 1.81116 2.09215 1.74261 1.70759 2.01202 1.47682 1.4117
threshold=-0.6557112068965516 0.25824574121058358 0.63356807511737101 0.25824574121058358 0.44151846785225718 0.73152530032763019 0.75411605937921733 -0.77388922702373697 -0.1270166453265045 -0.54487917146144982 0.36417112299465243 -0.43308457711442783 -0.45049019607843127 -0.73969508752117441
decision_type=2 2 2 2 2 2 2 2 2 2 2 2 2 2
left_child=1 6 3 -3 5 -4 7 -1 13 -10 11 -11 -8 -9
right_child=-2 2 4 -5 -6 -7 12 8 9 10 -12 -13 -14 -15
leaf_value=-0.0034475189314546522 8.6380729116134909e-05 -0.0023841279287078079 -0.0046212155674867379 0.0016804668139983943 -0.0060199551712721584 0.0026783135987352579 -8.1131401556459342e-05 -0.0017792080672508154 0.0018373171300423352 -0.00082366894820564719 -0.00024313391282626518 -0.0058940272919923787 0.0038294201171942491 0.0020422444824558981
leaf_weight=161 13595 304 175 250 145 110 188 101 127 136 274 145 151 417
leaf_count=161 13595 304 175 250 145 110 188 101 127 136 274 145 151 417
internal_value=-4.71962e-05 -0.0007216 -0.00178905 -0.00055265 -0.00333323 -0.00180857 -9.68856e-05 -0.000558823 -0.000145968 -0.00123001 -0.001952 -0.00355268 0.00172055 0.00127755
internal_weight=16279 2684 984 554 430 285 1700 1361 1200 682 555 281 339 518
internal_count=16279 2684 984 554 430 285 1700 1361 1200 682 555 281 339 518
is_linear=0
shrinkage=0.03


Tree=219
num_leaves=15
num_cat=0
split_feature=2 3 3 0 1 4 0 1 5 0 5 9 1 1
split_gain=0.658083 1.33412 2.42724 2.59142 2.1666 1.73828 1.52305 1.75592 1.52302 1.42219 1.35505 1.17725 1.2573 1.87436
threshold=0.74050024050024055 0.42444997924449984 -0.1977011494252873 -0.073622402890695535 -0.20530382859149984 0.83584100606332823 -0.79887640449438191 0.097167584579071611 -0.44224170796797557 -0.605448480355819 0.29847345636819328 -0.49055258467023172 0.84168755221386804 0.6777901371894699
decision_type=2 2 2 2 2 2 2 2 2 2 2 2 2 2
left_child=-1 2 3 9 5 -3 -6 -8 -4 -2 -10 -9 13 -13
right_child=1 4 8 -5 6 -7 7 11 10 -11 -12 12 -14 -15
leaf_value=-0.00011992728476098429 -0.00077703684826806792 -0.0041644990707802778 -0.00072902575386939812 -0.0044117772199907838 0.0037364498998807821 0.00040499402992142975 0.003215065500597014 -0.0026441160249042099 0.0049824674543924629 0.003521163245657077 0.0016262722188234329 -0.00037253376817403239 -0.0013936525067187202 0.0039729783579445007
leaf_weight=14042 163 180 101 102 105 121 127 164 212 107 240 234 268 133
leaf_count=14042 163 180 101 102 105 121 127 164 212 107 240 234 268 133
internal_value=-4.34333e-05 0.000430906 0.00129966 -0.000566938 -0.000177585 -0.00237364 0.000480194 7.49894e-05 0.00254308 0.000991245 0.00327419 -0.000457693 0.000139228 0.00126588
internal_weight=16299 2257 925 372 1332 301 1031 926 553 270 452 799 635 367
internal_count=16299 2257 925 372 1332 301 1031 926 553 270 452 799 635 367
is_linear=0
shrinkage=0.03


Tree=220
num_leaves=15
num_cat=0
split_feature=9 2 0 7 7 1 1 6 2 1 3 7 7 8
split_gain=1.17316 0.915969 0.884096 2.03956 2.72069 2.28495 3.25231 3.35722 2.3516 2.55281 1.83384 1.72067 2.15876 1.34805
threshold=0.94904251866277189 -0.21261798310978638 0.79361054766734296 0.68651074887786456 0.89851963098047638 0.45566778900112243 -0.17573529411764707 0.37011669203450032 -0.28165064102564097 -0.55424836601307181 0.78516483516483537 0.44676113360323894 0.64232409381663125 0.28330047873838354
decision_type=2 2 2 2 2 2 2 2 2 2 2 2 2 2
left_child=2 -2 10 5 -5 6 8 13 -4 -10 -1 -12 -13 -8
right_child=1 -3 3 4 -6 -7 7 -9 9 -11 11 12 -14 -15
leaf_value=4.4861254316558118e-05 0.0034825575543242213 0.00067566957208904264 0.0046341005944371839 -0.0029012577532062382 0.0014228345234821574 0.0032815841875881665 -0.0063092412506188965 0.0018690782107060422 0.003047070373724771 -0.0025454648055923011 -0.0020846503412079377 0.0038072243961110963 -0.0011348435794174365 -0.0014657166748074813
leaf_weight=13048 136 394 183 272 236 368 103 138 139 135 710 108 235 110
leaf_count=13048 136 394 183 272 236 368 103 138 139 135 710 108 235 110
internal_value=7.20911e-05 0.00144708 2.50372e-05 0.000672608 -0.00090374 0.00135543 0.000448772 -0.00169586 0.00209701 0.000299018 -5.27202e-05 -0.00125092 0.000485031 -0.00398579
internal_weight=16315 530 15785 1684 508 1176 808 351 457 274 14101 1053 343 213
internal_count=16315 530 15785 1684 508 1176 808 351 457 274 14101 1053 343 213
is_linear=0
shrinkage=0.03


Tree=221
num_leaves=15
num_cat=0
split_feature=1 2 6 9 1 9 9 7 7 5 4 5 6 9
split_gain=1.55798 2.386 1.53506 2.08736 3.21056 2.97689 1.75268 1.8946 2.33554 2.31444 1.75821 1.72101 1.67308 1.92163
threshold=-0.29679679679679671 -0.89403508771929807 -0.605448480355819 -0.3965259059598682 -0.86159003831417613 0.3371212121212121 0.61152570480928703 -0.35538545653362491 -0.48255578093306278 -0.18245838668373873 0.72524509803921589 0.70209762000806786 0.40279123861213423 0.83584100606332823
decision_type=2 2 2 2 2 2 2 2 2 2 2 2 2 2
left_child=2 -2 3 4 -1 -5 7 8 9 -4 12 -6 13 -8
right_child=1 -3 6 5 11 -7 10 -9 -10 -11 -12 -13 -14 -15
leaf_value=0.0011971682162188432 -0.0036568286979973717 -0.00021931009244650066 -0.0017294842960024817 0.0017194155929215504 -0.0042598997080606311 -0.0014846809622773036 0.0041668505992063067 0.00087600466630939166 -0.0034561443317215885 0.0014864758247230612 0.0054061016654595728 -0.00021684194100089369 -0.0015191302996406212 -7.5491569684042276e-05
leaf_weight=228 175 10482 352 639 323 427 210 2223 206 444 110 134 131 170
leaf_count=228 175 10482 352 639 323 427 210 2223 206 444 110 134 131 170
internal_value=-6.63572e-05 -0.000279133 0.000338556 -0.000396224 -0.00167604 0.000434103 0.000673245 0.000388989 -0.000689467 6.05294e-05 0.00211989 -0.00310444 0.00132231 0.00231569
internal_weight=16254 10657 5597 1751 685 1066 3846 3225 1002 796 621 457 511 380
internal_count=16254 10657 5597 1751 685 1066 3846 3225 1002 796 621 457 511 380
is_linear=0
shrinkage=0.03


Tree=222
num_leaves=15
num_cat=0
split_feature=9 2 8 2 5 6 9 3 0 6 4 0 0 8
split_gain=0.746135 2.60984 2.20459 2.17993 1.85593 2.39616 1.90055 1.74986 1.75151 1.55527 1.30875 1.91314 3.15521 2.25589
threshold=-0.56386946386946379 -0.75411605937921722 -0.75411605937921722 -0.21261798310978638 0.031754032258064509 -0.59537185660781156 -0.59775280898876393 0.37011669203450032 0.39305778491171756 -0.56386946386946379 0.94160272804774092 -0.6557112068965516 0.76293487957181094 -0.42514367816091952
decision_type=2 2 2 2 2 2 2 2 2 2 2 2 2 2
left_child=1 -1 3 -3 5 -4 10 8 -7 -5 11 13 -13 -6
right_child=-2 2 4 9 6 7 -8 -9 -10 -11 -12 12 -14 -15
leaf_value=-0.0014791707799887432 -5.9621028535469158e-05 0.001653208200426165 -0.0034482011452634282 0.00031678649896223627 0.0071480450459310537 0.0019824371960299016 0.0055476952547412681 -0.0022152347914912054 -0.0019553486096513706 -0.0039712337958387085 -0.0015678918661306733 0.00014270283078160191 0.0049626338195943292 0.001920973545496201
leaf_weight=529 12901 171 131 116 105 617 108 139 113 204 105 684 139 243
leaf_count=529 12901 171 131 116 105 617 108 139 113 204 105 684 139 243
internal_value=4.47009e-05 0.000439093 0.000795957 -0.00101936 0.00117253 0.00018437 0.00188007 0.000764972 0.0013547 -0.00245433 0.00152892 0.00181753 0.00100656 0.00365372
internal_weight=16305 3404 2875 491 2384 1000 1384 869 730 320 1276 1171 823 348
internal_count=16305 3404 2875 491 2384 1000 1384 869 730 320 1276 1171 823 348
is_linear=0
shrinkage=0.03


Tree=223
num_leaves=15
num_cat=0
split_feature=6 7 9 8 7 5 8 8 5 3 6 2 4 5
split_gain=1.19659 1.84235 1.02444 0.98992 1.03406 2.3408 1.22138 2.36712 1.82735 1.80131 1.78199 1.19887 1.77128 3.1886
threshold=-0.93495505023796921 0.43951219512195122 -0.3797960174842156 -0.96799795186891957 -0.74625530963559117 0.73152530032763019 -0.040547945205479489 -0.57052441229656403 -0.26453684922244752 0.59508740204942756 -0.41101055806938153 0.49274752995585464 0.038218111002921169 0.35434243176178665
decision_type=2 2 2 2 2 2 2 2 2 2 2 2 2 2
left_child=1 2 -1 -2 5 6 7 9 -8 11 -9 12 -5 -14
right_child=3 -3 -4 4 -6 -7 8 10 -10 -11 -12 -13 13 -15
leaf_value=-0.0019082014258048547 0.0025928822747165602 -0.0045403393215929094 0.0014930660874933547 -0.00024958865331375083 -3.050955256012601e-05 0.0039263324172588415 -0.00018950527523305604 0.0014003230706445076 0.0050546861971640187 0.0045501991455666416 -0.0020849727155192632 -0.0022934114593330633 0.006659332342121912 -0.00052529194659512975
leaf_weight=151 130 118 148 336 13812 175 122 168 106 111 520 102 105 105
leaf_count=151 130 118 148 336 13812 175 122 168 106 111 520 102 105 105
internal_value=3.90599e-05 -0.00152805 -0.000230796 8.13816e-05 5.88941e-05 0.000722952 0.000366955 3.91153e-05 0.00235852 0.00118696 -0.00122604 0.000550448 0.00111341 0.00320643
internal_weight=16209 417 299 15792 15662 1850 1675 1447 228 759 688 648 546 210
internal_count=16209 417 299 15792 15662 1850 1675 1447 228 759 688 648 546 210
is_linear=0
shrinkage=0.03


Tree=224
num_leaves=15
num_cat=0
split_feature=0 7 6 7 2 8 8 9 6 9 9 6 4 0
split_gain=1.33143 1.11847 1.36384 1.27117 1.47259 2.41824 1.25321 2.07159 1.1739 2.17257 1.89338 1.26198 1.46061 1.8179
threshold=-0.96799795186891957 -0.41897974493623397 -0.90733452593917707 -0.44224170796797557 -0.85129906025428403 -0.25760368663594463 -0.084541556054727393 -0.073622402890695535 -0.76393188854489147 0.22055910191503417 -0.78247535596933171 -0.58044603743528456 -0.64631422189128795 0.83584100606332823
decision_type=2 2 2 2 2 2 2 2 2 2 2 2 2 2
left_child=-1 3 6 4 5 -2 -3 -8 9 10 -4 12 -10 -14
right_child=1 2 8 -5 -6 -7 7 -9 11 -11 -12 -13 13 -15
leaf_value=0.0029011530215749897 -0.0055608246763003983 0.00089151549573241384 -0.0012541251614488461 -0.0027833314169760023 -0.00013848953123704925 0.00048821795638650655 -0.0050553181709959202 -0.00012399869991298323 0.0020515236508180487 -0.00075252242387092159 0.0031652640335887252 0.000268934837892195 -0.0016896015199837537 0.0023944148606928396
leaf_weight=136 110 136 101 179 4165 115 139 159 131 300 468 9185 842 102
leaf_count=136 110 136 101 179 4165 115 139 159 131 300 468 9185 842 102
internal_value=4.91631e-05 2.33372e-05 0.000180353 -0.000373556 -0.000269197 -0.00257988 -0.00145053 -0.00251363 0.000245198 0.0012975 0.00237269 0.000154893 -0.000812996 -0.00122785
internal_weight=16268 16132 11563 4569 4390 225 434 298 11129 869 569 10260 1075 944
internal_count=16268 16132 11563 4569 4390 225 434 298 11129 869 569 10260 1075 944
is_linear=0
shrinkage=0.03


Tree=225
num_leaves=15
num_cat=0
split_feature=8 0 1 5 4 1 9 9 9 3 1 4 5 0
split_gain=1.19763 2.12069 1.54469 1.43773 2.69379 2.04229 2.00083 1.563 1.52633 1.32966 1.63187 1.32908 1.36244 1.26983
threshold=0.61152570480928703 -0.605448480355819 -0.17573529411764707 0.36055555555555568 0.56574122577265595 0.46305060065526032 -0.62426470588235283 -0.11884584342211461 0.52586975914362188 -0.019237883832778409 -0.35538545653362491 -0.032795698924731158 -0.61242176215695709 -0.79887640449438191
decision_type=2 2 2 2 2 2 2 2 2 2 2 2 2 2
left_child=-1 2 -2 5 7 6 -3 -5 -9 -8 -11 12 -7 -4
right_child=1 3 13 4 -6 11 9 8 -10 10 -12 -13 -14 -15
leaf_value=-0.00017448925830904665 0.00049908786795349038 -0.0029060754446122287 -0.00077395249570233633 0.00065106875376634988 0.00086531744311793676 0.0040721158963944104 0.0021188695854918262 -0.0061825674878787738 -0.0012690685576577064 0.0017113713751641217 -0.0014956001654380692 0.0044613893713415943 -5.4242414868132198e-05 -0.0054390988618552944
leaf_weight=13019 171 122 103 109 816 102 500 103 128 257 297 236 201 106
leaf_count=13019 171 122 103 109 816 102 500 103 128 257 297 236 201 106
internal_value=-4.58273e-05 0.000468369 -0.0016104 0.000748146 -6.99247e-05 0.00129678 0.000585842 -0.0022751 -0.00362557 0.00101354 -3.92392e-06 0.00280899 0.00142055 -0.00328033
internal_weight=16270 3251 380 2871 1156 1715 1176 340 231 1054 554 539 303 209
internal_count=16270 3251 380 2871 1156 1715 1176 340 231 1054 554 539 303 209
is_linear=0
shrinkage=0.03


Tree=226
num_leaves=15
num_cat=0
split_feature=4 8 7 3 4 8 0 2 4 4 2 6 8 6
split_gain=1.15597 2.09956 3.65144 2.74398 1.77281 1.57911 1.76996 2.33823 2.0782 1.47279 1.18814 0.929509 0.728087 2.1018
threshold=0.93700396825396837 0.93700396825396837 -0.06580086580086579 0.87577160493827166 0.92749178532311072 0.94904251866277189 0.92749178532311072 -0.051956815114709891 0.55863254392666173 -0.014709063378758378 -0.94904251866277167 0.13867521367521365 -0.6557112068965516 0.12922201138519931
decision_type=2 2 2 2 2 2 2 2 2 2 2 2 2 2
left_child=4 2 -2 -4 5 6 10 -8 -9 -7 -1 -11 13 -12
right_child=1 -3 3 -5 -6 9 7 8 -10 11 12 -13 -14 -15
leaf_value=-0.0024024741939412285 0.0011272144336957213 0.002486674233255061 -0.0058524261324820982 -0.0002320674378783084 0.003624440333095647 0.0011482092126499156 0.0043050291104098923 -0.0023990294054853549 0.0024378228395972854 -0.0044531958987603761 -0.00031846858491075078 -0.0010580681776704486 -0.00014006702943344915 0.0014682752831420708
leaf_weight=185 198 100 219 120 108 101 185 146 154 158 1411 142 12100 1008
leaf_count=185 198 100 219 120 108 101 185 146 154 158 1411 142 12100 1008
internal_value=-9.01625e-05 -0.00133289 -0.00207662 -0.00392657 -3.89182e-05 -6.66033e-05 -1.69418e-05 0.00174755 8.24334e-05 -0.00190149 -7.62902e-05 -0.00293214 -4.5017e-05 0.000429049
internal_weight=16335 637 537 339 15698 15590 15189 485 300 401 14704 300 14519 2419
internal_count=16335 637 537 339 15698 15590 15189 485 300 401 14704 300 14519 2419
is_linear=0
shrinkage=0.03


Tree=227
num_leaves=15
num_cat=0
split_feature=7 7 7 1 3 3 6 8 8 4 1 4 2 2
split_gain=1.52348 1.82917 1.73088 1.99023 1.51467 2.13338 1.82688 1.50982 1.95783 3.23125 3.02567 1.46907 2.07946 1.92846
threshold=-0.35538545653362491 -0.3797960174842156 -0.1977011494252873 0.80746061167747929 0.30816714150047492 0.38548951048951058 0.93239382974671503 0.97036874451273059 0.82070417145044017 0.79361054766734296 -0.29679679679679671 0.94904251866277189 -0.75411605937921722 -0.3965259059598682
decision_type=2 2 2 2 2 2 2 2 2 2 2 2 2 2
left_child=1 -1 3 -2 6 -6 -4 8 11 10 -10 12 -7 -14
right_child=2 -3 4 -5 5 7 -8 -9 9 -11 -12 -13 13 -15
leaf_value=-0.00031956709250260495 0.001586647500872425 -0.0032627628956723846 -0.00036514859071172686 -0.0023937601673727233 0.0025685072310166661 -0.0030775909443759614 0.0018922135544907129 -0.0023682453336558587 -0.0033075046686585558 0.0054023765460035553 0.0023630503928835545 -0.0027182045190707795 0.0028372553888975941 0.00018166224358168799
leaf_weight=4860 1185 188 5732 116 400 147 332 174 119 167 237 147 268 2161
leaf_count=4860 1185 188 5732 116 400 147 332 174 119 167 237 147 268 2161
internal_value=-3.30434e-06 -0.000435413 0.000191929 0.00121619 5.60154e-05 0.000523176 -0.000238648 0.000277165 0.000425808 0.0020886 0.000428976 9.99655e-05 0.000270674 0.000485095
internal_weight=16233 5048 11185 1301 9884 3820 6064 3420 3246 523 356 2723 2576 2429
internal_count=16233 5048 11185 1301 9884 3820 6064 3420 3246 523 356 2723 2576 2429
is_linear=0
shrinkage=0.03


Tree=228
num_leaves=15
num_cat=0
split_feature=9 0 2 3 6 2 2 2 5 1 3 1 7 7
split_gain=0.860142 0.971919 0.878018 0.862949 2.02245 1.1558 2.02479 1.56525 0.864677 1.55874 2.73128 1.98131 1.45863 1.46548
threshold=-0.93495505023796921 -0.38688172043010749 0.17287356321839079 0.89851963098047638 0.67188646929287998 0.40279123861213423 0.78516483516483537 0.94904251866277189 0.021167557932263773 -0.11884584342211461 -0.8088714938030005 0.031754032258064509 0.1895313034553541 -0.58044603743528456
decision_type=2 2 2 2 2 2 2 2 2 2 2 2 2 2
left_child=1 2 -1 8 5 -5 -7 -8 9 -2 12 -12 13 -11
right_child=3 -3 -4 4 -6 6 7 -9 -10 10 11 -13 -14 -15
leaf_value=0.0045588072890658735 0.00038557802689187894 -0.00029362142396469911 0.00085496659438214168 0.0011850518476692778 -0.0042470686463639143 -0.003446720691931927 0.0022747644081986935 -0.0021187144944816824 0.00033821162579822156 -0.0012996351664847242 -0.0017661214641276381 1.4979367513297283e-05 -9.5814973684027788e-05 -0.0060315360140896614
leaf_weight=105 3263 170 127 296 125 194 166 115 6978 106 652 3724 115 145
leaf_count=105 3263 170 127 296 125 194 166 115 6978 106 652 3724 115 145
internal_value=7.51801e-05 0.0014285 0.00265039 4.00414e-05 -0.000859095 -0.000262466 -0.00117033 0.000465702 9.43479e-05 -0.000118386 -0.000465249 -0.000253817 -0.00291921 -0.00415956
internal_weight=16281 402 232 15879 896 771 475 281 14983 8005 4742 4376 366 251
internal_count=16281 402 232 15879 896 771 475 281 14983 8005 4742 4376 366 251
is_linear=0
shrinkage=0.03


Tree=229
num_leaves=15
num_cat=0
split_feature=5 2 9 7 3 3 7 0 3 9 3 7 2 6
split_gain=1.28291 2.40614 1.73305 2.01448 2.62471 4.48612 2.52121 2.70551 2.308 1.82176 1.85275 1.79278 1.7861 1.80086
threshold=0.3371212121212121 0.79361054766734296 0.3371212121212121 0.37011669203450032 0.74625530963559139 0.66249413237365062 -0.70473174366616986 0.048199767711962889 -0.82554347826086938 0.20530382859149979 -0.67242921013412815 0.23395061728395064 0.93700396825396837 0.25824574121058358
decision_type=2 2 2 2 2 2 2 2 2 2 2 2 2 2
left_child=1 -1 3 4 5 6 -2 8 -8 10 -5 -10 13 -12
right_child=2 -3 -4 9 -6 -7 7 -9 11 -11 12 -13 -14 -15
leaf_value=3.2300646401568237e-05 0.0015206211268128209 0.0018055825160374595 -0.0012011518403792945 0.0034182818100728482 -0.002461923053497142 0.0049118871776598046 0.00097340499495084478 0.00085298615444854306 -0.002070678123127436 0.0044774038027490266 0.00059425008479205581 -0.0062338157355981434 0.0034306396597198079 -0.0020989838872045837
leaf_weight=10117 427 729 1703 163 507 141 185 434 654 106 619 104 116 337
leaf_count=10117 427 729 1703 163 507 141 185 434 654 106 619 104 116 337
internal_value=-3.6164e-05 0.000153043 -0.000409152 -5.13319e-05 -0.000562004 -5.66952e-05 -0.000469975 -0.00109376 -0.00198927 0.000879673 0.000537397 -0.00271561 7.18082e-05 -0.000367044
internal_weight=16342 10846 5496 3793 2452 1945 1804 1377 943 1341 1235 758 1072 956
internal_count=16342 10846 5496 3793 2452 1945 1804 1377 943 1341 1235 758 1072 956
is_linear=0
shrinkage=0.03


Tree=230
num_leaves=15
num_cat=0
split_feature=5 6 8 8 3 8 3 2 2 0 2 9 6 9
split_gain=0.750626 0.727064 1.50572 2.71488 2.14733 2.05976 1.51543 1.76511 1.34191 3.6929 2.34252 1.69835 1.67237 2.17041
threshold=-0.96521476104053228 -0.49055258467023172 -0.72264957264957252 -0.49712643678160912 0.76293487957181094 -0.7900856793145653 -0.099295774647887289 0.13867521367521365 0.59508740204942756 -0.74625530963559117 0.80746061167747929 0.055050505050505023 -0.90733452593917707 -0.17573529411764707
decision_type=2 2 2 2 2 2 2 2 2 2 2 2 2 2
left_child=-1 2 4 6 5 -2 -4 -8 9 -5 -10 -12 -11 -14
right_child=1 -3 3 8 -6 -7 7 -9 10 12 11 -13 13 -15
leaf_value=-0.0017923092026422374 -0.0014172165586480755 0.00012476580582596831 -0.00044283270211717293 -0.003081938402960077 0.0015379454996691992 -0.0059080531427008641 0.00019155743691827293 0.0050526028924685025 -0.0031462158096770129 -0.0019087337492033837 -0.0016325555808285451 0.0018563465187206672 0.0023449790900614371 2.2080774112774305e-05
leaf_weight=201 355 12044 138 290 136 119 105 181 377 215 261 224 556 1005
leaf_count=201 355 12044 138 290 136 119 105 181 377 215 261 224 556 1005
internal_value=-1.4651e-05 8.77758e-06 -0.000343239 -9.17497e-05 -0.00170142 -0.00264344 0.00212336 0.00333472 -0.000418652 -2.10812e-06 -0.00140553 -1.62373e-05 0.000515232 0.000859115
internal_weight=16207 16006 3962 3352 610 474 424 286 2928 2066 862 485 1776 1561
internal_count=16207 16006 3962 3352 610 474 424 286 2928 2066 862 485 1776 1561
is_linear=0
shrinkage=0.03


Tree=231
num_leaves=15
num_cat=0
split_feature=0 2 4 2 5 5 2 7 0 2 5 4 6 4
split_gain=0.811329 1.19791 0.775888 1.65292 2.0787 2.03656 4.25813 2.12879 1.60002 1.54623 1.53335 1.90907 1.1621 1.9889
threshold=0.97315315315315332 0.2022727272727273 0.58102025506376598 0.36055555555555568 0.41004623791509048 0.76293487957181094 0.74050024050024055 0.69321266968325801 -0.13938769502502205 0.26713615023474185 0.93700396825396837 0.82807881773399028 -0.86159003831417613 0.16436803325146424
decision_type=2 2 2 2 2 2 2 2 2 2 2 2 2 2
left_child=2 -2 12 9 -5 7 8 -6 -7 -4 11 -8 13 -1
right_child=1 -3 3 4 5 6 10 -9 -10 -11 -12 -13 -14 -15
leaf_value=-0.0034176187188223067 0.00070891487512986836 -0.0032242429094320093 0.00086760607350095623 0.0030830902808290711 -0.00088791286440365416 -0.0051257985256245872 5.8657186478376385e-05 -0.0050407500818135751 -0.00039493410363793374 0.0044772708447974015 -0.00051518592584801667 0.0048047309474235304 3.3600152503766807e-05 0.00037823056776234703
leaf_weight=229 117 152 1694 142 491 112 115 136 140 105 136 218 12214 255
leaf_count=229 117 152 1694 142 491 112 115 136 140 105 136 218 12214 255
internal_value=5.44684e-05 -0.00154945 8.24078e-05 0.000492309 -0.000246105 -0.000616928 0.000469229 -0.00185368 -0.00261293 0.00110187 0.00214529 0.00321519 -2.40676e-05 -0.00145057
internal_weight=16256 269 15987 3289 1490 1348 721 627 252 1799 469 333 12698 484
internal_count=16256 269 15987 3289 1490 1348 721 627 252 1799 469 333 12698 484
is_linear=0
shrinkage=0.03


Tree=232
num_leaves=15
num_cat=0
split_feature=1 8 6 9 8 6 8 9 8 1 9 4 6 4
split_gain=1.14575 2.02926 1.83415 2.27146 1.70819 2.06865 1.62424 1.99003 1.56613 1.55132 1.85242 1.95227 1.46449 2.37067
threshold=0.3228287841191067 -0.85129906025428403 -0.22623655913978494 -0.85940202619224104 0.77096018735363003 -0.32958801498127338 -0.82554347826086938 -0.36489262371615311 0.88303693570451447 0.031754032258064509 0.73152530032763019 -0.8171368861024032 0.06472559698366144 0.52586975914362188
decision_type=2 2 2 2 2 2 2 2 2 2 2 2 2 2
left_child=6 -2 4 -4 5 -3 7 -1 -6 12 11 -11 -8 -14
right_child=1 2 3 -5 8 -7 9 -9 -10 10 -12 -13 13 -15
leaf_value=-0.0024849303842071437 0.0019610094107019149 -0.0013803837488836524 0.0029454123988474539 -0.00040690086537360228 0.0034474927287649463 -0.0047595748816856576 -0.00031738759361552281 0.00026352673085596135 -0.0014525588956617172 -0.001987549404291735 0.0029247047510453619 0.00089558528781270299 0.000978766514409051 -0.0012463086288570311
leaf_weight=459 291 937 181 3837 101 192 4779 476 116 233 335 1634 2222 525
leaf_count=459 291 937 181 3837 101 192 4779 476 116 233 335 1634 2222 525
internal_value=-9.32523e-05 -0.000438044 -0.000571601 -0.000248951 -0.00152582 -0.0019918 8.98431e-05 -0.00109773 0.000879512 0.000204996 0.000903432 0.000527101 -2.83631e-07 0.000550537
internal_weight=16318 5655 5364 4018 1346 1129 10663 935 217 9728 2202 1867 7526 2747
internal_count=16318 5655 5364 4018 1346 1129 10663 935 217 9728 2202 1867 7526 2747
is_linear=0
shrinkage=0.03


Tree=233
num_leaves=15
num_cat=0
split_feature=3 5 4 8 2 2 6 5 8 3 0 6 2 5
split_gain=1.12175 1.75772 2.34649 2.02531 1.66095 1.4736 1.0626 1.55192 1.20068 1.13748 1.10286 1.19103 1.06481 1.01693
threshold=-0.84344362745098034 0.52586975914362188 0.47885646217986894 -0.2331050228310502 -0.8171368861024032 -0.59537185660781156 0.97036874451273059 0.6777901371894699 0.96850198412698418 0.3228287841191067 0.97036874451273059 0.94904251866277189 0.2022727272727273 -0.6211556383970176
decision_type=2 2 2 2 2 2 2 2 2 2 2 2 2 2
left_child=1 2 4 -3 -1 -6 8 -8 10 -10 11 -2 -12 -7
right_child=6 3 -4 -5 5 13 7 -9 9 -11 12 -13 -14 -15
leaf_value=0.0017493936715691665 6.6699613109499605e-05 -0.0012116530340903534 -0.0050373266140411556 0.0035670357681935865 -0.0040167028260623622 0.0018446316940055505 0.00024277972386163823 -0.0043892958971782255 0.00044012273553350605 -0.0030594392541724328 0.0041952274425719411 0.0026617237462760496 0.00021764860741551155 -0.0015219460207152107
leaf_weight=159 14158 164 139 139 157 101 143 108 136 198 107 151 128 291
leaf_count=159 14158 164 139 139 157 101 143 108 136 198 107 151 128 291
internal_value=-1.33143e-05 -0.000912409 -0.00160917 0.00102448 -0.000875339 -0.0016532 5.55861e-05 -0.00184211 8.88171e-05 -0.0016631 0.000130165 9.59241e-05 0.00212603 -0.000630228
internal_weight=16279 1150 847 303 708 549 15129 251 14878 334 14544 14309 235 392
internal_count=16279 1150 847 303 708 549 15129 251 14878 334 14544 14309 235 392
is_linear=0
shrinkage=0.03


Tree=234
num_leaves=15
num_cat=0
split_feature=7 0 8 5 1 7 8 5 2 3 0 8 6 2
split_gain=1.03723 1.06081 1.54972 1.31113 2.0958 1.19025 1.42934 1.41175 0.993063 0.977343 3.23602 1.29386 0.887125 1.20821
threshold=-0.96799795186891957 -0.94904251866277167 -0.40413533834586463 0.97315315315315332 -0.36489262371615311 0.96396103896103902 -0.093541666666666676 0.96396103896103902 -0.040547945205479489 0.94904251866277189 0.46305060065526032 0.2022727272727273 -0.7900856793145653 0.021167557932263773
decision_type=2 2 2 2 2 2 2 2 2 2 2 2 2 2
left_child=-1 2 -2 5 -5 7 -7 9 -8 12 -11 -12 13 -3
right_child=1 3 -4 4 -6 6 8 -9 -10 10 11 -13 -14 -15
leaf_value=-0.0025287043156870487 0.0038387236525828871 -0.0019341015059240775 -0.0007610803279027602 0.0010278582398314028 -0.0044473650001638915 0.0039518072634624939 -0.0020156485922634602 0.0026713092802008276 0.0014935484816642286 -0.0058615149438908665 0.0027431810857220127 -0.0014899217988417113 -2.9536177449006012e-07 -6.0353773567885044e-05
leaf_weight=142 141 514 112 102 142 134 100 156 204 103 100 149 13386 759
leaf_count=142 141 514 112 102 142 134 100 156 204 103 100 149 13386 759
internal_value=-6.21009e-05 -3.87925e-05 0.00185093 -7.01066e-05 -0.00220819 -3.52828e-05 0.00148875 -8.02464e-05 0.000311777 -0.000110601 -0.00165055 0.000250395 -7.25229e-05 -0.000826096
internal_weight=16244 16102 253 15849 244 15605 438 15167 304 15011 352 249 14659 1273
internal_count=16244 16102 253 15849 244 15605 438 15167 304 15011 352 249 14659 1273
is_linear=0
shrinkage=0.03


Tree=235
num_leaves=15
num_cat=0
split_feature=4 8 7 3 0 8 4 8 0 0 3 8 0 4
split_gain=1.36717 3.18057 3.49338 2.43689 1.59857 0.953076 1.59194 1.18521 0.889399 1.32008 0.96605 2.52238 1.46976 1.04939
threshold=0.92749178532311072 0.93700396825396837 0.65669642857142874 0.70209762000806786 -0.6211556383970176 0.94904251866277189 0.25824574121058358 0.93239382974671503 0.96850198412698418 0.94904251866277189 0.87577160493827166 -0.73105625717566014 0.76293487957181094 0.61781229345670863
decision_type=2 2 2 2 2 2 2 2 2 2 2 2 2 2
left_child=5 2 3 4 -2 7 -7 8 9 10 -1 -12 -13 -14
right_child=1 -3 -4 -5 -6 6 -8 -9 -10 -11 11 12 13 -15
leaf_value=-5.8499643279029169e-05 0.0013384988671730589 0.0058263445137289619 -0.003418494706252976 -0.0013598365783228637 0.0056963573267760992 0.00098758642566211248 -0.0028845819182970445 0.0025946249019361857 0.0019011189661270707 -0.003244948527334552 0.0049654896576858815 -0.00094908933511520682 -4.2869165020312132e-05 0.0040057827309682601
leaf_weight=13995 192 108 149 151 125 146 246 150 208 104 114 354 108 113
leaf_count=13995 192 108 149 151 125 146 246 150 208 104 114 354 108 113
internal_value=4.78281e-05 0.00131214 0.000441644 0.00171643 0.00317855 -1.19702e-05 -0.00145371 2.62785e-05 -1.12374e-06 -2.91463e-05 -4.17739e-06 0.00108427 0.00024305 0.00211105
internal_weight=16263 725 617 468 317 15538 392 15146 14996 14788 14684 689 575 221
internal_count=16263 725 617 468 317 15538 392 15146 14996 14788 14684 689 575 221
is_linear=0
shrinkage=0.03


Tree=236
num_leaves=15
num_cat=0
split_feature=1 7 7 2 8 5 8 8 8 6 7 9 6 2
split_gain=1.03809 1.15644 2.83249 2.29993 1.59165 2.35481 1.08749 3.05549 1.94724 1.70356 0.99694 0.994896 1.49966 1.43069
threshold=0.61152570480928703 -0.15438786565547127 0.21261798310978644 0.86949116457313191 -0.34351679104477606 0.3228287841191067 -0.32230727173318752 -0.11378020713463753 -0.5070478459400436 0.43263412666397744 -0.25760368663594463 -0.57052441229656403 0.55863254392666173 0.59508740204942756
decision_type=2 2 2 2 2 2 2 2 2 2 2 2 2 2
left_child=-1 6 3 4 -3 -6 8 -8 9 -2 -9 13 -13 -4
right_child=1 2 11 -5 5 -7 7 10 -10 -11 -12 12 -14 -15
leaf_value=7.1213921739368382e-05 0.00071127624155751655 0.003787310280594505 0.0031372208935566818 0.0055228351630471845 0.0014540746060240093 -0.0032699379839080693 0.002916329710870602 -0.00093911378471221024 -0.0052573332709505705 -0.003744325687016715 -0.0040442015955365505 -0.0019911157196799934 0.00015245306463835634 -0.001141584320414451
leaf_weight=13014 193 109 120 101 269 134 167 476 138 116 109 749 477 145
leaf_count=13014 193 109 120 101 269 134 167 476 138 116 109 749 477 145
internal_value=-4.94303e-05 -0.000523555 -9.81924e-05 0.00160279 0.000738517 -0.000157831 -0.00126299 -0.000553122 -0.002419 -0.00102632 -0.00157591 -0.000803544 -0.00116263 0.000839611
internal_weight=16317 3303 2104 613 512 403 1199 752 447 309 585 1491 1226 265
internal_count=16317 3303 2104 613 512 403 1199 752 447 309 585 1491 1226 265
is_linear=0
shrinkage=0.03


Tree=237
num_leaves=15
num_cat=0
split_feature=4 4 9 6 8 9 0 9 3 8 4 8 8 9
split_gain=1.13608 1.21207 2.19876 1.20249 1.82543 1.60698 1.82303 1.58662 1.63478 1.70129 1.69524 1.6943 3.02777 3.65475
threshold=0.98876404494382031 0.96396103896103902 -0.23746867167919797 -0.53752345215759834 0.97036874451273059 0.1564382530120482 0.84168755221386804 -0.71256454388984503 0.79361054766734296 0.43951219512195122 -0.32958801498127338 -0.73969508752117441 -0.45129664769133454 -0.16912242686890569
decision_type=2 2 2 2 2 2 2 2 2 2 2 2 2 2
left_child=1 3 -3 5 -5 6 7 -1 9 10 -9 -12 -13 -14
right_child=-2 2 -4 4 -6 -7 -8 8 -10 -11 11 12 13 -15
leaf_value=-0.0016015939861037103 -0.0020148314323227812 -0.00062274669752036794 0.0051514672998347185 0.00014916481069500947 -0.0026080674704545264 -0.0013881433804774921 0.0036907620737994355 -0.00084512925385592534 -0.0022158096205596857 -0.0010709514219467834 -0.00063607416069966607 0.0065542709732390181 0.003566530145778157 -0.0022276313630684923
leaf_weight=550 247 121 103 12231 210 1246 102 235 196 360 158 137 258 146
leaf_count=550 247 121 103 12231 210 1246 102 235 196 360 158 137 258 146
internal_value=-3.59895e-05 -4.30656e-06 0.00213904 -3.5969e-05 0.000100566 -0.000536158 -3.64107e-05 -0.000239864 0.000270114 0.000660758 0.0013325 0.0020662 0.00285263 0.00146937
internal_weight=16300 16053 224 15829 12441 3388 2142 2040 1490 1294 934 699 541 404
internal_count=16300 16053 224 15829 12441 3388 2142 2040 1490 1294 934 699 541 404
is_linear=0
shrinkage=0.03


Tree=238
num_leaves=15
num_cat=0
split_feature=4 4 3 0 2 4 4 2 9 4 1 2 9 1
split_gain=1.03836 1.92941 1.48596 1.40618 1.34949 1.06991 1.07951 1.79712 2.32178 1.01019 0.974709 3.0582 0.914711 1.846
threshold=0.96396103896103902 0.93700396825396837 -0.32230727173318752 -0.58044603743528456 -0.96799795186891957 0.92749178532311072 0.84712755598831568 -0.57052441229656403 -0.61492122335495825 0.98876404494382031 0.78516483516483537 0.68651074887786456 0.63356807511737101 0.74050024050024055
decision_type=2 2 2 2 2 2 2 2 2 2 2 2 2 2
left_child=1 4 -2 -4 -1 6 12 -8 -9 -5 11 -10 -6 -14
right_child=2 -3 3 9 5 -7 7 8 10 -11 -12 -13 13 -15
leaf_value=-0.0030246918082411866 0.0042399289231561119 -0.0032678139861091037 -0.0022216193937900953 0.0035241954483781431 -1.5737668227376043e-05 0.002866724764500729 -0.004237387247978606 0.0030139504032938376 -0.0031006476537031296 -0.00023589469695727884 -0.0037026157861948013 0.0032826720616491189 0.00024515361127334695 0.0023250340796197502
leaf_weight=118 115 150 113 121 12108 112 125 128 152 124 115 106 2372 449
leaf_count=118 115 150 113 121 12108 112 125 128 152 124 115 106 2372 449
internal_value=5.15589e-05 1.00159e-05 0.00142193 0.000426088 4.32133e-05 6.82346e-05 4.62559e-05 -0.00116425 -0.000329583 0.00168651 -0.0015257 -0.000453414 9.77601e-05 0.000583238
internal_weight=16408 15935 473 358 15785 15667 15555 626 501 245 373 258 14929 2821
internal_count=16408 15935 473 358 15785 15667 15555 626 501 245 373 258 14929 2821
is_linear=0
shrinkage=0.03


Tree=239
num_leaves=15
num_cat=0
split_feature=2 2 7 4 8 8 6 3 4 6 3 7 8 8
split_gain=1.14622 3.56692 2.34767 2.671 3.42418 1.81343 2.43563 1.48748 1.28263 1.39233 1.14975 1.20028 1.09126 2.57317
threshold=-0.77388922702373697 -0.74625530963559117 -0.3797960174842156 0.35434243176178665 -0.34351679104477606 0.2022727272727273 -0.28165064102564097 -0.099295774647887289 0.70991117344553545 -0.63019943019943014 -0.89403508771929807 0.28330047873838354 -0.10741758241758236 -0.14729990356798459
decision_type=2 2 2 2 2 2 2 2 2 2 2 2 2 2
left_child=2 -2 7 4 -4 -6 -7 -1 -5 -10 11 -3 13 -12
right_child=1 10 3 8 5 6 -8 -9 9 -11 12 -13 -14 -15
leaf_value=-0.0039003918153419463 0.0038246711462812679 -0.0023188689493045611 0.0054318343306571908 -0.0029738643519598745 -0.002515687120366184 -0.0024917227890311686 0.0025418962472298695 -0.00011127552150615623 -0.0027455561395550447 0.0011680993890539476 0.00017870186333069062 0.00099941372273177134 -0.00021786696215431368 0.0030382798662746714
leaf_weight=286 209 360 124 294 160 111 300 137 119 214 5747 127 7736 288
leaf_count=286 209 360 124 294 160 111 300 137 119 214 5747 127 7736 288
internal_value=-6.27311e-05 2.50838e-05 -0.000786759 -0.000157574 0.00111587 0.000101244 0.00115556 -0.0027041 -0.00156449 -0.000269745 -3.32538e-05 -0.00145083 1.7894e-05 0.000319966
internal_weight=16212 14467 1745 1322 695 571 411 423 627 333 14258 487 13771 6035
internal_count=16212 14467 1745 1322 695 571 411 423 627 333 14258 487 13771 6035
is_linear=0
shrinkage=0.03


Tree=240
num_leaves=15
num_cat=0
split_feature=2 1 0 1 2 5 3 0 6 9 5 0 7 9
split_gain=1.09367 1.64675 1.98787 2.14463 1.92812 1.85222 3.14333 1.8427 2.54072 2.15024 1.85248 1.86134 1.4247 1.16648
threshold=-0.59537185660781156 -0.1977011494252873 0.12158167036215818 0.18052538020936207 -0.73969508752117441 -0.17573529411764707 -0.30320054477357838 -0.32958801498127338 -0.30320054477357838 -0.43308457711442783 0.61781229345670863 -0.6211556383970176 0.69321266968325801 -0.19017480409885471
decision_type=2 2 2 2 2 2 2 2 2 2 2 2 2 2
left_child=1 7 3 4 -3 -5 -7 8 10 -10 11 -1 13 -9
right_child=-2 2 -4 5 -6 6 -8 12 9 -11 -12 -13 -14 -15
leaf_value=-0.0045797892278366227 8.9953672896982435e-05 -0.0021192380799208012 0.00010793738077503755 -0.0032833123004033429 -0.0072769890879839649 0.0036124800188311683 -0.0031287453788628968 -0.0013912726148969869 0.00025983145627833437 0.0046146241492237621 0.0020341104764321984 0.00069868242120848286 -0.0027648729908304952 0.00065368781703979641
leaf_weight=127 13092 162 451 173 115 134 100 429 182 226 133 103 238 577
leaf_count=127 13092 162 451 173 115 134 100 429 182 226 133 103 238 577
internal_value=-3.08896e-05 -0.000531832 -0.00144034 -0.00244805 -0.00443949 -0.00101873 0.000721455 -1.5509e-05 0.00112847 0.00272473 -0.000690623 -0.00228533 -0.000727865 -0.000223478
internal_weight=16242 3150 1135 684 277 407 234 2015 771 408 363 230 1244 1006
internal_count=16242 3150 1135 684 277 407 234 2015 771 408 363 230 1244 1006
is_linear=0
shrinkage=0.03


Tree=241
num_leaves=15
num_cat=0
split_feature=7 1 4 4 6 9 9 9 5 4 4 4 4 4
split_gain=0.947212 1.75231 1.61339 2.07979 0.871307 1.73246 1.31281 1.84666 1.28565 1.43462 1.13174 1.2698 1.2526 2.72992
threshold=-0.90733452593917707 -0.49712643678160912 0.038218111002921169 -0.43308457711442783 -0.76393188854489147 0.29478609625668456 0.56574122577265595 0.80123456790123471 0.94160272804774092 0.96693989071038255 0.9194594594594595 0.80746061167747929 0.088421444527177942 -0.3965259059598682
decision_type=2 2 2 2 2 2 2 2 2 2 2 2 2 2
left_child=1 -1 3 -3 5 10 -7 -8 9 -6 11 12 13 -2
right_child=4 2 -4 -5 8 6 7 -9 -10 -11 -12 -13 -14 -15
leaf_value=-0.0019869052616663142 0.0028744560745512168 0.0031390196774154903 0.0040874684481745837 -0.0017117894087603097 -5.2155795632383617e-05 -0.0027571195042569276 0.0028280212312024465 -0.0017846496498022607 -0.0016822719847550615 0.0029177430999068844 0.0033343462643141927 -0.0015310071228505594 0.0020732811981485876 -0.0026199985336187101
leaf_weight=116 133 140 189 160 13405 189 137 157 422 138 185 164 592 179
leaf_count=116 133 140 189 160 13405 189 137 157 422 138 185 164 592 179
internal_value=5.30228e-05 0.00120798 0.00199049 0.000580157 7.77897e-06 0.000639634 -0.000874207 0.000387114 -7.11689e-05 -1.97627e-05 0.00122548 0.000832642 0.0012735 -0.000261281
internal_weight=16306 605 489 300 15701 1736 483 294 13965 13543 1253 1068 904 312
internal_count=16306 605 489 300 15701 1736 483 294 13965 13543 1253 1068 904 312
is_linear=0
shrinkage=0.03


Tree=242
num_leaves=15
num_cat=0
split_feature=9 2 4 2 2 3 0 6 2 6 4 4 0 1
split_gain=0.934156 2.36228 2.11346 2.20654 2.40556 2.03499 2.01614 1.86942 1.80569 1.62626 2.06409 1.80807 1.60323 1.95944
threshold=-0.22150072150072145 -0.15438786565547127 0.4709263015551049 0.015628815628815577 0.41795166858458005 0.97036874451273059 -0.46495250573206681 0.61152570480928703 0.45566778900112243 -0.8088714938030005 0.62583333333333346 0.83584100606332823 -0.48255578093306278 0.055050505050505023
decision_type=2 2 2 2 2 2 2 2 2 2 2 2 2 2
left_child=1 6 8 -4 -5 -6 7 -1 12 -8 -11 -12 13 -3
right_child=-2 2 3 4 5 -7 9 -9 -10 10 11 -13 -14 -15
leaf_value=0.0019222260122621945 8.1886419907894583e-05 0.0025801634215378622 -0.0056132158206489225 0.00096686977419254533 -0.0027902082907574543 0.0015542042096266927 -0.0035375546100558084 -0.0012297443883432615 0.00066098422721692419 -0.0005351482275575616 0.0049116674818651517 -0.00039261833521479788 -0.0017503517897146147 -0.0015262193667135676
leaf_weight=842 10134 197 120 274 737 105 124 204 924 1366 118 103 913 202
leaf_count=842 10134 197 120 274 737 105 124 204 924 1366 118 103 913 202
internal_value=-9.58408e-05 -0.000384654 -0.000904181 -0.00189461 -0.00144846 -0.00223656 0.00027051 0.00130168 -0.000350704 -0.000363782 -9.52012e-05 0.00252956 -0.00106281 0.000514756
internal_weight=16363 6229 3472 1236 1116 842 2757 1046 2236 1711 1587 221 1312 399
internal_count=16363 6229 3472 1236 1116 842 2757 1046 2236 1711 1587 221 1312 399
is_linear=0
shrinkage=0.03


Tree=243
num_leaves=15
num_cat=0
split_feature=9 9 8 8 8 4 8 4 6 3 3 6 4 3
split_gain=0.661728 1.1326 1.06676 0.802733 2.22941 1.88216 2.41736 1.95602 1.28089 1.74149 1.16407 1.14636 1.0974 3.99762
threshold=0.97036874451273059 0.96396103896103902 0.17287356321839079 0.82807881773399028 0.80123456790123471 0.92749178532311072 0.94904251866277189 0.22623655913978494 0.4709263015551049 -0.059532246633593182 0.49274752995585464 0.055050505050505023 0.93700396825396837 0.70209762000806786
decision_type=2 2 2 2 2 2 2 2 2 2 2 2 2 2
left_child=1 3 -2 4 12 6 8 -8 11 -10 -9 -5 -1 -14
right_child=2 -3 -4 5 -6 -7 7 10 9 -11 -12 -13 13 -15
leaf_value=-5.7447041159349523e-05 0.00062719530150954247 0.0025189846793287679 -0.002730234871119527 0.0010335173742969572 -0.0031828739192434259 0.0032526835228838934 0.0011648086365312338 -0.0051559759952385532 -9.6208366147916888e-05 0.0049395188138040957 -0.0010705403215769264 -0.0018462320858374627 0.00086276026575316509 -0.0048408887712867001
leaf_weight=13808 138 142 200 471 205 195 128 131 106 137 125 158 255 182
leaf_count=13808 138 142 200 471 205 195 128 131 106 137 125 158 255 182
internal_value=-8.65504e-05 -5.84391e-05 -0.00138082 -8.30248e-05 -0.000150687 0.000587223 0.000150973 -0.00180399 0.00102257 0.00282589 -0.00327637 0.000292574 -0.000104849 -0.00156783
internal_weight=16381 16043 338 15901 14450 1451 1256 384 872 243 256 629 14245 437
internal_count=16381 16043 338 15901 14450 1451 1256 384 872 243 256 629 14245 437
is_linear=0
shrinkage=0.03


Tree=244
num_leaves=15
num_cat=0
split_feature=1 1 8 8 4 0 2 2 9 3 1 8 1 1
split_gain=0.892432 1.97485 1.54951 2.27795 1.26213 1.25545 0.944754 2.65671 2.61926 3.35342 2.2904 2.24677 1.79929 2.6295
threshold=-0.90143695608176466 -0.8767331433998099 0.49274752995585464 0.76293487957181094 0.83584100606332823 -0.16172624237140362 -0.59537185660781156 -0.72264957264957252 -0.47434210526315784 -0.8767331433998099 -0.014709063378758378 -0.18245838668373873 0.13867521367521365 -0.13383084577114426
decision_type=2 2 2 2 2 2 2 2 2 2 2 2 2 2
left_child=2 -2 4 -4 5 -1 7 8 -3 -10 -11 -12 13 -9
right_child=1 6 3 -5 -6 -7 -8 12 9 10 11 -13 -14 -15
leaf_value=0.00040560056708079383 -0.0029327675489283808 -0.0014702741685073061 0.0061164390879708368 0.00068592490724233136 0.0018755233834532124 -0.0039139239669523452 0.00013172649332529569 -0.0016118164001964032 0.0054032168227830801 0.001359046180549206 0.0017844711994023424 -0.0034371763754401075 0.00015023097554046027 -0.0063087977081949303
leaf_weight=131 196 548 101 194 152 100 12745 525 129 721 105 207 308 129
leaf_count=131 196 548 101 194 152 100 12745 525 129 721 105 207 308 129
internal_value=3.17367e-05 -1.48503e-05 0.00108917 0.00268477 -0.000176863 -0.00154914 2.41229e-05 -0.000487706 0.000222932 0.00102718 0.000434142 -0.00167905 -0.0017402 -0.00261934
internal_weight=16291 15613 678 295 383 231 15417 2672 1710 1162 1033 312 962 654
internal_count=16291 15613 678 295 383 231 15417 2672 1710 1162 1033 312 962 654
is_linear=0
shrinkage=0.03


Tree=245
num_leaves=15
num_cat=0
split_feature=9 4 0 4 5 4 8 8 5 4 8 2 0 2
split_gain=0.8015 0.822039 0.904179 0.65837 2.21281 1.66574 1.63345 5.32113 2.53799 1.82488 1.56467 2.14916 1.11279 0.908018
threshold=-0.93495505023796921 0.37011669203450032 -0.6557112068965516 0.84712755598831568 0.57223113964687011 0.82807881773399028 0.37771377935312361 -0.059532246633593182 0.93700396825396837 0.89237451737451745 -0.7900856793145653 0.073622402890695673 0.67188646929287998 -0.94904251866277167
decision_type=2 2 2 2 2 2 2 2 2 2 2 2 2 2
left_child=1 -1 -3 5 -5 13 7 10 9 -8 11 -6 -11 -2
right_child=3 2 -4 4 6 -7 8 -9 -10 12 -12 -13 -14 -15
leaf_value=-0.00048784441383624519 -0.0020940964632038509 0.00041715566980253375 0.0039398765636850953 -0.0044800708989350818 0.0013337138800748756 0.002892105808593975 -0.00085974260313629073 -0.0062830806264653795 -0.0019126985719776714 0.0057346027800650873 0.0017389998510667797 -0.0045852508331050293 0.001566522866207406 -3.3010989423006996e-05
leaf_weight=152 185 130 128 118 102 164 106 140 182 119 258 102 123 14320
leaf_count=152 185 130 128 118 102 164 106 140 182 119 258 102 123 14320
internal_value=-4.82272e-05 0.00124541 0.00224666 -8.23064e-05 -0.000740388 -2.57626e-05 -0.000314745 -0.0013735 0.000891006 0.00236978 0.000215847 -0.00170174 0.00376235 -6.07231e-05
internal_weight=16329 410 258 15919 1250 14669 1132 602 530 348 462 204 242 14505
internal_count=16329 410 258 15919 1250 14669 1132 602 530 348 462 204 242 14505
is_linear=0
shrinkage=0.03


Tree=246
num_leaves=15
num_cat=0
split_feature=9 9 6 7 0 0 5 1 7 7 0 6 9 3
split_gain=0.900253 1.85112 1.44455 1.51739 1.9213 1.26287 1.78361 1.83742 2.16493 2.42553 1.60639 1.61613 3.24307 1.45583
threshold=0.20530382859149979 0.17990752416981928 0.38548951048951058 -0.61242176215695709 -0.016133229247983379 -0.41897974493623397 -0.68898343036274057 -0.44224170796797557 0.021167557932263773 -0.34351679104477606 0.97315315315315332 -0.077787381158167621 0.3723210214318286 -0.14729990356798459
decision_type=2 2 2 2 2 2 2 2 2 2 2 2 2 2
left_child=1 -1 5 4 -4 -2 7 -7 9 -9 11 -8 -13 -14
right_child=2 -3 3 -5 -6 6 10 8 -10 -11 -12 12 13 -15
leaf_value=-0.00017156090187073301 -0.0011804775255130242 -0.0030601614875195079 0.0057416766809421727 0.00053686802305354532 0.00076044188031073896 0.0015876717607525913 0.0011932748496702665 -0.0025072729392192411 -0.0044492723368902637 0.0022642266927245403 -0.002963120726225241 0.0034970897255903657 0.00092744954576205816 -0.0017710531941363861
leaf_weight=9532 779 194 112 1913 171 162 1710 228 194 151 107 160 242 637
leaf_count=9532 779 194 112 1913 171 162 1710 228 194 151 107 160 242 637
internal_value=-4.91256e-05 -0.000232262 0.00022209 0.000847925 0.00286049 -9.36211e-05 0.000144775 -0.00116344 -0.00195513 -0.000596891 0.000484333 0.000628773 -0.000302811 -0.00102605
internal_weight=16292 9726 6566 2196 283 4370 3591 735 573 379 2856 2749 1039 879
internal_count=16292 9726 6566 2196 283 4370 3591 735 573 379 2856 2749 1039 879
is_linear=0
shrinkage=0.03


Tree=247
num_leaves=15
num_cat=0
split_feature=1 1 1 0 6 5 5 0 4 2 1 5 2 6
split_gain=0.90248 1.03213 1.5452 1.79262 0.955102 1.44117 1.49478 1.4969 1.49834 1.33292 1.69246 1.15493 1.15429 1.09869
threshold=-0.92814113597246117 -0.8767331433998099 -0.90143695608176466 -0.077787381158167621 -0.76393188854489147 0.25824574121058358 0.39305778491171756 0.71852992957746487 0.42444997924449984 -0.077787381158167621 0.24357284113381675 0.96850198412698418 0.97036874451273059 -0.6557112068965516
decision_type=2 2 2 2 2 2 2 2 2 2 2 2 2 2
left_child=-1 2 3 -2 5 9 -7 8 -8 -3 -11 12 13 -6
right_child=1 4 -4 -5 11 6 7 -9 -10 10 -12 -13 -14 -15
leaf_value=0.0013383485623174301 0.0029227101727006717 -0.0024379607151311477 -0.0033602393922224942 -0.0023532414003882719 -0.0010983675562394118 0.0045559905584195799 0.0034904314121721606 0.0034933675777971403 -0.00029039848337203942 0.0017413937407901039 -0.0025560641327030146 -0.0020014499916440054 0.0021888338667946142 7.9058859566461751e-05
leaf_weight=495 107 180 186 105 746 118 104 166 540 298 103 242 213 12607
leaf_count=495 107 180 186 105 746 118 104 166 540 298 103 242 213 12607
internal_value=9.00092e-05 4.98622e-05 -0.00143939 0.000321326 8.94732e-05 0.000803483 0.00153112 0.00104027 0.000364205 -0.000364972 0.000602224 1.0918e-05 4.82638e-05 1.25062e-05
internal_weight=16210 15715 398 212 15317 1509 928 810 644 581 401 13808 13566 13353
internal_count=16210 15715 398 212 15317 1509 928 810 644 581 401 13808 13566 13353
is_linear=0
shrinkage=0.03


Tree=248
num_leaves=15
num_cat=0
split_feature=1 2 3 1 8 4 5 2 5 9 3 6 4 4
split_gain=0.480013 1.57238 2.30833 1.40581 1.78901 1.67669 1.37871 1.89676 1.70703 1.32725 1.38274 1.36257 1.08895 1.03683
threshold=0.82807881773399028 0.27518115942028981 -0.051956815114709891 0.78516483516483537 -0.22623655913978494 0.11237373737373736 0.85524707525755206 0.90342013214146921 0.74625530963559139 -0.59775280898876393 0.39305778491171756 0.4709263015551049 0.49274752995585464 0.30816714150047492
decision_type=2 2 2 2 2 2 2 2 2 2 2 2 2 2
left_child=3 2 -2 -1 -5 -6 8 -8 9 -3 11 -11 -4 -12
right_child=1 6 12 4 5 -7 7 -9 -10 10 13 -13 -14 -15
leaf_value=2.4708295825998973e-05 -5.7091948192785762e-05 0.0027401599097179202 0.0017079088773626165 -0.0048912654721232898 0.0020619797692779684 -0.0028973185577453511 -0.0050111106603660362 0.00055278956102064025 0.0036751582954823968 -0.0036004971740149646 -0.0012041512156526248 0.00022096260444771858 0.0060649584733220114 0.0022858210117944204
leaf_weight=14422 245 113 107 109 118 108 100 107 115 186 125 145 114 170
leaf_count=14422 245 113 107 109 118 108 100 107 115 186 125 145 114 170
internal_value=3.1989e-05 0.000536532 0.00196916 -2.05472e-05 -0.00191307 -0.000330297 -0.000105203 -0.00224215 0.000432724 -0.000114181 -0.000664404 -0.00196906 0.00412069 0.000816024
internal_weight=16284 1527 466 14757 335 226 1061 207 854 739 626 331 221 295
internal_count=16284 1527 466 14757 335 226 1061 207 854 739 626 331 221 295
is_linear=0
shrinkage=0.03


Tree=249
num_leaves=15
num_cat=0
split_feature=4 8 5 0 8 8 4 0 9 0 1 9 4 7
split_gain=1.01089 2.87169 2.07575 1.28613 1.19785 1.05958 1.63905 0.865937 1.74841 1.60185 1.04433 0.743343 0.527284 1.80904
threshold=0.92749178532311072 -0.45914149443561203 0.89237451737451745 -0.79887640449438191 0.72524509803921589 0.94904251866277189 -0.06580086580086579 0.92749178532311072 -0.077787381158167621 0.94904251866277189 -0.014709063378758378 0.35538545653362491 -0.7900856793145653 -0.74625530963559117
decision_type=2 2 2 2 2 2 2 2 2 2 2 2 2 2
left_child=5 3 -3 -2 -4 7 -7 12 -9 -10 -11 -8 13 -1
right_child=1 2 4 -5 -6 6 11 8 9 10 -12 -13 -14 -15
leaf_value=0.0020392597860266122 -0.0036144923830390657 0.0047435989486411438 -0.00078678058511822628 0.00069229287951583815 0.002736100118383075 0.0016876303473406511 -0.00095126637134983736 -0.0015395042878024433 0.0049149681003156885 -0.0013742528338671514 0.0024937640153802928 -0.0038901999766993169 7.6334681686478836e-05 -0.00091461587935672624
leaf_weight=207 121 193 180 114 152 105 158 137 128 104 132 160 13137 1337
leaf_count=207 121 193 180 114 152 105 158 137 128 104 132 160 13137 1337
internal_value=6.75114e-05 0.00112864 0.00234899 -0.00158226 0.000858947 1.5142e-05 -0.0014482 5.68399e-05 0.00127086 0.00234148 0.000802641 -0.0025035 1.45738e-05 -0.000508023
internal_weight=16365 760 525 235 332 15605 423 15182 501 364 236 318 14681 1544
internal_count=16365 760 525 235 332 15605 423 15182 501 364 236 318 14681 1544
is_linear=0
shrinkage=0.03


Tree=250
num_leaves=15
num_cat=0
split_feature=0 4 1 6 2 7 7 9 2 2 6 6 4 4
split_gain=2.0518 1.27734 0.802073 1.80348 1.56608 2.28585 1.77062 1.42949 1.89885 1.65568 1.18437 1.19975 1.28644 2.0632
threshold=-0.94904251866277167 0.78516483516483537 -0.6557112068965516 -0.93984622342831292 -1.0000000180025095e-35 0.64232409381663125 -0.3797960174842156 -0.68898343036274057 -0.18953130345535404 -0.75411605937921722 0.6777901371894699 -0.85129906025428403 -0.028991596638655467 0.22623655913978494
decision_type=2 2 2 2 2 2 2 2 2 2 2 2 2 2
left_child=1 -1 3 -2 7 6 -6 9 10 -5 11 -9 -13 -14
right_child=2 -3 -4 4 5 -7 -8 8 -10 -11 -12 12 13 -15
leaf_value=0.00018738149423510407 -0.0027942358491070242 0.0044286869426103798 -0.00031435985397951113 -0.0038426573393016313 -9.7973930339018496e-06 -0.0013857415555167344 0.003654148267930416 0.0034674112966938597 -0.0026315254338721674 0.00027054304905988754 0.0037517452455150696 0.0015083065373590215 -0.0038505657172588051 0.00025369471783401917
leaf_weight=120 153 129 13398 162 170 167 383 101 154 178 102 390 132 488
leaf_count=120 153 129 13398 162 170 167 383 101 154 178 102 390 132 488
internal_value=-0.000178302 0.00247084 -0.000221106 0.000262508 0.000465883 0.00162882 0.00254763 -3.12666e-05 0.00040406 -0.00174307 0.000807817 0.000506481 0.000179296 -0.000667366
internal_weight=16227 249 15978 2580 2427 720 553 1707 1367 340 1213 1111 1010 620
internal_count=16227 249 15978 2580 2427 720 553 1707 1367 340 1213 1111 1010 620
is_linear=0
shrinkage=0.03


Tree=251
num_leaves=15
num_cat=0
split_feature=5 2 2 9 4 3 6 2 9 6 6 5 4 2
split_gain=0.93706 1.61332 1.82475 1.43326 1.94849 2.11962 1.74891 1.96483 1.34049 1.44437 1.9182 1.42114 2.27853 1.78372
threshold=0.41004623791509048 -0.06580086580086579 -1.0000000180025095e-35 -0.24613922546923259 0.59508740204942756 0.75411605937921733 -0.8171368861024032 -0.87577160493827144 -0.47434210526315784 -0.90733452593917707 0.47885646217986894 0.54884143571104049 0.45566778900112243 0.89237451737451745
decision_type=2 2 2 2 2 2 2 2 2 2 2 2 2 2
left_child=-1 3 -3 6 -5 -6 -2 -8 9 -4 -11 12 -10 -13
right_child=1 2 8 4 5 -7 7 -9 11 10 -12 13 -14 -15
leaf_value=4.7340737751212555e-05 0.0037458128303511657 -0.0045033903251457882 -0.002740681578047 0.00089031503423265006 -0.0028168146880130402 0.0012185287170789459 -0.002453907593924927 0.0011778610807495688 -0.00016640877792023333 0.0015560439546739707 -0.0016567728211183915 -0.0012862616322251255 -0.0044674865552711126 0.001181537034037542
leaf_weight=11346 166 111 120 454 416 155 159 642 193 588 223 1145 253 333
leaf_count=11346 166 111 120 454 416 155 159 642 193 588 223 1145 253 333
internal_value=-0.00010307 -0.000446677 -0.000889048 0.000213146 -0.00056599 -0.00171929 0.00103635 0.00043558 -0.000733297 0.000199997 0.000663199 -0.00118361 -0.00265072 -0.000726052
internal_weight=16304 4958 2966 1992 1025 571 967 801 2855 931 811 1924 446 1478
internal_count=16304 4958 2966 1992 1025 571 967 801 2855 931 811 1924 446 1478
is_linear=0
shrinkage=0.03


Tree=252
num_leaves=15
num_cat=0
split_feature=1 4 7 7 2 7 3 4 4 7 1 9 7 8
split_gain=1.24751 1.67499 2.93268 4.88093 2.08251 1.97769 2.72617 2.2535 2.38123 1.94885 2.09748 1.73361 1.40485 1.32379
threshold=-0.51316701316701308 0.83584100606332823 -0.15438786565547127 0.73152530032763019 -0.74625530963559117 0.84712755598831568 0.86402157164869031 0.39305778491171756 0.21261798310978644 -0.24025316455696197 -0.73105625717566014 -0.10741758241758236 -0.70473174366616986 0.97036874451273059
decision_type=2 2 2 2 2 2 2 2 2 2 2 2 2 2
left_child=1 5 -3 4 -4 6 7 8 -1 12 -11 -12 -9 -2
right_child=13 2 3 -5 -6 -7 -8 9 -10 10 11 -13 -14 -15
leaf_value=0.00031755098744587316 -6.502909854714545e-05 0.0052029601570344371 0.001467445122436262 0.0055474934385716908 -0.0035271542212834245 -0.0021351314247573666 0.0042576600787126353 -0.00044177422093020542 0.0029761997233338443 0.0014327316784740263 0.00028304905689744466 -0.0048506657014551913 -0.0046065676911566092 -0.0024560828349401488
leaf_weight=1637 12303 168 120 115 173 277 152 125 363 358 121 104 173 202
leaf_count=1637 12303 168 120 115 173 277 152 125 363 358 121 104 173 202
internal_value=4.03795e-05 0.000509152 0.00198782 0.000571137 -0.00150066 0.000246625 0.000470449 0.000256602 0.000812502 -0.00100033 1.91379e-05 -0.0021953 -0.00293065 -0.000105585
internal_weight=16391 3886 576 408 293 3310 3033 2881 2000 881 583 225 298 12505
internal_count=16391 3886 576 408 293 3310 3033 2881 2000 881 583 225 298 12505
is_linear=0
shrinkage=0.03


Tree=253
num_leaves=15
num_cat=0
split_feature=4 4 4 5 7 7 0 5 3 6 9 6 7 6
split_gain=0.949027 1.41457 1.17898 1.10421 1.17702 0.959441 0.729255 2.39871 2.57943 1.81249 1.6834 2.44274 2.20428 1.76072
threshold=0.96396103896103902 0.93700396825396837 0.92749178532311072 0.85524707525755206 0.72524509803921589 -0.019237883832778409 -0.45129664769133454 -0.74625530963559117 0.58102025506376598 -0.49055258467023172 -0.11378020713463753 0.60232558139534897 0.31467710371819962 0.29073091057574524
decision_type=2 2 2 2 2 2 2 2 2 2 2 2 2 2
left_child=1 2 6 -2 5 -5 7 -1 10 -10 11 13 -13 -9
right_child=3 -3 -4 4 -6 -7 -8 8 9 -11 -12 12 -14 -15
leaf_value=0.0025118742753446259 0.0036889575064918997 -0.0027737458131524809 0.0030924491145599047 0.0014369371051802054 0.0029459186234329906 -0.0022080397381282904 -9.1177992819765268e-05 0.0003920148330113617 0.00024267468424717876 0.0037203258392150681 -0.0010949127610291899 -0.0034202284724119724 0.0017122980169951916 0.0030803006814411754
leaf_weight=414 124 151 104 104 108 143 11529 1319 264 269 1178 243 100 254
leaf_count=414 124 151 104 104 108 143 11529 1319 264 269 1178 243 100 254
internal_value=6.42238e-05 2.39866e-05 5.26907e-05 0.00136589 0.000475614 -0.000677118 3.04147e-05 0.000376688 0.000126733 0.002034 -0.000207324 0.000341237 -0.00191775 0.000842822
internal_weight=16304 15825 15674 479 355 247 15570 4041 3627 533 3094 1916 343 1573
internal_count=16304 15825 15674 479 355 247 15570 4041 3627 533 3094 1916 343 1573
is_linear=0
shrinkage=0.03


Tree=254
num_leaves=15
num_cat=0
split_feature=8 2 0 3 8 0 2 2 0 9 1 1 6 4
split_gain=0.853073 1.19984 0.718676 1.98884 1.48485 0.723215 0.7847 1.95988 2.42304 1.75107 2.00163 3.06481 2.50496 1.57773
threshold=0.97036874451273059 0.43263412666397744 0.96396103896103902 0.4709263015551049 0.82070417145044017 0.93700396825396837 0.25824574121058358 0.59508740204942756 -0.84344362745098034 -0.49712643678160912 -0.3965259059598682 -0.27165775401069514 -0.18245838668373873 -0.20530382859149984
decision_type=2 2 2 2 2 2 2 2 2 2 2 2 2 2
left_child=2 -2 5 -4 -5 6 -1 8 -8 13 12 -12 -11 -10
right_child=1 -3 3 4 -6 -7 7 -9 9 10 11 -13 -14 -15
leaf_value=-0.00017252682367920819 0.00019443432432976929 -0.0033721958157860677 -0.0022279180171018518 0.00085192367792349727 0.005275778163732453 -0.0020681897908028575 -0.0027068474467681798 -0.0002434742118944572 0.0003160512505946528 0.0044628087471216176 -0.0043983801166446752 0.00059999981710413667 -0.00082209765841894755 0.0038582629538998808
leaf_weight=9729 175 153 101 193 100 145 151 3080 173 232 109 1523 117 328
leaf_count=9729 175 153 101 193 100 145 151 3080 173 232 109 1523 117 328
internal_value=-2.83565e-05 -0.00151982 3.186e-06 0.00125242 0.00248606 -2.91742e-05 -8.70181e-06 0.000270099 0.00086951 0.00109708 0.000689094 0.000241408 0.00271753 0.00266523
internal_weight=16309 328 15981 394 293 15587 15442 5713 2633 2482 1981 1632 349 501
internal_count=16309 328 15981 394 293 15587 15442 5713 2633 2482 1981 1632 349 501
is_linear=0
shrinkage=0.03


Tree=255
num_leaves=15
num_cat=0
split_feature=0 1 0 2 1 1 1 9 8 1 0 5 7 5
split_gain=0.681797 2.21785 1.8865 1.98292 1.8814 1.78871 1.49822 1.26011 1.23417 1.15409 1.79671 1.5212 1.3352 1.07452
threshold=0.038218111002921169 -0.86949116457313169 0.24357284113381675 -0.7900856793145653 -0.6557112068965516 -0.26453684922244752 -0.032795698924731158 -0.54487917146144982 0.54884143571104049 -0.84344362745098034 -0.6795061728395061 -0.084541556054727393 0.25824574121058358 0.088421444527177942
decision_type=2 2 2 2 2 2 2 2 2 2 2 2 2 2
left_child=9 7 3 -3 -4 8 -7 -2 -5 10 12 -12 -1 -8
right_child=1 2 4 5 -6 6 13 -9 -10 -11 11 -13 -14 -15
leaf_value=-0.0024972510170676028 -0.0046878045510399986 -0.0025701881835434154 0.0015445363659851174 0.0039162259606612673 -0.00014931121027395348 -0.0016572065418961667 0.00057669910066359645 -0.00094314383750315756 0.00012554481981152837 -0.00032812143101207728 -0.00066459218677329386 0.003553712955813285 0.0015455878982970188 0.0028912023489872426
leaf_weight=163 101 107 654 341 5298 176 570 326 100 7716 104 258 119 259
leaf_count=163 101 107 654 341 5298 176 570 326 100 7716 104 258 119 259
internal_value=-3.70274e-05 0.000162107 0.000282728 0.00121028 3.90856e-05 0.00150576 0.000792097 -0.00191589 0.0030785 -0.000225935 0.000984691 0.00235654 -0.000796725 0.00132565
internal_weight=16292 7932 7505 1553 5952 1446 1005 427 441 8360 644 362 282 829
internal_count=16292 7932 7505 1553 5952 1446 1005 427 441 8360 644 362 282 829
is_linear=0
shrinkage=0.03


Tree=256
num_leaves=15
num_cat=0
split_feature=1 1 9 7 3 9 4 2 3 9 9 4 5 3
split_gain=0.906804 1.41649 1.20098 1.7747 2.04546 1.846 0.926091 0.891662 1.52129 1.59453 2.43352 1.32046 2.06297 2.48482
threshold=-0.90143695608176466 -0.8767331433998099 0.3723210214318286 0.16436803325146424 -0.11884584342211461 -0.55424836601307181 -0.96521476104053228 0.36055555555555568 -0.58044603743528456 -0.86754385964912273 -0.8088714938030005 0.34514106583072107 -0.1977011494252873 -0.073622402890695535
decision_type=2 2 2 2 2 2 2 2 2 2 2 2 2 2
left_child=2 -2 3 5 -5 -1 -3 -8 -9 -10 -11 12 -12 -14
right_child=1 6 -4 4 -6 -7 7 8 9 10 11 -13 13 -15
leaf_value=-0.0023192308531427871 -0.0025231416362907679 -0.0018988679297268392 -0.0012036263909008056 0.0063746542688917184 0.00097619192497804756 0.0023589626636213749 0.00020532931959086991 -0.0018138755153843252 0.0019069090834889552 -0.004401811567856179 -0.0005064989422966491 -0.00075891611864953735 0.0040041180353665665 0.00053132580560126216
leaf_weight=137 191 215 153 112 140 147 9996 513 319 114 1294 1771 223 929
leaf_count=137 191 215 153 112 140 147 9996 513 319 114 1294 1771 223 929
internal_value=2.6449e-05 -2.10087e-05 0.00108351 0.00174646 0.00352724 0.000100103 1.16967e-05 4.00281e-05 -0.000279787 -0.000107013 -0.0002594 -0.000137268 0.000314088 0.00123225
internal_weight=16254 15565 689 536 252 284 15374 15159 5163 4650 4331 4217 2446 1152
internal_count=16254 15565 689 536 252 284 15374 15159 5163 4650 4331 4217 2446 1152
is_linear=0
shrinkage=0.03


Tree=257
num_leaves=15
num_cat=0
split_feature=3 2 4 6 0 5 0 9 9 4 0 5 3 4
split_gain=0.812119 2.03319 1.68085 1.03534 2.38194 1.73669 1.77081 2.56952 2.15436 1.38033 1.19879 1.70408 1.38026 1.27032
threshold=-0.18245838668373873 0.86402157164869031 0.93239382974671503 -0.3965259059598682 -0.72264957264957252 -0.37284167398302598 -0.3965259059598682 0.21329895008288827 -0.4269293924466338 -0.51316701316701308 -0.86159003831417613 0.82807881773399028 -0.84344362745098034 0.77096018735363003
decision_type=2 2 2 2 2 2 2 2 2 2 2 2 2 2
left_child=1 2 3 4 -1 9 -7 8 -8 -6 12 13 -5 -12
right_child=-2 -3 -4 10 5 6 7 -9 -10 -11 11 -13 -14 -15
leaf_value=-0.0032123640108091584 0.00016549669179017165 -0.0033167057042863433 0.0027958868958946866 -0.0005698042713715147 -0.000426628348502842 0.0030193950436356019 0.00078157990913283305 0.0029384984767862731 -0.0043632739585525585 -0.0044287854573485672 -0.00015347122692961347 -0.0033782372761774677 0.0035136790646557244 0.0030961463709890439
leaf_weight=320 9770 181 157 126 203 191 131 130 149 118 4393 135 164 101
leaf_count=320 9770 181 157 126 203 191 131 130 149 118 4393 135 164 101
internal_value=-7.31896e-06 -0.000266969 -0.000174496 -0.000254598 -0.00102485 -0.000239298 0.000711506 -0.000409924 -0.00201227 -0.00198718 -5.84336e-05 -0.000177173 0.00177962 -7.37259e-05
internal_weight=16269 6499 6318 6161 1242 922 601 410 280 321 4919 4629 290 4494
internal_count=16269 6499 6318 6161 1242 922 601 410 280 321 4919 4629 290 4494
is_linear=0
shrinkage=0.03


Tree=258
num_leaves=15
num_cat=0
split_feature=1 1 6 8 9 3 5 3 2 2 2 8 8 1
split_gain=0.92487 2.21553 1.37795 1.45 1.94018 1.73879 1.68164 1.86378 2.05059 3.98838 2.72943 1.92059 1.35621 1.23219
threshold=0.35434243176178665 0.38548951048951058 0.93700396825396837 -0.91836356904850047 -0.26953601953601952 0.90786914235190108 0.84168755221386804 -0.76393188854489147 0.80123456790123471 0.59508740204942756 0.45566778900112243 0.34514106583072107 0.2022727272727273 0.83584100606332823
decision_type=2 2 2 2 2 2 2 2 2 2 2 2 2 2
left_child=-1 12 3 -3 5 6 7 -5 9 10 11 -9 -2 -10
right_child=1 2 -4 4 -6 -7 -8 8 13 -11 -12 -13 -14 -15
leaf_value=0.00015875703706638901 -0.001161919567734003 0.0027819888000341509 0.0016590576949081337 -0.0043455793973254525 1.3285918025237823e-05 0.0022354929676900309 -0.0047511469337927258 -0.0023558975315342346 -0.00040650635746715126 -0.0053311435540859152 0.0038111389784190137 0.0013420196286132258 -0.0055303031394512139 0.0039166588863711162
leaf_weight=10863 170 123 333 142 3249 107 128 395 118 177 107 176 100 106
leaf_count=10863 170 123 333 142 3249 107 128 395 118 177 107 176 100 106
internal_value=-1.03232e-06 -0.000320345 -0.000178982 -0.000308924 -0.000395457 -0.00130142 -0.00159634 -0.00122971 -0.000783511 -0.0014515 -0.000375901 -0.0012126 -0.00291957 0.00171923
internal_weight=16294 5431 5161 4828 4705 1456 1349 1221 1079 855 678 571 270 224
internal_count=16294 5431 5161 4828 4705 1456 1349 1221 1079 855 678 571 270 224
is_linear=0
shrinkage=0.03


Tree=259
num_leaves=15
num_cat=0
split_feature=4 2 2 2 9 9 0 5 0 2 0 3 8 8
split_gain=0.682751 0.600184 1.30388 1.1779 2.44523 1.97681 2.47595 1.72503 1.65065 1.71972 1.49755 1.41179 1.37686 1.85259
threshold=-0.96521476104053228 -0.6211556383970176 -0.51316701316701308 -0.72264957264957252 0.72524509803921589 -0.54487917146144982 -0.8171368861024032 0.38548951048951058 0.088421444527177942 -0.6557112068965516 0.51765683423348574 -0.32958801498127338 0.21261798310978644 -0.16903096903096895
decision_type=2 2 2 2 2 2 2 2 2 2 2 2 2 2
left_child=-1 3 -3 5 7 -2 -7 8 9 -5 -10 12 13 -8
right_child=1 2 -4 4 -6 6 11 -9 10 -11 -12 -13 -14 -15
leaf_value=-0.0016853634239326226 -0.0014332563854067733 0.0011822099801746288 -2.0824603460872682e-05 -0.0011338199876814283 -0.0055019696067652793 0.0044418798810315881 0.0014699676279269624 0.0019246068262755004 0.0023714990800342939 -0.005718129107092575 -0.0022148038280884858 -0.00081569012687133494 0.0023426365788974282 -0.0028562872621822294
leaf_weight=217 636 858 12303 200 102 124 214 162 135 113 105 669 368 138
leaf_count=217 636 858 12303 200 102 124 214 162 135 113 105 669 368 138
internal_value=-5.1532e-05 -2.85169e-05 5.84424e-05 -0.00041328 -0.0013754 -4.28284e-05 0.000547221 -0.000718945 -0.0015138 -0.00291465 0.00035666 0.000170268 0.00108501 -0.000258171
internal_weight=16344 16127 13161 2966 817 2149 1513 715 553 313 240 1389 720 352
internal_count=16344 16127 13161 2966 817 2149 1513 715 553 313 240 1389 720 352
is_linear=0
shrinkage=0.03


Tree=260
num_leaves=15
num_cat=0
split_feature=4 0 8 3 3 8 5 8 7 5 2 5 4 5
split_gain=0.864999 1.29442 1.3198 1.93608 3.06773 1.56425 1.56262 1.88388 1.19878 1.9486 1.42725 1.81665 1.16153 1.47319
threshold=0.68651074887786456 0.92749178532311072 -0.88433667781493852 -0.14729990356798459 0.58102025506376598 -0.93495505023796921 0.75411605937921733 0.34514106583072107 0.65669642857142874 0.62583333333333346 0.2022727272727273 0.40279123861213423 -0.68898343036274057 -0.040547945205479489
decision_type=2 2 2 2 2 2 2 2 2 2 2 2 2 2
left_child=1 2 3 -1 5 -5 8 -8 -4 10 11 12 -10 -14
right_child=-2 -3 6 4 -6 -7 7 -9 9 -11 -12 -13 13 -15
leaf_value=0.0037181043703113439 -0.00051931736842798152 0.0018346272549684065 2.1942975244363711e-05 -0.0046420236209682615 0.0039258221531028696 0.00048547842074185609 0.0028128457569680915 -0.0012903040510056345 -0.0031733509251161622 -0.00462160891481362 -0.0015535920595079111 0.0032322075510406926 0.0011645853442243184 -0.0013970661869495582
leaf_weight=201 2676 354 10414 100 105 101 337 135 104 103 738 139 459 345
leaf_count=201 2676 354 10414 100 105 101 337 135 104 103 738 139 459 345
internal_value=-2.72281e-05 6.9659e-05 2.12695e-05 0.00150726 -1.66612e-05 -0.00216462 -3.88425e-05 0.00163685 -0.000104412 -0.000797819 -0.000552656 0.000160898 -0.000339357 6.17101e-05
internal_weight=16311 13635 13281 507 306 201 12774 472 12302 1888 1785 1047 908 804
internal_count=16311 13635 13281 507 306 201 12774 472 12302 1888 1785 1047 908 804
is_linear=0
shrinkage=0.03


Tree=261
num_leaves=15
num_cat=0
split_feature=9 6 1 7 8 1 6 3 9 4 9 1 9 7
split_gain=0.890842 2.30693 2.22508 1.79094 1.74848 1.66981 1.21358 1.06406 1.67411 2.02719 1.77607 2.30583 1.91575 1.38172
threshold=0.62583333333333346 -0.90143695608176466 -0.59537185660781156 0.27518115942028981 -0.6795061728395061 0.30816714150047492 -0.25760368663594463 0.35434243176178665 0.4709263015551049 -0.73105625717566014 0.032795698924731227 -0.71256454388984503 -0.028991596638655467 -0.019237883832778409
decision_type=2 2 2 2 2 2 2 2 2 2 2 2 2 2
left_child=7 -2 3 -3 5 -4 -5 -1 9 -9 12 -12 -11 -10
right_child=1 2 4 6 -6 -7 -8 8 13 10 11 -13 -14 -15
leaf_value=9.8361041932084164e-05 -0.0036569225800056489 0.0046800496125155508 -0.0035084894710005476 -0.0015988825150840991 0.00059006347276451866 0.00094720763081568293 0.0026393936462666126 -0.0032447626751524452 -0.0043074645972425918 -0.00033821241992815725 -0.0026215805761192154 0.0015760257660957608 -0.0041265084557821907 -0.00076034098132101748
leaf_weight=9114 107 194 185 101 2325 118 126 186 167 2286 128 820 117 236
leaf_count=9114 107 194 185 101 2325 118 126 186 167 2286 128 820 117 236
internal_value=2.96526e-05 0.000481124 0.000637822 0.00263622 0.000308903 -0.00179844 0.000765745 -7.9782e-05 -0.000491068 -0.00027918 -0.000105409 0.000987811 -0.000538998 -0.00229895
internal_weight=16210 3156 3049 421 2628 303 227 13054 3940 3537 3351 948 2403 403
internal_count=16210 3156 3049 421 2628 303 227 13054 3940 3537 3351 948 2403 403
is_linear=0
shrinkage=0.03


Tree=262
num_leaves=15
num_cat=0
split_feature=7 0 1 7 4 2 2 2 2 7 0 7 6 4
split_gain=0.907408 0.769671 0.901878 1.02532 1.72341 1.07379 1.91142 1.2289 1.06185 2.18701 1.34378 1.18392 0.978361 1.82892
threshold=-0.96799795186891957 -0.96799795186891957 0.96850198412698418 0.92749178532311072 0.82070417145044017 -0.24852941176470586 0.22623655913978494 0.78516483516483537 -0.6211556383970176 0.83584100606332823 0.87577160493827166 0.72524509803921589 0.49274752995585464 0.89237451737451745
decision_type=2 2 2 2 2 2 2 2 2 2 2 2 2 2
left_child=-1 -2 3 8 5 -5 -7 -8 9 10 11 -3 -10 -14
right_child=1 2 -4 4 -6 6 7 -9 12 -11 -12 -13 13 -15
leaf_value=-0.0023343294956400217 0.002210426168345219 -0.00066147591031287675 -0.0014528273276331993 0.0023062294846386065 0.0043203859816326991 -0.003757799921690353 0.0022570468382193494 -0.0017095347539194531 -1.9091644373066072e-05 -0.0039842080191949446 0.0024262305766062221 0.0019013025559218865 0.00043817563164903468 0.0039097816609622296
leaf_weight=135 137 2282 351 182 119 102 185 101 9278 145 142 165 2761 134
leaf_count=135 137 2282 351 182 119 102 185 101 9278 145 142 165 2761 134
internal_value=2.83032e-05 4.95719e-05 2.96345e-05 6.3908e-05 0.00118686 0.000469462 -0.000428412 0.00084583 1.12442e-05 -0.000521917 -0.000313424 -0.000481634 0.00013132 0.00061177
internal_weight=16219 16084 15947 15596 689 570 388 286 14907 2734 2589 2447 12173 2895
internal_count=16219 16084 15947 15596 689 570 388 286 14907 2734 2589 2447 12173 2895
is_linear=0
shrinkage=0.03


Tree=263
num_leaves=15
num_cat=0
split_feature=6 1 1 6 6 9 1 2 3 5 6 2 3 8
split_gain=1.29204 1.20173 2.72582 1.45958 1.90375 1.41592 1.48372 1.89254 1.53104 2.1565 1.86357 1.9964 1.6218 2.03268
threshold=0.06472559698366144 -0.63911657559198531 -0.605448480355819 0.29073091057574524 0.41004623791509048 0.073622402890695673 -0.1977011494252873 -0.83584100606332801 -0.31198770491803274 0.50280898876404501 0.30816714150047492 0.015628815628815577 -0.55424836601307181 -0.53752345215759834
decision_type=2 2 2 2 2 2 2 2 2 2 2 2 2 2
left_child=-1 3 -3 -2 -5 6 -4 -8 9 12 11 -10 13 -9
right_child=1 2 5 4 -6 -7 7 8 10 -11 -12 -13 -14 -15
leaf_value=-0.00023565180426062806 0.0033645385861613194 -0.0045090463560032226 0.0019269373540949212 -0.0028001444456206004 0.0014729187706918976 -0.00017250049703697578 -0.0029686790496303603 0.0027242523909943111 -0.0013286735736461276 0.0043079636751645013 -0.00070644318069604251 0.0031269889963790776 0.0025625163211259027 -0.0012115256809373174
leaf_weight=8476 231 100 684 111 411 3476 135 152 128 182 1088 265 292 426
leaf_count=8476 231 100 684 111 411 3476 135 152 128 182 1088 265 292 426
internal_value=1.96017e-05 0.000301215 0.000176493 0.00143137 0.000528724 0.000251609 0.000690612 0.000367642 0.000556431 0.00142572 -6.64719e-05 0.00167882 0.000780663 -0.000147783
internal_weight=16157 7681 6928 753 522 6828 3352 2668 2533 1052 1481 393 870 578
internal_count=16157 7681 6928 753 522 6828 3352 2668 2533 1052 1481 393 870 578
is_linear=0
shrinkage=0.03


Tree=264
num_leaves=15
num_cat=0
split_feature=5 0 3 2 2 8 9 2 8 1 9 2 6 6
split_gain=1.02066 0.747967 1.03069 0.775304 0.857349 1.69257 1.15123 0.89029 0.88637 2.77694 1.23527 2.63086 2.71078 2.07864
threshold=-0.96799795186891957 -0.94904251866277167 -0.44224170796797557 -0.96799795186891957 0.43263412666397744 -0.83584100606332801 -0.44224170796797557 0.44676113360323894 -0.64631422189128795 -0.42514367816091952 -0.73105625717566014 -0.73969508752117441 0.16436803325146424 -0.49055258467023172
decision_type=2 2 2 2 2 2 2 2 2 2 2 2 2 2
left_child=-1 2 -2 -3 8 6 -6 -7 9 -5 11 12 -10 -13
right_child=1 3 -4 4 5 7 -8 -9 10 -11 -12 13 -14 -15
leaf_value=-0.0024009290654212236 -0.00046919503877329273 -0.0021891770663120557 0.0031684337604213847 -0.00082706456439869257 -0.00018483260471839459 -0.0026544876409680001 -0.0038111189759981175 -3.3562904197534766e-05 0.0013411589025853926 0.0015986630697399859 -1.9440814132494032e-05 -0.00086569710271590849 -0.005065557504123127 0.0029128583496477191
leaf_weight=140 119 127 153 624 134 110 185 4183 121 1287 8261 167 101 539
leaf_count=140 119 127 153 624 134 110 185 4183 121 1287 8261 167 101 539
internal_value=6.23872e-05 8.52687e-05 0.00161677 5.79651e-05 7.75096e-05 -0.000265913 -0.00233977 -0.000106732 0.000220311 0.000806407 9.76792e-05 0.00112937 -0.00166631 0.00201946
internal_weight=16251 16111 272 15839 15712 4612 319 4293 11100 1911 9189 928 222 706
internal_count=16251 16111 272 15839 15712 4612 319 4293 11100 1911 9189 928 222 706
is_linear=0
shrinkage=0.03


Tree=265
num_leaves=15
num_cat=0
split_feature=6 7 5 7 8 9 1 1 1 5 5 8 7 7
split_gain=0.940743 2.99678 1.23135 0.615136 1.86571 2.05293 1.38646 1.17785 2.24946 1.34975 1.59415 2.77101 1.48231 1.90056
threshold=-0.93495505023796921 0.2022727272727273 0.66249413237365062 0.51765683423348574 0.1564382530120482 -0.89309523809523805 -0.89403508771929807 0.3228287841191067 0.45566778900112243 0.31467710371819962 0.59508740204942756 -0.3797960174842156 0.58939234281700037 0.68651074887786456
decision_type=2 2 2 2 2 2 2 2 2 2 2 2 2 2
left_child=1 2 -1 -2 5 -5 -6 9 -9 12 -11 -12 -7 -14
right_child=3 -3 -4 4 6 7 -8 8 -10 10 11 -13 13 -15
leaf_value=-0.0013539912217520992 -7.49581589075341e-05 -0.0044948514990478241 0.0027217857590663237 0.0050461409697497919 0.0024736756148049607 0.0036644966709679242 -0.00042474328453662809 -0.0040156521758664462 0.00067629097018426546 0.0047674634464971357 -0.0015705122306699985 0.0043318391095560332 -0.0029232174831108665 0.00091809316927232026
leaf_weight=127 12012 159 121 101 150 101 2074 108 408 176 151 120 149 418
leaf_count=127 12012 159 121 101 150 101 2074 108 408 176 151 120 149 418
internal_value=-4.77181e-06 -0.00141145 0.000663012 3.19431e-05 0.000355909 0.00109122 -0.000219059 0.000817056 -0.000363417 0.00136173 0.00261933 0.00110422 0.00049397 -0.000124519
internal_weight=16375 407 248 15968 3956 1732 2224 1631 516 1115 447 271 668 567
internal_count=16375 407 248 15968 3956 1732 2224 1631 516 1115 447 271 668 567
is_linear=0
shrinkage=0.03


Tree=266
num_leaves=15
num_cat=0
split_feature=5 4 2 2 2 1 1 2 4 8 2 1 0 4
split_gain=0.842613 1.35627 0.765912 2.34945 1.89376 1.96709 1.80992 2.61163 1.77486 1.62484 1.428 1.40695 1.38899 1.96974
threshold=-0.91836356904850047 -0.82554347826086938 0.70991117344553545 0.6777901371894699 0.74625530963559139 -0.37284167398302598 0.85524707525755206 0.87577160493827166 0.80746061167747929 0.90786914235190108 0.94160272804774092 -0.77388922702373697 -0.40413533834586463 0.64888572783309639
decision_type=2 2 2 2 2 2 2 2 2 2 2 2 2 2
left_child=1 -1 3 -2 -4 11 8 -8 12 10 -9 -6 -7 -14
right_child=2 -3 4 -5 5 6 7 9 -10 -11 -12 -13 13 -15
leaf_value=-0.00038058902177110529 -1.4104116597280033e-05 -0.0040490459628665862 0.0027174939794359027 -0.002872699370226738 0.00059091983070755577 0.0024616605342546267 -0.0036652696321865445 0.0039408373349207508 0.003668328775713841 -0.0022806757648703006 -7.2479476781870801e-05 -0.0032741505715848328 0.00068608775778344216 -0.0035012195044589684
leaf_weight=415 13053 107 295 254 131 279 180 131 215 122 183 217 605 111
leaf_count=415 13053 107 295 254 131 279 180 131 215 122 183 217 605 111
internal_value=-2.02288e-05 -0.00119453 1.93588e-05 -7.07843e-05 0.000503523 0.000192032 0.000587859 -0.000728085 0.00125827 0.000539507 0.00167182 -0.00184333 0.000706185 -2.34654e-06
internal_weight=16298 522 15776 13307 2469 2174 1826 616 1210 436 314 348 995 716
internal_count=16298 522 15776 13307 2469 2174 1826 616 1210 436 314 348 995 716
is_linear=0
shrinkage=0.03


Tree=267
num_leaves=15
num_cat=0
split_feature=1 8 5 9 5 4 4 5 7 0 7 3 5 1
split_gain=0.920477 1.17903 0.923232 0.731991 1.29543 1.56418 1.28971 1.28451 1.68139 1.45787 1.79736 1.29427 1.25797 1.14328
threshold=0.97315315315315332 0.43951219512195122 -0.96799795186891957 0.74050024050024055 0.80746061167747929 0.50280898876404501 0.62583333333333346 0.31467710371819962 0.50910294604435635 0.61152570480928703 -0.25760368663594463 0.06472559698366144 0.9194594594594595 0.22623655913978494
decision_type=2 2 2 2 2 2 2 2 2 2 2 2 2 2
left_child=2 -2 -1 13 5 7 -7 9 -9 10 11 -5 -6 -4
right_child=1 -3 3 4 12 6 -8 8 -10 -11 -12 -13 -14 -15
leaf_value=-0.0023401502994257928 -0.0040342757332235057 -0.00018919791734374282 0.00016390195174442862 0.0045960571543192082 -0.003122957630987929 0.0047123162820305979 0.0011636808744598446 0.00061934098282395158 -0.0042698499741255424 0.0023503466976026299 -0.00074292267707931842 0.0001949157571020212 0.00086173962535602698 -0.00040357001641135428
leaf_weight=139 106 191 8518 105 149 138 270 136 105 355 633 128 123 5100
leaf_count=139 106 191 8518 105 149 138 270 136 105 355 633 128 123 5100
internal_value=-2.11555e-05 -0.00164822 1.02557e-05 3.24566e-05 0.000546621 0.000828865 0.00244797 0.00036346 -0.00159605 0.000760051 8.87508e-05 0.00228578 -0.00135439 -4.87589e-05
internal_weight=16196 297 15899 15760 2142 1870 408 1462 241 1221 866 233 272 13618
internal_count=16196 297 15899 15760 2142 1870 408 1462 241 1221 866 233 272 13618
is_linear=0
shrinkage=0.03


Tree=268
num_leaves=15
num_cat=0
split_feature=2 2 7 9 7 9 2 4 6 7 4 5 2 9
split_gain=0.814282 2.23852 2.17965 1.42344 2.16209 3.10609 3.00627 1.87375 3.34383 2.46116 2.46341 1.86732 1.86145 1.32414
threshold=-0.77388922702373697 -0.74625530963559117 -0.76393188854489147 -0.56386946386946379 -0.70473174366616986 -0.8088714938030005 0.088421444527177942 0.079682539682539702 -0.45129664769133454 -0.3965259059598682 0.28330047873838354 0.12158167036215818 0.31467710371819962 -0.74050024050024044
decision_type=2 2 2 2 2 2 2 2 2 2 2 2 2 2
left_child=2 -2 -1 4 5 6 -3 8 -6 12 -11 -10 -9 -4
right_child=1 3 13 -5 7 -7 -8 9 11 10 -12 -13 -14 -15
leaf_value=-0.0039013237627706938 0.0032174819411306473 0.0030912145293716872 -0.002023450565699639 -3.4009733199128161e-06 -0.0039696079079294573 0.0044398438735200919 -0.0037113651241297303 -0.0043106872896271301 0.00082012086133906228 0.0046452057087066068 0.00099642175175820987 -0.0031310370902065186 0.00096327421075153739 0.00023773386053790608
leaf_weight=144 207 109 273 11439 201 295 105 111 731 196 919 116 114 1313
leaf_count=144 207 109 273 11439 201 295 105 111 731 196 919 116 114 1313
internal_value=0.000119854 0.000193122 -0.000493631 0.000147241 0.000740025 0.00249557 -0.000263181 0.000356986 -0.000590159 0.00109662 0.00167341 0.000248773 -0.00171126 -0.000161726
internal_weight=16273 14543 1730 14336 2897 509 214 2388 1048 1340 1115 847 225 1586
internal_count=16273 14543 1730 14336 2897 509 214 2388 1048 1340 1115 847 225 1586
is_linear=0
shrinkage=0.03


Tree=269
num_leaves=15
num_cat=0
split_feature=0 1 7 7 7 7 8 4 4 3 8 9 3 1
split_gain=1.15118 2.73697 1.63157 1.21103 0.892256 1.0961 0.872268 2.3472 1.21305 0.702215 2.19627 2.00815 1.58129 1.5183
threshold=0.94904251866277189 -0.63911657559198531 0.4709263015551049 0.78516483516483537 -0.96799795186891957 -0.94904251866277167 0.93700396825396837 0.85524707525755206 0.43263412666397744 0.88303693570451447 -0.58044603743528456 0.71852992957746487 0.80746061167747929 -0.28989813242784374
decision_type=2 2 2 2 2 2 2 2 2 2 2 2 2 2
left_child=4 -2 -3 -4 -1 -6 9 8 -8 12 -11 -12 -7 -14
right_child=1 2 3 -5 5 6 7 -9 -10 10 11 -13 13 -15
leaf_value=-0.0022392226639203726 0.0023072472997277761 -0.0050710965185086949 0.0011713023036493049 -0.0028271398674997107 0.0027248135768509793 1.6384049331169606e-05 0.001589415657830735 0.0051225830332652933 -0.001774290894790547 0.0036130726629547785 -0.0010465657209251943 0.0033716380878714685 0.00040647622667799849 -0.0028072226054969085
leaf_weight=143 129 141 114 145 128 13780 215 101 159 187 420 108 208 343
leaf_count=143 129 141 114 145 128 13780 215 101 159 187 420 108 208 343
internal_value=-5.81694e-06 -0.00136919 -0.0025822 -0.00108909 4.06909e-05 6.29413e-05 3.92488e-05 0.00129148 0.000150425 -1.11559e-06 0.0009098 -9.69702e-05 -4.71656e-05 -0.00160845
internal_weight=16321 529 400 259 15792 15649 15521 475 374 15046 715 528 14331 551
internal_count=16321 529 400 259 15792 15649 15521 475 374 15046 715 528 14331 551
is_linear=0
shrinkage=0.03


Tree=270
num_leaves=15
num_cat=0
split_feature=0 1 1 5 5 4 2 1 5 4 5 1 5 5
split_gain=1.23548 1.56079 3.19865 1.71866 0.720383 0.783263 1.51134 1.53326 1.10336 2.28351 2.67282 1.91387 1.54092 1.50106
threshold=0.94904251866277189 -0.6557112068965516 -0.014709063378758378 0.84168755221386804 -0.96799795186891957 -0.34351679104477606 -0.90143695608176466 0.85524707525755206 -0.20530382859149984 0.097167584579071611 -0.32958801498127338 0.50280898876404501 -0.11884584342211461 -0.16903096903096895
decision_type=2 2 2 2 2 2 2 2 2 2 2 2 2 2
left_child=4 -2 -3 -4 -1 6 -6 -8 9 11 -11 -7 13 -10
right_child=1 2 3 -5 5 8 7 -9 12 10 -12 -13 -14 -15
leaf_value=-0.0020708992686122654 0.0015705088386312126 -0.0061317435447902731 0.0014517160933785911 -0.0032183627637568861 0.0037880465665177717 0.0002132334705979507 0.00035256976719079999 -0.0023754453780177806 -0.00027458252058983084 3.8923927769064902e-05 -0.0060455892635696883 -0.0024444419315926007 -9.5223569456739731e-05 0.0028922763765536108
leaf_weight=140 110 125 164 110 101 1137 4767 183 232 115 139 300 8409 306
leaf_count=140 110 125 164 110 101 1137 4767 183 232 115 139 300 8409 306
internal_value=-4.89741e-05 -0.00148927 -0.00235059 -0.00047044 -1.7488e-06 1.80225e-05 0.000325279 0.00024713 -0.000128034 -0.00082841 -0.00339366 -0.000354664 5.1159e-06 0.00154655
internal_weight=16338 509 399 274 15829 15689 5051 4950 10638 1691 254 1437 8947 538
internal_count=16338 509 399 274 15829 15689 5051 4950 10638 1691 254 1437 8947 538
is_linear=0
shrinkage=0.03


Tree=271
num_leaves=15
num_cat=0
split_feature=8 4 4 9 3 3 7 3 7 6 8 6 0 9
split_gain=0.785171 1.34547 0.843092 0.675383 1.27897 1.00062 0.827935 2.60046 1.19771 1.81816 1.25494 1.13186 1.09865 0.990544
threshold=0.97036874451273059 0.26713615023474185 -0.96521476104053228 0.90786914235190108 0.75411605937921733 -0.11884584342211461 0.96693989071038255 0.63356807511737101 0.87577160493827166 -0.028991596638655467 0.34514106583072107 0.74050024050024055 0.41795166858458005 0.86949116457313191
decision_type=2 2 2 2 2 2 2 2 2 2 2 2 2 2
left_child=2 -2 -1 6 5 -5 8 -8 13 10 -10 12 -11 -4
right_child=1 -3 3 4 -6 -7 7 -9 9 11 -12 -13 -14 -15
leaf_value=-0.0018128707071435569 0.0014137888224040334 -0.0026186253145761506 8.1917814671236513e-05 0.0023076874575926921 0.0030344722346305401 -0.00044537836369846145 0.0011266179159865714 -0.0045429624335648596 0.0056346137618974723 -0.0028823303621500094 0.0011792202880182728 0.0023628054951131345 0.0011034127029798629 -0.001632893816479707
leaf_weight=197 101 227 13760 150 191 453 150 126 109 131 122 115 104 300
leaf_count=197 101 227 13760 150 191 453 150 126 109 131 122 115 104 300
internal_value=5.90382e-05 -0.00137185 8.93843e-05 0.000114375 0.000961379 0.000265938 6.86765e-05 -0.00153001 9.98375e-05 0.00142285 0.00342812 4.09199e-05 -0.00114539 4.41941e-05
internal_weight=16236 328 15908 15711 794 603 14917 276 14641 581 231 350 235 14060
internal_count=16236 328 15908 15711 794 603 14917 276 14641 581 231 350 235 14060
is_linear=0
shrinkage=0.03


Tree=272
num_leaves=15
num_cat=0
split_feature=5 3 3 9 4 3 7 4 2 1 4 4 3 4
split_gain=0.984782 1.69529 2.42314 1.9437 1.89719 1.29568 2.20459 1.16316 0.703301 2.1187 2.81185 2.44302 2.3964 1.72145
threshold=0.90342013214146921 -0.72264957264957252 0.23395061728395064 0.47885646217986894 0.78516483516483537 0.74050024050024055 0.48683298683298687 0.96396103896103902 0.57223113964687011 -0.18953130345535404 0.3228287841191067 0.80746061167747929 -0.63019943019943014 0.21261798310978644
decision_type=2 2 2 2 2 2 2 2 2 2 2 2 2 2
left_child=7 -2 4 5 -3 -4 -7 8 13 10 -10 -12 -11 -1
right_child=1 2 3 -5 -6 6 -8 -9 9 12 11 -13 -14 -15
leaf_value=-0.00010883417496806586 0.0021644443895349787 -0.001076387430519043 0.0029525597069676641 -0.0029749907595238516 -0.0064857508872955801 -0.0032040385885122127 0.0023962597679808612 0.002410060557663104 0.00044376114700836212 -0.0032255465266503949 -0.0049212373015082751 0.00038922901751230589 0.0003055836716155923 0.00065519999982082539
leaf_weight=8155 126 116 146 165 118 123 111 178 276 177 278 105 2296 3923
leaf_count=8155 126 116 146 165 118 123 111 178 276 177 278 105 2296 3923
internal_value=7.94769e-06 -0.000948252 -0.00147277 -0.000353538 -0.0039582 0.00083182 -0.000558155 6.4763e-05 3.5751e-05 -0.000364144 -0.00186194 -0.00349251 4.08775e-05 0.000139665
internal_weight=16293 905 779 545 234 380 234 15388 15210 3132 659 383 2473 12078
internal_count=16293 905 779 545 234 380 234 15388 15210 3132 659 383 2473 12078
is_linear=0
shrinkage=0.03


Tree=273
num_leaves=15
num_cat=0
split_feature=5 9 4 4 5 9 5 8 0 3 3 3 5 4
split_gain=1.08075 1.88197 0.835574 1.84991 1.83104 1.7425 1.37826 0.938441 0.779001 2.56265 1.99028 3.01566 2.85681 1.55186
threshold=0.97315315315315332 0.1564382530120482 0.96396103896103902 0.93700396825396837 0.93239382974671503 -0.63275862068965505 0.90786914235190108 0.17287356321839079 -0.37284167398302598 0.58102025506376598 0.25824574121058358 0.18052538020936207 0.54884143571104049 0.37011669203450032
decision_type=2 2 2 2 2 2 2 2 2 2 2 2 2 2
left_child=2 -2 3 4 6 -4 8 -6 9 10 11 -1 13 -12
right_child=1 -3 5 -5 7 -7 -8 -9 -10 -11 12 -13 -14 -15
leaf_value=0.00013757741223333316 0.00012166651207450274 -0.0047991007700530358 -0.0015461409993254203 -0.0032952521118946227 0.0042465117877530725 0.0028918154287625349 -0.0031694879373908042 0.00046273506493033729 -0.00014656757581419877 0.002237114837792961 -0.0012900562688538974 0.0043457397479876314 -0.0048569505937380844 0.0027068523406011966
leaf_weight=3208 175 106 111 144 126 232 115 109 10601 543 320 151 158 109
leaf_count=3208 175 106 111 144 126 232 115 109 10601 543 320 151 158 109
internal_value=-2.39118e-05 -0.0018357 9.18528e-06 -2.3493e-05 9.13388e-06 0.00145251 -3.23019e-05 0.002582 -6.31038e-06 0.000324504 5.63239e-05 0.000339088 -0.00154032 -0.000235998
internal_weight=16208 281 15927 15584 15440 343 15205 235 15090 4489 3946 3359 587 429
internal_count=16208 281 15927 15584 15440 343 15205 235 15090 4489 3946 3359 587 429
is_linear=0
shrinkage=0.03


Tree=274
num_leaves=15
num_cat=0
split_feature=2 8 9 9 0 8 9 2 0 2 6 5 3 2
split_gain=1.18485 1.58398 2.05099 3.95647 2.46293 2.19402 1.72691 1.69486 1.68524 1.57857 1.51448 1.27095 1.72755 4.37622
threshold=-0.58863819500402892 -0.1977011494252873 -0.77388922702373697 -0.57052441229656403 -0.29679679679679671 -0.58044603743528456 -0.68898343036274057 -0.86159003831417613 0.44676113360323894 -0.83584100606332801 0.30816714150047492 0.3371212121212121 -0.077787381158167621 -0.34351679104477606
decision_type=2 2 2 2 2 2 2 2 2 2 2 2 2 2
left_child=1 2 -1 -4 -5 -6 9 8 -8 -3 -7 -2 -13 -14
right_child=11 6 3 4 5 10 7 -9 -10 -11 -12 12 13 -15
leaf_value=0.0029419551403261721 0.0003035579037011729 -0.0050283811401644445 -0.004765434211788812 0.0022838631625572139 -0.0032182098853268796 0.0033328657663177423 0.0017294787088478053 -0.0013436851163837963 -0.0016997164067885789 -0.00073362956163831633 -0.0013446610707615037 -0.001315058104638988 0.0035178662802771493 -0.00032026501911020178
leaf_weight=210 8698 163 139 379 200 113 395 1131 180 146 118 1152 285 2844
leaf_count=210 8698 163 139 379 200 113 395 1131 180 146 118 1152 285 2844
internal_value=-3.17629e-05 -0.000550378 0.00033157 -0.000270725 0.000549298 -0.000993193 -0.00105679 -0.000673457 0.000645287 -0.00308576 0.000986829 9.53899e-05 -0.000327281 3.94183e-05
internal_weight=16153 3174 1159 949 810 431 2015 1706 575 309 231 12979 4281 3129
internal_count=16153 3174 1159 949 810 431 2015 1706 575 309 231 12979 4281 3129
is_linear=0
shrinkage=0.03


Tree=275
num_leaves=15
num_cat=0
split_feature=7 0 7 4 1 2 1 4 0 6 0 6 7 1
split_gain=0.851101 1.88151 1.5674 1.53551 3.81601 1.72141 1.55292 1.86519 1.77277 1.48677 1.45927 1.44961 1.44588 1.35501
threshold=-0.56386946386946379 -0.6955588929414287 -0.82554347826086938 0.68651074887786456 -0.16172624237140362 -0.58863819500402892 0.58102025506376598 -0.016133229247983379 -0.040547945205479489 0.079682539682539702 -0.86949116457313169 0.69321266968325801 -0.90733452593917707 0.43951219512195122
decision_type=2 2 2 2 2 2 2 2 2 2 2 2 2 2
left_child=1 2 12 5 -5 -3 7 11 9 -8 -4 13 -1 -7
right_child=-2 3 10 4 -6 6 8 -9 -10 -11 -12 -13 -14 -15
leaf_value=0.00052819912949895575 0.00015154833683216976 -0.0021486498929935327 0.0022907291855275009 0.00066418005989527136 -0.0070494208605708306 -0.00046766541322051616 -0.0022851632367965067 0.0016097918805080731 -0.0036707186424281709 0.0025941950387685844 -0.0015835890949874982 -0.0035259798327006578 0.0054365265435712823 0.0029216157663613557
leaf_weight=104 12914 453 134 117 101 911 100 596 205 105 213 113 108 110
leaf_count=104 12914 453 134 117 101 911 100 596 205 105 213 113 108 110
internal_value=4.0725e-05 -0.000383147 0.00119235 -0.00069957 -0.00306199 -0.000489955 -0.000130478 0.000265352 -0.00176724 0.000218439 -6.51971e-05 -0.000449145 0.00316092 -7.77167e-05
internal_weight=16284 3370 559 2811 218 2593 2140 1730 410 205 347 1134 212 1021
internal_count=16284 3370 559 2811 218 2593 2140 1730 410 205 347 1134 212 1021
is_linear=0
shrinkage=0.03


Tree=276
num_leaves=15
num_cat=0
split_feature=9 6 6 1 0 0 1 6 3 0 5 5 6 5
split_gain=1.11567 2.02518 1.77901 3.96145 1.67816 1.99853 2.0511 1.61995 1.93606 1.92315 1.45243 1.24306 1.05524 1.143
threshold=-0.56386946386946379 0.96693989071038255 -0.51316701316701308 -0.059532246633593182 0.73152530032763019 -0.8088714938030005 -0.85129906025428403 -0.099295774647887289 0.048199767711962889 -0.32958801498127338 0.16436803325146424 -0.71256454388984503 0.89851963098047638 0.6777901371894699
decision_type=2 2 2 2 2 2 2 2 2 2 2 2 2 2
left_child=1 2 3 -1 5 10 -7 8 9 -8 -4 -9 -2 -14
right_child=12 -3 4 -5 -6 6 7 11 -10 -11 -12 -13 13 -15
leaf_value=-0.0017476790923004349 -0.00017599656629830256 -0.0031679710061893662 4.1775872465223073e-05 0.0022359663203085057 0.0035924025993373195 -0.0033422732515046832 0.0013747620462647657 0.0029834619240278787 0.00011945069292560219 0.0068238670916224899 0.0042085530014592228 -0.00019211157936279579 0.0017492352941257576 -0.00096538930876929419
leaf_weight=665 12166 121 110 327 209 112 129 113 215 107 230 1123 506 184
leaf_count=665 12166 121 110 327 209 112 129 113 215 107 230 1123 506 184
internal_value=1.78188e-05 0.000495114 0.000636879 -0.000425312 0.00108554 0.000825022 0.000418965 0.000686897 0.00220469 0.00402229 0.00290019 0.000119826 -0.00011096 0.00102189
internal_weight=16317 3461 3340 992 2348 2139 1799 1687 451 236 340 1236 12856 690
internal_count=16317 3461 3340 992 2348 2139 1799 1687 451 236 340 1236 12856 690
is_linear=0
shrinkage=0.03


Tree=277
num_leaves=15
num_cat=0
split_feature=5 8 3 3 5 6 6 8 6 6 6 7 3 8
split_gain=1.35908 1.45356 1.4532 1.43248 2.95078 1.29884 1.2558 1.52862 0.961614 1.16217 0.92921 0.748873 0.771992 2.01705
threshold=0.96396103896103902 0.61152570480928703 0.54884143571104049 0.89851963098047638 0.83584100606332823 -0.35538545653362491 -0.43308457711442783 -0.073622402890695535 -0.96521476104053228 -0.93495505023796921 -0.16172624237140362 0.97036874451273059 -0.32958801498127338 0.73152530032763019
decision_type=2 2 2 2 2 2 2 2 2 2 2 2 2 2
left_child=1 3 10 8 6 -4 -5 -8 -1 -10 -2 12 13 -3
right_child=2 11 5 4 -6 -7 7 -9 9 -11 -12 -13 -14 -15
leaf_value=0.0025867616593422105 -0.0020791371665628893 0.0032689426898473151 0.0054379894071054161 0.0012709925359050776 -0.0059367963103087321 0.00089765556855127217 9.03631356486585e-05 -0.0045476776452080623 -0.0029114479514706225 -7.0061083912342602e-05 0.0015170842701770072 0.0029614626357898763 0.0001835111988741847 0.0001940627237799212
leaf_weight=111 102 283 113 193 104 114 150 101 121 11834 143 105 2143 561
leaf_count=111 102 283 113 193 104 114 150 101 121 11834 143 105 2143 561
internal_value=4.79607e-05 -1.93724e-07 0.00161708 -0.000143166 -0.00162924 0.00329191 -0.000511724 -0.00187867 -7.43793e-05 -0.000101229 -2.9391e-06 0.00058165 0.000488392 0.0012513
internal_weight=16178 15706 472 12614 548 227 444 251 12066 11955 245 3092 2987 844
internal_count=16178 15706 472 12614 548 227 444 251 12066 11955 245 3092 2987 844
is_linear=0
shrinkage=0.03


Tree=278
num_leaves=15
num_cat=0
split_feature=5 5 2 6 4 7 4 4 4 4 4 1 7 2
split_gain=0.715291 1.50059 2.21553 2.72605 1.76664 2.12207 0.932342 2.08098 1.40403 1.11916 1.54466 1.27782 2.07987 1.30968
threshold=0.3371212121212121 0.22623655913978494 0.37011669203450032 0.22623655913978494 0.12158167036215818 -0.14729990356798459 0.048199767711962889 0.13867521367521365 -0.11378020713463753 0.21261798310978644 0.29073091057574524 0.1895313034553541 -0.76393188854489147 0.96693989071038255
decision_type=2 2 2 2 2 2 2 2 2 2 2 2 2 2
left_child=1 -1 4 -4 -3 -6 8 -8 -2 -9 -11 -12 -13 -14
right_child=6 2 3 -5 5 -7 7 9 -10 10 11 12 13 -15
leaf_value=-1.3194765322042779e-05 -0.00051549211983965869 -0.0023612447848144389 0.0010584943353045564 0.0069429205579516024 -0.0011472991637360857 0.0029009726588146907 0.0034622806057126982 -0.0030718027180883772 -0.0043239901456193566 0.0023365691285083027 -0.00078244953160890474 0.0034194272232707587 -0.00037382136192869951 0.0020378569694404522
leaf_weight=9905 288 165 191 107 197 261 125 119 117 191 2629 158 1593 222
leaf_count=9905 288 165 191 107 197 261 125 119 117 191 2629 158 1593 222
internal_value=-4.60212e-05 9.50266e-05 0.00124655 0.00332818 0.000213989 0.00117238 -0.000326273 -0.000213211 -0.00169341 -0.000313589 -0.000238856 -0.00035058 0.000225926 -6.92892e-05
internal_weight=16268 10826 921 298 623 458 5442 5037 405 4912 4793 4602 1973 1815
internal_count=16268 10826 921 298 623 458 5442 5037 405 4912 4793 4602 1973 1815
is_linear=0
shrinkage=0.03


Tree=279
num_leaves=15
num_cat=0
split_feature=1 0 0 4 2 7 8 0 4 5 2 5 5 1
split_gain=0.860015 1.93741 3.20691 1.56283 2.04271 1.30813 1.45697 0.963797 0.887287 1.3966 0.858161 0.696575 1.64526 1.60474
threshold=-0.83584100606332801 -0.10741758241758236 -0.45914149443561203 0.86402157164869031 -0.3797960174842156 0.18052538020936207 -0.32230727173318752 -0.96799795186891957 0.96850198412698418 0.9194594594594595 -0.84344362745098034 0.93239382974671503 0.90786914235190108 0.56574122577265595
decision_type=2 2 2 2 2 2 2 2 2 2 2 2 2 2
left_child=1 2 5 4 10 6 -1 -2 11 -10 -3 12 -9 -13
right_child=7 3 -4 -5 -6 -7 -8 8 9 -11 -12 13 -14 -15
leaf_value=-0.00028080458793303239 0.0026013378642126919 -0.0028096322757938433 0.0036233395469905047 0.00076066914639741812 -0.0050995111662464647 0.00077616347548395848 -0.0049255885737869197 -1.8261368257187538e-05 0.00075910661946828207 -0.0035800412468683378 0.00053700112616643304 -0.00024146360763756746 -0.0035754936223186679 0.0036148707481221324
leaf_weight=128 115 121 177 133 198 187 108 14079 111 147 140 257 108 145
leaf_count=128 115 121 177 133 198 187 108 14079 111 147 140 257 108 145
internal_value=-8.39731e-05 -0.00085602 0.000345079 -0.00205886 -0.00287465 -0.00107868 -0.00252021 -2.19347e-05 -4.39909e-05 -0.00175453 -0.00106093 -1.25597e-05 -4.78406e-05 0.00120348
internal_weight=16154 1192 600 592 459 423 236 14962 14847 258 261 14589 14187 402
internal_count=16154 1192 600 592 459 423 236 14962 14847 258 261 14589 14187 402
is_linear=0
shrinkage=0.03


Tree=280
num_leaves=15
num_cat=0
split_feature=6 1 8 0 1 0 1 5 9 0 5 0 1 4
split_gain=0.988206 1.56082 2.01012 1.93645 1.66141 1.62711 1.54043 1.04794 0.996796 2.47315 2.3654 1.9759 2.34008 3.5235
threshold=-0.93495505023796921 -0.90143695608176466 0.49274752995585464 0.22623655913978494 -0.8767331433998099 -0.014709063378758378 -0.86949116457313169 0.53456514813634926 -0.74625530963559117 0.77913279132791335 0.21261798310978644 0.088421444527177942 0.41004623791509048 0.71852992957746487
decision_type=2 2 2 2 2 2 2 2 2 2 2 2 2 2
left_child=6 2 5 -4 -3 -2 -1 -8 9 10 -6 12 13 -12
right_child=1 4 3 -5 8 -7 7 -9 -10 -11 11 -13 -14 -15
leaf_value=-0.0042796990397378559 0.0016508986537959937 -0.002792482780439681 0.0061221552141124515 0.00082532883812544042 0.0015682550864777405 -0.0025119329790670789 -0.0023317643128496807 0.0012122031942809646 -5.6251474761088496e-05 0.0050044482504635777 0.00072574463543040963 -0.0035174345707926669 0.0024949736598020981 -0.0049687619142234326
leaf_weight=111 208 180 121 125 785 128 117 174 13423 103 275 169 219 140
leaf_count=111 208 180 121 125 785 128 117 174 13423 103 275 169 219 140
internal_value=1.62732e-05 5.38833e-05 0.00156532 0.00356805 -4.61848e-06 3.82924e-05 -0.0014343 -0.00024282 3.0408e-05 0.000714589 0.000406767 -0.000734008 5.10433e-05 -0.001267
internal_weight=16278 15876 582 246 15294 336 402 291 15114 1691 1588 803 634 415
internal_count=16278 15876 582 246 15294 336 402 291 15114 1691 1588 803 634 415
is_linear=0
shrinkage=0.03


Tree=281
num_leaves=15
num_cat=0
split_feature=6 3 0 4 4 9 9 6 6 4 1 9 5 4
split_gain=0.833623 1.23332 0.649933 1.23421 2.95566 1.64374 1.36243 1.67286 1.61568 1.33406 1.44227 1.16327 1.15099 1.28202
threshold=0.98876404494382031 -0.58863819500402892 0.77913279132791335 -0.34351679104477606 -0.6795061728395061 -0.57052441229656403 0.04898040783686531 -0.48255578093306278 0.57223113964687011 0.89851963098047638 0.83584100606332823 0.35538545653362491 -0.032795698924731158 0.36055555555555568
decision_type=2 2 2 2 2 2 2 2 2 2 2 2 2 2
left_child=2 -2 -1 4 -4 -5 7 -7 -9 10 11 -8 -13 -14
right_child=1 -3 3 5 -6 6 9 8 -10 -11 -12 12 13 -15
leaf_value=-7.5059136102771862e-05 0.00082232813841917292 -0.0033566835085221099 -0.00061737727044107167 0.0025872880966752903 0.0050709733513563315 0.0013521464053441636 0.0028359393450558524 -0.0049821951995969197 -0.00013916630792406808 -0.0020986751902892565 0.003641732377577981 0.0024793127572691415 -0.0029430122629062016 0.00020732111339744202
leaf_weight=14202 100 150 163 208 152 102 122 148 103 159 127 103 166 339
leaf_count=14202 100 150 163 208 152 102 122 148 103 159 127 103 166 339
internal_value=-3.25898e-05 -0.00171774 -5.36264e-06 0.000515447 0.00219905 0.000167416 -0.000216345 -0.00179469 -0.00307629 0.000344184 0.000816388 0.000282285 -0.000267723 -0.000865272
internal_weight=16344 250 16094 1892 315 1577 1369 353 251 1016 857 730 608 505
internal_count=16344 250 16094 1892 315 1577 1369 353 251 1016 857 730 608 505
is_linear=0
shrinkage=0.03


Tree=282
num_leaves=15
num_cat=0
split_feature=1 8 8 9 8 9 4 6 5 8 9 6 6 8
split_gain=0.738929 0.798015 0.950474 0.752448 1.48293 1.24908 2.47164 1.51958 1.49649 1.33903 1.76176 1.22683 1.21242 1.17819
threshold=-0.96521476104053228 -0.96799795186891957 -0.94904251866277167 -0.93495505023796921 0.22623655913978494 -0.82637681159420284 0.77096018735363003 0.038218111002921169 -0.1977011494252873 -0.88433667781493852 -0.5070478459400436 -0.13938769502502205 0.62583333333333346 -0.26453684922244752
decision_type=2 2 2 2 2 2 2 2 2 2 2 2 2 2
left_child=-1 -2 -3 4 -4 6 7 13 -9 10 -7 -12 -10 -5
right_child=1 2 3 5 -6 9 -8 8 12 -11 11 -13 -14 -15
leaf_value=-0.0016927731519459294 0.0022124592970506653 -0.0024454883450364812 0.0025432416278293683 -0.0032603335561087496 -0.0014866584367118775 -0.0014402595135589065 -0.0045544191669192038 -0.0017622237356210296 0.0045880805384367705 7.4821072584450775e-06 0.00071268278110847734 0.0042915018906888478 0.0001582297811527615 0.00014320384721318004
leaf_weight=218 139 131 262 185 110 119 145 100 110 14249 163 185 105 171
leaf_count=218 139 131 262 185 110 119 145 100 110 14249 163 185 105 171
internal_value=3.19627e-06 2.70871e-05 6.77601e-06 2.84991e-05 0.00134388 -3.84942e-06 -0.00113905 -0.000344969 0.0011536 5.98283e-05 0.00162336 0.00268195 0.00252785 -0.00166624
internal_weight=16392 16174 16035 15904 372 15532 816 671 315 14716 467 348 215 356
internal_count=16392 16174 16035 15904 372 15532 816 671 315 14716 467 348 215 356
is_linear=0
shrinkage=0.03


Tree=283
num_leaves=15
num_cat=0
split_feature=6 3 8 3 5 8 8 8 3 5 3 6 8 4
split_gain=1.63616 2.81011 1.10051 1.79976 1.0513 2.19235 1.36281 3.26991 1.33411 2.23277 1.90127 1.76417 1.3361 1.25542
threshold=0.97036874451273059 -0.32230727173318752 0.97036874451273059 0.74625530963559139 0.81438415159345401 -0.90143695608176466 0.75411605937921733 0.60232558139534897 0.62583333333333346 0.94160272804774092 0.3228287841191067 -0.084541556054727393 -0.27165775401069514 0.75411605937921733
decision_type=2 2 2 2 2 2 2 2 2 2 2 2 2 2
left_child=2 -2 4 -4 -1 -6 7 8 10 12 11 -7 -10 -13
right_child=1 -3 3 -5 5 6 -8 -9 9 -11 -12 13 -14 -15
leaf_value=-2.1424638781110167e-05 0.00077960077957136599 -0.0047484184838151779 -1.1198542838872863e-05 -0.0046623758341075251 -0.0024119582994890634 -0.00086591944202919985 0.0032321426543527312 -0.0036870963676747946 -0.0038920207340514376 0.0032983919398855296 0.0049847385275927254 0.00083749384708845843 0.00036097821965813632 0.0052256843115901569
leaf_weight=14130 154 163 205 108 159 204 238 122 114 111 154 133 140 102
leaf_count=14130 154 163 205 108 159 204 238 122 114 111 154 133 140 102
internal_value=-2.05583e-05 -0.00212117 2.25745e-05 -0.00171074 5.84094e-05 0.000817165 0.00122195 0.00075337 0.00135111 -7.82891e-05 0.00221763 0.00115753 -0.00162297 0.00287771
internal_weight=16237 317 15920 313 15607 1477 1318 1080 958 365 593 439 254 235
internal_count=16237 317 15920 313 15607 1477 1318 1080 958 365 593 439 254 235
is_linear=0
shrinkage=0.03


Tree=284
num_leaves=15
num_cat=0
split_feature=8 8 2 7 4 0 4 5 2 3 8 9 9 9
split_gain=0.843017 2.45601 1.53833 1.17808 2.2011 1.77782 1.63568 1.3356 1.16717 1.11775 1.02762 1.97865 0.883433 1.60084
threshold=-0.83584100606332801 -0.85129906025428403 0.80123456790123471 0.26713615023474185 0.48683298683298687 0.43263412666397744 0.44676113360323894 0.2022727272727273 -0.21261798310978638 -0.077787381158167621 -0.79887640449438191 -0.25398431570958757 0.63356807511737101 0.4709263015551049
decision_type=2 2 2 2 2 2 2 2 2 2 2 2 2 2
left_child=1 2 3 5 -5 6 7 9 -8 -1 11 -2 13 -12
right_child=10 -3 -4 4 -6 -7 8 -9 -10 -11 12 -13 -14 -15
leaf_value=0.0016712853929646753 -0.00070693990049351544 -0.0041866614652134801 -0.0035160965386616147 0.0012941760227486894 -0.0046878884431881531 0.0041707654968233766 0.003642395027552028 -0.004021970533300191 -1.2244855121360811e-05 -0.0021100322341987194 2.8005873353615044e-05 0.0041130895003576211 0.00049686921444268555 -0.0011137017810466832
leaf_weight=142 144 153 105 101 104 103 137 100 169 121 10668 148 2851 1223
leaf_count=142 144 153 105 101 104 103 137 100 169 121 10668 148 2851 1223
internal_value=-3.03501e-06 -0.000753254 -0.000233861 0.000150938 -0.00181752 0.000690206 0.000100802 -0.0012461 0.00168747 -8.19738e-05 5.90531e-05 0.00179139 2.3549e-05 -9.02569e-05
internal_weight=16269 1235 1082 977 205 772 669 363 306 263 15034 292 14742 11891
internal_count=16269 1235 1082 977 205 772 669 363 306 263 15034 292 14742 11891
is_linear=0
shrinkage=0.03


Tree=285
num_leaves=15
num_cat=0
split_feature=5 6 5 3 0 8 8 3 0 7 5 8 1 3
split_gain=0.805174 1.50063 2.76085 1.53128 1.42853 1.16199 1.87419 2.00314 2.05596 1.81076 1.74323 1.7082 2.17982 1.64573
threshold=-0.605448480355819 -0.35538545653362491 -0.6795061728395061 0.48683298683298687 0.25317269076305232 0.43951219512195122 0.55863254392666173 0.65669642857142874 -0.56386946386946379 0.44676113360323894 0.68651074887786456 0.37011669203450032 -0.32958801498127338 0.90342013214146921
decision_type=2 2 2 2 2 2 2 2 2 2 2 2 2 2
left_child=1 3 -3 -1 -4 11 9 8 -8 -7 13 -2 -13 -9
right_child=5 2 4 -5 -6 6 7 10 -10 -11 -12 12 -14 -15
leaf_value=-0.00010009667010787999 -8.0323537359897e-05 0.00021322458832102824 0.0014114279783380588 -0.0034305030912801155 0.0048450844095492829 -0.0008826390820718188 -0.0027726072147048596 0.00078323803534045301 -0.00035345075930818908 -0.0040162398948840146 0.0022687565023398462 -0.0010418826221764363 0.0033223847266767611 -0.0029780600660624318
leaf_weight=559 8852 1945 299 150 174 502 371 343 1883 244 428 152 286 139
leaf_count=559 8852 1945 299 150 174 502 371 343 1883 244 428 152 286 139
internal_value=-6.91409e-05 0.000362973 0.000718485 -0.000842608 0.00274871 -0.000171703 -0.000604851 -0.000283232 -0.000762123 -0.00194714 0.000898334 1.10552e-05 0.00181839 -0.000339935
internal_weight=16327 3127 2418 709 473 13200 3910 3164 2254 746 910 9290 438 482
internal_count=16327 3127 2418 709 473 13200 3910 3164 2254 746 910 9290 438 482
is_linear=0
shrinkage=0.03


Tree=286
num_leaves=15
num_cat=0
split_feature=2 4 9 8 6 2 1 4 9 8 4 7 5 9
split_gain=0.853379 1.64203 2.19672 1.89532 1.57812 1.53405 3.21456 2.37464 3.15524 1.73456 1.36738 1.29703 1.27946 2.02519
threshold=-0.019237883832778409 0.94160272804774092 -0.59775280898876393 0.98876404494382031 -0.26453684922244752 -0.16172624237140362 0.038218111002921169 0.29073091057574524 -0.16172624237140362 -0.94904251866277167 -0.92814113597246117 0.12922201138519931 0.39305778491171756 -0.22984244670991652
decision_type=2 2 2 2 2 2 2 2 2 2 2 2 2 2
left_child=5 3 -3 10 -4 9 7 8 -7 -1 -2 -10 -11 -14
right_child=1 2 4 -5 -6 6 -8 -9 11 12 -12 -13 13 -15
leaf_value=-0.0034613646455109118 -0.0021538750738158224 -0.0051073506740150878 -0.0025544550474920209 -0.0034799550998617303 0.0024595578120237115 0.0016322990012155964 0.00036266352618313438 -0.0058691704015576551 -0.0051818174342077011 -0.00028282006809669412 0.00036504158721320821 -0.00081007213980358625 0.0017215757570237706 -0.0002997488821088164
leaf_weight=125 189 112 102 111 104 163 548 157 160 4743 7875 102 838 936
leaf_count=125 189 112 102 111 104 163 548 157 160 4743 7875 102 838 936
internal_value=-4.31568e-05 0.00016463 -0.00191709 0.000247851 -2.64323e-05 -0.00027014 -0.00128687 -0.00281993 -0.00158448 -9.54892e-05 0.00030341 -0.0035722 -2.57254e-05 0.00065938
internal_weight=16265 8493 318 8175 206 7772 1130 582 425 6642 8064 262 6517 1774
internal_count=16265 8493 318 8175 206 7772 1130 582 425 6642 8064 262 6517 1774
is_linear=0
shrinkage=0.03


Tree=287
num_leaves=15
num_cat=0
split_feature=2 5 3 0 8 8 3 2 0 7 5 2 8 4
split_gain=0.766783 0.64583 1.34719 1.86344 4.71358 2.37804 2.30651 1.9622 2.15414 1.89911 1.53206 1.8828 2.77137 1.38832
threshold=-0.96521476104053228 0.74625530963559139 -0.63019943019943014 -0.3797960174842156 -0.06580086580086579 -0.88433667781493852 0.2022727272727273 -0.63911657559198531 0.29847345636819328 -0.21992558908639928 0.80746061167747929 0.37011669203450032 0.57223113964687011 0.81438415159345401
decision_type=2 2 2 2 2 2 2 2 2 2 2 2 2 2
left_child=-1 -2 -3 4 5 -4 -6 -5 9 -9 -10 -12 -13 -7
right_child=1 2 3 7 6 13 -8 8 10 -11 11 12 -14 -15
leaf_value=-0.0019205337897647261 -0.00014712510889178712 0.0024094347060877788 -0.0024971338661205498 -0.001969058223607901 -0.0075362822206933855 0.0041948453668091031 -0.0016077351161878403 0.00020076032321561467 0.0029685317037748335 0.0053432308114258276 0.0019701601493039302 -0.0044702596810265362 0.00077929203980034445 -2.1202263358021292e-05
leaf_weight=195 13985 257 123 180 105 152 136 100 159 177 200 155 195 124
leaf_count=195 13985 257 123 180 105 152 136 100 159 177 200 155 195 124
internal_value=-9.73038e-05 -7.39675e-05 0.000420283 0.000125511 -0.0011643 0.000842555 -0.00438805 0.000837351 0.0013643 0.00355842 0.00046951 -0.000293043 -0.00160511 0.00236617
internal_weight=16243 16048 2063 1806 640 399 241 1166 986 277 709 550 350 276
internal_count=16243 16048 2063 1806 640 399 241 1166 986 277 709 550 350 276
is_linear=0
shrinkage=0.03


Tree=288
num_leaves=15
num_cat=0
split_feature=7 9 7 8 3 9 3 1 0 8 8 8 1 0
split_gain=0.9473 2.31781 1.7363 2.34929 1.47091 2.01277 1.6682 1.41025 1.00044 0.965874 1.07363 2.25535 1.6404 1.08186
threshold=0.87577160493827166 -0.75411605937921722 0.84712755598831568 0.26713615023474185 0.54884143571104049 0.79361054766734296 0.29073091057574524 -0.019237883832778409 0.11237373737373736 0.98876404494382031 0.87577160493827166 0.82807881773399028 -1.0000000180025095e-35 -0.96799795186891957
decision_type=2 2 2 2 2 2 2 2 2 2 2 2 2 2
left_child=2 -2 9 -4 6 -6 7 8 -3 10 11 13 -13 -1
right_child=1 4 3 -5 5 -7 -8 -9 -10 -11 -12 12 -14 -15
leaf_value=0.0026837126966809104 0.0044306816023870791 0.0042121615985760818 0.00055304481890360436 -0.0054101604358443326 -0.0027865457240191923 0.0012421071616170757 0.0044172464067205076 -0.0011319874301004935 0.00020105607591569424 0.0022976982516576786 -0.0011373890826255567 0.00015722027447191068 0.0043949115581294199 -2.5162712822907181e-05
leaf_weight=124 135 101 111 114 232 199 116 228 115 157 697 150 174 13556
leaf_count=124 135 101 111 114 232 199 116 228 115 157 697 150 174 13556
internal_value=5.14992e-05 0.000886925 -1.14146e-05 -0.00256996 0.000364734 -0.000940462 0.00136814 0.000491782 0.00218001 2.90329e-05 3.25913e-06 6.0802e-05 0.00249646 1.33383e-06
internal_weight=16209 1126 15083 225 991 431 560 444 216 14858 14701 14004 324 13680
internal_count=16209 1126 15083 225 991 431 560 444 216 14858 14701 14004 324 13680
is_linear=0
shrinkage=0.03


Tree=289
num_leaves=15
num_cat=0
split_feature=0 3 7 1 9 7 7 3 7 6 7 3 7 9
split_gain=0.702583 2.2269 2.13564 2.25918 1.6768 1.6214 1.5314 1.68033 2.35569 1.6758 1.01295 0.886457 2.35997 1.86455
threshold=-0.73969508752117441 0.46305060065526032 0.031754032258064509 0.13867521367521365 -0.41101055806938153 0.64232409381663125 -0.74625530963559117 -0.44224170796797557 0.24357284113381675 0.055050505050505023 0.25317269076305232 0.35434243176178665 -0.90143695608176466 0.032795698924731227
decision_type=2 2 2 2 2 2 2 2 2 2 2 2 2 2
left_child=1 4 3 -3 6 -6 -1 8 9 -8 -9 -2 -13 -14
right_child=11 2 -4 -5 5 -7 7 10 -10 -11 -12 12 13 -15
leaf_value=0.0031634117151843381 0.00034698821940261896 -0.0036788744453726142 0.0033479117775921802 0.0021995753252413122 -0.0024314237376231599 0.0015036728246403592 -0.0024023977865990091 -0.00027688559207420508 -0.0053074231507165021 0.0024107488777396109 0.003126986093039429 0.0033197968278888285 -0.00097905134209603736 0.00023321944537878572
leaf_weight=110 9414 106 234 110 691 102 131 198 112 111 119 160 1966 2698
leaf_count=110 9414 106 234 110 691 102 131 198 112 111 119 160 1966 2698
internal_value=0.000103261 -0.000418422 0.00142193 -0.000720356 -0.000950228 -0.00191285 3.9008e-05 -0.000512121 -0.00190809 -0.000186657 0.00105746 0.000177662 -0.00015281 -0.000278786
internal_weight=16262 2024 450 216 1574 793 781 671 354 242 317 14238 4824 4664
internal_count=16262 2024 450 216 1574 793 781 671 354 242 317 14238 4824 4664
is_linear=0
shrinkage=0.03


Tree=290
num_leaves=15
num_cat=0
split_feature=4 5 1 6 5 1 2 9 4 1 8 8 6 0
split_gain=0.916492 0.862905 2.00679 1.97174 1.4997 1.33832 1.87662 2.5124 3.33259 1.59186 1.67035 1.83392 1.26916 1.21407
threshold=-0.93495505023796921 -0.11884584342211461 -0.11884584342211461 0.26713615023474185 -0.18953130345535404 0.70209762000806786 0.27518115942028981 0.72524509803921589 0.65669642857142874 0.75411605937921733 -0.74625530963559117 -0.40413533834586463 0.3228287841191067 0.74625530963559139
decision_type=2 2 2 2 2 2 2 2 2 2 2 2 2 2
left_child=-1 2 4 13 -2 -3 7 8 -7 -8 -11 -12 -5 -4
right_child=1 5 3 12 -6 6 9 -9 -10 10 11 -13 -14 -15
leaf_value=-0.0013057644337860083 0.00083793255127836812 -0.00020677059263144419 -0.00082708968856595906 0.0035417395474558527 0.0034543139415715509 -0.00061437470157311026 0.0027159182563351852 0.0061926646203818644 0.004615817899509083 -0.003826869052826567 0.0033944133711120801 -0.00045500988780601038 0.0004822481447506016 0.0021294734226809053
leaf_weight=384 2483 7452 1961 122 206 325 164 100 154 103 117 896 1703 124
leaf_count=384 2483 7452 1961 122 206 325 164 100 154 103 117 896 1703 124
internal_value=0.000123762 0.000159063 0.000421222 -1.30724e-05 0.00105043 -2.69891e-05 0.000690935 0.00209231 0.00112715 4.57249e-05 -0.000367304 1.84277e-05 0.00070496 -0.00064193
internal_weight=16294 15910 6599 3910 2689 9311 1859 579 479 1280 1116 1013 1825 2085
internal_count=16294 15910 6599 3910 2689 9311 1859 579 479 1280 1116 1013 1825 2085
is_linear=0
shrinkage=0.03


Tree=291
num_leaves=15
num_cat=0
split_feature=8 4 5 4 8 2 8 0 8 1 5 7 3 7
split_gain=0.654297 1.6465 2.59069 1.56145 2.26521 2.06834 1.35559 1.39702 1.29405 1.50675 2.32571 1.75252 1.66248 2.94652
threshold=0.46305060065526032 0.94904251866277189 0.93700396825396837 -0.42514367816091952 0.53456514813634926 -0.34351679104477606 0.94904251866277189 0.10487038491751778 0.35434243176178665 0.58102025506376598 0.72524509803921589 -0.4752049180327868 -0.58863819500402892 0.62583333333333346
decision_type=2 2 2 2 2 2 2 2 2 2 2 2 2 2
left_child=8 3 -3 -2 5 -5 -6 -8 9 12 -11 -12 13 -1
right_child=1 2 -4 4 6 -7 7 -9 -10 10 11 -13 -14 -15
leaf_value=-0.00092918186401169005 0.00068950997890586483 0.0055978489143096583 -0.00072350924148654138 0.00014222588090978514 -0.00010569796274479005 -0.0043634127280279328 0.00057271201261564297 -0.0032642616796168099 0.0013031670863598919 -0.001110919584823455 -0.001564178269810411 0.0028520474369923415 0.00050843838223435652 0.0026184743618461229
leaf_weight=1678 1009 100 120 141 2507 249 123 251 905 1606 109 254 6995 231
leaf_count=1678 1009 100 120 141 2507 249 123 251 905 1606 109 254 6995 231
internal_value=0.000102037 -0.00020536 0.00226829 -0.000337501 -0.000655438 -0.00277162 -0.000360375 -0.00202032 0.000219559 0.000128252 -0.000620739 0.00151958 0.000294391 -0.000488487
internal_weight=16278 4500 220 4280 3271 390 2881 374 11778 10873 1969 363 8904 1909
internal_count=16278 4500 220 4280 3271 390 2881 374 11778 10873 1969 363 8904 1909
is_linear=0
shrinkage=0.03


Tree=292
num_leaves=15
num_cat=0
split_feature=6 9 7 4 9 9 3 0 4 5 7 1 5 3
split_gain=0.607353 2.17373 1.44654 1.3616 0.573304 1.24944 1.79291 1.79617 1.72903 1.06074 0.957132 3.37494 1.87898 1.31419
threshold=0.93700396825396837 -0.62426470588235283 0.61152570480928703 0.37771377935312361 -0.96521476104053228 -0.89309523809523805 0.29073091057574524 -0.17573529411764707 0.50280898876404501 0.97315315315315332 0.83584100606332823 -0.83584100606332801 0.96396103896103902 -0.46495250573206681
decision_type=2 2 2 2 2 2 2 2 2 2 2 2 2 2
left_child=4 -2 3 -3 -1 6 8 -8 -6 10 12 -12 -7 -13
right_child=1 2 -4 -5 5 9 7 -9 -10 -11 11 13 -14 -15
leaf_value=-0.0015105498660025055 -0.0020043165503831751 0.0011725318752545512 -0.0010179488207820964 0.0049193499388779146 0.0015849003684011969 7.3090600071924652e-05 0.005656631554351154 0.00033311361413110383 -0.0030666365691286047 -0.0021517141993969606 -0.0054997643234483045 -0.0026135789251277566 0.0039243970425880473 0.00018020391857649052
leaf_weight=204 155 202 105 156 191 13356 127 100 102 193 112 169 105 981
leaf_count=204 155 202 105 156 191 13356 127 100 102 193 112 169 105 981
internal_value=6.83596e-05 0.000983141 0.00200449 0.00289453 3.16078e-05 5.29535e-05 0.00148434 0.00342448 -8.21727e-05 2.09144e-06 3.17664e-05 -0.00075489 0.000106023 -0.000249352
internal_weight=16258 618 463 358 15640 15436 520 227 293 14916 14723 1262 13461 1150
internal_count=16258 618 463 358 15640 15436 520 227 293 14916 14723 1262 13461 1150
is_linear=0
shrinkage=0.03


Tree=293
num_leaves=15
num_cat=0
split_feature=0 8 3 5 5 1 0 8 6 3 4 8 4 3
split_gain=1.49082 1.45146 2.47569 1.11969 1.58216 1.51657 1.39087 1.38671 1.77035 1.77016 1.41855 1.37395 1.26088 3.09157
threshold=-0.3797960174842156 -0.86949116457313169 0.21261798310978644 -0.77388922702373697 -0.5070478459400436 0.06472559698366144 -0.52056338028169002 0.44676113360323894 0.073622402890695673 -0.56386946386946379 0.78516483516483537 0.34514106583072107 0.87577160493827166 -0.6795061728395061
decision_type=2 2 2 2 2 2 2 2 2 2 2 2 2 2
left_child=3 2 -2 5 6 -1 -5 11 10 -10 -9 12 -6 -14
right_child=1 -3 -4 4 7 -7 -8 8 9 -11 -12 -13 13 -15
leaf_value=0.0033065394467137153 0.0040184695495831483 -0.00022465969316540061 -0.00063249098029560758 -0.0022283450207507415 0.00086995072584486097 -4.8541555259097776e-05 0.0010634414127630673 -0.0027064820211940037 0.0041653731574131329 -0.00059764105993274008 0.00093417860142996196 0.0036682409810071641 0.0028520879514701667 -0.0029564267300753568
leaf_weight=264 187 11008 211 364 2739 217 160 348 103 180 126 133 115 235
leaf_count=264 187 11008 211 364 2739 217 160 348 103 180 126 133 115 235
internal_value=2.94157e-05 -0.000159727 0.00159769 0.000461726 0.000312627 0.00182276 -0.00122213 0.000517298 -0.000631991 0.00121889 -0.00173941 0.00078844 0.000653011 -0.0010217
internal_weight=16390 11406 398 4984 4503 481 524 3979 757 283 474 3222 3089 350
internal_count=16390 11406 398 4984 4503 481 524 3979 757 283 474 3222 3089 350
is_linear=0
shrinkage=0.03


Tree=294
num_leaves=15
num_cat=0
split_feature=3 2 6 3 6 5 6 9 3 7 6 9 7 4
split_gain=1.01557 1.4009 1.61499 1.51519 1.28922 1.2124 2.05348 2.12997 2.85988 2.57178 1.9357 1.79878 1.68667 1.46394
threshold=-0.11378020713463753 0.69321266968325801 0.37011669203450032 -0.24852941176470586 -0.58044603743528456 1.0000000180025095e-35 0.1564382530120482 -0.32282878411910665 -0.7900856793145653 0.11237373737373736 0.3371212121212121 -0.29935064935064931 -0.41897974493623397 0.24357284113381675
decision_type=2 2 2 2 2 2 2 2 2 2 2 2 2 2
left_child=1 3 -3 5 -5 -1 7 8 -7 -10 -8 12 -12 -9
right_child=-2 2 -4 4 -6 6 10 13 9 -11 11 -13 -14 -15
leaf_value=-0.00029877931316098807 0.00022409552778980039 -0.00052033802696225054 -0.0039874978573812584 -0.0036821665293218925 -0.00072835419746518457 -0.0022180794205797732 0.0042748852793334253 0.00060045017179374295 0.0049270260686484664 -0.00028944190310419731 -0.0027677182495758376 0.0022641055590609015 0.0008970250567068627 -0.002527146287827322
leaf_weight=3378 9168 356 176 151 814 149 179 195 185 149 160 456 328 403
leaf_count=3378 9168 356 176 151 814 149 179 195 185 149 160 456 328 403
internal_value=1.57801e-05 -0.000253944 -0.00171978 -0.000132392 -0.00122358 5.81008e-05 0.000603958 -0.000328639 0.00114011 0.00265915 0.00149665 0.000930561 -0.000335979 -0.00151418
internal_weight=16247 7079 532 6547 965 5582 2204 1081 483 334 1123 944 488 598
internal_count=16247 7079 532 6547 965 5582 2204 1081 483 334 1123 944 488 598
is_linear=0
shrinkage=0.03


Tree=295
num_leaves=15
num_cat=0
split_feature=2 6 6 8 8 1 0 7 7 8 6 4 4 6
split_gain=1.04915 2.06058 1.8649 1.83318 1.27778 1.37081 1.18786 2.09977 1.83541 0.916237 0.931992 2.4647 2.57908 1.97759
threshold=0.80123456790123471 0.78516483516483537 -0.084541556054727393 -0.64631422189128795 0.88303693570451447 -0.077787381158167621 -0.45129664769133454 0.74050024050024055 0.34514106583072107 -0.96799795186891957 0.79361054766734296 0.85524707525755206 0.61781229345670863 0.82070417145044017
decision_type=2 2 2 2 2 2 2 2 2 2 2 2 2 2
left_child=9 2 3 -2 5 -5 -4 8 -8 -1 -11 12 13 -12
right_child=1 -3 6 4 -6 -7 7 -9 -10 10 11 -13 -14 -15
leaf_value=0.0024263583157097795 -0.0026574841440559589 -0.0022032166268600491 0.0047359604528486327 -0.00066114599834123642 -0.0017273371776949764 0.0022201016429630308 0.0018590395685004176 0.0045932968598331363 -0.002784427765756845 -0.00018038711426579171 0.0036250476524727778 0.0040702947205154046 -0.0027386651502100661 0.00023145846945608201
leaf_weight=121 153 186 139 208 138 479 202 132 110 12714 171 154 219 1069
leaf_count=121 153 186 139 208 138 479 202 132 110 12714 171 154 219 1069
internal_value=1.28111e-05 0.000705034 0.00106338 0.000255753 0.000821382 0.00135079 0.00239105 0.0015688 0.000186289 -7.13198e-05 -9.40918e-05 0.000583026 0.000189737 0.000724702
internal_weight=16195 1747 1561 978 825 687 583 444 312 14448 14327 1613 1459 1240
internal_count=16195 1747 1561 978 825 687 583 444 312 14448 14327 1613 1459 1240
is_linear=0
shrinkage=0.03


Tree=296
num_leaves=15
num_cat=0
split_feature=6 6 9 4 4 4 2 9 9 0 9 1 5 5
split_gain=0.680328 1.71045 1.27705 1.23155 1.78871 1.94593 1.81529 1.26053 2.5227 1.8642 2.54473 1.23996 1.42181 1.46452
threshold=0.72524509803921589 0.68651074887786456 0.21329895008288827 0.85524707525755206 0.55863254392666173 0.45566778900112243 -0.016133229247983379 -0.15438786565547127 0.19496357301235348 -0.52875082617316582 -0.52056338028169002 0.80746061167747929 -0.21992558908639928 -0.73969508752117441
decision_type=2 2 2 2 2 2 2 2 2 2 2 2 2 2
left_child=1 -1 -3 4 5 7 -6 9 -9 -2 -11 12 13 -10
right_child=3 2 -4 -5 6 -7 -8 8 11 10 -12 -13 -14 -15
leaf_value=-4.8762161467414009e-05 -0.0019955190728538699 -0.0040553243077200282 -0.00032897498908410357 0.0023235434267281307 -0.0035127447772208809 0.0041557511601310508 0.00041425545223552831 -0.0026906772442018018 -0.00020029299574988809 0.00022085917057350764 0.0043858333196960513 -0.0022340741015872672 -0.00056446620040146789 0.003872293159219482
leaf_weight=13627 114 159 166 268 202 120 208 281 122 293 232 104 239 213
leaf_count=13627 114 159 166 268 202 120 208 281 122 293 232 104 239 213
internal_value=-2.0584e-05 -0.000100861 -0.00221865 0.000445347 0.000199046 0.000624974 -0.00155808 0.000335639 -0.000352055 0.00135724 0.00210896 0.000642218 0.00119269 0.00242633
internal_weight=16348 13952 325 2396 2128 1718 410 1598 959 639 525 678 574 335
internal_count=16348 13952 325 2396 2128 1718 410 1598 959 639 525 678 574 335
is_linear=0
shrinkage=0.03


Tree=297
num_leaves=15
num_cat=0
split_feature=0 6 6 3 8 5 3 8 2 5 2 6 1 7
split_gain=1.02737 0.854782 1.59892 1.64262 2.32384 1.73572 1.46936 1.38161 1.89367 2.48122 1.37218 2.87665 2.36277 1.7541
threshold=-0.96799795186891957 0.82807881773399028 0.80746061167747929 0.93239382974671503 0.96396103896103902 0.64232409381663125 0.86402157164869031 -0.073622402890695535 0.89237451737451745 0.61152570480928703 -0.11884584342211461 0.86949116457313191 -0.093541666666666676 -0.38688172043010749
decision_type=2 2 2 2 2 2 2 2 2 2 2 2 2 2
left_child=-1 2 3 4 5 -2 10 -5 9 -9 11 -3 -12 -13
right_child=1 6 -4 7 -6 -7 -8 8 -10 -11 12 13 -14 -15
leaf_value=0.0024264390286806896 5.7465621758783222e-06 -0.0047821321213684445 0.0028449739996092159 0.0031772367422858816 0.0023851560171726728 -0.00094349497568895022 -0.004027961867520519 -0.0045499032249790615 0.0032910234126571 0.0012589602935320992 -0.0034800270531665195 -0.0029551978782645962 0.0013298454486945781 0.00061698356172440526
leaf_weight=143 11545 158 169 248 327 2030 102 102 119 154 100 159 554 453
leaf_count=143 11545 158 169 248 327 2030 102 102 119 154 100 159 554 453
internal_value=-2.03964e-05 -4.34502e-05 2.69225e-05 -7.80057e-06 -7.58001e-05 -0.000136793 -0.000716839 0.00148681 0.000315383 -0.00113955 -0.000453231 -0.00130406 0.000553057 -0.000343674
internal_weight=16363 16220 14694 14525 13902 13575 1526 623 375 256 1424 770 654 612
internal_count=16363 16220 14694 14525 13902 13575 1526 623 375 256 1424 770 654 612
is_linear=0
shrinkage=0.03


Tree=298
num_leaves=15
num_cat=0
split_feature=6 0 4 8 3 3 3 6 6 9 9 0 0 0
split_gain=0.572394 1.61252 1.63126 1.47942 0.764796 1.8474 2.39064 3.13968 2.49546 2.38827 1.80104 1.66265 1.95048 1.98616
threshold=0.93700396825396837 0.74050024050024055 0.43951219512195122 -0.13383084577114426 -0.093541666666666676 0.097167584579071611 0.1564382530120482 0.22623655913978494 -0.3797960174842156 0.84712755598831568 -0.68057971014492746 -0.91836356904850047 -0.86159003831417613 -0.75411605937921722
decision_type=2 2 2 2 2 2 2 2 2 2 2 2 2 2
left_child=4 2 3 -2 -1 9 7 8 -7 10 -6 -8 -13 -14
right_child=1 -3 -4 -5 5 6 11 -9 -10 -11 -12 12 13 -15
leaf_value=-0.00032941368405269261 -0.0022057913645709814 -0.0018712166344086007 0.0037021699223174329 0.00196224907521179 0.0040817323743976884 -0.0030245567125396573 0.0027881252020870305 -0.0053039253148245077 0.002415097611305633 -0.0032274134658192371 0.00093906745366543782 -0.0034143070635980995 0.0025063120005569153 -7.6795364094106195e-05
leaf_weight=6906 123 145 194 171 182 137 182 169 147 100 1217 141 270 6190
leaf_count=6906 123 145 194 171 182 137 182 169 147 100 1217 141 270 6190
internal_value=-5.77105e-05 0.000819597 0.00164064 0.000203279 -9.37166e-05 9.27921e-05 -0.000106189 -0.00219188 -0.000222583 0.00104766 0.00137397 3.61248e-05 -4.38548e-05 3.48742e-05
internal_weight=16274 633 488 294 15641 8735 7236 453 284 1499 1399 6783 6601 6460
internal_count=16274 633 488 294 15641 8735 7236 453 284 1499 1399 6783 6601 6460
is_linear=0
shrinkage=0.03


Tree=299
num_leaves=15
num_cat=0
split_feature=2 8 2 5 2 9 6 2 4 6 0 0 9 4
split_gain=0.699733 1.46941 1.30082 0.857136 3.69271 2.06431 1.36603 1.07893 1.05679 0.814688 1.47994 2.6386 1.35254 2.30913
threshold=-0.91836356904850047 -0.2331050228310502 -0.93984622342831292 0.90786914235190108 -0.66479400749063666 0.73152530032763019 -0.59537185660781156 0.58939234281700037 0.96693989071038255 0.25824574121058358 0.43951219512195122 0.40279123861213423 -0.10741758241758236 0.17287356321839079
decision_type=2 2 2 2 2 2 2 2 2 2 2 2 2 2
left_child=1 -1 -3 8 -5 6 -6 -8 9 -2 11 -11 13 -12
right_child=3 2 -4 4 5 -7 7 -9 -10 10 12 -13 -14 -15
leaf_value=-0.0014014608845043972 -0.00013582841577923694 0.00058442292749647071 0.0040318596325403851 -0.0056592323657657416 0.0011907196061724085 0.0032990171464118072 -0.0032898568619404815 2.0738804916618391e-05 0.0025519682684496635 0.0001358965666623657 -0.0020290984069248914 -0.004261422163007531 0.0015954471756254862 0.0017786604652462673
leaf_weight=148 9208 244 160 116 184 123 206 150 142 3714 286 117 1213 268
leaf_count=148 9208 244 160 116 184 123 206 150 142 3714 286 117 1213 268
internal_value=4.9582e-05 0.00108973 0.00201415 1.24047e-05 -0.000951312 -5.57533e-05 -0.000865984 -0.00193249 6.32302e-05 3.76551e-05 0.000322747 -9.14392e-06 0.00103832 -0.000188201
internal_weight=16279 552 404 15727 779 663 540 356 14948 14806 5598 3831 1767 554
internal_count=16279 552 404 15727 779 663 540 356 14948 14806 5598 3831 1767 554
is_linear=0
shrinkage=0.03


end of trees

feature_importances:
ret_1m=487
vol_3m=456
dvol=451
lprice=429
dvol_chg=419
mom_12_2=405
fh_3m=403
rng_3m=401
on_12m=387
on_1m=362

parameters:
[boosting: gbdt]
[objective: regression]
[metric: l2]
[tree_learner: serial]
[device_type: cpu]
[data_sample_strategy: bagging]
[data: ]
[valid: ]
[num_iterations: 300]
[learning_rate: 0.03]
[num_leaves: 15]
[num_threads: 0]
[seed: 7]
[deterministic: 0]
[force_col_wise: 0]
[force_row_wise: 0]
[histogram_pool_size: -1]
[max_depth: -1]
[min_data_in_leaf: 100]
[min_sum_hessian_in_leaf: 0.001]
[bagging_fraction: 0.8]
[pos_bagging_fraction: 1]
[neg_bagging_fraction: 1]
[bagging_freq: 1]
[bagging_seed: 17422]
[bagging_by_query: 0]
[feature_fraction: 0.8]
[feature_fraction_bynode: 1]
[feature_fraction_seed: 7040]
[extra_trees: 0]
[extra_seed: 6516]
[early_stopping_round: 0]
[early_stopping_min_delta: 0]
[first_metric_only: 0]
[max_delta_step: 0]
[lambda_l1: 0]
[lambda_l2: 10]
[linear_lambda: 0]
[min_gain_to_split: 0]
[drop_rate: 0.1]
[max_drop: 50]
[skip_drop: 0.5]
[xgboost_dart_mode: 0]
[uniform_drop: 0]
[drop_seed: 15215]
[top_rate: 0.2]
[other_rate: 0.1]
[min_data_per_group: 100]
[max_cat_threshold: 32]
[cat_l2: 10]
[cat_smooth: 10]
[max_cat_to_onehot: 4]
[top_k: 20]
[monotone_constraints: ]
[monotone_constraints_method: basic]
[monotone_penalty: 0]
[feature_contri: ]
[forcedsplits_filename: ]
[refit_decay_rate: 0.9]
[cegb_tradeoff: 1]
[cegb_penalty_split: 0]
[cegb_penalty_feature_lazy: ]
[cegb_penalty_feature_coupled: ]
[path_smooth: 0]
[interaction_constraints: ]
[verbosity: -1]
[saved_feature_importance_type: 0]
[use_quantized_grad: 0]
[num_grad_quant_bins: 4]
[quant_train_renew_leaf: 0]
[stochastic_rounding: 1]
[linear_tree: 0]
[max_bin: 255]
[max_bin_by_feature: ]
[min_data_in_bin: 3]
[bin_construct_sample_cnt: 200000]
[data_random_seed: 61]
[is_enable_sparse: 1]
[enable_bundle: 1]
[use_missing: 1]
[zero_as_missing: 0]
[feature_pre_filter: 1]
[pre_partition: 0]
[two_round: 0]
[header: 0]
[label_column: ]
[weight_column: ]
[group_column: ]
[ignore_column: ]
[categorical_feature: ]
[forcedbins_filename: ]
[precise_float_parser: 0]
[parser_config_file: ]
[objective_seed: 15521]
[num_class: 1]
[is_unbalance: 0]
[scale_pos_weight: 1]
[sigmoid: 1]
[boost_from_average: 1]
[reg_sqrt: 0]
[alpha: 0.9]
[fair_c: 1]
[poisson_max_delta_step: 0.7]
[tweedie_variance_power: 1.5]
[lambdarank_truncation_level: 30]
[lambdarank_norm: 1]
[label_gain: ]
[lambdarank_position_bias_regularization: 0]
[eval_at: ]
[multi_error_top_k: 1]
[auc_mu_weights: ]
[num_machines: 1]
[local_listen_port: 12400]
[time_out: 120]
[machine_list_filename: ]
[machines: ]
[gpu_platform_id: -1]
[gpu_device_id: -1]
[gpu_device_id_list: ]
[gpu_use_dp: 0]
[num_gpu: 1]

end of parameters

pandas_categorical:[]
